id,name,phone,project,income,commitments,dsrRatio,tier,maxLoanAmount
"LEAD-10002","Nurul Aini #2","+60140000003","Shah Alam Vista",3574,1038,33.4,"Tier 3: Joint Loan Needed",165526
"LEAD-10005","Santhi Razif #5","+60170000006","Bangsar South Suites",3685,1095,34.2,"Tier 3: Joint Loan Needed",165714
"LEAD-10008","Sarah Lee #8","+60120000009","Shah Alam Vista",3796,1152,34.9,"Tier 3: Joint Loan Needed",165902
"LEAD-10011","Siti Zulkifli #11","+60150000012","Bangsar South Suites",3907,1209,35.6,"Tier 3: Joint Loan Needed",166091
"LEAD-10014","Syed Rosli #14","+60180000015","Shah Alam Vista",4018,1266,36.2,"Tier 3: Joint Loan Needed",166279
"LEAD-10017","Azman Kumar #17","+60130000018","Bangsar South Suites",4129,1323,36.8,"Tier 3: Joint Loan Needed",166468
"LEAD-10020","Muhammad Faizal #20","+60160000021","Shah Alam Vista",4240,1380,37.4,"Tier 3: Joint Loan Needed",166656
"LEAD-10023","Wong Hassan #23","+60190000024","Bangsar South Suites",4351,1437,38,"Tier 3: Joint Loan Needed",166844
"LEAD-10026","Mohd Subramaniam #26","+60140000027","Shah Alam Vista",4462,1494,38.5,"Tier 3: Joint Loan Needed",167033
"LEAD-10029","Kevin Goh #29","+60170000030","Bangsar South Suites",4573,1551,39,"Tier 2: Qualified Bank Loan",167221
"LEAD-10032","Razif Hariz #32","+60120000033","Shah Alam Vista",4684,1608,39.5,"Tier 2: Qualified Bank Loan",167410
"LEAD-10035","Chong Wei Lun #35","+60150000036","Bangsar South Suites",4795,1665,39.9,"Tier 2: Qualified Bank Loan",167598
"LEAD-10038","Hafiz Ibrahim #38","+60180000039","Shah Alam Vista",4906,1722,40.3,"Tier 2: Qualified Bank Loan",167786
"LEAD-10041","Ahmad Chen #41","+60130000042","Bangsar South Suites",5017,1779,40.8,"Tier 2: Qualified Bank Loan",167975
"LEAD-10044","Tan Nordin #44","+60160000045","Shah Alam Vista",5128,1836,41.2,"Tier 2: Qualified Bank Loan",168163
"LEAD-10047","Farhan Osman #47","+60190000048","Bangsar South Suites",5239,1893,41.5,"Tier 2: Qualified Bank Loan",168352
"LEAD-10050","Jason Aini #50","+60140000051","Shah Alam Vista",5350,1950,41.9,"Tier 2: Qualified Bank Loan",168540
"LEAD-10053","Amir Razif #53","+60170000054","Bangsar South Suites",5461,2007,42.2,"Tier 2: Qualified Bank Loan",168728
"LEAD-10056","Devi Lee #56","+60120000057","Shah Alam Vista",5572,2064,42.6,"Tier 2: Qualified Bank Loan",168917
"LEAD-10059","Grace Zulkifli #59","+60150000060","Bangsar South Suites",5683,2121,42.9,"Tier 2: Qualified Bank Loan",169105
"LEAD-10062","Nurul Rosli #62","+60180000063","Shah Alam Vista",5794,2178,43.2,"Tier 2: Qualified Bank Loan",169294
"LEAD-10065","Santhi Kumar #65","+60130000066","Bangsar South Suites",5905,2235,43.5,"Tier 2: Qualified Bank Loan",169482
"LEAD-10068","Sarah Faizal #68","+60160000069","Shah Alam Vista",6016,2292,43.8,"Tier 2: Qualified Bank Loan",169670
"LEAD-10071","Siti Hassan #71","+60190000072","Bangsar South Suites",6127,2349,44.1,"Tier 2: Qualified Bank Loan",169859
"LEAD-10074","Syed Subramaniam #74","+60140000075","Shah Alam Vista",6238,2406,44.3,"Tier 2: Qualified Bank Loan",170047
"LEAD-10077","Azman Goh #77","+60170000078","Bangsar South Suites",6349,2463,44.6,"Tier 2: Qualified Bank Loan",170236
"LEAD-10080","Muhammad Hariz #80","+60120000081","Shah Alam Vista",6460,2520,44.8,"Tier 2: Qualified Bank Loan",170424
"LEAD-10083","Wong Wei Lun #83","+60150000084","Bangsar South Suites",6571,2577,45.1,"Tier 2: Qualified Bank Loan",170612
"LEAD-10086","Mohd Ibrahim #86","+60180000087","Shah Alam Vista",6682,2634,45.3,"Tier 2: Qualified Bank Loan",170801
"LEAD-10089","Kevin Chen #89","+60130000090","Bangsar South Suites",6793,2691,45.5,"Tier 2: Qualified Bank Loan",170989
"LEAD-10092","Razif Nordin #92","+60160000093","Shah Alam Vista",6904,2748,45.8,"Tier 2: Qualified Bank Loan",171178
"LEAD-10095","Chong Osman #95","+60190000096","Bangsar South Suites",7015,2805,46,"Tier 2: Qualified Bank Loan",171366
"LEAD-10098","Hafiz Aini #98","+60140000099","Shah Alam Vista",7126,2862,46.2,"Tier 2: Qualified Bank Loan",171554
"LEAD-10101","Ahmad Razif #101","+60170000102","Bangsar South Suites",7237,2919,46.4,"Tier 2: Qualified Bank Loan",171743
"LEAD-10104","Tan Lee #104","+60120000105","Shah Alam Vista",7348,2976,46.6,"Tier 2: Qualified Bank Loan",171931
"LEAD-10107","Farhan Zulkifli #107","+60150000108","Bangsar South Suites",7459,3033,46.7,"Tier 2: Qualified Bank Loan",172120
"LEAD-10110","Jason Rosli #110","+60180000111","Shah Alam Vista",7570,3090,46.9,"Tier 2: Qualified Bank Loan",172308
"LEAD-10113","Amir Kumar #113","+60130000114","Bangsar South Suites",7681,3147,47.1,"Tier 2: Qualified Bank Loan",172496
"LEAD-10116","Devi Faizal #116","+60160000117","Shah Alam Vista",7792,3204,47.3,"Tier 2: Qualified Bank Loan",172685
"LEAD-10119","Grace Hassan #119","+60190000120","Bangsar South Suites",7903,3261,47.4,"Tier 2: Qualified Bank Loan",172873
"LEAD-10122","Nurul Subramaniam #122","+60140000123","Shah Alam Vista",8014,3318,47.6,"Tier 2: Qualified Bank Loan",173062
"LEAD-10125","Santhi Goh #125","+60170000126","Bangsar South Suites",8125,3375,47.7,"Tier 2: Qualified Bank Loan",173250
"LEAD-10128","Sarah Hariz #128","+60120000129","Shah Alam Vista",8236,3432,47.9,"Tier 2: Qualified Bank Loan",173438
"LEAD-10131","Siti Wei Lun #131","+60150000132","Bangsar South Suites",8347,3489,48,"Tier 2: Qualified Bank Loan",173627
"LEAD-10134","Syed Ibrahim #134","+60180000135","Shah Alam Vista",8458,3546,48.2,"Tier 2: Qualified Bank Loan",173815
"LEAD-10137","Azman Chen #137","+60130000138","Bangsar South Suites",8569,3603,48.3,"Tier 2: Qualified Bank Loan",174004
"LEAD-10140","Muhammad Nordin #140","+60160000141","Shah Alam Vista",8680,3660,48.5,"Tier 2: Qualified Bank Loan",174192
"LEAD-10143","Wong Osman #143","+60190000144","Bangsar South Suites",8791,3717,48.6,"Tier 2: Qualified Bank Loan",174380
"LEAD-10146","Mohd Aini #146","+60140000147","Shah Alam Vista",8902,3774,48.7,"Tier 2: Qualified Bank Loan",174569
"LEAD-10149","Kevin Razif #149","+60170000150","Bangsar South Suites",9013,3831,48.9,"Tier 2: Qualified Bank Loan",174757
"LEAD-10152","Razif Lee #152","+60120000153","Shah Alam Vista",9124,3888,49,"Tier 2: Qualified Bank Loan",174946
"LEAD-10155","Chong Zulkifli #155","+60150000156","Bangsar South Suites",9235,3945,49.1,"Tier 2: Qualified Bank Loan",175134
"LEAD-10158","Hafiz Rosli #158","+60180000159","Shah Alam Vista",9346,4002,49.2,"Tier 2: Qualified Bank Loan",175322
"LEAD-10161","Ahmad Kumar #161","+60130000162","Bangsar South Suites",9457,4059,49.3,"Tier 2: Qualified Bank Loan",175511
"LEAD-10164","Tan Faizal #164","+60160000165","Shah Alam Vista",9568,4116,49.4,"Tier 2: Qualified Bank Loan",175699
"LEAD-10167","Farhan Hassan #167","+60190000168","Bangsar South Suites",9679,4173,49.6,"Tier 2: Qualified Bank Loan",175888
"LEAD-10170","Jason Subramaniam #170","+60140000171","Shah Alam Vista",9790,4230,49.7,"Tier 2: Qualified Bank Loan",176076
"LEAD-10173","Amir Goh #173","+60170000174","Bangsar South Suites",9901,4287,49.8,"Tier 2: Qualified Bank Loan",176264
"LEAD-10176","Devi Hariz #176","+60120000177","Shah Alam Vista",10012,4344,49.9,"Tier 2: Qualified Bank Loan",176453
"LEAD-10179","Grace Wei Lun #179","+60150000180","Bangsar South Suites",10123,4401,50,"Tier 2: Qualified Bank Loan",176641
"LEAD-10182","Nurul Ibrahim #182","+60180000183","Shah Alam Vista",10234,4458,50.1,"Tier 2: Qualified Bank Loan",176830
"LEAD-10185","Santhi Chen #185","+60130000186","Bangsar South Suites",10345,1015,11.3,"Tier 1: Pre-Approved LPPSA/Bank",877018
"LEAD-10188","Sarah Nordin #188","+60160000189","Shah Alam Vista",10456,1072,11.8,"Tier 1: Pre-Approved LPPSA/Bank",877206
"LEAD-10191","Siti Osman #191","+60190000192","Bangsar South Suites",10567,1129,12.3,"Tier 1: Pre-Approved LPPSA/Bank",877395
"LEAD-10194","Syed Aini #194","+60140000195","Shah Alam Vista",10678,1186,12.8,"Tier 1: Pre-Approved LPPSA/Bank",877583
"LEAD-10197","Azman Razif #197","+60170000198","Bangsar South Suites",10789,1243,13.2,"Tier 1: Pre-Approved LPPSA/Bank",877772
"LEAD-10200","Muhammad Lee #200","+60120000201","Shah Alam Vista",10900,1300,13.7,"Tier 1: Pre-Approved LPPSA/Bank",877960
"LEAD-10203","Wong Zulkifli #203","+60150000204","Bangsar South Suites",11011,1357,14.2,"Tier 1: Pre-Approved LPPSA/Bank",878148
"LEAD-10206","Mohd Rosli #206","+60180000207","Shah Alam Vista",11122,1414,14.6,"Tier 1: Pre-Approved LPPSA/Bank",878337
"LEAD-10209","Kevin Kumar #209","+60130000210","Bangsar South Suites",11233,1471,15.1,"Tier 1: Pre-Approved LPPSA/Bank",878525
"LEAD-10212","Razif Faizal #212","+60160000213","Shah Alam Vista",11344,1528,15.5,"Tier 1: Pre-Approved LPPSA/Bank",878714
"LEAD-10215","Chong Hassan #215","+60190000216","Bangsar South Suites",11455,1585,15.9,"Tier 1: Pre-Approved LPPSA/Bank",878902
"LEAD-10218","Hafiz Subramaniam #218","+60140000219","Shah Alam Vista",11566,1642,16.3,"Tier 1: Pre-Approved LPPSA/Bank",879090
"LEAD-10221","Ahmad Goh #221","+60170000222","Bangsar South Suites",11677,1699,16.7,"Tier 1: Pre-Approved LPPSA/Bank",879279
"LEAD-10224","Tan Hariz #224","+60120000225","Shah Alam Vista",11788,1756,17.1,"Tier 1: Pre-Approved LPPSA/Bank",879467
"LEAD-10227","Farhan Wei Lun #227","+60150000228","Bangsar South Suites",11899,1813,17.5,"Tier 1: Pre-Approved LPPSA/Bank",879656
"LEAD-10230","Jason Ibrahim #230","+60180000231","Shah Alam Vista",3510,1870,61.2,"Tier 3: Joint Loan Needed",0
"LEAD-10233","Amir Chen #233","+60130000234","Bangsar South Suites",3621,1927,61.2,"Tier 3: Joint Loan Needed",0
"LEAD-10236","Devi Nordin #236","+60160000237","Shah Alam Vista",3732,1984,61.1,"Tier 3: Joint Loan Needed",0
"LEAD-10239","Grace Osman #239","+60190000240","Bangsar South Suites",3843,2041,61,"Tier 3: Joint Loan Needed",0
"LEAD-10242","Nurul Aini #242","+60140000243","Shah Alam Vista",3954,2098,61,"Tier 3: Joint Loan Needed",0
"LEAD-10245","Santhi Razif #245","+60170000246","Bangsar South Suites",4065,2155,60.9,"Tier 3: Joint Loan Needed",0
"LEAD-10248","Sarah Lee #248","+60120000249","Shah Alam Vista",4176,2212,60.9,"Tier 3: Joint Loan Needed",0
"LEAD-10251","Siti Zulkifli #251","+60150000252","Bangsar South Suites",4287,2269,60.8,"Tier 3: Joint Loan Needed",0
"LEAD-10254","Syed Rosli #254","+60180000255","Shah Alam Vista",4398,2326,60.8,"Tier 3: Joint Loan Needed",0
"LEAD-10257","Azman Kumar #257","+60130000258","Bangsar South Suites",4509,2383,60.7,"Tier 3: Joint Loan Needed",0
"LEAD-10260","Muhammad Faizal #260","+60160000261","Shah Alam Vista",4620,2440,60.7,"Tier 3: Joint Loan Needed",0
"LEAD-10263","Wong Hassan #263","+60190000264","Bangsar South Suites",4731,2497,60.7,"Tier 3: Joint Loan Needed",0
"LEAD-10266","Mohd Subramaniam #266","+60140000267","Shah Alam Vista",4842,2554,60.6,"Tier 3: Joint Loan Needed",0
"LEAD-10269","Kevin Goh #269","+60170000270","Bangsar South Suites",4953,2611,60.6,"Tier 3: Joint Loan Needed",0
"LEAD-10272","Razif Hariz #272","+60120000273","Shah Alam Vista",5064,2668,60.6,"Tier 3: Joint Loan Needed",0
"LEAD-10275","Chong Wei Lun #275","+60150000276","Bangsar South Suites",5175,2725,60.5,"Tier 3: Joint Loan Needed",0
"LEAD-10278","Hafiz Ibrahim #278","+60180000279","Shah Alam Vista",5286,2782,60.5,"Tier 3: Joint Loan Needed",0
"LEAD-10281","Ahmad Chen #281","+60130000282","Bangsar South Suites",5397,2839,60.5,"Tier 3: Joint Loan Needed",0
"LEAD-10284","Tan Nordin #284","+60160000285","Shah Alam Vista",5508,2896,60.4,"Tier 3: Joint Loan Needed",0
"LEAD-10287","Farhan Osman #287","+60190000288","Bangsar South Suites",5619,2953,60.4,"Tier 3: Joint Loan Needed",0
"LEAD-10290","Jason Aini #290","+60140000291","Shah Alam Vista",5730,3010,60.4,"Tier 3: Joint Loan Needed",0
"LEAD-10293","Amir Razif #293","+60170000294","Bangsar South Suites",5841,3067,60.4,"Tier 3: Joint Loan Needed",0
"LEAD-10296","Devi Lee #296","+60120000297","Shah Alam Vista",5952,3124,60.3,"Tier 3: Joint Loan Needed",0
"LEAD-10299","Grace Zulkifli #299","+60150000300","Bangsar South Suites",6063,3181,60.3,"Tier 3: Joint Loan Needed",0
"LEAD-10302","Nurul Rosli #302","+60180000303","Shah Alam Vista",6174,3238,60.3,"Tier 3: Joint Loan Needed",0
"LEAD-10305","Santhi Kumar #305","+60130000306","Bangsar South Suites",6285,3295,60.3,"Tier 3: Joint Loan Needed",0
"LEAD-10308","Sarah Faizal #308","+60160000309","Shah Alam Vista",6396,3352,60.2,"Tier 3: Joint Loan Needed",0
"LEAD-10311","Siti Hassan #311","+60190000312","Bangsar South Suites",6507,3409,60.2,"Tier 3: Joint Loan Needed",0
"LEAD-10314","Syed Subramaniam #314","+60140000315","Shah Alam Vista",6618,3466,60.2,"Tier 3: Joint Loan Needed",0
"LEAD-10317","Azman Goh #317","+60170000318","Bangsar South Suites",6729,3523,60.2,"Tier 3: Joint Loan Needed",0
"LEAD-10320","Muhammad Hariz #320","+60120000321","Shah Alam Vista",6840,3580,60.2,"Tier 3: Joint Loan Needed",0
"LEAD-10323","Wong Wei Lun #323","+60150000324","Bangsar South Suites",6951,3637,60.1,"Tier 3: Joint Loan Needed",0
"LEAD-10326","Mohd Ibrahim #326","+60180000327","Shah Alam Vista",7062,3694,60.1,"Tier 3: Joint Loan Needed",0
"LEAD-10329","Kevin Chen #329","+60130000330","Bangsar South Suites",7173,3751,60.1,"Tier 3: Joint Loan Needed",0
"LEAD-10332","Razif Nordin #332","+60160000333","Shah Alam Vista",7284,3808,60.1,"Tier 3: Joint Loan Needed",0
"LEAD-10335","Chong Osman #335","+60190000336","Bangsar South Suites",7395,3865,60.1,"Tier 3: Joint Loan Needed",0
"LEAD-10338","Hafiz Aini #338","+60140000339","Shah Alam Vista",7506,3922,60.1,"Tier 3: Joint Loan Needed",0
"LEAD-10341","Ahmad Razif #341","+60170000342","Bangsar South Suites",7617,3979,60,"Tier 3: Joint Loan Needed",0
"LEAD-10344","Tan Lee #344","+60120000345","Shah Alam Vista",7728,4036,60,"Tier 3: Joint Loan Needed",0
"LEAD-10347","Farhan Zulkifli #347","+60150000348","Bangsar South Suites",7839,4093,60,"Tier 3: Joint Loan Needed",0
"LEAD-10350","Jason Rosli #350","+60180000351","Shah Alam Vista",7950,4150,60,"Tier 3: Joint Loan Needed",0
"LEAD-10353","Amir Kumar #353","+60130000354","Bangsar South Suites",8061,4207,60,"Tier 2: Qualified Bank Loan",168
"LEAD-10356","Devi Faizal #356","+60160000357","Shah Alam Vista",8172,4264,60,"Tier 2: Qualified Bank Loan",357
"LEAD-10359","Grace Hassan #359","+60190000360","Bangsar South Suites",8283,4321,60,"Tier 2: Qualified Bank Loan",545
"LEAD-10362","Nurul Subramaniam #362","+60140000363","Shah Alam Vista",8394,4378,59.9,"Tier 2: Qualified Bank Loan",734
"LEAD-10365","Santhi Goh #365","+60170000366","Bangsar South Suites",8505,4435,59.9,"Tier 2: Qualified Bank Loan",922
"LEAD-10368","Sarah Hariz #368","+60120000369","Shah Alam Vista",8616,4492,59.9,"Tier 2: Qualified Bank Loan",1110
"LEAD-10371","Siti Wei Lun #371","+60150000372","Bangsar South Suites",8727,1049,13.8,"Tier 1: Pre-Approved LPPSA/Bank",701299
"LEAD-10374","Syed Ibrahim #374","+60180000375","Shah Alam Vista",8838,1106,14.4,"Tier 1: Pre-Approved LPPSA/Bank",701487
"LEAD-10377","Azman Chen #377","+60130000378","Bangsar South Suites",8949,1163,14.9,"Tier 1: Pre-Approved LPPSA/Bank",701676
"LEAD-10380","Muhammad Nordin #380","+60160000381","Shah Alam Vista",9060,1220,15.5,"Tier 1: Pre-Approved LPPSA/Bank",701864
"LEAD-10383","Wong Osman #383","+60190000384","Bangsar South Suites",9171,1277,16,"Tier 1: Pre-Approved LPPSA/Bank",702052
"LEAD-10386","Mohd Aini #386","+60140000387","Shah Alam Vista",9282,1334,16.5,"Tier 1: Pre-Approved LPPSA/Bank",702241
"LEAD-10389","Kevin Razif #389","+60170000390","Bangsar South Suites",9393,1391,17,"Tier 1: Pre-Approved LPPSA/Bank",702429
"LEAD-10392","Razif Lee #392","+60120000393","Shah Alam Vista",9504,1448,17.5,"Tier 1: Pre-Approved LPPSA/Bank",702618
"LEAD-10395","Chong Zulkifli #395","+60150000396","Bangsar South Suites",9615,1505,18,"Tier 1: Pre-Approved LPPSA/Bank",702806
"LEAD-10398","Hafiz Rosli #398","+60180000399","Shah Alam Vista",9726,1562,18.5,"Tier 1: Pre-Approved LPPSA/Bank",702994
"LEAD-10401","Ahmad Kumar #401","+60130000402","Bangsar South Suites",9837,1619,18.9,"Tier 1: Pre-Approved LPPSA/Bank",703183
"LEAD-10404","Tan Faizal #404","+60160000405","Shah Alam Vista",9948,1676,19.4,"Tier 1: Pre-Approved LPPSA/Bank",703371
"LEAD-10407","Farhan Hassan #407","+60190000408","Bangsar South Suites",10059,1733,19.8,"Tier 1: Pre-Approved LPPSA/Bank",703560
"LEAD-10410","Jason Subramaniam #410","+60140000411","Shah Alam Vista",10170,1790,20.2,"Tier 1: Pre-Approved LPPSA/Bank",703748
"LEAD-10413","Amir Goh #413","+60170000414","Bangsar South Suites",10281,1847,20.6,"Tier 1: Pre-Approved LPPSA/Bank",703936
"LEAD-10416","Devi Hariz #416","+60120000417","Shah Alam Vista",10392,1904,21.1,"Tier 1: Pre-Approved LPPSA/Bank",704125
"LEAD-10419","Grace Wei Lun #419","+60150000420","Bangsar South Suites",10503,1961,21.5,"Tier 1: Pre-Approved LPPSA/Bank",704313
"LEAD-10422","Nurul Ibrahim #422","+60180000423","Shah Alam Vista",10614,2018,21.9,"Tier 1: Pre-Approved LPPSA/Bank",704502
"LEAD-10425","Santhi Chen #425","+60130000426","Bangsar South Suites",10725,2075,22.2,"Tier 1: Pre-Approved LPPSA/Bank",704690
"LEAD-10428","Sarah Nordin #428","+60160000429","Shah Alam Vista",10836,2132,22.6,"Tier 1: Pre-Approved LPPSA/Bank",704878
"LEAD-10431","Siti Osman #431","+60190000432","Bangsar South Suites",10947,2189,23,"Tier 1: Pre-Approved LPPSA/Bank",705067
"LEAD-10434","Syed Aini #434","+60140000435","Shah Alam Vista",11058,2246,23.3,"Tier 1: Pre-Approved LPPSA/Bank",705255
"LEAD-10437","Azman Razif #437","+60170000438","Bangsar South Suites",11169,2303,23.7,"Tier 1: Pre-Approved LPPSA/Bank",705444
"LEAD-10440","Muhammad Lee #440","+60120000441","Shah Alam Vista",11280,2360,24,"Tier 1: Pre-Approved LPPSA/Bank",705632
"LEAD-10443","Wong Zulkifli #443","+60150000444","Bangsar South Suites",11391,2417,24.4,"Tier 1: Pre-Approved LPPSA/Bank",705820
"LEAD-10446","Mohd Rosli #446","+60180000447","Shah Alam Vista",11502,2474,24.7,"Tier 1: Pre-Approved LPPSA/Bank",706009
"LEAD-10449","Kevin Kumar #449","+60130000450","Bangsar South Suites",11613,2531,25.1,"Tier 1: Pre-Approved LPPSA/Bank",706197
"LEAD-10452","Razif Faizal #452","+60160000453","Shah Alam Vista",11724,2588,25.4,"Tier 1: Pre-Approved LPPSA/Bank",706386
"LEAD-10455","Chong Hassan #455","+60190000456","Bangsar South Suites",11835,2645,25.7,"Tier 1: Pre-Approved LPPSA/Bank",706574
"LEAD-10458","Hafiz Subramaniam #458","+60140000459","Shah Alam Vista",11946,2702,26,"Tier 1: Pre-Approved LPPSA/Bank",706762
"LEAD-10461","Ahmad Goh #461","+60170000462","Bangsar South Suites",3557,2759,89.2,"Tier 4: High Risk DSR",0
"LEAD-10464","Tan Hariz #464","+60120000465","Shah Alam Vista",3668,2816,88.2,"Tier 4: High Risk DSR",0
"LEAD-10467","Farhan Wei Lun #467","+60150000468","Bangsar South Suites",3779,2873,87.4,"Tier 4: High Risk DSR",0
"LEAD-10470","Jason Ibrahim #470","+60180000471","Shah Alam Vista",3890,2930,86.6,"Tier 4: High Risk DSR",0
"LEAD-10473","Amir Chen #473","+60130000474","Bangsar South Suites",4001,2987,85.8,"Tier 4: High Risk DSR",0
"LEAD-10476","Devi Nordin #476","+60160000477","Shah Alam Vista",4112,3044,85.1,"Tier 4: High Risk DSR",0
"LEAD-10479","Grace Osman #479","+60190000480","Bangsar South Suites",4223,3101,84.4,"Tier 4: High Risk DSR",0
"LEAD-10482","Nurul Aini #482","+60140000483","Shah Alam Vista",4334,3158,83.8,"Tier 4: High Risk DSR",0
"LEAD-10485","Santhi Razif #485","+60170000486","Bangsar South Suites",4445,3215,83.1,"Tier 4: High Risk DSR",0
"LEAD-10488","Sarah Lee #488","+60120000489","Shah Alam Vista",4556,3272,82.5,"Tier 4: High Risk DSR",0
"LEAD-10491","Siti Zulkifli #491","+60150000492","Bangsar South Suites",4667,3329,82,"Tier 4: High Risk DSR",0
"LEAD-10494","Syed Rosli #494","+60180000495","Shah Alam Vista",4778,3386,81.5,"Tier 4: High Risk DSR",0
"LEAD-10497","Azman Kumar #497","+60130000498","Bangsar South Suites",4889,3443,80.9,"Tier 4: High Risk DSR",0
"LEAD-10500","Muhammad Faizal #500","+60160000501","Shah Alam Vista",5000,3500,80.5,"Tier 4: High Risk DSR",0
"LEAD-10503","Wong Hassan #503","+60190000504","Bangsar South Suites",5111,3557,80,"Tier 4: High Risk DSR",0
"LEAD-10506","Mohd Subramaniam #506","+60140000507","Shah Alam Vista",5222,3614,79.5,"Tier 4: High Risk DSR",0
"LEAD-10509","Kevin Goh #509","+60170000510","Bangsar South Suites",5333,3671,79.1,"Tier 4: High Risk DSR",0
"LEAD-10512","Razif Hariz #512","+60120000513","Shah Alam Vista",5444,3728,78.7,"Tier 4: High Risk DSR",0
"LEAD-10515","Chong Wei Lun #515","+60150000516","Bangsar South Suites",5555,3785,78.3,"Tier 4: High Risk DSR",0
"LEAD-10518","Hafiz Ibrahim #518","+60180000519","Shah Alam Vista",5666,3842,77.9,"Tier 4: High Risk DSR",0
"LEAD-10521","Ahmad Chen #521","+60130000522","Bangsar South Suites",5777,3899,77.6,"Tier 4: High Risk DSR",0
"LEAD-10524","Tan Nordin #524","+60160000525","Shah Alam Vista",5888,3956,77.2,"Tier 4: High Risk DSR",0
"LEAD-10527","Farhan Osman #527","+60190000528","Bangsar South Suites",5999,4013,76.9,"Tier 4: High Risk DSR",0
"LEAD-10530","Jason Aini #530","+60140000531","Shah Alam Vista",6110,4070,76.6,"Tier 4: High Risk DSR",0
"LEAD-10533","Amir Razif #533","+60170000534","Bangsar South Suites",6221,4127,76.3,"Tier 4: High Risk DSR",0
"LEAD-10536","Devi Lee #536","+60120000537","Shah Alam Vista",6332,4184,76,"Tier 4: High Risk DSR",0
"LEAD-10539","Grace Zulkifli #539","+60150000540","Bangsar South Suites",6443,4241,75.7,"Tier 4: High Risk DSR",0
"LEAD-10542","Nurul Rosli #542","+60180000543","Shah Alam Vista",6554,4298,75.4,"Tier 4: High Risk DSR",0
"LEAD-10545","Santhi Kumar #545","+60130000546","Bangsar South Suites",6665,4355,75.1,"Tier 4: High Risk DSR",0
"LEAD-10548","Sarah Faizal #548","+60160000549","Shah Alam Vista",6776,4412,74.8,"Tier 3: Joint Loan Needed",0
"LEAD-10551","Siti Hassan #551","+60190000552","Bangsar South Suites",6887,4469,74.6,"Tier 3: Joint Loan Needed",0
"LEAD-10554","Syed Subramaniam #554","+60140000555","Shah Alam Vista",6998,1026,16.9,"Tier 1: Pre-Approved LPPSA/Bank",525391
"LEAD-10557","Azman Goh #557","+60170000558","Bangsar South Suites",7109,1083,17.5,"Tier 1: Pre-Approved LPPSA/Bank",525580
"LEAD-10560","Muhammad Hariz #560","+60120000561","Shah Alam Vista",7220,1140,18.1,"Tier 1: Pre-Approved LPPSA/Bank",525768
"LEAD-10563","Wong Wei Lun #563","+60150000564","Bangsar South Suites",7331,1197,18.8,"Tier 1: Pre-Approved LPPSA/Bank",525956
"LEAD-10566","Mohd Ibrahim #566","+60180000567","Shah Alam Vista",7442,1254,19.4,"Tier 1: Pre-Approved LPPSA/Bank",526145
"LEAD-10569","Kevin Chen #569","+60130000570","Bangsar South Suites",7553,1311,20,"Tier 1: Pre-Approved LPPSA/Bank",526333
"LEAD-10572","Razif Nordin #572","+60160000573","Shah Alam Vista",7664,1368,20.5,"Tier 1: Pre-Approved LPPSA/Bank",526522
"LEAD-10575","Chong Osman #575","+60190000576","Bangsar South Suites",7775,1425,21.1,"Tier 1: Pre-Approved LPPSA/Bank",526710
"LEAD-10578","Hafiz Aini #578","+60140000579","Shah Alam Vista",7886,1482,21.6,"Tier 1: Pre-Approved LPPSA/Bank",526898
"LEAD-10581","Ahmad Razif #581","+60170000582","Bangsar South Suites",7997,1539,22.1,"Tier 1: Pre-Approved LPPSA/Bank",527087
"LEAD-10584","Tan Lee #584","+60120000585","Shah Alam Vista",8108,1596,22.6,"Tier 1: Pre-Approved LPPSA/Bank",527275
"LEAD-10587","Farhan Zulkifli #587","+60150000588","Bangsar South Suites",8219,1653,23.1,"Tier 1: Pre-Approved LPPSA/Bank",527464
"LEAD-10590","Jason Rosli #590","+60180000591","Shah Alam Vista",8330,1710,23.6,"Tier 1: Pre-Approved LPPSA/Bank",527652
"LEAD-10593","Amir Kumar #593","+60130000594","Bangsar South Suites",8441,1767,24.1,"Tier 1: Pre-Approved LPPSA/Bank",527840
"LEAD-10596","Devi Faizal #596","+60160000597","Shah Alam Vista",8552,1824,24.5,"Tier 1: Pre-Approved LPPSA/Bank",528029
"LEAD-10599","Grace Hassan #599","+60190000600","Bangsar South Suites",8663,1881,25,"Tier 1: Pre-Approved LPPSA/Bank",528217
"LEAD-10602","Nurul Subramaniam #602","+60140000603","Shah Alam Vista",8774,1938,25.4,"Tier 1: Pre-Approved LPPSA/Bank",528406
"LEAD-10605","Santhi Goh #605","+60170000606","Bangsar South Suites",8885,1995,25.8,"Tier 1: Pre-Approved LPPSA/Bank",528594
"LEAD-10608","Sarah Hariz #608","+60120000609","Shah Alam Vista",8996,2052,26.2,"Tier 1: Pre-Approved LPPSA/Bank",528782
"LEAD-10611","Siti Wei Lun #611","+60150000612","Bangsar South Suites",9107,2109,26.6,"Tier 1: Pre-Approved LPPSA/Bank",528971
"LEAD-10614","Syed Ibrahim #614","+60180000615","Shah Alam Vista",9218,2166,27,"Tier 1: Pre-Approved LPPSA/Bank",529159
"LEAD-10617","Azman Chen #617","+60130000618","Bangsar South Suites",9329,2223,27.4,"Tier 1: Pre-Approved LPPSA/Bank",529348
"LEAD-10620","Muhammad Nordin #620","+60160000621","Shah Alam Vista",9440,2280,27.8,"Tier 1: Pre-Approved LPPSA/Bank",529536
"LEAD-10623","Wong Osman #623","+60190000624","Bangsar South Suites",9551,2337,28.1,"Tier 1: Pre-Approved LPPSA/Bank",529724
"LEAD-10626","Mohd Aini #626","+60140000627","Shah Alam Vista",9662,2394,28.5,"Tier 1: Pre-Approved LPPSA/Bank",529913
"LEAD-10629","Kevin Razif #629","+60170000630","Bangsar South Suites",9773,2451,28.8,"Tier 1: Pre-Approved LPPSA/Bank",530101
"LEAD-10632","Razif Lee #632","+60120000633","Shah Alam Vista",9884,2508,29.2,"Tier 1: Pre-Approved LPPSA/Bank",530290
"LEAD-10635","Chong Zulkifli #635","+60150000636","Bangsar South Suites",9995,2565,29.5,"Tier 1: Pre-Approved LPPSA/Bank",530478
"LEAD-10638","Hafiz Rosli #638","+60180000639","Shah Alam Vista",10106,2622,29.8,"Tier 1: Pre-Approved LPPSA/Bank",530666
"LEAD-10641","Ahmad Kumar #641","+60130000642","Bangsar South Suites",10217,2679,30.1,"Tier 1: Pre-Approved LPPSA/Bank",530855
"LEAD-10644","Tan Faizal #644","+60160000645","Shah Alam Vista",10328,2736,30.4,"Tier 1: Pre-Approved LPPSA/Bank",531043
"LEAD-10647","Farhan Hassan #647","+60190000648","Bangsar South Suites",10439,2793,30.8,"Tier 1: Pre-Approved LPPSA/Bank",531232
"LEAD-10650","Jason Subramaniam #650","+60140000651","Shah Alam Vista",10550,2850,31.1,"Tier 1: Pre-Approved LPPSA/Bank",531420
"LEAD-10653","Amir Goh #653","+60170000654","Bangsar South Suites",10661,2907,31.3,"Tier 1: Pre-Approved LPPSA/Bank",531608
"LEAD-10656","Devi Hariz #656","+60120000657","Shah Alam Vista",10772,2964,31.6,"Tier 1: Pre-Approved LPPSA/Bank",531797
"LEAD-10659","Grace Wei Lun #659","+60150000660","Bangsar South Suites",10883,3021,31.9,"Tier 1: Pre-Approved LPPSA/Bank",531985
"LEAD-10662","Nurul Ibrahim #662","+60180000663","Shah Alam Vista",10994,3078,32.2,"Tier 1: Pre-Approved LPPSA/Bank",532174
"LEAD-10665","Santhi Chen #665","+60130000666","Bangsar South Suites",11105,3135,32.4,"Tier 1: Pre-Approved LPPSA/Bank",532362
"LEAD-10668","Sarah Nordin #668","+60160000669","Shah Alam Vista",11216,3192,32.7,"Tier 1: Pre-Approved LPPSA/Bank",532550
"LEAD-10671","Siti Osman #671","+60190000672","Bangsar South Suites",11327,3249,33,"Tier 1: Pre-Approved LPPSA/Bank",532739
"LEAD-10674","Syed Aini #674","+60140000675","Shah Alam Vista",11438,3306,33.2,"Tier 1: Pre-Approved LPPSA/Bank",532927
"LEAD-10677","Azman Razif #677","+60170000678","Bangsar South Suites",11549,3363,33.5,"Tier 1: Pre-Approved LPPSA/Bank",533116
"LEAD-10680","Muhammad Lee #680","+60120000681","Shah Alam Vista",11660,3420,33.7,"Tier 1: Pre-Approved LPPSA/Bank",533304
"LEAD-10683","Wong Zulkifli #683","+60150000684","Bangsar South Suites",11771,3477,34,"Tier 1: Pre-Approved LPPSA/Bank",533492
"LEAD-10686","Mohd Rosli #686","+60180000687","Shah Alam Vista",11882,3534,34.2,"Tier 1: Pre-Approved LPPSA/Bank",533681
"LEAD-10689","Kevin Kumar #689","+60130000690","Bangsar South Suites",11993,3591,34.4,"Tier 1: Pre-Approved LPPSA/Bank",533869
"LEAD-10692","Razif Faizal #692","+60160000693","Shah Alam Vista",3604,3648,116.3,"Tier 4: High Risk DSR",0
"LEAD-10695","Chong Hassan #695","+60190000696","Bangsar South Suites",3715,3705,114.6,"Tier 4: High Risk DSR",0
"LEAD-10698","Hafiz Subramaniam #698","+60140000699","Shah Alam Vista",3826,3762,113,"Tier 4: High Risk DSR",0
"LEAD-10701","Ahmad Goh #701","+60170000702","Bangsar South Suites",3937,3819,111.5,"Tier 4: High Risk DSR",0
"LEAD-10704","Tan Hariz #704","+60120000705","Shah Alam Vista",4048,3876,110.1,"Tier 4: High Risk DSR",0
"LEAD-10707","Farhan Wei Lun #707","+60150000708","Bangsar South Suites",4159,3933,108.7,"Tier 4: High Risk DSR",0
"LEAD-10710","Jason Ibrahim #710","+60180000711","Shah Alam Vista",4270,3990,107.4,"Tier 4: High Risk DSR",0
"LEAD-10713","Amir Chen #713","+60130000714","Bangsar South Suites",4381,4047,106.2,"Tier 4: High Risk DSR",0
"LEAD-10716","Devi Nordin #716","+60160000717","Shah Alam Vista",4492,4104,105,"Tier 4: High Risk DSR",0
"LEAD-10719","Grace Osman #719","+60190000720","Bangsar South Suites",4603,4161,103.9,"Tier 4: High Risk DSR",0
"LEAD-10722","Nurul Aini #722","+60140000723","Shah Alam Vista",4714,4218,102.8,"Tier 4: High Risk DSR",0
"LEAD-10725","Santhi Razif #725","+60170000726","Bangsar South Suites",4825,4275,101.8,"Tier 4: High Risk DSR",0
"LEAD-10728","Sarah Lee #728","+60120000729","Shah Alam Vista",4936,4332,100.9,"Tier 4: High Risk DSR",0
"LEAD-10731","Siti Zulkifli #731","+60150000732","Bangsar South Suites",5047,4389,100,"Tier 4: High Risk DSR",0
"LEAD-10734","Syed Rosli #734","+60180000735","Shah Alam Vista",5158,4446,99.1,"Tier 4: High Risk DSR",0
"LEAD-10737","Azman Kumar #737","+60130000738","Bangsar South Suites",5269,1003,21.9,"Tier 2: Qualified Bank Loan",349484
"LEAD-10740","Muhammad Faizal #740","+60160000741","Shah Alam Vista",5380,1060,22.6,"Tier 2: Qualified Bank Loan",349672
"LEAD-10743","Wong Hassan #743","+60190000744","Bangsar South Suites",5491,1117,23.4,"Tier 2: Qualified Bank Loan",349860
"LEAD-10746","Mohd Subramaniam #746","+60140000747","Shah Alam Vista",5602,1174,24.1,"Tier 2: Qualified Bank Loan",350049
"LEAD-10749","Kevin Goh #749","+60170000750","Bangsar South Suites",5713,1231,24.8,"Tier 2: Qualified Bank Loan",350237
"LEAD-10752","Razif Hariz #752","+60120000753","Shah Alam Vista",5824,1288,25.4,"Tier 2: Qualified Bank Loan",350426
"LEAD-10755","Chong Wei Lun #755","+60150000756","Bangsar South Suites",5935,1345,26,"Tier 2: Qualified Bank Loan",350614
"LEAD-10758","Hafiz Ibrahim #758","+60180000759","Shah Alam Vista",6046,1402,26.7,"Tier 2: Qualified Bank Loan",350802
"LEAD-10761","Ahmad Chen #761","+60130000762","Bangsar South Suites",6157,1459,27.2,"Tier 2: Qualified Bank Loan",350991
"LEAD-10764","Tan Nordin #764","+60160000765","Shah Alam Vista",6268,1516,27.8,"Tier 2: Qualified Bank Loan",351179
"LEAD-10767","Farhan Osman #767","+60190000768","Bangsar South Suites",6379,1573,28.3,"Tier 2: Qualified Bank Loan",351368
"LEAD-10770","Jason Aini #770","+60140000771","Shah Alam Vista",6490,1630,28.9,"Tier 2: Qualified Bank Loan",351556
"LEAD-10773","Amir Razif #773","+60170000774","Bangsar South Suites",6601,1687,29.4,"Tier 1: Pre-Approved LPPSA/Bank",351744
"LEAD-10776","Devi Lee #776","+60120000777","Shah Alam Vista",6712,1744,29.9,"Tier 1: Pre-Approved LPPSA/Bank",351933
"LEAD-10779","Grace Zulkifli #779","+60150000780","Bangsar South Suites",6823,1801,30.3,"Tier 1: Pre-Approved LPPSA/Bank",352121
"LEAD-10782","Nurul Rosli #782","+60180000783","Shah Alam Vista",6934,1858,30.8,"Tier 1: Pre-Approved LPPSA/Bank",352310
"LEAD-10785","Santhi Kumar #785","+60130000786","Bangsar South Suites",7045,1915,31.2,"Tier 1: Pre-Approved LPPSA/Bank",352498
"LEAD-10788","Sarah Faizal #788","+60160000789","Shah Alam Vista",7156,1972,31.7,"Tier 1: Pre-Approved LPPSA/Bank",352686
"LEAD-10791","Siti Hassan #791","+60190000792","Bangsar South Suites",7267,2029,32.1,"Tier 1: Pre-Approved LPPSA/Bank",352875
"LEAD-10794","Syed Subramaniam #794","+60140000795","Shah Alam Vista",7378,2086,32.5,"Tier 1: Pre-Approved LPPSA/Bank",353063
"LEAD-10797","Azman Goh #797","+60170000798","Bangsar South Suites",7489,2143,32.9,"Tier 1: Pre-Approved LPPSA/Bank",353252
"LEAD-10800","Muhammad Hariz #800","+60120000801","Shah Alam Vista",7600,2200,33.3,"Tier 1: Pre-Approved LPPSA/Bank",353440
"LEAD-10803","Wong Wei Lun #803","+60150000804","Bangsar South Suites",7711,2257,33.6,"Tier 1: Pre-Approved LPPSA/Bank",353628
"LEAD-10806","Mohd Ibrahim #806","+60180000807","Shah Alam Vista",7822,2314,34,"Tier 1: Pre-Approved LPPSA/Bank",353817
"LEAD-10809","Kevin Chen #809","+60130000810","Bangsar South Suites",7933,2371,34.4,"Tier 1: Pre-Approved LPPSA/Bank",354005
"LEAD-10812","Razif Nordin #812","+60160000813","Shah Alam Vista",8044,2428,34.7,"Tier 1: Pre-Approved LPPSA/Bank",354194
"LEAD-10815","Chong Osman #815","+60190000816","Bangsar South Suites",8155,2485,35,"Tier 1: Pre-Approved LPPSA/Bank",354382
"LEAD-10818","Hafiz Aini #818","+60140000819","Shah Alam Vista",8266,2542,35.3,"Tier 1: Pre-Approved LPPSA/Bank",354570
"LEAD-10821","Ahmad Razif #821","+60170000822","Bangsar South Suites",8377,2599,35.7,"Tier 1: Pre-Approved LPPSA/Bank",354759
"LEAD-10824","Tan Lee #824","+60120000825","Shah Alam Vista",8488,2656,36,"Tier 1: Pre-Approved LPPSA/Bank",354947
"LEAD-10827","Farhan Zulkifli #827","+60150000828","Bangsar South Suites",8599,2713,36.3,"Tier 1: Pre-Approved LPPSA/Bank",355136
"LEAD-10830","Jason Rosli #830","+60180000831","Shah Alam Vista",8710,2770,36.6,"Tier 1: Pre-Approved LPPSA/Bank",355324
"LEAD-10833","Amir Kumar #833","+60130000834","Bangsar South Suites",8821,2827,36.8,"Tier 1: Pre-Approved LPPSA/Bank",355512
"LEAD-10836","Devi Faizal #836","+60160000837","Shah Alam Vista",8932,2884,37.1,"Tier 1: Pre-Approved LPPSA/Bank",355701
"LEAD-10839","Grace Hassan #839","+60190000840","Bangsar South Suites",9043,2941,37.4,"Tier 1: Pre-Approved LPPSA/Bank",355889
"LEAD-10842","Nurul Subramaniam #842","+60140000843","Shah Alam Vista",9154,2998,37.6,"Tier 1: Pre-Approved LPPSA/Bank",356078
"LEAD-10845","Santhi Goh #845","+60170000846","Bangsar South Suites",9265,3055,37.9,"Tier 1: Pre-Approved LPPSA/Bank",356266
"LEAD-10848","Sarah Hariz #848","+60120000849","Shah Alam Vista",9376,3112,38.2,"Tier 1: Pre-Approved LPPSA/Bank",356454
"LEAD-10851","Siti Wei Lun #851","+60150000852","Bangsar South Suites",9487,3169,38.4,"Tier 1: Pre-Approved LPPSA/Bank",356643
"LEAD-10854","Syed Ibrahim #854","+60180000855","Shah Alam Vista",9598,3226,38.6,"Tier 1: Pre-Approved LPPSA/Bank",356831
"LEAD-10857","Azman Chen #857","+60130000858","Bangsar South Suites",9709,3283,38.9,"Tier 1: Pre-Approved LPPSA/Bank",357020
"LEAD-10860","Muhammad Nordin #860","+60160000861","Shah Alam Vista",9820,3340,39.1,"Tier 1: Pre-Approved LPPSA/Bank",357208
"LEAD-10863","Wong Osman #863","+60190000864","Bangsar South Suites",9931,3397,39.3,"Tier 1: Pre-Approved LPPSA/Bank",357396
"LEAD-10866","Mohd Aini #866","+60140000867","Shah Alam Vista",10042,3454,39.5,"Tier 1: Pre-Approved LPPSA/Bank",357585
"LEAD-10869","Kevin Razif #869","+60170000870","Bangsar South Suites",10153,3511,39.7,"Tier 1: Pre-Approved LPPSA/Bank",357773
"LEAD-10872","Razif Lee #872","+60120000873","Shah Alam Vista",10264,3568,40,"Tier 1: Pre-Approved LPPSA/Bank",357962
"LEAD-10875","Chong Zulkifli #875","+60150000876","Bangsar South Suites",10375,3625,40.2,"Tier 1: Pre-Approved LPPSA/Bank",358150
"LEAD-10878","Hafiz Rosli #878","+60180000879","Shah Alam Vista",10486,3682,40.4,"Tier 1: Pre-Approved LPPSA/Bank",358338
"LEAD-10881","Ahmad Kumar #881","+60130000882","Bangsar South Suites",10597,3739,40.6,"Tier 1: Pre-Approved LPPSA/Bank",358527
"LEAD-10884","Tan Faizal #884","+60160000885","Shah Alam Vista",10708,3796,40.7,"Tier 1: Pre-Approved LPPSA/Bank",358715
"LEAD-10887","Farhan Hassan #887","+60190000888","Bangsar South Suites",10819,3853,40.9,"Tier 1: Pre-Approved LPPSA/Bank",358904
"LEAD-10890","Jason Subramaniam #890","+60140000891","Shah Alam Vista",10930,3910,41.1,"Tier 1: Pre-Approved LPPSA/Bank",359092
"LEAD-10893","Amir Goh #893","+60170000894","Bangsar South Suites",11041,3967,41.3,"Tier 1: Pre-Approved LPPSA/Bank",359280
"LEAD-10896","Devi Hariz #896","+60120000897","Shah Alam Vista",11152,4024,41.5,"Tier 1: Pre-Approved LPPSA/Bank",359469
"LEAD-10899","Grace Wei Lun #899","+60150000900","Bangsar South Suites",11263,4081,41.6,"Tier 1: Pre-Approved LPPSA/Bank",359657
"LEAD-10902","Nurul Ibrahim #902","+60180000903","Shah Alam Vista",11374,4138,41.8,"Tier 1: Pre-Approved LPPSA/Bank",359846
"LEAD-10905","Santhi Chen #905","+60130000906","Bangsar South Suites",11485,4195,42,"Tier 1: Pre-Approved LPPSA/Bank",360034
"LEAD-10908","Sarah Nordin #908","+60160000909","Shah Alam Vista",11596,4252,42.1,"Tier 1: Pre-Approved LPPSA/Bank",360222
"LEAD-10911","Siti Osman #911","+60190000912","Bangsar South Suites",11707,4309,42.3,"Tier 1: Pre-Approved LPPSA/Bank",360411
"LEAD-10914","Syed Aini #914","+60140000915","Shah Alam Vista",11818,4366,42.5,"Tier 1: Pre-Approved LPPSA/Bank",360599
"LEAD-10917","Azman Razif #917","+60170000918","Bangsar South Suites",11929,4423,42.6,"Tier 1: Pre-Approved LPPSA/Bank",360788
"LEAD-10920","Muhammad Lee #920","+60120000921","Shah Alam Vista",3540,4480,145.5,"Tier 4: High Risk DSR",0
"LEAD-10923","Wong Zulkifli #923","+60150000924","Bangsar South Suites",3651,1037,32.6,"Tier 3: Joint Loan Needed",173764
"LEAD-10926","Mohd Rosli #926","+60180000927","Shah Alam Vista",3762,1094,33.4,"Tier 3: Joint Loan Needed",173953
"LEAD-10929","Kevin Kumar #929","+60130000930","Bangsar South Suites",3873,1151,34.2,"Tier 3: Joint Loan Needed",174141
"LEAD-10932","Razif Faizal #932","+60160000933","Shah Alam Vista",3984,1208,34.9,"Tier 3: Joint Loan Needed",174330
"LEAD-10935","Chong Hassan #935","+60190000936","Bangsar South Suites",4095,1265,35.5,"Tier 3: Joint Loan Needed",174518
"LEAD-10938","Hafiz Subramaniam #938","+60140000939","Shah Alam Vista",4206,1322,36.1,"Tier 3: Joint Loan Needed",174706
"LEAD-10941","Ahmad Goh #941","+60170000942","Bangsar South Suites",4317,1379,36.7,"Tier 3: Joint Loan Needed",174895
"LEAD-10944","Tan Hariz #944","+60120000945","Shah Alam Vista",4428,1436,37.3,"Tier 3: Joint Loan Needed",175083
"LEAD-10947","Farhan Wei Lun #947","+60150000948","Bangsar South Suites",4539,1493,37.8,"Tier 2: Qualified Bank Loan",175272
"LEAD-10950","Jason Ibrahim #950","+60180000951","Shah Alam Vista",4650,1550,38.3,"Tier 2: Qualified Bank Loan",175460
"LEAD-10953","Amir Chen #953","+60130000954","Bangsar South Suites",4761,1607,38.8,"Tier 2: Qualified Bank Loan",175648
"LEAD-10956","Devi Nordin #956","+60160000957","Shah Alam Vista",4872,1664,39.3,"Tier 2: Qualified Bank Loan",175837
"LEAD-10959","Grace Osman #959","+60190000960","Bangsar South Suites",4983,1721,39.7,"Tier 2: Qualified Bank Loan",176025
"LEAD-10962","Nurul Aini #962","+60140000963","Shah Alam Vista",5094,1778,40.1,"Tier 2: Qualified Bank Loan",176214
"LEAD-10965","Santhi Razif #965","+60170000966","Bangsar South Suites",5205,1835,40.5,"Tier 2: Qualified Bank Loan",176402
"LEAD-10968","Sarah Lee #968","+60120000969","Shah Alam Vista",5316,1892,40.9,"Tier 2: Qualified Bank Loan",176590
"LEAD-10971","Siti Zulkifli #971","+60150000972","Bangsar South Suites",5427,1949,41.3,"Tier 2: Qualified Bank Loan",176779
"LEAD-10974","Syed Rosli #974","+60180000975","Shah Alam Vista",5538,2006,41.6,"Tier 2: Qualified Bank Loan",176967
"LEAD-10977","Azman Kumar #977","+60130000978","Bangsar South Suites",5649,2063,42,"Tier 2: Qualified Bank Loan",177156
"LEAD-10980","Muhammad Faizal #980","+60160000981","Shah Alam Vista",5760,2120,42.3,"Tier 2: Qualified Bank Loan",177344
"LEAD-10983","Wong Hassan #983","+60190000984","Bangsar South Suites",5871,2177,42.6,"Tier 2: Qualified Bank Loan",177532
"LEAD-10986","Mohd Subramaniam #986","+60140000987","Shah Alam Vista",5982,2234,42.9,"Tier 2: Qualified Bank Loan",177721
"LEAD-10989","Kevin Goh #989","+60170000990","Bangsar South Suites",6093,2291,43.2,"Tier 2: Qualified Bank Loan",177909
"LEAD-10992","Razif Hariz #992","+60120000993","Shah Alam Vista",6204,2348,43.5,"Tier 2: Qualified Bank Loan",178098
"LEAD-10995","Chong Wei Lun #995","+60150000996","Bangsar South Suites",6315,2405,43.8,"Tier 2: Qualified Bank Loan",178286
"LEAD-10998","Hafiz Ibrahim #998","+60180000999","Shah Alam Vista",6426,2462,44,"Tier 2: Qualified Bank Loan",178474
"LEAD-11001","Ahmad Chen #1001","+60130001002","Bangsar South Suites",6537,2519,44.3,"Tier 1: Pre-Approved LPPSA/Bank",178663
"LEAD-11004","Tan Nordin #1004","+60160001005","Shah Alam Vista",6648,2576,44.5,"Tier 1: Pre-Approved LPPSA/Bank",178851
"LEAD-11007","Farhan Osman #1007","+60190001008","Bangsar South Suites",6759,2633,44.8,"Tier 1: Pre-Approved LPPSA/Bank",179040
"LEAD-11010","Jason Aini #1010","+60140001011","Shah Alam Vista",6870,2690,45,"Tier 2: Qualified Bank Loan",179228
"LEAD-11013","Amir Razif #1013","+60170001014","Bangsar South Suites",6981,2747,45.2,"Tier 2: Qualified Bank Loan",179416
"LEAD-11016","Devi Lee #1016","+60120001017","Shah Alam Vista",7092,2804,45.4,"Tier 2: Qualified Bank Loan",179605
"LEAD-11019","Grace Zulkifli #1019","+60150001020","Bangsar South Suites",7203,2861,45.7,"Tier 2: Qualified Bank Loan",179793
"LEAD-11022","Nurul Rosli #1022","+60180001023","Shah Alam Vista",7314,2918,45.9,"Tier 2: Qualified Bank Loan",179982
"LEAD-11025","Santhi Kumar #1025","+60130001026","Bangsar South Suites",7425,2975,46.1,"Tier 2: Qualified Bank Loan",180170
"LEAD-11028","Sarah Faizal #1028","+60160001029","Shah Alam Vista",7536,3032,46.2,"Tier 2: Qualified Bank Loan",180358
"LEAD-11031","Siti Hassan #1031","+60190001032","Bangsar South Suites",7647,3089,46.4,"Tier 2: Qualified Bank Loan",180547
"LEAD-11034","Syed Subramaniam #1034","+60140001035","Shah Alam Vista",7758,3146,46.6,"Tier 2: Qualified Bank Loan",180735
"LEAD-11037","Azman Goh #1037","+60170001038","Bangsar South Suites",7869,3203,46.8,"Tier 2: Qualified Bank Loan",180924
"LEAD-11040","Muhammad Hariz #1040","+60120001041","Shah Alam Vista",7980,3260,47,"Tier 2: Qualified Bank Loan",181112
"LEAD-11043","Wong Wei Lun #1043","+60150001044","Bangsar South Suites",8091,3317,47.1,"Tier 2: Qualified Bank Loan",181300
"LEAD-11046","Mohd Ibrahim #1046","+60180001047","Shah Alam Vista",8202,3374,47.3,"Tier 2: Qualified Bank Loan",181489
"LEAD-11049","Kevin Chen #1049","+60130001050","Bangsar South Suites",8313,3431,47.4,"Tier 2: Qualified Bank Loan",181677
"LEAD-11052","Razif Nordin #1052","+60160001053","Shah Alam Vista",8424,3488,47.6,"Tier 2: Qualified Bank Loan",181866
"LEAD-11055","Chong Osman #1055","+60190001056","Bangsar South Suites",8535,3545,47.7,"Tier 2: Qualified Bank Loan",182054
"LEAD-11058","Hafiz Aini #1058","+60140001059","Shah Alam Vista",8646,3602,47.9,"Tier 2: Qualified Bank Loan",182242
"LEAD-11061","Ahmad Razif #1061","+60170001062","Bangsar South Suites",8757,3659,48,"Tier 2: Qualified Bank Loan",182431
"LEAD-11064","Tan Lee #1064","+60120001065","Shah Alam Vista",8868,3716,48.2,"Tier 2: Qualified Bank Loan",182619
"LEAD-11067","Farhan Zulkifli #1067","+60150001068","Bangsar South Suites",8979,3773,48.3,"Tier 2: Qualified Bank Loan",182808
"LEAD-11070","Jason Rosli #1070","+60180001071","Shah Alam Vista",9090,3830,48.4,"Tier 2: Qualified Bank Loan",182996
"LEAD-11073","Amir Kumar #1073","+60130001074","Bangsar South Suites",9201,3887,48.6,"Tier 2: Qualified Bank Loan",183184
"LEAD-11076","Devi Faizal #1076","+60160001077","Shah Alam Vista",9312,3944,48.7,"Tier 2: Qualified Bank Loan",183373
"LEAD-11079","Grace Hassan #1079","+60190001080","Bangsar South Suites",9423,4001,48.8,"Tier 2: Qualified Bank Loan",183561
"LEAD-11082","Nurul Subramaniam #1082","+60140001083","Shah Alam Vista",9534,4058,48.9,"Tier 2: Qualified Bank Loan",183750
"LEAD-11085","Santhi Goh #1085","+60170001086","Bangsar South Suites",9645,4115,49,"Tier 2: Qualified Bank Loan",183938
"LEAD-11088","Sarah Hariz #1088","+60120001089","Shah Alam Vista",9756,4172,49.2,"Tier 2: Qualified Bank Loan",184126
"LEAD-11091","Siti Wei Lun #1091","+60150001092","Bangsar South Suites",9867,4229,49.3,"Tier 2: Qualified Bank Loan",184315
"LEAD-11094","Syed Ibrahim #1094","+60180001095","Shah Alam Vista",9978,4286,49.4,"Tier 2: Qualified Bank Loan",184503
"LEAD-11097","Azman Chen #1097","+60130001098","Bangsar South Suites",10089,4343,49.5,"Tier 2: Qualified Bank Loan",184692
"LEAD-11100","Muhammad Nordin #1100","+60160001101","Shah Alam Vista",10200,4400,49.6,"Tier 2: Qualified Bank Loan",184880
"LEAD-11103","Wong Osman #1103","+60190001104","Bangsar South Suites",10311,4457,49.7,"Tier 2: Qualified Bank Loan",185068
"LEAD-11106","Mohd Aini #1106","+60140001107","Shah Alam Vista",10422,1014,11.2,"Tier 1: Pre-Approved LPPSA/Bank",885257
"LEAD-11109","Kevin Razif #1109","+60170001110","Bangsar South Suites",10533,1071,11.7,"Tier 1: Pre-Approved LPPSA/Bank",885445
"LEAD-11112","Razif Lee #1112","+60120001113","Shah Alam Vista",10644,1128,12.2,"Tier 1: Pre-Approved LPPSA/Bank",885634
"LEAD-11115","Chong Zulkifli #1115","+60150001116","Bangsar South Suites",10755,1185,12.7,"Tier 1: Pre-Approved LPPSA/Bank",885822
"LEAD-11118","Hafiz Rosli #1118","+60180001119","Shah Alam Vista",10866,1242,13.1,"Tier 1: Pre-Approved LPPSA/Bank",886010
"LEAD-11121","Ahmad Kumar #1121","+60130001122","Bangsar South Suites",10977,1299,13.6,"Tier 1: Pre-Approved LPPSA/Bank",886199
"LEAD-11124","Tan Faizal #1124","+60160001125","Shah Alam Vista",11088,1356,14.1,"Tier 1: Pre-Approved LPPSA/Bank",886387
"LEAD-11127","Farhan Hassan #1127","+60190001128","Bangsar South Suites",11199,1413,14.5,"Tier 1: Pre-Approved LPPSA/Bank",886576
"LEAD-11130","Jason Subramaniam #1130","+60140001131","Shah Alam Vista",11310,1470,14.9,"Tier 1: Pre-Approved LPPSA/Bank",886764
"LEAD-11133","Amir Goh #1133","+60170001134","Bangsar South Suites",11421,1527,15.4,"Tier 1: Pre-Approved LPPSA/Bank",886952
"LEAD-11136","Devi Hariz #1136","+60120001137","Shah Alam Vista",11532,1584,15.8,"Tier 1: Pre-Approved LPPSA/Bank",887141
"LEAD-11139","Grace Wei Lun #1139","+60150001140","Bangsar South Suites",11643,1641,16.2,"Tier 1: Pre-Approved LPPSA/Bank",887329
"LEAD-11142","Nurul Ibrahim #1142","+60180001143","Shah Alam Vista",11754,1698,16.6,"Tier 1: Pre-Approved LPPSA/Bank",887518
"LEAD-11145","Santhi Chen #1145","+60130001146","Bangsar South Suites",11865,1755,17,"Tier 1: Pre-Approved LPPSA/Bank",887706
"LEAD-11148","Sarah Nordin #1148","+60160001149","Shah Alam Vista",11976,1812,17.4,"Tier 1: Pre-Approved LPPSA/Bank",887894
"LEAD-11151","Siti Osman #1151","+60190001152","Bangsar South Suites",3587,1869,59.9,"Tier 3: Joint Loan Needed",683
"LEAD-11154","Syed Aini #1154","+60140001155","Shah Alam Vista",3698,1926,59.9,"Tier 3: Joint Loan Needed",871
"LEAD-11157","Azman Razif #1157","+60170001158","Bangsar South Suites",3809,1983,59.8,"Tier 3: Joint Loan Needed",1060
"LEAD-11160","Muhammad Lee #1160","+60120001161","Shah Alam Vista",3920,2040,59.8,"Tier 3: Joint Loan Needed",1248
"LEAD-11163","Wong Zulkifli #1163","+60150001164","Bangsar South Suites",4031,2097,59.8,"Tier 3: Joint Loan Needed",1436
"LEAD-11166","Mohd Rosli #1166","+60180001167","Shah Alam Vista",4142,2154,59.8,"Tier 3: Joint Loan Needed",1625
"LEAD-11169","Kevin Kumar #1169","+60130001170","Bangsar South Suites",4253,2211,59.8,"Tier 3: Joint Loan Needed",1813
"LEAD-11172","Razif Faizal #1172","+60160001173","Shah Alam Vista",4364,2268,59.7,"Tier 3: Joint Loan Needed",2002
"LEAD-11175","Chong Hassan #1175","+60190001176","Bangsar South Suites",4475,2325,59.7,"Tier 3: Joint Loan Needed",2190
"LEAD-11178","Hafiz Subramaniam #1178","+60140001179","Shah Alam Vista",4586,2382,59.7,"Tier 2: Qualified Bank Loan",2378
"LEAD-11181","Ahmad Goh #1181","+60170001182","Bangsar South Suites",4697,2439,59.7,"Tier 2: Qualified Bank Loan",2567
"LEAD-11184","Tan Hariz #1184","+60120001185","Shah Alam Vista",4808,2496,59.7,"Tier 2: Qualified Bank Loan",2755
"LEAD-11187","Farhan Wei Lun #1187","+60150001188","Bangsar South Suites",4919,2553,59.7,"Tier 2: Qualified Bank Loan",2944
"LEAD-11190","Jason Ibrahim #1190","+60180001191","Shah Alam Vista",5030,2610,59.6,"Tier 2: Qualified Bank Loan",3132
"LEAD-11193","Amir Chen #1193","+60130001194","Bangsar South Suites",5141,2667,59.6,"Tier 2: Qualified Bank Loan",3320
"LEAD-11196","Devi Nordin #1196","+60160001197","Shah Alam Vista",5252,2724,59.6,"Tier 2: Qualified Bank Loan",3509
"LEAD-11199","Grace Osman #1199","+60190001200","Bangsar South Suites",5363,2781,59.6,"Tier 2: Qualified Bank Loan",3697
"LEAD-11202","Nurul Aini #1202","+60140001203","Shah Alam Vista",5474,2838,59.6,"Tier 2: Qualified Bank Loan",3886
"LEAD-11205","Santhi Razif #1205","+60170001206","Bangsar South Suites",5585,2895,59.6,"Tier 2: Qualified Bank Loan",4074
"LEAD-11208","Sarah Lee #1208","+60120001209","Shah Alam Vista",5696,2952,59.6,"Tier 2: Qualified Bank Loan",4262
"LEAD-11211","Siti Zulkifli #1211","+60150001212","Bangsar South Suites",5807,3009,59.6,"Tier 2: Qualified Bank Loan",4451
"LEAD-11214","Syed Rosli #1214","+60180001215","Shah Alam Vista",5918,3066,59.5,"Tier 2: Qualified Bank Loan",4639
"LEAD-11217","Azman Kumar #1217","+60130001218","Bangsar South Suites",6029,3123,59.5,"Tier 2: Qualified Bank Loan",4828
"LEAD-11220","Muhammad Faizal #1220","+60160001221","Shah Alam Vista",6140,3180,59.5,"Tier 2: Qualified Bank Loan",5016
"LEAD-11223","Wong Hassan #1223","+60190001224","Bangsar South Suites",6251,3237,59.5,"Tier 2: Qualified Bank Loan",5204
"LEAD-11226","Mohd Subramaniam #1226","+60140001227","Shah Alam Vista",6362,3294,59.5,"Tier 2: Qualified Bank Loan",5393
"LEAD-11229","Kevin Goh #1229","+60170001230","Bangsar South Suites",6473,3351,59.5,"Tier 2: Qualified Bank Loan",5581
"LEAD-11232","Razif Hariz #1232","+60120001233","Shah Alam Vista",6584,3408,59.5,"Tier 2: Qualified Bank Loan",5770
"LEAD-11235","Chong Wei Lun #1235","+60150001236","Bangsar South Suites",6695,3465,59.5,"Tier 2: Qualified Bank Loan",5958
"LEAD-11238","Hafiz Ibrahim #1238","+60180001239","Shah Alam Vista",6806,3522,59.5,"Tier 2: Qualified Bank Loan",6146
"LEAD-11241","Ahmad Chen #1241","+60130001242","Bangsar South Suites",6917,3579,59.5,"Tier 2: Qualified Bank Loan",6335
"LEAD-11244","Tan Nordin #1244","+60160001245","Shah Alam Vista",7028,3636,59.5,"Tier 2: Qualified Bank Loan",6523
"LEAD-11247","Farhan Osman #1247","+60190001248","Bangsar South Suites",7139,3693,59.5,"Tier 2: Qualified Bank Loan",6712
"LEAD-11250","Jason Aini #1250","+60140001251","Shah Alam Vista",7250,3750,59.5,"Tier 2: Qualified Bank Loan",6900
"LEAD-11253","Amir Razif #1253","+60170001254","Bangsar South Suites",7361,3807,59.4,"Tier 2: Qualified Bank Loan",7088
"LEAD-11256","Devi Lee #1256","+60120001257","Shah Alam Vista",7472,3864,59.4,"Tier 2: Qualified Bank Loan",7277
"LEAD-11259","Grace Zulkifli #1259","+60150001260","Bangsar South Suites",7583,3921,59.4,"Tier 2: Qualified Bank Loan",7465
"LEAD-11262","Nurul Rosli #1262","+60180001263","Shah Alam Vista",7694,3978,59.4,"Tier 2: Qualified Bank Loan",7654
"LEAD-11265","Santhi Kumar #1265","+60130001266","Bangsar South Suites",7805,4035,59.4,"Tier 2: Qualified Bank Loan",7842
"LEAD-11268","Sarah Faizal #1268","+60160001269","Shah Alam Vista",7916,4092,59.4,"Tier 2: Qualified Bank Loan",8030
"LEAD-11271","Siti Hassan #1271","+60190001272","Bangsar South Suites",8027,4149,59.4,"Tier 2: Qualified Bank Loan",8219
"LEAD-11274","Syed Subramaniam #1274","+60140001275","Shah Alam Vista",8138,4206,59.4,"Tier 2: Qualified Bank Loan",8407
"LEAD-11277","Azman Goh #1277","+60170001278","Bangsar South Suites",8249,4263,59.4,"Tier 2: Qualified Bank Loan",8596
"LEAD-11280","Muhammad Hariz #1280","+60120001281","Shah Alam Vista",8360,4320,59.4,"Tier 2: Qualified Bank Loan",8784
"LEAD-11283","Wong Wei Lun #1283","+60150001284","Bangsar South Suites",8471,4377,59.4,"Tier 2: Qualified Bank Loan",8972
"LEAD-11286","Mohd Ibrahim #1286","+60180001287","Shah Alam Vista",8582,4434,59.4,"Tier 2: Qualified Bank Loan",9161
"LEAD-11289","Kevin Chen #1289","+60130001290","Bangsar South Suites",8693,4491,59.4,"Tier 2: Qualified Bank Loan",9349
"LEAD-11292","Razif Nordin #1292","+60160001293","Shah Alam Vista",8804,1048,13.7,"Tier 1: Pre-Approved LPPSA/Bank",709538
"LEAD-11295","Chong Osman #1295","+60190001296","Bangsar South Suites",8915,1105,14.2,"Tier 1: Pre-Approved LPPSA/Bank",709726
"LEAD-11298","Hafiz Aini #1298","+60140001299","Shah Alam Vista",9026,1162,14.8,"Tier 1: Pre-Approved LPPSA/Bank",709914
"LEAD-11301","Ahmad Razif #1301","+60170001302","Bangsar South Suites",9137,1219,15.3,"Tier 1: Pre-Approved LPPSA/Bank",710103
"LEAD-11304","Tan Lee #1304","+60120001305","Shah Alam Vista",9248,1276,15.9,"Tier 1: Pre-Approved LPPSA/Bank",710291
"LEAD-11307","Farhan Zulkifli #1307","+60150001308","Bangsar South Suites",9359,1333,16.4,"Tier 1: Pre-Approved LPPSA/Bank",710480
"LEAD-11310","Jason Rosli #1310","+60180001311","Shah Alam Vista",9470,1390,16.9,"Tier 1: Pre-Approved LPPSA/Bank",710668
"LEAD-11313","Amir Kumar #1313","+60130001314","Bangsar South Suites",9581,1447,17.4,"Tier 1: Pre-Approved LPPSA/Bank",710856
"LEAD-11316","Devi Faizal #1316","+60160001317","Shah Alam Vista",9692,1504,17.8,"Tier 1: Pre-Approved LPPSA/Bank",711045
"LEAD-11319","Grace Hassan #1319","+60190001320","Bangsar South Suites",9803,1561,18.3,"Tier 1: Pre-Approved LPPSA/Bank",711233
"LEAD-11322","Nurul Subramaniam #1322","+60140001323","Shah Alam Vista",9914,1618,18.8,"Tier 1: Pre-Approved LPPSA/Bank",711422
"LEAD-11325","Santhi Goh #1325","+60170001326","Bangsar South Suites",10025,1675,19.2,"Tier 1: Pre-Approved LPPSA/Bank",711610
"LEAD-11328","Sarah Hariz #1328","+60120001329","Shah Alam Vista",10136,1732,19.6,"Tier 1: Pre-Approved LPPSA/Bank",711798
"LEAD-11331","Siti Wei Lun #1331","+60150001332","Bangsar South Suites",10247,1789,20.1,"Tier 1: Pre-Approved LPPSA/Bank",711987
"LEAD-11334","Syed Ibrahim #1334","+60180001335","Shah Alam Vista",10358,1846,20.5,"Tier 1: Pre-Approved LPPSA/Bank",712175
"LEAD-11337","Azman Chen #1337","+60130001338","Bangsar South Suites",10469,1903,20.9,"Tier 1: Pre-Approved LPPSA/Bank",712364
"LEAD-11340","Muhammad Nordin #1340","+60160001341","Shah Alam Vista",10580,1960,21.3,"Tier 1: Pre-Approved LPPSA/Bank",712552
"LEAD-11343","Wong Osman #1343","+60190001344","Bangsar South Suites",10691,2017,21.7,"Tier 1: Pre-Approved LPPSA/Bank",712740
"LEAD-11346","Mohd Aini #1346","+60140001347","Shah Alam Vista",10802,2074,22.1,"Tier 1: Pre-Approved LPPSA/Bank",712929
"LEAD-11349","Kevin Razif #1349","+60170001350","Bangsar South Suites",10913,2131,22.4,"Tier 1: Pre-Approved LPPSA/Bank",713117
"LEAD-11352","Razif Lee #1352","+60120001353","Shah Alam Vista",11024,2188,22.8,"Tier 1: Pre-Approved LPPSA/Bank",713306
"LEAD-11355","Chong Zulkifli #1355","+60150001356","Bangsar South Suites",11135,2245,23.2,"Tier 1: Pre-Approved LPPSA/Bank",713494
"LEAD-11358","Hafiz Rosli #1358","+60180001359","Shah Alam Vista",11246,2302,23.5,"Tier 1: Pre-Approved LPPSA/Bank",713682
"LEAD-11361","Ahmad Kumar #1361","+60130001362","Bangsar South Suites",11357,2359,23.9,"Tier 1: Pre-Approved LPPSA/Bank",713871
"LEAD-11364","Tan Faizal #1364","+60160001365","Shah Alam Vista",11468,2416,24.2,"Tier 1: Pre-Approved LPPSA/Bank",714059
"LEAD-11367","Farhan Hassan #1367","+60190001368","Bangsar South Suites",11579,2473,24.5,"Tier 1: Pre-Approved LPPSA/Bank",714248
"LEAD-11370","Jason Subramaniam #1370","+60140001371","Shah Alam Vista",11690,2530,24.9,"Tier 1: Pre-Approved LPPSA/Bank",714436
"LEAD-11373","Amir Goh #1373","+60170001374","Bangsar South Suites",11801,2587,25.2,"Tier 1: Pre-Approved LPPSA/Bank",714624
"LEAD-11376","Devi Hariz #1376","+60120001377","Shah Alam Vista",11912,2644,25.5,"Tier 1: Pre-Approved LPPSA/Bank",714813
"LEAD-11379","Grace Wei Lun #1379","+60150001380","Bangsar South Suites",3523,2701,88.1,"Tier 4: High Risk DSR",0
"LEAD-11382","Nurul Ibrahim #1382","+60180001383","Shah Alam Vista",3634,2758,87.2,"Tier 4: High Risk DSR",0
"LEAD-11385","Santhi Chen #1385","+60130001386","Bangsar South Suites",3745,2815,86.4,"Tier 4: High Risk DSR",0
"LEAD-11388","Sarah Nordin #1388","+60160001389","Shah Alam Vista",3856,2872,85.6,"Tier 4: High Risk DSR",0
"LEAD-11391","Siti Osman #1391","+60190001392","Bangsar South Suites",3967,2929,84.9,"Tier 4: High Risk DSR",0
"LEAD-11394","Syed Aini #1394","+60140001395","Shah Alam Vista",4078,2986,84.2,"Tier 4: High Risk DSR",0
"LEAD-11397","Azman Razif #1397","+60170001398","Bangsar South Suites",4189,3043,83.5,"Tier 4: High Risk DSR",0
"LEAD-11400","Muhammad Lee #1400","+60120001401","Shah Alam Vista",4300,3100,82.9,"Tier 4: High Risk DSR",0
"LEAD-11403","Wong Zulkifli #1403","+60150001404","Bangsar South Suites",4411,3157,82.3,"Tier 4: High Risk DSR",0
"LEAD-11406","Mohd Rosli #1406","+60180001407","Shah Alam Vista",4522,3214,81.7,"Tier 4: High Risk DSR",0
"LEAD-11409","Kevin Kumar #1409","+60130001410","Bangsar South Suites",4633,3271,81.2,"Tier 4: High Risk DSR",0
"LEAD-11412","Razif Faizal #1412","+60160001413","Shah Alam Vista",4744,3328,80.6,"Tier 4: High Risk DSR",0
"LEAD-11415","Chong Hassan #1415","+60190001416","Bangsar South Suites",4855,3385,80.1,"Tier 4: High Risk DSR",0
"LEAD-11418","Hafiz Subramaniam #1418","+60140001419","Shah Alam Vista",4966,3442,79.7,"Tier 4: High Risk DSR",0
"LEAD-11421","Ahmad Goh #1421","+60170001422","Bangsar South Suites",5077,3499,79.2,"Tier 4: High Risk DSR",0
"LEAD-11424","Tan Hariz #1424","+60120001425","Shah Alam Vista",5188,3556,78.8,"Tier 4: High Risk DSR",0
"LEAD-11427","Farhan Wei Lun #1427","+60150001428","Bangsar South Suites",5299,3613,78.4,"Tier 4: High Risk DSR",0
"LEAD-11430","Jason Ibrahim #1430","+60180001431","Shah Alam Vista",5410,3670,78,"Tier 4: High Risk DSR",0
"LEAD-11433","Amir Chen #1433","+60130001434","Bangsar South Suites",5521,3727,77.6,"Tier 4: High Risk DSR",0
"LEAD-11436","Devi Nordin #1436","+60160001437","Shah Alam Vista",5632,3784,77.2,"Tier 4: High Risk DSR",0
"LEAD-11439","Grace Osman #1439","+60190001440","Bangsar South Suites",5743,3841,76.9,"Tier 4: High Risk DSR",0
"LEAD-11442","Nurul Aini #1442","+60140001443","Shah Alam Vista",5854,3898,76.5,"Tier 4: High Risk DSR",0
"LEAD-11445","Santhi Razif #1445","+60170001446","Bangsar South Suites",5965,3955,76.2,"Tier 4: High Risk DSR",0
"LEAD-11448","Sarah Lee #1448","+60120001449","Shah Alam Vista",6076,4012,75.9,"Tier 4: High Risk DSR",0
"LEAD-11451","Siti Zulkifli #1451","+60150001452","Bangsar South Suites",6187,4069,75.6,"Tier 4: High Risk DSR",0
"LEAD-11454","Syed Rosli #1454","+60180001455","Shah Alam Vista",6298,4126,75.3,"Tier 4: High Risk DSR",0
"LEAD-11457","Azman Kumar #1457","+60130001458","Bangsar South Suites",6409,4183,75,"Tier 4: High Risk DSR",0
"LEAD-11460","Muhammad Faizal #1460","+60160001461","Shah Alam Vista",6520,4240,74.7,"Tier 3: Joint Loan Needed",0
"LEAD-11463","Wong Hassan #1463","+60190001464","Bangsar South Suites",6631,4297,74.5,"Tier 3: Joint Loan Needed",0
"LEAD-11466","Mohd Subramaniam #1466","+60140001467","Shah Alam Vista",6742,4354,74.2,"Tier 3: Joint Loan Needed",0
"LEAD-11469","Kevin Goh #1469","+60170001470","Bangsar South Suites",6853,4411,74,"Tier 3: Joint Loan Needed",0
"LEAD-11472","Razif Hariz #1472","+60120001473","Shah Alam Vista",6964,4468,73.7,"Tier 3: Joint Loan Needed",0
"LEAD-11475","Chong Wei Lun #1475","+60150001476","Bangsar South Suites",7075,1025,16.7,"Tier 1: Pre-Approved LPPSA/Bank",533630
"LEAD-11478","Hafiz Ibrahim #1478","+60180001479","Shah Alam Vista",7186,1082,17.3,"Tier 1: Pre-Approved LPPSA/Bank",533818
"LEAD-11481","Ahmad Chen #1481","+60130001482","Bangsar South Suites",7297,1139,17.9,"Tier 1: Pre-Approved LPPSA/Bank",534007
"LEAD-11484","Tan Nordin #1484","+60160001485","Shah Alam Vista",7408,1196,18.6,"Tier 1: Pre-Approved LPPSA/Bank",534195
"LEAD-11487","Farhan Osman #1487","+60190001488","Bangsar South Suites",7519,1253,19.2,"Tier 1: Pre-Approved LPPSA/Bank",534384
"LEAD-11490","Jason Aini #1490","+60140001491","Shah Alam Vista",7630,1310,19.7,"Tier 1: Pre-Approved LPPSA/Bank",534572
"LEAD-11493","Amir Razif #1493","+60170001494","Bangsar South Suites",7741,1367,20.3,"Tier 1: Pre-Approved LPPSA/Bank",534760
"LEAD-11496","Devi Lee #1496","+60120001497","Shah Alam Vista",7852,1424,20.8,"Tier 1: Pre-Approved LPPSA/Bank",534949
"LEAD-11499","Grace Zulkifli #1499","+60150001500","Bangsar South Suites",7963,1481,21.4,"Tier 1: Pre-Approved LPPSA/Bank",535137
"LEAD-11502","Nurul Rosli #1502","+60180001503","Shah Alam Vista",8074,1538,21.9,"Tier 1: Pre-Approved LPPSA/Bank",535326
"LEAD-11505","Santhi Kumar #1505","+60130001506","Bangsar South Suites",8185,1595,22.4,"Tier 1: Pre-Approved LPPSA/Bank",535514
"LEAD-11508","Sarah Faizal #1508","+60160001509","Shah Alam Vista",8296,1652,22.9,"Tier 1: Pre-Approved LPPSA/Bank",535702
"LEAD-11511","Siti Hassan #1511","+60190001512","Bangsar South Suites",8407,1709,23.4,"Tier 1: Pre-Approved LPPSA/Bank",535891
"LEAD-11514","Syed Subramaniam #1514","+60140001515","Shah Alam Vista",8518,1766,23.8,"Tier 1: Pre-Approved LPPSA/Bank",536079
"LEAD-11517","Azman Goh #1517","+60170001518","Bangsar South Suites",8629,1823,24.3,"Tier 1: Pre-Approved LPPSA/Bank",536268
"LEAD-11520","Muhammad Hariz #1520","+60120001521","Shah Alam Vista",8740,1880,24.7,"Tier 1: Pre-Approved LPPSA/Bank",536456
"LEAD-11523","Wong Wei Lun #1523","+60150001524","Bangsar South Suites",8851,1937,25.2,"Tier 1: Pre-Approved LPPSA/Bank",536644
"LEAD-11526","Mohd Ibrahim #1526","+60180001527","Shah Alam Vista",8962,1994,25.6,"Tier 1: Pre-Approved LPPSA/Bank",536833
"LEAD-11529","Kevin Chen #1529","+60130001530","Bangsar South Suites",9073,2051,26,"Tier 1: Pre-Approved LPPSA/Bank",537021
"LEAD-11532","Razif Nordin #1532","+60160001533","Shah Alam Vista",9184,2108,26.4,"Tier 1: Pre-Approved LPPSA/Bank",537210
"LEAD-11535","Chong Osman #1535","+60190001536","Bangsar South Suites",9295,2165,26.8,"Tier 1: Pre-Approved LPPSA/Bank",537398
"LEAD-11538","Hafiz Aini #1538","+60140001539","Shah Alam Vista",9406,2222,27.2,"Tier 1: Pre-Approved LPPSA/Bank",537586
"LEAD-11541","Ahmad Razif #1541","+60170001542","Bangsar South Suites",9517,2279,27.5,"Tier 1: Pre-Approved LPPSA/Bank",537775
"LEAD-11544","Tan Lee #1544","+60120001545","Shah Alam Vista",9628,2336,27.9,"Tier 1: Pre-Approved LPPSA/Bank",537963
"LEAD-11547","Farhan Zulkifli #1547","+60150001548","Bangsar South Suites",9739,2393,28.2,"Tier 1: Pre-Approved LPPSA/Bank",538152
"LEAD-11550","Jason Rosli #1550","+60180001551","Shah Alam Vista",9850,2450,28.6,"Tier 1: Pre-Approved LPPSA/Bank",538340
"LEAD-11553","Amir Kumar #1553","+60130001554","Bangsar South Suites",9961,2507,28.9,"Tier 1: Pre-Approved LPPSA/Bank",538528
"LEAD-11556","Devi Faizal #1556","+60160001557","Shah Alam Vista",10072,2564,29.3,"Tier 1: Pre-Approved LPPSA/Bank",538717
"LEAD-11559","Grace Hassan #1559","+60190001560","Bangsar South Suites",10183,2621,29.6,"Tier 1: Pre-Approved LPPSA/Bank",538905
"LEAD-11562","Nurul Subramaniam #1562","+60140001563","Shah Alam Vista",10294,2678,29.9,"Tier 1: Pre-Approved LPPSA/Bank",539094
"LEAD-11565","Santhi Goh #1565","+60170001566","Bangsar South Suites",10405,2735,30.2,"Tier 1: Pre-Approved LPPSA/Bank",539282
"LEAD-11568","Sarah Hariz #1568","+60120001569","Shah Alam Vista",10516,2792,30.5,"Tier 1: Pre-Approved LPPSA/Bank",539470
"LEAD-11571","Siti Wei Lun #1571","+60150001572","Bangsar South Suites",10627,2849,30.8,"Tier 1: Pre-Approved LPPSA/Bank",539659
"LEAD-11574","Syed Ibrahim #1574","+60180001575","Shah Alam Vista",10738,2906,31.1,"Tier 1: Pre-Approved LPPSA/Bank",539847
"LEAD-11577","Azman Chen #1577","+60130001578","Bangsar South Suites",10849,2963,31.4,"Tier 1: Pre-Approved LPPSA/Bank",540036
"LEAD-11580","Muhammad Nordin #1580","+60160001581","Shah Alam Vista",10960,3020,31.7,"Tier 1: Pre-Approved LPPSA/Bank",540224
"LEAD-11583","Wong Osman #1583","+60190001584","Bangsar South Suites",11071,3077,31.9,"Tier 1: Pre-Approved LPPSA/Bank",540412
"LEAD-11586","Mohd Aini #1586","+60140001587","Shah Alam Vista",11182,3134,32.2,"Tier 1: Pre-Approved LPPSA/Bank",540601
"LEAD-11589","Kevin Razif #1589","+60170001590","Bangsar South Suites",11293,3191,32.5,"Tier 1: Pre-Approved LPPSA/Bank",540789
"LEAD-11592","Razif Lee #1592","+60120001593","Shah Alam Vista",11404,3248,32.7,"Tier 1: Pre-Approved LPPSA/Bank",540978
"LEAD-11595","Chong Zulkifli #1595","+60150001596","Bangsar South Suites",11515,3305,33,"Tier 1: Pre-Approved LPPSA/Bank",541166
"LEAD-11598","Hafiz Rosli #1598","+60180001599","Shah Alam Vista",11626,3362,33.2,"Tier 1: Pre-Approved LPPSA/Bank",541354
"LEAD-11601","Ahmad Kumar #1601","+60130001602","Bangsar South Suites",11737,3419,33.5,"Tier 1: Pre-Approved LPPSA/Bank",541543
"LEAD-11604","Tan Faizal #1604","+60160001605","Shah Alam Vista",11848,3476,33.7,"Tier 1: Pre-Approved LPPSA/Bank",541731
"LEAD-11607","Farhan Hassan #1607","+60190001608","Bangsar South Suites",11959,3533,34,"Tier 1: Pre-Approved LPPSA/Bank",541920
"LEAD-11610","Jason Subramaniam #1610","+60140001611","Shah Alam Vista",3570,3590,115.6,"Tier 4: High Risk DSR",0
"LEAD-11613","Amir Goh #1613","+60170001614","Bangsar South Suites",3681,3647,113.9,"Tier 4: High Risk DSR",0
"LEAD-11616","Devi Hariz #1616","+60120001617","Shah Alam Vista",3792,3704,112.3,"Tier 4: High Risk DSR",0
"LEAD-11619","Grace Wei Lun #1619","+60150001620","Bangsar South Suites",3903,3761,110.8,"Tier 4: High Risk DSR",0
"LEAD-11622","Nurul Ibrahim #1622","+60180001623","Shah Alam Vista",4014,3818,109.3,"Tier 4: High Risk DSR",0
"LEAD-11625","Santhi Chen #1625","+60130001626","Bangsar South Suites",4125,3875,108,"Tier 4: High Risk DSR",0
"LEAD-11628","Sarah Nordin #1628","+60160001629","Shah Alam Vista",4236,3932,106.7,"Tier 4: High Risk DSR",0
"LEAD-11631","Siti Osman #1631","+60190001632","Bangsar South Suites",4347,3989,105.5,"Tier 4: High Risk DSR",0
"LEAD-11634","Syed Aini #1634","+60140001635","Shah Alam Vista",4458,4046,104.3,"Tier 4: High Risk DSR",0
"LEAD-11637","Azman Razif #1637","+60170001638","Bangsar South Suites",4569,4103,103.2,"Tier 4: High Risk DSR",0
"LEAD-11640","Muhammad Lee #1640","+60120001641","Shah Alam Vista",4680,4160,102.2,"Tier 4: High Risk DSR",0
"LEAD-11643","Wong Zulkifli #1643","+60150001644","Bangsar South Suites",4791,4217,101.2,"Tier 4: High Risk DSR",0
"LEAD-11646","Mohd Rosli #1646","+60180001647","Shah Alam Vista",4902,4274,100.2,"Tier 4: High Risk DSR",0
"LEAD-11649","Kevin Kumar #1649","+60130001650","Bangsar South Suites",5013,4331,99.3,"Tier 4: High Risk DSR",0
"LEAD-11652","Razif Faizal #1652","+60160001653","Shah Alam Vista",5124,4388,98.4,"Tier 4: High Risk DSR",0
"LEAD-11655","Chong Hassan #1655","+60190001656","Bangsar South Suites",5235,4445,97.6,"Tier 4: High Risk DSR",0
"LEAD-11658","Hafiz Subramaniam #1658","+60140001659","Shah Alam Vista",5346,1002,21.5,"Tier 2: Qualified Bank Loan",357722
"LEAD-11661","Ahmad Goh #1661","+60170001662","Bangsar South Suites",5457,1059,22.3,"Tier 2: Qualified Bank Loan",357911
"LEAD-11664","Tan Hariz #1664","+60120001665","Shah Alam Vista",5568,1116,23,"Tier 2: Qualified Bank Loan",358099
"LEAD-11667","Farhan Wei Lun #1667","+60150001668","Bangsar South Suites",5679,1173,23.7,"Tier 2: Qualified Bank Loan",358288
"LEAD-11670","Jason Ibrahim #1670","+60180001671","Shah Alam Vista",5790,1230,24.4,"Tier 2: Qualified Bank Loan",358476
"LEAD-11673","Amir Chen #1673","+60130001674","Bangsar South Suites",5901,1287,25.1,"Tier 2: Qualified Bank Loan",358664
"LEAD-11676","Devi Nordin #1676","+60160001677","Shah Alam Vista",6012,1344,25.7,"Tier 2: Qualified Bank Loan",358853
"LEAD-11679","Grace Osman #1679","+60190001680","Bangsar South Suites",6123,1401,26.3,"Tier 2: Qualified Bank Loan",359041
"LEAD-11682","Nurul Aini #1682","+60140001683","Shah Alam Vista",6234,1458,26.9,"Tier 2: Qualified Bank Loan",359230
"LEAD-11685","Santhi Razif #1685","+60170001686","Bangsar South Suites",6345,1515,27.4,"Tier 2: Qualified Bank Loan",359418
"LEAD-11688","Sarah Lee #1688","+60120001689","Shah Alam Vista",6456,1572,28,"Tier 2: Qualified Bank Loan",359606
"LEAD-11691","Siti Zulkifli #1691","+60150001692","Bangsar South Suites",6567,1629,28.5,"Tier 1: Pre-Approved LPPSA/Bank",359795
"LEAD-11694","Syed Rosli #1694","+60180001695","Shah Alam Vista",6678,1686,29,"Tier 1: Pre-Approved LPPSA/Bank",359983
"LEAD-11697","Azman Kumar #1697","+60130001698","Bangsar South Suites",6789,1743,29.5,"Tier 1: Pre-Approved LPPSA/Bank",360172
"LEAD-11700","Muhammad Faizal #1700","+60160001701","Shah Alam Vista",6900,1800,30,"Tier 1: Pre-Approved LPPSA/Bank",360360
"LEAD-11703","Wong Hassan #1703","+60190001704","Bangsar South Suites",7011,1857,30.4,"Tier 1: Pre-Approved LPPSA/Bank",360548
"LEAD-11706","Mohd Subramaniam #1706","+60140001707","Shah Alam Vista",7122,1914,30.9,"Tier 1: Pre-Approved LPPSA/Bank",360737
"LEAD-11709","Kevin Goh #1709","+60170001710","Bangsar South Suites",7233,1971,31.3,"Tier 1: Pre-Approved LPPSA/Bank",360925
"LEAD-11712","Razif Hariz #1712","+60120001713","Shah Alam Vista",7344,2028,31.7,"Tier 1: Pre-Approved LPPSA/Bank",361114
"LEAD-11715","Chong Wei Lun #1715","+60150001716","Bangsar South Suites",7455,2085,32.1,"Tier 1: Pre-Approved LPPSA/Bank",361302
"LEAD-11718","Hafiz Ibrahim #1718","+60180001719","Shah Alam Vista",7566,2142,32.5,"Tier 1: Pre-Approved LPPSA/Bank",361490
"LEAD-11721","Ahmad Chen #1721","+60130001722","Bangsar South Suites",7677,2199,32.9,"Tier 1: Pre-Approved LPPSA/Bank",361679
"LEAD-11724","Tan Nordin #1724","+60160001725","Shah Alam Vista",7788,2256,33.3,"Tier 1: Pre-Approved LPPSA/Bank",361867
"LEAD-11727","Farhan Osman #1727","+60190001728","Bangsar South Suites",7899,2313,33.7,"Tier 1: Pre-Approved LPPSA/Bank",362056
"LEAD-11730","Jason Aini #1730","+60140001731","Shah Alam Vista",8010,2370,34,"Tier 1: Pre-Approved LPPSA/Bank",362244
"LEAD-11733","Amir Razif #1733","+60170001734","Bangsar South Suites",8121,2427,34.4,"Tier 1: Pre-Approved LPPSA/Bank",362432
"LEAD-11736","Devi Lee #1736","+60120001737","Shah Alam Vista",8232,2484,34.7,"Tier 1: Pre-Approved LPPSA/Bank",362621
"LEAD-11739","Grace Zulkifli #1739","+60150001740","Bangsar South Suites",8343,2541,35,"Tier 1: Pre-Approved LPPSA/Bank",362809
"LEAD-11742","Nurul Rosli #1742","+60180001743","Shah Alam Vista",8454,2598,35.3,"Tier 1: Pre-Approved LPPSA/Bank",362998
"LEAD-11745","Santhi Kumar #1745","+60130001746","Bangsar South Suites",8565,2655,35.6,"Tier 1: Pre-Approved LPPSA/Bank",363186
"LEAD-11748","Sarah Faizal #1748","+60160001749","Shah Alam Vista",8676,2712,35.9,"Tier 1: Pre-Approved LPPSA/Bank",363374
"LEAD-11751","Siti Hassan #1751","+60190001752","Bangsar South Suites",8787,2769,36.2,"Tier 1: Pre-Approved LPPSA/Bank",363563
"LEAD-11754","Syed Subramaniam #1754","+60140001755","Shah Alam Vista",8898,2826,36.5,"Tier 1: Pre-Approved LPPSA/Bank",363751
"LEAD-11757","Azman Goh #1757","+60170001758","Bangsar South Suites",9009,2883,36.8,"Tier 1: Pre-Approved LPPSA/Bank",363940
"LEAD-11760","Muhammad Hariz #1760","+60120001761","Shah Alam Vista",9120,2940,37.1,"Tier 1: Pre-Approved LPPSA/Bank",364128
"LEAD-11763","Wong Wei Lun #1763","+60150001764","Bangsar South Suites",9231,2997,37.3,"Tier 1: Pre-Approved LPPSA/Bank",364316
"LEAD-11766","Mohd Ibrahim #1766","+60180001767","Shah Alam Vista",9342,3054,37.6,"Tier 1: Pre-Approved LPPSA/Bank",364505
"LEAD-11769","Kevin Chen #1769","+60130001770","Bangsar South Suites",9453,3111,37.8,"Tier 1: Pre-Approved LPPSA/Bank",364693
"LEAD-11772","Razif Nordin #1772","+60160001773","Shah Alam Vista",9564,3168,38.1,"Tier 1: Pre-Approved LPPSA/Bank",364882
"LEAD-11775","Chong Osman #1775","+60190001776","Bangsar South Suites",9675,3225,38.3,"Tier 1: Pre-Approved LPPSA/Bank",365070
"LEAD-11778","Hafiz Aini #1778","+60140001779","Shah Alam Vista",9786,3282,38.5,"Tier 1: Pre-Approved LPPSA/Bank",365258
"LEAD-11781","Ahmad Razif #1781","+60170001782","Bangsar South Suites",9897,3339,38.8,"Tier 1: Pre-Approved LPPSA/Bank",365447
"LEAD-11784","Tan Lee #1784","+60120001785","Shah Alam Vista",10008,3396,39,"Tier 1: Pre-Approved LPPSA/Bank",365635
"LEAD-11787","Farhan Zulkifli #1787","+60150001788","Bangsar South Suites",10119,3453,39.2,"Tier 1: Pre-Approved LPPSA/Bank",365824
"LEAD-11790","Jason Rosli #1790","+60180001791","Shah Alam Vista",10230,3510,39.4,"Tier 1: Pre-Approved LPPSA/Bank",366012
"LEAD-11793","Amir Kumar #1793","+60130001794","Bangsar South Suites",10341,3567,39.6,"Tier 1: Pre-Approved LPPSA/Bank",366200
"LEAD-11796","Devi Faizal #1796","+60160001797","Shah Alam Vista",10452,3624,39.9,"Tier 1: Pre-Approved LPPSA/Bank",366389
"LEAD-11799","Grace Hassan #1799","+60190001800","Bangsar South Suites",10563,3681,40.1,"Tier 1: Pre-Approved LPPSA/Bank",366577
"LEAD-11802","Nurul Subramaniam #1802","+60140001803","Shah Alam Vista",10674,3738,40.3,"Tier 1: Pre-Approved LPPSA/Bank",366766
"LEAD-11805","Santhi Goh #1805","+60170001806","Bangsar South Suites",10785,3795,40.4,"Tier 1: Pre-Approved LPPSA/Bank",366954
"LEAD-11808","Sarah Hariz #1808","+60120001809","Shah Alam Vista",10896,3852,40.6,"Tier 1: Pre-Approved LPPSA/Bank",367142
"LEAD-11811","Siti Wei Lun #1811","+60150001812","Bangsar South Suites",11007,3909,40.8,"Tier 1: Pre-Approved LPPSA/Bank",367331
"LEAD-11814","Syed Ibrahim #1814","+60180001815","Shah Alam Vista",11118,3966,41,"Tier 1: Pre-Approved LPPSA/Bank",367519
"LEAD-11817","Azman Chen #1817","+60130001818","Bangsar South Suites",11229,4023,41.2,"Tier 1: Pre-Approved LPPSA/Bank",367708
"LEAD-11820","Muhammad Nordin #1820","+60160001821","Shah Alam Vista",11340,4080,41.4,"Tier 1: Pre-Approved LPPSA/Bank",367896
"LEAD-11823","Wong Osman #1823","+60190001824","Bangsar South Suites",11451,4137,41.5,"Tier 1: Pre-Approved LPPSA/Bank",368084
"LEAD-11826","Mohd Aini #1826","+60140001827","Shah Alam Vista",11562,4194,41.7,"Tier 1: Pre-Approved LPPSA/Bank",368273
"LEAD-11829","Kevin Razif #1829","+60170001830","Bangsar South Suites",11673,4251,41.9,"Tier 1: Pre-Approved LPPSA/Bank",368461
"LEAD-11832","Razif Lee #1832","+60120001833","Shah Alam Vista",11784,4308,42,"Tier 1: Pre-Approved LPPSA/Bank",368650
"LEAD-11835","Chong Zulkifli #1835","+60150001836","Bangsar South Suites",11895,4365,42.2,"Tier 1: Pre-Approved LPPSA/Bank",368838
"LEAD-11838","Hafiz Rosli #1838","+60180001839","Shah Alam Vista",3506,4422,145,"Tier 4: High Risk DSR",0
"LEAD-11841","Ahmad Kumar #1841","+60130001842","Bangsar South Suites",3617,4479,142.3,"Tier 4: High Risk DSR",0
"LEAD-11844","Tan Faizal #1844","+60160001845","Shah Alam Vista",3728,1036,31.9,"Tier 3: Joint Loan Needed",182003
"LEAD-11847","Farhan Hassan #1847","+60190001848","Bangsar South Suites",3839,1093,32.7,"Tier 3: Joint Loan Needed",182192
"LEAD-11850","Jason Subramaniam #1850","+60140001851","Shah Alam Vista",3950,1150,33.5,"Tier 3: Joint Loan Needed",182380
"LEAD-11853","Amir Goh #1853","+60170001854","Bangsar South Suites",4061,1207,34.2,"Tier 3: Joint Loan Needed",182568
"LEAD-11856","Devi Hariz #1856","+60120001857","Shah Alam Vista",4172,1264,34.8,"Tier 3: Joint Loan Needed",182757
"LEAD-11859","Grace Wei Lun #1859","+60150001860","Bangsar South Suites",4283,1321,35.5,"Tier 3: Joint Loan Needed",182945
"LEAD-11862","Nurul Ibrahim #1862","+60180001863","Shah Alam Vista",4394,1378,36,"Tier 3: Joint Loan Needed",183134
"LEAD-11865","Santhi Chen #1865","+60130001866","Bangsar South Suites",4505,1435,36.6,"Tier 2: Qualified Bank Loan",183322
"LEAD-11868","Sarah Nordin #1868","+60160001869","Shah Alam Vista",4616,1492,37.2,"Tier 2: Qualified Bank Loan",183510
"LEAD-11871","Siti Osman #1871","+60190001872","Bangsar South Suites",4727,1549,37.7,"Tier 2: Qualified Bank Loan",183699
"LEAD-11874","Syed Aini #1874","+60140001875","Shah Alam Vista",4838,1606,38.2,"Tier 2: Qualified Bank Loan",183887
"LEAD-11877","Azman Razif #1877","+60170001878","Bangsar South Suites",4949,1663,38.6,"Tier 2: Qualified Bank Loan",184076
"LEAD-11880","Muhammad Lee #1880","+60120001881","Shah Alam Vista",5060,1720,39.1,"Tier 2: Qualified Bank Loan",184264
"LEAD-11883","Wong Zulkifli #1883","+60150001884","Bangsar South Suites",5171,1777,39.5,"Tier 2: Qualified Bank Loan",184452
"LEAD-11886","Mohd Rosli #1886","+60180001887","Shah Alam Vista",5282,1834,39.9,"Tier 2: Qualified Bank Loan",184641
"LEAD-11889","Kevin Kumar #1889","+60130001890","Bangsar South Suites",5393,1891,40.3,"Tier 2: Qualified Bank Loan",184829
"LEAD-11892","Razif Faizal #1892","+60160001893","Shah Alam Vista",5504,1948,40.7,"Tier 2: Qualified Bank Loan",185018
"LEAD-11895","Chong Hassan #1895","+60190001896","Bangsar South Suites",5615,2005,41,"Tier 2: Qualified Bank Loan",185206
"LEAD-11898","Hafiz Subramaniam #1898","+60140001899","Shah Alam Vista",5726,2062,41.4,"Tier 2: Qualified Bank Loan",185394
"LEAD-11901","Ahmad Goh #1901","+60170001902","Bangsar South Suites",5837,2119,41.7,"Tier 2: Qualified Bank Loan",185583
"LEAD-11904","Tan Hariz #1904","+60120001905","Shah Alam Vista",5948,2176,42.1,"Tier 2: Qualified Bank Loan",185771
"LEAD-11907","Farhan Wei Lun #1907","+60150001908","Bangsar South Suites",6059,2233,42.4,"Tier 2: Qualified Bank Loan",185960
"LEAD-11910","Jason Ibrahim #1910","+60180001911","Shah Alam Vista",6170,2290,42.7,"Tier 2: Qualified Bank Loan",186148
"LEAD-11913","Amir Chen #1913","+60130001914","Bangsar South Suites",6281,2347,43,"Tier 2: Qualified Bank Loan",186336
"LEAD-11916","Devi Nordin #1916","+60160001917","Shah Alam Vista",6392,2404,43.2,"Tier 2: Qualified Bank Loan",186525
"LEAD-11919","Grace Osman #1919","+60190001920","Bangsar South Suites",6503,2461,43.5,"Tier 1: Pre-Approved LPPSA/Bank",186713
"LEAD-11922","Nurul Aini #1922","+60140001923","Shah Alam Vista",6614,2518,43.8,"Tier 1: Pre-Approved LPPSA/Bank",186902
"LEAD-11925","Santhi Razif #1925","+60170001926","Bangsar South Suites",6725,2575,44,"Tier 1: Pre-Approved LPPSA/Bank",187090
"LEAD-11928","Sarah Lee #1928","+60120001929","Shah Alam Vista",6836,2632,44.3,"Tier 1: Pre-Approved LPPSA/Bank",187278
"LEAD-11931","Siti Zulkifli #1931","+60150001932","Bangsar South Suites",6947,2689,44.5,"Tier 1: Pre-Approved LPPSA/Bank",187467
"LEAD-11934","Syed Rosli #1934","+60180001935","Shah Alam Vista",7058,2746,44.7,"Tier 1: Pre-Approved LPPSA/Bank",187655
"LEAD-11937","Azman Kumar #1937","+60130001938","Bangsar South Suites",7169,2803,44.9,"Tier 1: Pre-Approved LPPSA/Bank",187844
"LEAD-11940","Muhammad Faizal #1940","+60160001941","Shah Alam Vista",7280,2860,45.2,"Tier 2: Qualified Bank Loan",188032
"LEAD-11943","Wong Hassan #1943","+60190001944","Bangsar South Suites",7391,2917,45.4,"Tier 2: Qualified Bank Loan",188220
"LEAD-11946","Mohd Subramaniam #1946","+60140001947","Shah Alam Vista",7502,2974,45.6,"Tier 2: Qualified Bank Loan",188409
"LEAD-11949","Kevin Goh #1949","+60170001950","Bangsar South Suites",7613,3031,45.8,"Tier 2: Qualified Bank Loan",188597
"LEAD-11952","Razif Hariz #1952","+60120001953","Shah Alam Vista",7724,3088,46,"Tier 2: Qualified Bank Loan",188786
"LEAD-11955","Chong Wei Lun #1955","+60150001956","Bangsar South Suites",7835,3145,46.1,"Tier 2: Qualified Bank Loan",188974
"LEAD-11958","Hafiz Ibrahim #1958","+60180001959","Shah Alam Vista",7946,3202,46.3,"Tier 2: Qualified Bank Loan",189162
"LEAD-11961","Ahmad Chen #1961","+60130001962","Bangsar South Suites",8057,3259,46.5,"Tier 2: Qualified Bank Loan",189351
"LEAD-11964","Tan Nordin #1964","+60160001965","Shah Alam Vista",8168,3316,46.7,"Tier 2: Qualified Bank Loan",189539
"LEAD-11967","Farhan Osman #1967","+60190001968","Bangsar South Suites",8279,3373,46.8,"Tier 2: Qualified Bank Loan",189728
"LEAD-11970","Jason Aini #1970","+60140001971","Shah Alam Vista",8390,3430,47,"Tier 2: Qualified Bank Loan",189916
"LEAD-11973","Amir Razif #1973","+60170001974","Bangsar South Suites",8501,3487,47.1,"Tier 2: Qualified Bank Loan",190104
"LEAD-11976","Devi Lee #1976","+60120001977","Shah Alam Vista",8612,3544,47.3,"Tier 2: Qualified Bank Loan",190293
"LEAD-11979","Grace Zulkifli #1979","+60150001980","Bangsar South Suites",8723,3601,47.5,"Tier 2: Qualified Bank Loan",190481
"LEAD-11982","Nurul Rosli #1982","+60180001983","Shah Alam Vista",8834,3658,47.6,"Tier 2: Qualified Bank Loan",190670
"LEAD-11985","Santhi Kumar #1985","+60130001986","Bangsar South Suites",8945,3715,47.7,"Tier 2: Qualified Bank Loan",190858
"LEAD-11988","Sarah Faizal #1988","+60160001989","Shah Alam Vista",9056,3772,47.9,"Tier 2: Qualified Bank Loan",191046
"LEAD-11991","Siti Hassan #1991","+60190001992","Bangsar South Suites",9167,3829,48,"Tier 2: Qualified Bank Loan",191235
"LEAD-11994","Syed Subramaniam #1994","+60140001995","Shah Alam Vista",9278,3886,48.1,"Tier 2: Qualified Bank Loan",191423
"LEAD-11997","Azman Goh #1997","+60170001998","Bangsar South Suites",9389,3943,48.3,"Tier 2: Qualified Bank Loan",191612
"LEAD-12000","Muhammad Hariz #2000","+60120002001","Shah Alam Vista",9500,4000,48.4,"Tier 2: Qualified Bank Loan",191800
"LEAD-12003","Wong Wei Lun #2003","+60150002004","Bangsar South Suites",9611,4057,48.5,"Tier 2: Qualified Bank Loan",191988
"LEAD-12006","Mohd Ibrahim #2006","+60180002007","Shah Alam Vista",9722,4114,48.6,"Tier 2: Qualified Bank Loan",192177
"LEAD-12009","Kevin Chen #2009","+60130002010","Bangsar South Suites",9833,4171,48.8,"Tier 2: Qualified Bank Loan",192365
"LEAD-12012","Razif Nordin #2012","+60160002013","Shah Alam Vista",9944,4228,48.9,"Tier 2: Qualified Bank Loan",192554
"LEAD-12015","Chong Osman #2015","+60190002016","Bangsar South Suites",10055,4285,49,"Tier 2: Qualified Bank Loan",192742
"LEAD-12018","Hafiz Aini #2018","+60140002019","Shah Alam Vista",10166,4342,49.1,"Tier 2: Qualified Bank Loan",192930
"LEAD-12021","Ahmad Razif #2021","+60170002022","Bangsar South Suites",10277,4399,49.2,"Tier 2: Qualified Bank Loan",193119
"LEAD-12024","Tan Lee #2024","+60120002025","Shah Alam Vista",10388,4456,49.3,"Tier 2: Qualified Bank Loan",193307
"LEAD-12027","Farhan Zulkifli #2027","+60150002028","Bangsar South Suites",10499,1013,11.1,"Tier 1: Pre-Approved LPPSA/Bank",893496
"LEAD-12030","Jason Rosli #2030","+60180002031","Shah Alam Vista",10610,1070,11.6,"Tier 1: Pre-Approved LPPSA/Bank",893684
"LEAD-12033","Amir Kumar #2033","+60130002034","Bangsar South Suites",10721,1127,12.1,"Tier 1: Pre-Approved LPPSA/Bank",893872
"LEAD-12036","Devi Faizal #2036","+60160002037","Shah Alam Vista",10832,1184,12.6,"Tier 1: Pre-Approved LPPSA/Bank",894061
"LEAD-12039","Grace Hassan #2039","+60190002040","Bangsar South Suites",10943,1241,13,"Tier 1: Pre-Approved LPPSA/Bank",894249
"LEAD-12042","Nurul Subramaniam #2042","+60140002043","Shah Alam Vista",11054,1298,13.5,"Tier 1: Pre-Approved LPPSA/Bank",894438
"LEAD-12045","Santhi Goh #2045","+60170002046","Bangsar South Suites",11165,1355,13.9,"Tier 1: Pre-Approved LPPSA/Bank",894626
"LEAD-12048","Sarah Hariz #2048","+60120002049","Shah Alam Vista",11276,1412,14.4,"Tier 1: Pre-Approved LPPSA/Bank",894814
"LEAD-12051","Siti Wei Lun #2051","+60150002052","Bangsar South Suites",11387,1469,14.8,"Tier 1: Pre-Approved LPPSA/Bank",895003
"LEAD-12054","Syed Ibrahim #2054","+60180002055","Shah Alam Vista",11498,1526,15.3,"Tier 1: Pre-Approved LPPSA/Bank",895191
"LEAD-12057","Azman Chen #2057","+60130002058","Bangsar South Suites",11609,1583,15.7,"Tier 1: Pre-Approved LPPSA/Bank",895380
"LEAD-12060","Muhammad Nordin #2060","+60160002061","Shah Alam Vista",11720,1640,16.1,"Tier 1: Pre-Approved LPPSA/Bank",895568
"LEAD-12063","Wong Osman #2063","+60190002064","Bangsar South Suites",11831,1697,16.5,"Tier 1: Pre-Approved LPPSA/Bank",895756
"LEAD-12066","Mohd Aini #2066","+60140002067","Shah Alam Vista",11942,1754,16.9,"Tier 1: Pre-Approved LPPSA/Bank",895945
"LEAD-12069","Kevin Razif #2069","+60170002070","Bangsar South Suites",3553,1811,58.6,"Tier 3: Joint Loan Needed",8733
"LEAD-12072","Razif Lee #2072","+60120002073","Shah Alam Vista",3664,1868,58.6,"Tier 3: Joint Loan Needed",8922
"LEAD-12075","Chong Zulkifli #2075","+60150002076","Bangsar South Suites",3775,1925,58.6,"Tier 3: Joint Loan Needed",9110
"LEAD-12078","Hafiz Rosli #2078","+60180002079","Shah Alam Vista",3886,1982,58.6,"Tier 3: Joint Loan Needed",9298
"LEAD-12081","Ahmad Kumar #2081","+60130002082","Bangsar South Suites",3997,2039,58.6,"Tier 3: Joint Loan Needed",9487
"LEAD-12084","Tan Faizal #2084","+60160002085","Shah Alam Vista",4108,2096,58.6,"Tier 3: Joint Loan Needed",9675
"LEAD-12087","Farhan Hassan #2087","+60190002088","Bangsar South Suites",4219,2153,58.7,"Tier 3: Joint Loan Needed",9864
"LEAD-12090","Jason Subramaniam #2090","+60140002091","Shah Alam Vista",4330,2210,58.7,"Tier 3: Joint Loan Needed",10052
"LEAD-12093","Amir Goh #2093","+60170002094","Bangsar South Suites",4441,2267,58.7,"Tier 3: Joint Loan Needed",10240
"LEAD-12096","Devi Hariz #2096","+60120002097","Shah Alam Vista",4552,2324,58.7,"Tier 2: Qualified Bank Loan",10429
"LEAD-12099","Grace Wei Lun #2099","+60150002100","Bangsar South Suites",4663,2381,58.7,"Tier 2: Qualified Bank Loan",10617
"LEAD-12102","Nurul Ibrahim #2102","+60180002103","Shah Alam Vista",4774,2438,58.7,"Tier 2: Qualified Bank Loan",10806
"LEAD-12105","Santhi Chen #2105","+60130002106","Bangsar South Suites",4885,2495,58.7,"Tier 2: Qualified Bank Loan",10994
"LEAD-12108","Sarah Nordin #2108","+60160002109","Shah Alam Vista",4996,2552,58.7,"Tier 2: Qualified Bank Loan",11182
"LEAD-12111","Siti Osman #2111","+60190002112","Bangsar South Suites",5107,2609,58.7,"Tier 2: Qualified Bank Loan",11371
"LEAD-12114","Syed Aini #2114","+60140002115","Shah Alam Vista",5218,2666,58.7,"Tier 2: Qualified Bank Loan",11559
"LEAD-12117","Azman Razif #2117","+60170002118","Bangsar South Suites",5329,2723,58.7,"Tier 2: Qualified Bank Loan",11748
"LEAD-12120","Muhammad Lee #2120","+60120002121","Shah Alam Vista",5440,2780,58.7,"Tier 2: Qualified Bank Loan",11936
"LEAD-12123","Wong Zulkifli #2123","+60150002124","Bangsar South Suites",5551,2837,58.7,"Tier 2: Qualified Bank Loan",12124
"LEAD-12126","Mohd Rosli #2126","+60180002127","Shah Alam Vista",5662,2894,58.8,"Tier 2: Qualified Bank Loan",12313
"LEAD-12129","Kevin Kumar #2129","+60130002130","Bangsar South Suites",5773,2951,58.8,"Tier 2: Qualified Bank Loan",12501
"LEAD-12132","Razif Faizal #2132","+60160002133","Shah Alam Vista",5884,3008,58.8,"Tier 2: Qualified Bank Loan",12690
"LEAD-12135","Chong Hassan #2135","+60190002136","Bangsar South Suites",5995,3065,58.8,"Tier 2: Qualified Bank Loan",12878
"LEAD-12138","Hafiz Subramaniam #2138","+60140002139","Shah Alam Vista",6106,3122,58.8,"Tier 2: Qualified Bank Loan",13066
"LEAD-12141","Ahmad Goh #2141","+60170002142","Bangsar South Suites",6217,3179,58.8,"Tier 2: Qualified Bank Loan",13255
"LEAD-12144","Tan Hariz #2144","+60120002145","Shah Alam Vista",6328,3236,58.8,"Tier 2: Qualified Bank Loan",13443
"LEAD-12147","Farhan Wei Lun #2147","+60150002148","Bangsar South Suites",6439,3293,58.8,"Tier 2: Qualified Bank Loan",13632
"LEAD-12150","Jason Ibrahim #2150","+60180002151","Shah Alam Vista",6550,3350,58.8,"Tier 2: Qualified Bank Loan",13820
"LEAD-12153","Amir Chen #2153","+60130002154","Bangsar South Suites",6661,3407,58.8,"Tier 2: Qualified Bank Loan",14008
"LEAD-12156","Devi Nordin #2156","+60160002157","Shah Alam Vista",6772,3464,58.8,"Tier 2: Qualified Bank Loan",14197
"LEAD-12159","Grace Osman #2159","+60190002160","Bangsar South Suites",6883,3521,58.8,"Tier 2: Qualified Bank Loan",14385
"LEAD-12162","Nurul Aini #2162","+60140002163","Shah Alam Vista",6994,3578,58.8,"Tier 2: Qualified Bank Loan",14574
"LEAD-12165","Santhi Razif #2165","+60170002166","Bangsar South Suites",7105,3635,58.8,"Tier 2: Qualified Bank Loan",14762
"LEAD-12168","Sarah Lee #2168","+60120002169","Shah Alam Vista",7216,3692,58.8,"Tier 2: Qualified Bank Loan",14950
"LEAD-12171","Siti Zulkifli #2171","+60150002172","Bangsar South Suites",7327,3749,58.8,"Tier 2: Qualified Bank Loan",15139
"LEAD-12174","Syed Rosli #2174","+60180002175","Shah Alam Vista",7438,3806,58.8,"Tier 2: Qualified Bank Loan",15327
"LEAD-12177","Azman Kumar #2177","+60130002178","Bangsar South Suites",7549,3863,58.8,"Tier 2: Qualified Bank Loan",15516
"LEAD-12180","Muhammad Faizal #2180","+60160002181","Shah Alam Vista",7660,3920,58.8,"Tier 2: Qualified Bank Loan",15704
"LEAD-12183","Wong Hassan #2183","+60190002184","Bangsar South Suites",7771,3977,58.8,"Tier 2: Qualified Bank Loan",15892
"LEAD-12186","Mohd Subramaniam #2186","+60140002187","Shah Alam Vista",7882,4034,58.8,"Tier 2: Qualified Bank Loan",16081
"LEAD-12189","Kevin Goh #2189","+60170002190","Bangsar South Suites",7993,4091,58.8,"Tier 2: Qualified Bank Loan",16269
"LEAD-12192","Razif Hariz #2192","+60120002193","Shah Alam Vista",8104,4148,58.8,"Tier 2: Qualified Bank Loan",16458
"LEAD-12195","Chong Wei Lun #2195","+60150002196","Bangsar South Suites",8215,4205,58.8,"Tier 2: Qualified Bank Loan",16646
"LEAD-12198","Hafiz Ibrahim #2198","+60180002199","Shah Alam Vista",8326,4262,58.8,"Tier 2: Qualified Bank Loan",16834
"LEAD-12201","Ahmad Chen #2201","+60130002202","Bangsar South Suites",8437,4319,58.8,"Tier 2: Qualified Bank Loan",17023
"LEAD-12204","Tan Nordin #2204","+60160002205","Shah Alam Vista",8548,4376,58.8,"Tier 2: Qualified Bank Loan",17211
"LEAD-12207","Farhan Osman #2207","+60190002208","Bangsar South Suites",8659,4433,58.8,"Tier 2: Qualified Bank Loan",17400
"LEAD-12210","Jason Aini #2210","+60140002211","Shah Alam Vista",8770,4490,58.8,"Tier 2: Qualified Bank Loan",17588
"LEAD-12213","Amir Razif #2213","+60170002214","Bangsar South Suites",8881,1047,13.6,"Tier 1: Pre-Approved LPPSA/Bank",717776
"LEAD-12216","Devi Lee #2216","+60120002217","Shah Alam Vista",8992,1104,14.1,"Tier 1: Pre-Approved LPPSA/Bank",717965
"LEAD-12219","Grace Zulkifli #2219","+60150002220","Bangsar South Suites",9103,1161,14.7,"Tier 1: Pre-Approved LPPSA/Bank",718153
"LEAD-12222","Nurul Rosli #2222","+60180002223","Shah Alam Vista",9214,1218,15.2,"Tier 1: Pre-Approved LPPSA/Bank",718342
"LEAD-12225","Santhi Kumar #2225","+60130002226","Bangsar South Suites",9325,1275,15.7,"Tier 1: Pre-Approved LPPSA/Bank",718530
"LEAD-12228","Sarah Faizal #2228","+60160002229","Shah Alam Vista",9436,1332,16.2,"Tier 1: Pre-Approved LPPSA/Bank",718718
"LEAD-12231","Siti Hassan #2231","+60190002232","Bangsar South Suites",9547,1389,16.7,"Tier 1: Pre-Approved LPPSA/Bank",718907
"LEAD-12234","Syed Subramaniam #2234","+60140002235","Shah Alam Vista",9658,1446,17.2,"Tier 1: Pre-Approved LPPSA/Bank",719095
"LEAD-12237","Azman Goh #2237","+60170002238","Bangsar South Suites",9769,1503,17.7,"Tier 1: Pre-Approved LPPSA/Bank",719284
"LEAD-12240","Muhammad Hariz #2240","+60120002241","Shah Alam Vista",9880,1560,18.1,"Tier 1: Pre-Approved LPPSA/Bank",719472
"LEAD-12243","Wong Wei Lun #2243","+60150002244","Bangsar South Suites",9991,1617,18.6,"Tier 1: Pre-Approved LPPSA/Bank",719660
"LEAD-12246","Mohd Ibrahim #2246","+60180002247","Shah Alam Vista",10102,1674,19,"Tier 1: Pre-Approved LPPSA/Bank",719849
"LEAD-12249","Kevin Chen #2249","+60130002250","Bangsar South Suites",10213,1731,19.5,"Tier 1: Pre-Approved LPPSA/Bank",720037
"LEAD-12252","Razif Nordin #2252","+60160002253","Shah Alam Vista",10324,1788,19.9,"Tier 1: Pre-Approved LPPSA/Bank",720226
"LEAD-12255","Chong Osman #2255","+60190002256","Bangsar South Suites",10435,1845,20.3,"Tier 1: Pre-Approved LPPSA/Bank",720414
"LEAD-12258","Hafiz Aini #2258","+60140002259","Shah Alam Vista",10546,1902,20.7,"Tier 1: Pre-Approved LPPSA/Bank",720602
"LEAD-12261","Ahmad Razif #2261","+60170002262","Bangsar South Suites",10657,1959,21.1,"Tier 1: Pre-Approved LPPSA/Bank",720791
"LEAD-12264","Tan Lee #2264","+60120002265","Shah Alam Vista",10768,2016,21.5,"Tier 1: Pre-Approved LPPSA/Bank",720979
"LEAD-12267","Farhan Zulkifli #2267","+60150002268","Bangsar South Suites",10879,2073,21.9,"Tier 1: Pre-Approved LPPSA/Bank",721168
"LEAD-12270","Jason Rosli #2270","+60180002271","Shah Alam Vista",10990,2130,22.3,"Tier 1: Pre-Approved LPPSA/Bank",721356
"LEAD-12273","Amir Kumar #2273","+60130002274","Bangsar South Suites",11101,2187,22.6,"Tier 1: Pre-Approved LPPSA/Bank",721544
"LEAD-12276","Devi Faizal #2276","+60160002277","Shah Alam Vista",11212,2244,23,"Tier 1: Pre-Approved LPPSA/Bank",721733
"LEAD-12279","Grace Hassan #2279","+60190002280","Bangsar South Suites",11323,2301,23.4,"Tier 1: Pre-Approved LPPSA/Bank",721921
"LEAD-12282","Nurul Subramaniam #2282","+60140002283","Shah Alam Vista",11434,2358,23.7,"Tier 1: Pre-Approved LPPSA/Bank",722110
"LEAD-12285","Santhi Goh #2285","+60170002286","Bangsar South Suites",11545,2415,24,"Tier 1: Pre-Approved LPPSA/Bank",722298
"LEAD-12288","Sarah Hariz #2288","+60120002289","Shah Alam Vista",11656,2472,24.4,"Tier 1: Pre-Approved LPPSA/Bank",722486
"LEAD-12291","Siti Wei Lun #2291","+60150002292","Bangsar South Suites",11767,2529,24.7,"Tier 1: Pre-Approved LPPSA/Bank",722675
"LEAD-12294","Syed Ibrahim #2294","+60180002295","Shah Alam Vista",11878,2586,25,"Tier 1: Pre-Approved LPPSA/Bank",722863
"LEAD-12297","Azman Chen #2297","+60130002298","Bangsar South Suites",11989,2643,25.3,"Tier 1: Pre-Approved LPPSA/Bank",723052
"LEAD-12300","Muhammad Nordin #2300","+60160002301","Shah Alam Vista",3600,2700,86.2,"Tier 4: High Risk DSR",0
"LEAD-12303","Wong Osman #2303","+60190002304","Bangsar South Suites",3711,2757,85.4,"Tier 4: High Risk DSR",0
"LEAD-12306","Mohd Aini #2306","+60140002307","Shah Alam Vista",3822,2814,84.6,"Tier 4: High Risk DSR",0
"LEAD-12309","Kevin Razif #2309","+60170002310","Bangsar South Suites",3933,2871,83.9,"Tier 4: High Risk DSR",0
"LEAD-12312","Razif Lee #2312","+60120002313","Shah Alam Vista",4044,2928,83.2,"Tier 4: High Risk DSR",0
"LEAD-12315","Chong Zulkifli #2315","+60150002316","Bangsar South Suites",4155,2985,82.6,"Tier 4: High Risk DSR",0
"LEAD-12318","Hafiz Rosli #2318","+60180002319","Shah Alam Vista",4266,3042,82,"Tier 4: High Risk DSR",0
"LEAD-12321","Ahmad Kumar #2321","+60130002322","Bangsar South Suites",4377,3099,81.4,"Tier 4: High Risk DSR",0
"LEAD-12324","Tan Faizal #2324","+60160002325","Shah Alam Vista",4488,3156,80.8,"Tier 4: High Risk DSR",0
"LEAD-12327","Farhan Hassan #2327","+60190002328","Bangsar South Suites",4599,3213,80.3,"Tier 4: High Risk DSR",0
"LEAD-12330","Jason Subramaniam #2330","+60140002331","Shah Alam Vista",4710,3270,79.8,"Tier 4: High Risk DSR",0
"LEAD-12333","Amir Goh #2333","+60170002334","Bangsar South Suites",4821,3327,79.3,"Tier 4: High Risk DSR",0
"LEAD-12336","Devi Hariz #2336","+60120002337","Shah Alam Vista",4932,3384,78.9,"Tier 4: High Risk DSR",0
"LEAD-12339","Grace Wei Lun #2339","+60150002340","Bangsar South Suites",5043,3441,78.4,"Tier 4: High Risk DSR",0
"LEAD-12342","Nurul Ibrahim #2342","+60180002343","Shah Alam Vista",5154,3498,78,"Tier 4: High Risk DSR",0
"LEAD-12345","Santhi Chen #2345","+60130002346","Bangsar South Suites",5265,3555,77.6,"Tier 4: High Risk DSR",0
"LEAD-12348","Sarah Nordin #2348","+60160002349","Shah Alam Vista",5376,3612,77.2,"Tier 4: High Risk DSR",0
"LEAD-12351","Siti Osman #2351","+60190002352","Bangsar South Suites",5487,3669,76.9,"Tier 4: High Risk DSR",0
"LEAD-12354","Syed Aini #2354","+60140002355","Shah Alam Vista",5598,3726,76.5,"Tier 4: High Risk DSR",0
"LEAD-12357","Azman Razif #2357","+60170002358","Bangsar South Suites",5709,3783,76.2,"Tier 4: High Risk DSR",0
"LEAD-12360","Muhammad Lee #2360","+60120002361","Shah Alam Vista",5820,3840,75.8,"Tier 4: High Risk DSR",0
"LEAD-12363","Wong Zulkifli #2363","+60150002364","Bangsar South Suites",5931,3897,75.5,"Tier 4: High Risk DSR",0
"LEAD-12366","Mohd Rosli #2366","+60180002367","Shah Alam Vista",6042,3954,75.2,"Tier 4: High Risk DSR",0
"LEAD-12369","Kevin Kumar #2369","+60130002370","Bangsar South Suites",6153,4011,74.9,"Tier 3: Joint Loan Needed",0
"LEAD-12372","Razif Faizal #2372","+60160002373","Shah Alam Vista",6264,4068,74.6,"Tier 3: Joint Loan Needed",0
"LEAD-12375","Chong Hassan #2375","+60190002376","Bangsar South Suites",6375,4125,74.4,"Tier 3: Joint Loan Needed",0
"LEAD-12378","Hafiz Subramaniam #2378","+60140002379","Shah Alam Vista",6486,4182,74.1,"Tier 3: Joint Loan Needed",0
"LEAD-12381","Ahmad Goh #2381","+60170002382","Bangsar South Suites",6597,4239,73.9,"Tier 3: Joint Loan Needed",0
"LEAD-12384","Tan Hariz #2384","+60120002385","Shah Alam Vista",6708,4296,73.6,"Tier 3: Joint Loan Needed",0
"LEAD-12387","Farhan Wei Lun #2387","+60150002388","Bangsar South Suites",6819,4353,73.4,"Tier 3: Joint Loan Needed",0
"LEAD-12390","Jason Ibrahim #2390","+60180002391","Shah Alam Vista",6930,4410,73.1,"Tier 3: Joint Loan Needed",0
"LEAD-12393","Amir Chen #2393","+60130002394","Bangsar South Suites",7041,4467,72.9,"Tier 3: Joint Loan Needed",0
"LEAD-12396","Devi Nordin #2396","+60160002397","Shah Alam Vista",7152,1024,16.5,"Tier 1: Pre-Approved LPPSA/Bank",541869
"LEAD-12399","Grace Osman #2399","+60190002400","Bangsar South Suites",7263,1081,17.1,"Tier 1: Pre-Approved LPPSA/Bank",542057
"LEAD-12402","Nurul Aini #2402","+60140002403","Shah Alam Vista",7374,1138,17.7,"Tier 1: Pre-Approved LPPSA/Bank",542246
"LEAD-12405","Santhi Razif #2405","+60170002406","Bangsar South Suites",7485,1195,18.4,"Tier 1: Pre-Approved LPPSA/Bank",542434
"LEAD-12408","Sarah Lee #2408","+60120002409","Shah Alam Vista",7596,1252,18.9,"Tier 1: Pre-Approved LPPSA/Bank",542622
"LEAD-12411","Siti Zulkifli #2411","+60150002412","Bangsar South Suites",7707,1309,19.5,"Tier 1: Pre-Approved LPPSA/Bank",542811
"LEAD-12414","Syed Rosli #2414","+60180002415","Shah Alam Vista",7818,1366,20.1,"Tier 1: Pre-Approved LPPSA/Bank",542999
"LEAD-12417","Azman Kumar #2417","+60130002418","Bangsar South Suites",7929,1423,20.6,"Tier 1: Pre-Approved LPPSA/Bank",543188
"LEAD-12420","Muhammad Faizal #2420","+60160002421","Shah Alam Vista",8040,1480,21.2,"Tier 1: Pre-Approved LPPSA/Bank",543376
"LEAD-12423","Wong Hassan #2423","+60190002424","Bangsar South Suites",8151,1537,21.7,"Tier 1: Pre-Approved LPPSA/Bank",543564
"LEAD-12426","Mohd Subramaniam #2426","+60140002427","Shah Alam Vista",8262,1594,22.2,"Tier 1: Pre-Approved LPPSA/Bank",543753
"LEAD-12429","Kevin Goh #2429","+60170002430","Bangsar South Suites",8373,1651,22.7,"Tier 1: Pre-Approved LPPSA/Bank",543941
"LEAD-12432","Razif Hariz #2432","+60120002433","Shah Alam Vista",8484,1708,23.1,"Tier 1: Pre-Approved LPPSA/Bank",544130
"LEAD-12435","Chong Wei Lun #2435","+60150002436","Bangsar South Suites",8595,1765,23.6,"Tier 1: Pre-Approved LPPSA/Bank",544318
"LEAD-12438","Hafiz Ibrahim #2438","+60180002439","Shah Alam Vista",8706,1822,24.1,"Tier 1: Pre-Approved LPPSA/Bank",544506
"LEAD-12441","Ahmad Chen #2441","+60130002442","Bangsar South Suites",8817,1879,24.5,"Tier 1: Pre-Approved LPPSA/Bank",544695
"LEAD-12444","Tan Nordin #2444","+60160002445","Shah Alam Vista",8928,1936,24.9,"Tier 1: Pre-Approved LPPSA/Bank",544883
"LEAD-12447","Farhan Osman #2447","+60190002448","Bangsar South Suites",9039,1993,25.3,"Tier 1: Pre-Approved LPPSA/Bank",545072
"LEAD-12450","Jason Aini #2450","+60140002451","Shah Alam Vista",9150,2050,25.8,"Tier 1: Pre-Approved LPPSA/Bank",545260
"LEAD-12453","Amir Razif #2453","+60170002454","Bangsar South Suites",9261,2107,26.2,"Tier 1: Pre-Approved LPPSA/Bank",545448
"LEAD-12456","Devi Lee #2456","+60120002457","Shah Alam Vista",9372,2164,26.5,"Tier 1: Pre-Approved LPPSA/Bank",545637
"LEAD-12459","Grace Zulkifli #2459","+60150002460","Bangsar South Suites",9483,2221,26.9,"Tier 1: Pre-Approved LPPSA/Bank",545825
"LEAD-12462","Nurul Rosli #2462","+60180002463","Shah Alam Vista",9594,2278,27.3,"Tier 1: Pre-Approved LPPSA/Bank",546014
"LEAD-12465","Santhi Kumar #2465","+60130002466","Bangsar South Suites",9705,2335,27.7,"Tier 1: Pre-Approved LPPSA/Bank",546202
"LEAD-12468","Sarah Faizal #2468","+60160002469","Shah Alam Vista",9816,2392,28,"Tier 1: Pre-Approved LPPSA/Bank",546390
"LEAD-12471","Siti Hassan #2471","+60190002472","Bangsar South Suites",9927,2449,28.4,"Tier 1: Pre-Approved LPPSA/Bank",546579
"LEAD-12474","Syed Subramaniam #2474","+60140002475","Shah Alam Vista",10038,2506,28.7,"Tier 1: Pre-Approved LPPSA/Bank",546767
"LEAD-12477","Azman Goh #2477","+60170002478","Bangsar South Suites",10149,2563,29,"Tier 1: Pre-Approved LPPSA/Bank",546956
"LEAD-12480","Muhammad Hariz #2480","+60120002481","Shah Alam Vista",10260,2620,29.4,"Tier 1: Pre-Approved LPPSA/Bank",547144
"LEAD-12483","Wong Wei Lun #2483","+60150002484","Bangsar South Suites",10371,2677,29.7,"Tier 1: Pre-Approved LPPSA/Bank",547332
"LEAD-12486","Mohd Ibrahim #2486","+60180002487","Shah Alam Vista",10482,2734,30,"Tier 1: Pre-Approved LPPSA/Bank",547521
"LEAD-12489","Kevin Chen #2489","+60130002490","Bangsar South Suites",10593,2791,30.3,"Tier 1: Pre-Approved LPPSA/Bank",547709
"LEAD-12492","Razif Nordin #2492","+60160002493","Shah Alam Vista",10704,2848,30.6,"Tier 1: Pre-Approved LPPSA/Bank",547898
"LEAD-12495","Chong Osman #2495","+60190002496","Bangsar South Suites",10815,2905,30.9,"Tier 1: Pre-Approved LPPSA/Bank",548086
"LEAD-12498","Hafiz Aini #2498","+60140002499","Shah Alam Vista",10926,2962,31.2,"Tier 1: Pre-Approved LPPSA/Bank",548274
"LEAD-12501","Ahmad Razif #2501","+60170002502","Bangsar South Suites",11037,3019,31.4,"Tier 1: Pre-Approved LPPSA/Bank",548463
"LEAD-12504","Tan Lee #2504","+60120002505","Shah Alam Vista",11148,3076,31.7,"Tier 1: Pre-Approved LPPSA/Bank",548651
"LEAD-12507","Farhan Zulkifli #2507","+60150002508","Bangsar South Suites",11259,3133,32,"Tier 1: Pre-Approved LPPSA/Bank",548840
"LEAD-12510","Jason Rosli #2510","+60180002511","Shah Alam Vista",11370,3190,32.2,"Tier 1: Pre-Approved LPPSA/Bank",549028
"LEAD-12513","Amir Kumar #2513","+60130002514","Bangsar South Suites",11481,3247,32.5,"Tier 1: Pre-Approved LPPSA/Bank",549216
"LEAD-12516","Devi Faizal #2516","+60160002517","Shah Alam Vista",11592,3304,32.8,"Tier 1: Pre-Approved LPPSA/Bank",549405
"LEAD-12519","Grace Hassan #2519","+60190002520","Bangsar South Suites",11703,3361,33,"Tier 1: Pre-Approved LPPSA/Bank",549593
"LEAD-12522","Nurul Subramaniam #2522","+60140002523","Shah Alam Vista",11814,3418,33.3,"Tier 1: Pre-Approved LPPSA/Bank",549782
"LEAD-12525","Santhi Goh #2525","+60170002526","Bangsar South Suites",11925,3475,33.5,"Tier 1: Pre-Approved LPPSA/Bank",549970
"LEAD-12528","Sarah Hariz #2528","+60120002529","Shah Alam Vista",3536,3532,114.8,"Tier 4: High Risk DSR",0
"LEAD-12531","Siti Wei Lun #2531","+60150002532","Bangsar South Suites",3647,3589,113.1,"Tier 4: High Risk DSR",0
"LEAD-12534","Syed Ibrahim #2534","+60180002535","Shah Alam Vista",3758,3646,111.5,"Tier 4: High Risk DSR",0
"LEAD-12537","Azman Chen #2537","+60130002538","Bangsar South Suites",3869,3703,110,"Tier 4: High Risk DSR",0
"LEAD-12540","Muhammad Nordin #2540","+60160002541","Shah Alam Vista",3980,3760,108.6,"Tier 4: High Risk DSR",0
"LEAD-12543","Wong Osman #2543","+60190002544","Bangsar South Suites",4091,3817,107.2,"Tier 4: High Risk DSR",0
"LEAD-12546","Mohd Aini #2546","+60140002547","Shah Alam Vista",4202,3874,106,"Tier 4: High Risk DSR",0
"LEAD-12549","Kevin Razif #2549","+60170002550","Bangsar South Suites",4313,3931,104.8,"Tier 4: High Risk DSR",0
"LEAD-12552","Razif Lee #2552","+60120002553","Shah Alam Vista",4424,3988,103.6,"Tier 4: High Risk DSR",0
"LEAD-12555","Chong Zulkifli #2555","+60150002556","Bangsar South Suites",4535,4045,102.5,"Tier 4: High Risk DSR",0
"LEAD-12558","Hafiz Rosli #2558","+60180002559","Shah Alam Vista",4646,4102,101.5,"Tier 4: High Risk DSR",0
"LEAD-12561","Ahmad Kumar #2561","+60130002562","Bangsar South Suites",4757,4159,100.5,"Tier 4: High Risk DSR",0
"LEAD-12564","Tan Faizal #2564","+60160002565","Shah Alam Vista",4868,4216,99.5,"Tier 4: High Risk DSR",0
"LEAD-12567","Farhan Hassan #2567","+60190002568","Bangsar South Suites",4979,4273,98.6,"Tier 4: High Risk DSR",0
"LEAD-12570","Jason Subramaniam #2570","+60140002571","Shah Alam Vista",5090,4330,97.8,"Tier 4: High Risk DSR",0
"LEAD-12573","Amir Goh #2573","+60170002574","Bangsar South Suites",5201,4387,97,"Tier 4: High Risk DSR",0
"LEAD-12576","Devi Hariz #2576","+60120002577","Shah Alam Vista",5312,4444,96.2,"Tier 4: High Risk DSR",0
"LEAD-12579","Grace Wei Lun #2579","+60150002580","Bangsar South Suites",5423,1001,21.2,"Tier 2: Qualified Bank Loan",365961
"LEAD-12582","Nurul Ibrahim #2582","+60180002583","Shah Alam Vista",5534,1058,22,"Tier 2: Qualified Bank Loan",366150
"LEAD-12585","Santhi Chen #2585","+60130002586","Bangsar South Suites",5645,1115,22.7,"Tier 2: Qualified Bank Loan",366338
"LEAD-12588","Sarah Nordin #2588","+60160002589","Shah Alam Vista",5756,1172,23.4,"Tier 2: Qualified Bank Loan",366526
"LEAD-12591","Siti Osman #2591","+60190002592","Bangsar South Suites",5867,1229,24.1,"Tier 2: Qualified Bank Loan",366715
"LEAD-12594","Syed Aini #2594","+60140002595","Shah Alam Vista",5978,1286,24.7,"Tier 2: Qualified Bank Loan",366903
"LEAD-12597","Azman Razif #2597","+60170002598","Bangsar South Suites",6089,1343,25.4,"Tier 2: Qualified Bank Loan",367092
"LEAD-12600","Muhammad Lee #2600","+60120002601","Shah Alam Vista",6200,1400,26,"Tier 2: Qualified Bank Loan",367280
"LEAD-12603","Wong Zulkifli #2603","+60150002604","Bangsar South Suites",6311,1457,26.5,"Tier 2: Qualified Bank Loan",367468
"LEAD-12606","Mohd Rosli #2606","+60180002607","Shah Alam Vista",6422,1514,27.1,"Tier 2: Qualified Bank Loan",367657
"LEAD-12609","Kevin Kumar #2609","+60130002610","Bangsar South Suites",6533,1571,27.6,"Tier 1: Pre-Approved LPPSA/Bank",367845
"LEAD-12612","Razif Faizal #2612","+60160002613","Shah Alam Vista",6644,1628,28.2,"Tier 1: Pre-Approved LPPSA/Bank",368034
"LEAD-12615","Chong Hassan #2615","+60190002616","Bangsar South Suites",6755,1685,28.7,"Tier 1: Pre-Approved LPPSA/Bank",368222
"LEAD-12618","Hafiz Subramaniam #2618","+60140002619","Shah Alam Vista",6866,1742,29.2,"Tier 1: Pre-Approved LPPSA/Bank",368410
"LEAD-12621","Ahmad Goh #2621","+60170002622","Bangsar South Suites",6977,1799,29.6,"Tier 1: Pre-Approved LPPSA/Bank",368599
"LEAD-12624","Tan Hariz #2624","+60120002625","Shah Alam Vista",7088,1856,30.1,"Tier 1: Pre-Approved LPPSA/Bank",368787
"LEAD-12627","Farhan Wei Lun #2627","+60150002628","Bangsar South Suites",7199,1913,30.5,"Tier 1: Pre-Approved LPPSA/Bank",368976
"LEAD-12630","Jason Ibrahim #2630","+60180002631","Shah Alam Vista",7310,1970,31,"Tier 1: Pre-Approved LPPSA/Bank",369164
"LEAD-12633","Amir Chen #2633","+60130002634","Bangsar South Suites",7421,2027,31.4,"Tier 1: Pre-Approved LPPSA/Bank",369352
"LEAD-12636","Devi Nordin #2636","+60160002637","Shah Alam Vista",7532,2084,31.8,"Tier 1: Pre-Approved LPPSA/Bank",369541
"LEAD-12639","Grace Osman #2639","+60190002640","Bangsar South Suites",7643,2141,32.2,"Tier 1: Pre-Approved LPPSA/Bank",369729
"LEAD-12642","Nurul Aini #2642","+60140002643","Shah Alam Vista",7754,2198,32.6,"Tier 1: Pre-Approved LPPSA/Bank",369918
"LEAD-12645","Santhi Razif #2645","+60170002646","Bangsar South Suites",7865,2255,33,"Tier 1: Pre-Approved LPPSA/Bank",370106
"LEAD-12648","Sarah Lee #2648","+60120002649","Shah Alam Vista",7976,2312,33.3,"Tier 1: Pre-Approved LPPSA/Bank",370294
"LEAD-12651","Siti Zulkifli #2651","+60150002652","Bangsar South Suites",8087,2369,33.7,"Tier 1: Pre-Approved LPPSA/Bank",370483
"LEAD-12654","Syed Rosli #2654","+60180002655","Shah Alam Vista",8198,2426,34,"Tier 1: Pre-Approved LPPSA/Bank",370671
"LEAD-12657","Azman Kumar #2657","+60130002658","Bangsar South Suites",8309,2483,34.3,"Tier 1: Pre-Approved LPPSA/Bank",370860
"LEAD-12660","Muhammad Faizal #2660","+60160002661","Shah Alam Vista",8420,2540,34.7,"Tier 1: Pre-Approved LPPSA/Bank",371048
"LEAD-12663","Wong Hassan #2663","+60190002664","Bangsar South Suites",8531,2597,35,"Tier 1: Pre-Approved LPPSA/Bank",371236
"LEAD-12666","Mohd Subramaniam #2666","+60140002667","Shah Alam Vista",8642,2654,35.3,"Tier 1: Pre-Approved LPPSA/Bank",371425
"LEAD-12669","Kevin Goh #2669","+60170002670","Bangsar South Suites",8753,2711,35.6,"Tier 1: Pre-Approved LPPSA/Bank",371613
"LEAD-12672","Razif Hariz #2672","+60120002673","Shah Alam Vista",8864,2768,35.9,"Tier 1: Pre-Approved LPPSA/Bank",371802
"LEAD-12675","Chong Wei Lun #2675","+60150002676","Bangsar South Suites",8975,2825,36.2,"Tier 1: Pre-Approved LPPSA/Bank",371990
"LEAD-12678","Hafiz Ibrahim #2678","+60180002679","Shah Alam Vista",9086,2882,36.5,"Tier 1: Pre-Approved LPPSA/Bank",372178
"LEAD-12681","Ahmad Chen #2681","+60130002682","Bangsar South Suites",9197,2939,36.7,"Tier 1: Pre-Approved LPPSA/Bank",372367
"LEAD-12684","Tan Nordin #2684","+60160002685","Shah Alam Vista",9308,2996,37,"Tier 1: Pre-Approved LPPSA/Bank",372555
"LEAD-12687","Farhan Osman #2687","+60190002688","Bangsar South Suites",9419,3053,37.3,"Tier 1: Pre-Approved LPPSA/Bank",372744
"LEAD-12690","Jason Aini #2690","+60140002691","Shah Alam Vista",9530,3110,37.5,"Tier 1: Pre-Approved LPPSA/Bank",372932
"LEAD-12693","Amir Razif #2693","+60170002694","Bangsar South Suites",9641,3167,37.8,"Tier 1: Pre-Approved LPPSA/Bank",373120
"LEAD-12696","Devi Lee #2696","+60120002697","Shah Alam Vista",9752,3224,38,"Tier 1: Pre-Approved LPPSA/Bank",373309
"LEAD-12699","Grace Zulkifli #2699","+60150002700","Bangsar South Suites",9863,3281,38.2,"Tier 1: Pre-Approved LPPSA/Bank",373497
"LEAD-12702","Nurul Rosli #2702","+60180002703","Shah Alam Vista",9974,3338,38.5,"Tier 1: Pre-Approved LPPSA/Bank",373686
"LEAD-12705","Santhi Kumar #2705","+60130002706","Bangsar South Suites",10085,3395,38.7,"Tier 1: Pre-Approved LPPSA/Bank",373874
"LEAD-12708","Sarah Faizal #2708","+60160002709","Shah Alam Vista",10196,3452,38.9,"Tier 1: Pre-Approved LPPSA/Bank",374062
"LEAD-12711","Siti Hassan #2711","+60190002712","Bangsar South Suites",10307,3509,39.1,"Tier 1: Pre-Approved LPPSA/Bank",374251
"LEAD-12714","Syed Subramaniam #2714","+60140002715","Shah Alam Vista",10418,3566,39.3,"Tier 1: Pre-Approved LPPSA/Bank",374439
"LEAD-12717","Azman Goh #2717","+60170002718","Bangsar South Suites",10529,3623,39.6,"Tier 1: Pre-Approved LPPSA/Bank",374628
"LEAD-12720","Muhammad Hariz #2720","+60120002721","Shah Alam Vista",10640,3680,39.8,"Tier 1: Pre-Approved LPPSA/Bank",374816
"LEAD-12723","Wong Wei Lun #2723","+60150002724","Bangsar South Suites",10751,3737,40,"Tier 1: Pre-Approved LPPSA/Bank",375004
"LEAD-12726","Mohd Ibrahim #2726","+60180002727","Shah Alam Vista",10862,3794,40.1,"Tier 1: Pre-Approved LPPSA/Bank",375193
"LEAD-12729","Kevin Chen #2729","+60130002730","Bangsar South Suites",10973,3851,40.3,"Tier 1: Pre-Approved LPPSA/Bank",375381
"LEAD-12732","Razif Nordin #2732","+60160002733","Shah Alam Vista",11084,3908,40.5,"Tier 1: Pre-Approved LPPSA/Bank",375570
"LEAD-12735","Chong Osman #2735","+60190002736","Bangsar South Suites",11195,3965,40.7,"Tier 1: Pre-Approved LPPSA/Bank",375758
"LEAD-12738","Hafiz Aini #2738","+60140002739","Shah Alam Vista",11306,4022,40.9,"Tier 1: Pre-Approved LPPSA/Bank",375946
"LEAD-12741","Ahmad Razif #2741","+60170002742","Bangsar South Suites",11417,4079,41.1,"Tier 1: Pre-Approved LPPSA/Bank",376135
"LEAD-12744","Tan Lee #2744","+60120002745","Shah Alam Vista",11528,4136,41.2,"Tier 1: Pre-Approved LPPSA/Bank",376323
"LEAD-12747","Farhan Zulkifli #2747","+60150002748","Bangsar South Suites",11639,4193,41.4,"Tier 1: Pre-Approved LPPSA/Bank",376512
"LEAD-12750","Jason Rosli #2750","+60180002751","Shah Alam Vista",11750,4250,41.6,"Tier 1: Pre-Approved LPPSA/Bank",376700
"LEAD-12753","Amir Kumar #2753","+60130002754","Bangsar South Suites",11861,4307,41.7,"Tier 1: Pre-Approved LPPSA/Bank",376888
"LEAD-12756","Devi Faizal #2756","+60160002757","Shah Alam Vista",11972,4364,41.9,"Tier 1: Pre-Approved LPPSA/Bank",377077
"LEAD-12759","Grace Hassan #2759","+60190002760","Bangsar South Suites",3583,4421,141.8,"Tier 4: High Risk DSR",0
"LEAD-12762","Nurul Subramaniam #2762","+60140002763","Shah Alam Vista",3694,4478,139.3,"Tier 4: High Risk DSR",0
"LEAD-12765","Santhi Goh #2765","+60170002766","Bangsar South Suites",3805,1035,31.3,"Tier 3: Joint Loan Needed",190242
"LEAD-12768","Sarah Hariz #2768","+60120002769","Shah Alam Vista",3916,1092,32.1,"Tier 3: Joint Loan Needed",190430
"LEAD-12771","Siti Wei Lun #2771","+60150002772","Bangsar South Suites",4027,1149,32.8,"Tier 3: Joint Loan Needed",190619
"LEAD-12774","Syed Ibrahim #2774","+60180002775","Shah Alam Vista",4138,1206,33.5,"Tier 3: Joint Loan Needed",190807
"LEAD-12777","Azman Chen #2777","+60130002778","Bangsar South Suites",4249,1263,34.2,"Tier 3: Joint Loan Needed",190996
"LEAD-12780","Muhammad Nordin #2780","+60160002781","Shah Alam Vista",4360,1320,34.8,"Tier 3: Joint Loan Needed",191184
"LEAD-12783","Wong Osman #2783","+60190002784","Bangsar South Suites",4471,1377,35.4,"Tier 3: Joint Loan Needed",191372
"LEAD-12786","Mohd Aini #2786","+60140002787","Shah Alam Vista",4582,1434,36,"Tier 2: Qualified Bank Loan",191561
"LEAD-12789","Kevin Razif #2789","+60170002790","Bangsar South Suites",4693,1491,36.5,"Tier 2: Qualified Bank Loan",191749
"LEAD-12792","Razif Lee #2792","+60120002793","Shah Alam Vista",4804,1548,37,"Tier 2: Qualified Bank Loan",191938
"LEAD-12795","Chong Zulkifli #2795","+60150002796","Bangsar South Suites",4915,1605,37.5,"Tier 2: Qualified Bank Loan",192126
"LEAD-12798","Hafiz Rosli #2798","+60180002799","Shah Alam Vista",5026,1662,38,"Tier 2: Qualified Bank Loan",192314
"LEAD-12801","Ahmad Kumar #2801","+60130002802","Bangsar South Suites",5137,1719,38.5,"Tier 2: Qualified Bank Loan",192503
"LEAD-12804","Tan Faizal #2804","+60160002805","Shah Alam Vista",5248,1776,38.9,"Tier 2: Qualified Bank Loan",192691
"LEAD-12807","Farhan Hassan #2807","+60190002808","Bangsar South Suites",5359,1833,39.3,"Tier 2: Qualified Bank Loan",192880
"LEAD-12810","Jason Subramaniam #2810","+60140002811","Shah Alam Vista",5470,1890,39.7,"Tier 2: Qualified Bank Loan",193068
"LEAD-12813","Amir Goh #2813","+60170002814","Bangsar South Suites",5581,1947,40.1,"Tier 2: Qualified Bank Loan",193256
"LEAD-12816","Devi Hariz #2816","+60120002817","Shah Alam Vista",5692,2004,40.5,"Tier 2: Qualified Bank Loan",193445
"LEAD-12819","Grace Wei Lun #2819","+60150002820","Bangsar South Suites",5803,2061,40.8,"Tier 2: Qualified Bank Loan",193633
"LEAD-12822","Nurul Ibrahim #2822","+60180002823","Shah Alam Vista",5914,2118,41.2,"Tier 2: Qualified Bank Loan",193822
"LEAD-12825","Santhi Chen #2825","+60130002826","Bangsar South Suites",6025,2175,41.5,"Tier 2: Qualified Bank Loan",194010
"LEAD-12828","Sarah Nordin #2828","+60160002829","Shah Alam Vista",6136,2232,41.8,"Tier 2: Qualified Bank Loan",194198
"LEAD-12831","Siti Osman #2831","+60190002832","Bangsar South Suites",6247,2289,42.1,"Tier 2: Qualified Bank Loan",194387
"LEAD-12834","Syed Aini #2834","+60140002835","Shah Alam Vista",6358,2346,42.4,"Tier 2: Qualified Bank Loan",194575
"LEAD-12837","Azman Razif #2837","+60170002838","Bangsar South Suites",6469,2403,42.7,"Tier 2: Qualified Bank Loan",194764
"LEAD-12840","Muhammad Lee #2840","+60120002841","Shah Alam Vista",6580,2460,43,"Tier 1: Pre-Approved LPPSA/Bank",194952
"LEAD-12843","Wong Zulkifli #2843","+60150002844","Bangsar South Suites",6691,2517,43.2,"Tier 1: Pre-Approved LPPSA/Bank",195140
"LEAD-12846","Mohd Rosli #2846","+60180002847","Shah Alam Vista",6802,2574,43.5,"Tier 1: Pre-Approved LPPSA/Bank",195329
"LEAD-12849","Kevin Kumar #2849","+60130002850","Bangsar South Suites",6913,2631,43.7,"Tier 1: Pre-Approved LPPSA/Bank",195517
"LEAD-12852","Razif Faizal #2852","+60160002853","Shah Alam Vista",7024,2688,44,"Tier 1: Pre-Approved LPPSA/Bank",195706
"LEAD-12855","Chong Hassan #2855","+60190002856","Bangsar South Suites",7135,2745,44.2,"Tier 1: Pre-Approved LPPSA/Bank",195894
"LEAD-12858","Hafiz Subramaniam #2858","+60140002859","Shah Alam Vista",7246,2802,44.4,"Tier 1: Pre-Approved LPPSA/Bank",196082
"LEAD-12861","Ahmad Goh #2861","+60170002862","Bangsar South Suites",7357,2859,44.7,"Tier 1: Pre-Approved LPPSA/Bank",196271
"LEAD-12864","Tan Hariz #2864","+60120002865","Shah Alam Vista",7468,2916,44.9,"Tier 1: Pre-Approved LPPSA/Bank",196459
"LEAD-12867","Farhan Wei Lun #2867","+60150002868","Bangsar South Suites",7579,2973,45.1,"Tier 2: Qualified Bank Loan",196648
"LEAD-12870","Jason Ibrahim #2870","+60180002871","Shah Alam Vista",7690,3030,45.3,"Tier 2: Qualified Bank Loan",196836
"LEAD-12873","Amir Chen #2873","+60130002874","Bangsar South Suites",7801,3087,45.5,"Tier 2: Qualified Bank Loan",197024
"LEAD-12876","Devi Nordin #2876","+60160002877","Shah Alam Vista",7912,3144,45.7,"Tier 2: Qualified Bank Loan",197213
"LEAD-12879","Grace Osman #2879","+60190002880","Bangsar South Suites",8023,3201,45.9,"Tier 2: Qualified Bank Loan",197401
"LEAD-12882","Nurul Aini #2882","+60140002883","Shah Alam Vista",8134,3258,46,"Tier 2: Qualified Bank Loan",197590
"LEAD-12885","Santhi Razif #2885","+60170002886","Bangsar South Suites",8245,3315,46.2,"Tier 2: Qualified Bank Loan",197778
"LEAD-12888","Sarah Lee #2888","+60120002889","Shah Alam Vista",8356,3372,46.4,"Tier 2: Qualified Bank Loan",197966
"LEAD-12891","Siti Zulkifli #2891","+60150002892","Bangsar South Suites",8467,3429,46.5,"Tier 2: Qualified Bank Loan",198155
"LEAD-12894","Syed Rosli #2894","+60180002895","Shah Alam Vista",8578,3486,46.7,"Tier 2: Qualified Bank Loan",198343
"LEAD-12897","Azman Kumar #2897","+60130002898","Bangsar South Suites",8689,3543,46.9,"Tier 2: Qualified Bank Loan",198532
"LEAD-12900","Muhammad Faizal #2900","+60160002901","Shah Alam Vista",8800,3600,47,"Tier 2: Qualified Bank Loan",198720
"LEAD-12903","Wong Hassan #2903","+60190002904","Bangsar South Suites",8911,3657,47.2,"Tier 2: Qualified Bank Loan",198908
"LEAD-12906","Mohd Subramaniam #2906","+60140002907","Shah Alam Vista",9022,3714,47.3,"Tier 2: Qualified Bank Loan",199097
"LEAD-12909","Kevin Goh #2909","+60170002910","Bangsar South Suites",9133,3771,47.5,"Tier 2: Qualified Bank Loan",199285
"LEAD-12912","Razif Hariz #2912","+60120002913","Shah Alam Vista",9244,3828,47.6,"Tier 2: Qualified Bank Loan",199474
"LEAD-12915","Chong Wei Lun #2915","+60150002916","Bangsar South Suites",9355,3885,47.7,"Tier 2: Qualified Bank Loan",199662
"LEAD-12918","Hafiz Ibrahim #2918","+60180002919","Shah Alam Vista",9466,3942,47.9,"Tier 2: Qualified Bank Loan",199850
"LEAD-12921","Ahmad Chen #2921","+60130002922","Bangsar South Suites",9577,3999,48,"Tier 2: Qualified Bank Loan",200039
"LEAD-12924","Tan Nordin #2924","+60160002925","Shah Alam Vista",9688,4056,48.1,"Tier 2: Qualified Bank Loan",200227
"LEAD-12927","Farhan Osman #2927","+60190002928","Bangsar South Suites",9799,4113,48.2,"Tier 2: Qualified Bank Loan",200416
"LEAD-12930","Jason Aini #2930","+60140002931","Shah Alam Vista",9910,4170,48.4,"Tier 2: Qualified Bank Loan",200604
"LEAD-12933","Amir Razif #2933","+60170002934","Bangsar South Suites",10021,4227,48.5,"Tier 2: Qualified Bank Loan",200792
"LEAD-12936","Devi Lee #2936","+60120002937","Shah Alam Vista",10132,4284,48.6,"Tier 2: Qualified Bank Loan",200981
"LEAD-12939","Grace Zulkifli #2939","+60150002940","Bangsar South Suites",10243,4341,48.7,"Tier 2: Qualified Bank Loan",201169
"LEAD-12942","Nurul Rosli #2942","+60180002943","Shah Alam Vista",10354,4398,48.8,"Tier 2: Qualified Bank Loan",201358
"LEAD-12945","Santhi Kumar #2945","+60130002946","Bangsar South Suites",10465,4455,48.9,"Tier 2: Qualified Bank Loan",201546
"LEAD-12948","Sarah Faizal #2948","+60160002949","Shah Alam Vista",10576,1012,11,"Tier 1: Pre-Approved LPPSA/Bank",901734
"LEAD-12951","Siti Hassan #2951","+60190002952","Bangsar South Suites",10687,1069,11.5,"Tier 1: Pre-Approved LPPSA/Bank",901923
"LEAD-12954","Syed Subramaniam #2954","+60140002955","Shah Alam Vista",10798,1126,12,"Tier 1: Pre-Approved LPPSA/Bank",902111
"LEAD-12957","Azman Goh #2957","+60170002958","Bangsar South Suites",10909,1183,12.5,"Tier 1: Pre-Approved LPPSA/Bank",902300
"LEAD-12960","Muhammad Hariz #2960","+60120002961","Shah Alam Vista",11020,1240,12.9,"Tier 1: Pre-Approved LPPSA/Bank",902488
"LEAD-12963","Wong Wei Lun #2963","+60150002964","Bangsar South Suites",11131,1297,13.4,"Tier 1: Pre-Approved LPPSA/Bank",902676
"LEAD-12966","Mohd Ibrahim #2966","+60180002967","Shah Alam Vista",11242,1354,13.8,"Tier 1: Pre-Approved LPPSA/Bank",902865
"LEAD-12969","Kevin Chen #2969","+60130002970","Bangsar South Suites",11353,1411,14.3,"Tier 1: Pre-Approved LPPSA/Bank",903053
"LEAD-12972","Razif Nordin #2972","+60160002973","Shah Alam Vista",11464,1468,14.7,"Tier 1: Pre-Approved LPPSA/Bank",903242
"LEAD-12975","Chong Osman #2975","+60190002976","Bangsar South Suites",11575,1525,15.1,"Tier 1: Pre-Approved LPPSA/Bank",903430
"LEAD-12978","Hafiz Aini #2978","+60140002979","Shah Alam Vista",11686,1582,15.6,"Tier 1: Pre-Approved LPPSA/Bank",903618
"LEAD-12981","Ahmad Razif #2981","+60170002982","Bangsar South Suites",11797,1639,16,"Tier 1: Pre-Approved LPPSA/Bank",903807
"LEAD-12984","Tan Lee #2984","+60120002985","Shah Alam Vista",11908,1696,16.4,"Tier 1: Pre-Approved LPPSA/Bank",903995
"LEAD-12987","Farhan Zulkifli #2987","+60150002988","Bangsar South Suites",3519,1753,57.3,"Tier 3: Joint Loan Needed",16784
"LEAD-12990","Jason Rosli #2990","+60180002991","Shah Alam Vista",3630,1810,57.3,"Tier 3: Joint Loan Needed",16972
"LEAD-12993","Amir Kumar #2993","+60130002994","Bangsar South Suites",3741,1867,57.4,"Tier 3: Joint Loan Needed",17160
"LEAD-12996","Devi Faizal #2996","+60160002997","Shah Alam Vista",3852,1924,57.4,"Tier 3: Joint Loan Needed",17349
"LEAD-12999","Grace Hassan #2999","+60190003000","Bangsar South Suites",3963,1981,57.5,"Tier 3: Joint Loan Needed",17537
"LEAD-13002","Nurul Subramaniam #3002","+60140003003","Shah Alam Vista",4074,2038,57.5,"Tier 3: Joint Loan Needed",17726
"LEAD-13005","Santhi Goh #3005","+60170003006","Bangsar South Suites",4185,2095,57.5,"Tier 3: Joint Loan Needed",17914
"LEAD-13008","Sarah Hariz #3008","+60120003009","Shah Alam Vista",4296,2152,57.6,"Tier 3: Joint Loan Needed",18102
"LEAD-13011","Siti Wei Lun #3011","+60150003012","Bangsar South Suites",4407,2209,57.6,"Tier 3: Joint Loan Needed",18291
"LEAD-13014","Syed Ibrahim #3014","+60180003015","Shah Alam Vista",4518,2266,57.6,"Tier 2: Qualified Bank Loan",18479
"LEAD-13017","Azman Chen #3017","+60130003018","Bangsar South Suites",4629,2323,57.7,"Tier 2: Qualified Bank Loan",18668
"LEAD-13020","Muhammad Nordin #3020","+60160003021","Shah Alam Vista",4740,2380,57.7,"Tier 2: Qualified Bank Loan",18856
"LEAD-13023","Wong Osman #3023","+60190003024","Bangsar South Suites",4851,2437,57.7,"Tier 2: Qualified Bank Loan",19044
"LEAD-13026","Mohd Aini #3026","+60140003027","Shah Alam Vista",4962,2494,57.8,"Tier 2: Qualified Bank Loan",19233
"LEAD-13029","Kevin Razif #3029","+60170003030","Bangsar South Suites",5073,2551,57.8,"Tier 2: Qualified Bank Loan",19421
"LEAD-13032","Razif Lee #3032","+60120003033","Shah Alam Vista",5184,2608,57.8,"Tier 2: Qualified Bank Loan",19610
"LEAD-13035","Chong Zulkifli #3035","+60150003036","Bangsar South Suites",5295,2665,57.9,"Tier 2: Qualified Bank Loan",19798
"LEAD-13038","Hafiz Rosli #3038","+60180003039","Shah Alam Vista",5406,2722,57.9,"Tier 2: Qualified Bank Loan",19986
"LEAD-13041","Ahmad Kumar #3041","+60130003042","Bangsar South Suites",5517,2779,57.9,"Tier 2: Qualified Bank Loan",20175
"LEAD-13044","Tan Faizal #3044","+60160003045","Shah Alam Vista",5628,2836,57.9,"Tier 2: Qualified Bank Loan",20363
"LEAD-13047","Farhan Hassan #3047","+60190003048","Bangsar South Suites",5739,2893,57.9,"Tier 2: Qualified Bank Loan",20552
"LEAD-13050","Jason Subramaniam #3050","+60140003051","Shah Alam Vista",5850,2950,58,"Tier 2: Qualified Bank Loan",20740
"LEAD-13053","Amir Goh #3053","+60170003054","Bangsar South Suites",5961,3007,58,"Tier 2: Qualified Bank Loan",20928
"LEAD-13056","Devi Hariz #3056","+60120003057","Shah Alam Vista",6072,3064,58,"Tier 2: Qualified Bank Loan",21117
"LEAD-13059","Grace Wei Lun #3059","+60150003060","Bangsar South Suites",6183,3121,58,"Tier 2: Qualified Bank Loan",21305
"LEAD-13062","Nurul Ibrahim #3062","+60180003063","Shah Alam Vista",6294,3178,58,"Tier 2: Qualified Bank Loan",21494
"LEAD-13065","Santhi Chen #3065","+60130003066","Bangsar South Suites",6405,3235,58.1,"Tier 2: Qualified Bank Loan",21682
"LEAD-13068","Sarah Nordin #3068","+60160003069","Shah Alam Vista",6516,3292,58.1,"Tier 2: Qualified Bank Loan",21870
"LEAD-13071","Siti Osman #3071","+60190003072","Bangsar South Suites",6627,3349,58.1,"Tier 2: Qualified Bank Loan",22059
"LEAD-13074","Syed Aini #3074","+60140003075","Shah Alam Vista",6738,3406,58.1,"Tier 2: Qualified Bank Loan",22247
"LEAD-13077","Azman Razif #3077","+60170003078","Bangsar South Suites",6849,3463,58.1,"Tier 2: Qualified Bank Loan",22436
"LEAD-13080","Muhammad Lee #3080","+60120003081","Shah Alam Vista",6960,3520,58.1,"Tier 2: Qualified Bank Loan",22624
"LEAD-13083","Wong Zulkifli #3083","+60150003084","Bangsar South Suites",7071,3577,58.1,"Tier 2: Qualified Bank Loan",22812
"LEAD-13086","Mohd Rosli #3086","+60180003087","Shah Alam Vista",7182,3634,58.2,"Tier 2: Qualified Bank Loan",23001
"LEAD-13089","Kevin Kumar #3089","+60130003090","Bangsar South Suites",7293,3691,58.2,"Tier 2: Qualified Bank Loan",23189
"LEAD-13092","Razif Faizal #3092","+60160003093","Shah Alam Vista",7404,3748,58.2,"Tier 2: Qualified Bank Loan",23378
"LEAD-13095","Chong Hassan #3095","+60190003096","Bangsar South Suites",7515,3805,58.2,"Tier 2: Qualified Bank Loan",23566
"LEAD-13098","Hafiz Subramaniam #3098","+60140003099","Shah Alam Vista",7626,3862,58.2,"Tier 2: Qualified Bank Loan",23754
"LEAD-13101","Ahmad Goh #3101","+60170003102","Bangsar South Suites",7737,3919,58.2,"Tier 2: Qualified Bank Loan",23943
"LEAD-13104","Tan Hariz #3104","+60120003105","Shah Alam Vista",7848,3976,58.2,"Tier 2: Qualified Bank Loan",24131
"LEAD-13107","Farhan Wei Lun #3107","+60150003108","Bangsar South Suites",7959,4033,58.2,"Tier 2: Qualified Bank Loan",24320
"LEAD-13110","Jason Ibrahim #3110","+60180003111","Shah Alam Vista",8070,4090,58.3,"Tier 2: Qualified Bank Loan",24508
"LEAD-13113","Amir Chen #3113","+60130003114","Bangsar South Suites",8181,4147,58.3,"Tier 2: Qualified Bank Loan",24696
"LEAD-13116","Devi Nordin #3116","+60160003117","Shah Alam Vista",8292,4204,58.3,"Tier 2: Qualified Bank Loan",24885
"LEAD-13119","Grace Osman #3119","+60190003120","Bangsar South Suites",8403,4261,58.3,"Tier 2: Qualified Bank Loan",25073
"LEAD-13122","Nurul Aini #3122","+60140003123","Shah Alam Vista",8514,4318,58.3,"Tier 2: Qualified Bank Loan",25262
"LEAD-13125","Santhi Razif #3125","+60170003126","Bangsar South Suites",8625,4375,58.3,"Tier 2: Qualified Bank Loan",25450
"LEAD-13128","Sarah Lee #3128","+60120003129","Shah Alam Vista",8736,4432,58.3,"Tier 2: Qualified Bank Loan",25638
"LEAD-13131","Siti Zulkifli #3131","+60150003132","Bangsar South Suites",8847,4489,58.3,"Tier 2: Qualified Bank Loan",25827
"LEAD-13134","Syed Rosli #3134","+60180003135","Shah Alam Vista",8958,1046,13.4,"Tier 1: Pre-Approved LPPSA/Bank",726015
"LEAD-13137","Azman Kumar #3137","+60130003138","Bangsar South Suites",9069,1103,14,"Tier 1: Pre-Approved LPPSA/Bank",726204
"LEAD-13140","Muhammad Faizal #3140","+60160003141","Shah Alam Vista",9180,1160,14.5,"Tier 1: Pre-Approved LPPSA/Bank",726392
"LEAD-13143","Wong Hassan #3143","+60190003144","Bangsar South Suites",9291,1217,15.1,"Tier 1: Pre-Approved LPPSA/Bank",726580
"LEAD-13146","Mohd Subramaniam #3146","+60140003147","Shah Alam Vista",9402,1274,15.6,"Tier 1: Pre-Approved LPPSA/Bank",726769
"LEAD-13149","Kevin Goh #3149","+60170003150","Bangsar South Suites",9513,1331,16.1,"Tier 1: Pre-Approved LPPSA/Bank",726957
"LEAD-13152","Razif Hariz #3152","+60120003153","Shah Alam Vista",9624,1388,16.6,"Tier 1: Pre-Approved LPPSA/Bank",727146
"LEAD-13155","Chong Wei Lun #3155","+60150003156","Bangsar South Suites",9735,1445,17.1,"Tier 1: Pre-Approved LPPSA/Bank",727334
"LEAD-13158","Hafiz Ibrahim #3158","+60180003159","Shah Alam Vista",9846,1502,17.5,"Tier 1: Pre-Approved LPPSA/Bank",727522
"LEAD-13161","Ahmad Chen #3161","+60130003162","Bangsar South Suites",9957,1559,18,"Tier 1: Pre-Approved LPPSA/Bank",727711
"LEAD-13164","Tan Nordin #3164","+60160003165","Shah Alam Vista",10068,1616,18.4,"Tier 1: Pre-Approved LPPSA/Bank",727899
"LEAD-13167","Farhan Osman #3167","+60190003168","Bangsar South Suites",10179,1673,18.9,"Tier 1: Pre-Approved LPPSA/Bank",728088
"LEAD-13170","Jason Aini #3170","+60140003171","Shah Alam Vista",10290,1730,19.3,"Tier 1: Pre-Approved LPPSA/Bank",728276
"LEAD-13173","Amir Razif #3173","+60170003174","Bangsar South Suites",10401,1787,19.7,"Tier 1: Pre-Approved LPPSA/Bank",728464
"LEAD-13176","Devi Lee #3176","+60120003177","Shah Alam Vista",10512,1844,20.2,"Tier 1: Pre-Approved LPPSA/Bank",728653
"LEAD-13179","Grace Zulkifli #3179","+60150003180","Bangsar South Suites",10623,1901,20.6,"Tier 1: Pre-Approved LPPSA/Bank",728841
"LEAD-13182","Nurul Rosli #3182","+60180003183","Shah Alam Vista",10734,1958,21,"Tier 1: Pre-Approved LPPSA/Bank",729030
"LEAD-13185","Santhi Kumar #3185","+60130003186","Bangsar South Suites",10845,2015,21.4,"Tier 1: Pre-Approved LPPSA/Bank",729218
"LEAD-13188","Sarah Faizal #3188","+60160003189","Shah Alam Vista",10956,2072,21.7,"Tier 1: Pre-Approved LPPSA/Bank",729406
"LEAD-13191","Siti Hassan #3191","+60190003192","Bangsar South Suites",11067,2129,22.1,"Tier 1: Pre-Approved LPPSA/Bank",729595
"LEAD-13194","Syed Subramaniam #3194","+60140003195","Shah Alam Vista",11178,2186,22.5,"Tier 1: Pre-Approved LPPSA/Bank",729783
"LEAD-13197","Azman Goh #3197","+60170003198","Bangsar South Suites",11289,2243,22.8,"Tier 1: Pre-Approved LPPSA/Bank",729972
"LEAD-13200","Muhammad Hariz #3200","+60120003201","Shah Alam Vista",11400,2300,23.2,"Tier 1: Pre-Approved LPPSA/Bank",730160
"LEAD-13203","Wong Wei Lun #3203","+60150003204","Bangsar South Suites",11511,2357,23.5,"Tier 1: Pre-Approved LPPSA/Bank",730348
"LEAD-13206","Mohd Ibrahim #3206","+60180003207","Shah Alam Vista",11622,2414,23.9,"Tier 1: Pre-Approved LPPSA/Bank",730537
"LEAD-13209","Kevin Chen #3209","+60130003210","Bangsar South Suites",11733,2471,24.2,"Tier 1: Pre-Approved LPPSA/Bank",730725
"LEAD-13212","Razif Nordin #3212","+60160003213","Shah Alam Vista",11844,2528,24.5,"Tier 1: Pre-Approved LPPSA/Bank",730914
"LEAD-13215","Chong Osman #3215","+60190003216","Bangsar South Suites",11955,2585,24.9,"Tier 1: Pre-Approved LPPSA/Bank",731102
"LEAD-13218","Hafiz Aini #3218","+60140003219","Shah Alam Vista",3566,2642,85.2,"Tier 4: High Risk DSR",0
"LEAD-13221","Ahmad Razif #3221","+60170003222","Bangsar South Suites",3677,2699,84.4,"Tier 4: High Risk DSR",0
"LEAD-13224","Tan Lee #3224","+60120003225","Shah Alam Vista",3788,2756,83.6,"Tier 4: High Risk DSR",0
"LEAD-13227","Farhan Zulkifli #3227","+60150003228","Bangsar South Suites",3899,2813,82.9,"Tier 4: High Risk DSR",0
"LEAD-13230","Jason Rosli #3230","+60180003231","Shah Alam Vista",4010,2870,82.3,"Tier 4: High Risk DSR",0
"LEAD-13233","Amir Kumar #3233","+60130003234","Bangsar South Suites",4121,2927,81.6,"Tier 4: High Risk DSR",0
"LEAD-13236","Devi Faizal #3236","+60160003237","Shah Alam Vista",4232,2984,81,"Tier 4: High Risk DSR",0
"LEAD-13239","Grace Hassan #3239","+60190003240","Bangsar South Suites",4343,3041,80.5,"Tier 4: High Risk DSR",0
"LEAD-13242","Nurul Subramaniam #3242","+60140003243","Shah Alam Vista",4454,3098,79.9,"Tier 4: High Risk DSR",0
"LEAD-13245","Santhi Goh #3245","+60170003246","Bangsar South Suites",4565,3155,79.4,"Tier 4: High Risk DSR",0
"LEAD-13248","Sarah Hariz #3248","+60120003249","Shah Alam Vista",4676,3212,79,"Tier 4: High Risk DSR",0
"LEAD-13251","Siti Wei Lun #3251","+60150003252","Bangsar South Suites",4787,3269,78.5,"Tier 4: High Risk DSR",0
"LEAD-13254","Syed Ibrahim #3254","+60180003255","Shah Alam Vista",4898,3326,78.1,"Tier 4: High Risk DSR",0
"LEAD-13257","Azman Chen #3257","+60130003258","Bangsar South Suites",5009,3383,77.6,"Tier 4: High Risk DSR",0
"LEAD-13260","Muhammad Nordin #3260","+60160003261","Shah Alam Vista",5120,3440,77.2,"Tier 4: High Risk DSR",0
"LEAD-13263","Wong Osman #3263","+60190003264","Bangsar South Suites",5231,3497,76.8,"Tier 4: High Risk DSR",0
"LEAD-13266","Mohd Aini #3266","+60140003267","Shah Alam Vista",5342,3554,76.5,"Tier 4: High Risk DSR",0
"LEAD-13269","Kevin Razif #3269","+60170003270","Bangsar South Suites",5453,3611,76.1,"Tier 4: High Risk DSR",0
"LEAD-13272","Razif Lee #3272","+60120003273","Shah Alam Vista",5564,3668,75.8,"Tier 4: High Risk DSR",0
"LEAD-13275","Chong Zulkifli #3275","+60150003276","Bangsar South Suites",5675,3725,75.4,"Tier 4: High Risk DSR",0
"LEAD-13278","Hafiz Rosli #3278","+60180003279","Shah Alam Vista",5786,3782,75.1,"Tier 4: High Risk DSR",0
"LEAD-13281","Ahmad Kumar #3281","+60130003282","Bangsar South Suites",5897,3839,74.8,"Tier 3: Joint Loan Needed",0
"LEAD-13284","Tan Faizal #3284","+60160003285","Shah Alam Vista",6008,3896,74.5,"Tier 3: Joint Loan Needed",0
"LEAD-13287","Farhan Hassan #3287","+60190003288","Bangsar South Suites",6119,3953,74.3,"Tier 3: Joint Loan Needed",0
"LEAD-13290","Jason Subramaniam #3290","+60140003291","Shah Alam Vista",6230,4010,74,"Tier 3: Joint Loan Needed",0
"LEAD-13293","Amir Goh #3293","+60170003294","Bangsar South Suites",6341,4067,73.7,"Tier 3: Joint Loan Needed",0
"LEAD-13296","Devi Hariz #3296","+60120003297","Shah Alam Vista",6452,4124,73.5,"Tier 3: Joint Loan Needed",0
"LEAD-13299","Grace Wei Lun #3299","+60150003300","Bangsar South Suites",6563,4181,73.2,"Tier 3: Joint Loan Needed",0
"LEAD-13302","Nurul Ibrahim #3302","+60180003303","Shah Alam Vista",6674,4238,73,"Tier 3: Joint Loan Needed",0
"LEAD-13305","Santhi Chen #3305","+60130003306","Bangsar South Suites",6785,4295,72.8,"Tier 3: Joint Loan Needed",0
"LEAD-13308","Sarah Nordin #3308","+60160003309","Shah Alam Vista",6896,4352,72.5,"Tier 3: Joint Loan Needed",0
"LEAD-13311","Siti Osman #3311","+60190003312","Bangsar South Suites",7007,4409,72.3,"Tier 3: Joint Loan Needed",0
"LEAD-13314","Syed Aini #3314","+60140003315","Shah Alam Vista",7118,4466,72.1,"Tier 3: Joint Loan Needed",0
"LEAD-13317","Azman Razif #3317","+60170003318","Bangsar South Suites",7229,1023,16.3,"Tier 1: Pre-Approved LPPSA/Bank",550108
"LEAD-13320","Muhammad Lee #3320","+60120003321","Shah Alam Vista",7340,1080,16.9,"Tier 1: Pre-Approved LPPSA/Bank",550296
"LEAD-13323","Wong Zulkifli #3323","+60150003324","Bangsar South Suites",7451,1137,17.5,"Tier 1: Pre-Approved LPPSA/Bank",550484
"LEAD-13326","Mohd Rosli #3326","+60180003327","Shah Alam Vista",7562,1194,18.1,"Tier 1: Pre-Approved LPPSA/Bank",550673
"LEAD-13329","Kevin Kumar #3329","+60130003330","Bangsar South Suites",7673,1251,18.7,"Tier 1: Pre-Approved LPPSA/Bank",550861
"LEAD-13332","Razif Faizal #3332","+60160003333","Shah Alam Vista",7784,1308,19.3,"Tier 1: Pre-Approved LPPSA/Bank",551050
"LEAD-13335","Chong Hassan #3335","+60190003336","Bangsar South Suites",7895,1365,19.9,"Tier 1: Pre-Approved LPPSA/Bank",551238
"LEAD-13338","Hafiz Subramaniam #3338","+60140003339","Shah Alam Vista",8006,1422,20.4,"Tier 1: Pre-Approved LPPSA/Bank",551426
"LEAD-13341","Ahmad Goh #3341","+60170003342","Bangsar South Suites",8117,1479,20.9,"Tier 1: Pre-Approved LPPSA/Bank",551615
"LEAD-13344","Tan Hariz #3344","+60120003345","Shah Alam Vista",8228,1536,21.5,"Tier 1: Pre-Approved LPPSA/Bank",551803
"LEAD-13347","Farhan Wei Lun #3347","+60150003348","Bangsar South Suites",8339,1593,22,"Tier 1: Pre-Approved LPPSA/Bank",551992
"LEAD-13350","Jason Ibrahim #3350","+60180003351","Shah Alam Vista",8450,1650,22.4,"Tier 1: Pre-Approved LPPSA/Bank",552180
"LEAD-13353","Amir Chen #3353","+60130003354","Bangsar South Suites",8561,1707,22.9,"Tier 1: Pre-Approved LPPSA/Bank",552368
"LEAD-13356","Devi Nordin #3356","+60160003357","Shah Alam Vista",8672,1764,23.4,"Tier 1: Pre-Approved LPPSA/Bank",552557
"LEAD-13359","Grace Osman #3359","+60190003360","Bangsar South Suites",8783,1821,23.8,"Tier 1: Pre-Approved LPPSA/Bank",552745
"LEAD-13362","Nurul Aini #3362","+60140003363","Shah Alam Vista",8894,1878,24.3,"Tier 1: Pre-Approved LPPSA/Bank",552934
"LEAD-13365","Santhi Razif #3365","+60170003366","Bangsar South Suites",9005,1935,24.7,"Tier 1: Pre-Approved LPPSA/Bank",553122
"LEAD-13368","Sarah Lee #3368","+60120003369","Shah Alam Vista",9116,1992,25.1,"Tier 1: Pre-Approved LPPSA/Bank",553310
"LEAD-13371","Siti Zulkifli #3371","+60150003372","Bangsar South Suites",9227,2049,25.5,"Tier 1: Pre-Approved LPPSA/Bank",553499
"LEAD-13374","Syed Rosli #3374","+60180003375","Shah Alam Vista",9338,2106,25.9,"Tier 1: Pre-Approved LPPSA/Bank",553687
"LEAD-13377","Azman Kumar #3377","+60130003378","Bangsar South Suites",9449,2163,26.3,"Tier 1: Pre-Approved LPPSA/Bank",553876
"LEAD-13380","Muhammad Faizal #3380","+60160003381","Shah Alam Vista",9560,2220,26.7,"Tier 1: Pre-Approved LPPSA/Bank",554064
"LEAD-13383","Wong Hassan #3383","+60190003384","Bangsar South Suites",9671,2277,27.1,"Tier 1: Pre-Approved LPPSA/Bank",554252
"LEAD-13386","Mohd Subramaniam #3386","+60140003387","Shah Alam Vista",9782,2334,27.4,"Tier 1: Pre-Approved LPPSA/Bank",554441
"LEAD-13389","Kevin Goh #3389","+60170003390","Bangsar South Suites",9893,2391,27.8,"Tier 1: Pre-Approved LPPSA/Bank",554629
"LEAD-13392","Razif Hariz #3392","+60120003393","Shah Alam Vista",10004,2448,28.1,"Tier 1: Pre-Approved LPPSA/Bank",554818
"LEAD-13395","Chong Wei Lun #3395","+60150003396","Bangsar South Suites",10115,2505,28.5,"Tier 1: Pre-Approved LPPSA/Bank",555006
"LEAD-13398","Hafiz Ibrahim #3398","+60180003399","Shah Alam Vista",10226,2562,28.8,"Tier 1: Pre-Approved LPPSA/Bank",555194
"LEAD-13401","Ahmad Chen #3401","+60130003402","Bangsar South Suites",10337,2619,29.1,"Tier 1: Pre-Approved LPPSA/Bank",555383
"LEAD-13404","Tan Nordin #3404","+60160003405","Shah Alam Vista",10448,2676,29.4,"Tier 1: Pre-Approved LPPSA/Bank",555571
"LEAD-13407","Farhan Osman #3407","+60190003408","Bangsar South Suites",10559,2733,29.8,"Tier 1: Pre-Approved LPPSA/Bank",555760
"LEAD-13410","Jason Aini #3410","+60140003411","Shah Alam Vista",10670,2790,30.1,"Tier 1: Pre-Approved LPPSA/Bank",555948
"LEAD-13413","Amir Razif #3413","+60170003414","Bangsar South Suites",10781,2847,30.4,"Tier 1: Pre-Approved LPPSA/Bank",556136
"LEAD-13416","Devi Lee #3416","+60120003417","Shah Alam Vista",10892,2904,30.6,"Tier 1: Pre-Approved LPPSA/Bank",556325
"LEAD-13419","Grace Zulkifli #3419","+60150003420","Bangsar South Suites",11003,2961,30.9,"Tier 1: Pre-Approved LPPSA/Bank",556513
"LEAD-13422","Nurul Rosli #3422","+60180003423","Shah Alam Vista",11114,3018,31.2,"Tier 1: Pre-Approved LPPSA/Bank",556702
"LEAD-13425","Santhi Kumar #3425","+60130003426","Bangsar South Suites",11225,3075,31.5,"Tier 1: Pre-Approved LPPSA/Bank",556890
"LEAD-13428","Sarah Faizal #3428","+60160003429","Shah Alam Vista",11336,3132,31.8,"Tier 1: Pre-Approved LPPSA/Bank",557078
"LEAD-13431","Siti Hassan #3431","+60190003432","Bangsar South Suites",11447,3189,32,"Tier 1: Pre-Approved LPPSA/Bank",557267
"LEAD-13434","Syed Subramaniam #3434","+60140003435","Shah Alam Vista",11558,3246,32.3,"Tier 1: Pre-Approved LPPSA/Bank",557455
"LEAD-13437","Azman Goh #3437","+60170003438","Bangsar South Suites",11669,3303,32.5,"Tier 1: Pre-Approved LPPSA/Bank",557644
"LEAD-13440","Muhammad Hariz #3440","+60120003441","Shah Alam Vista",11780,3360,32.8,"Tier 1: Pre-Approved LPPSA/Bank",557832
"LEAD-13443","Wong Wei Lun #3443","+60150003444","Bangsar South Suites",11891,3417,33,"Tier 1: Pre-Approved LPPSA/Bank",558020
"LEAD-13446","Mohd Ibrahim #3446","+60180003447","Shah Alam Vista",3502,3474,114,"Tier 4: High Risk DSR",0
"LEAD-13449","Kevin Chen #3449","+60130003450","Bangsar South Suites",3613,3531,112.3,"Tier 4: High Risk DSR",0
"LEAD-13452","Razif Nordin #3452","+60160003453","Shah Alam Vista",3724,3588,110.7,"Tier 4: High Risk DSR",0
"LEAD-13455","Chong Osman #3455","+60190003456","Bangsar South Suites",3835,3645,109.2,"Tier 4: High Risk DSR",0
"LEAD-13458","Hafiz Aini #3458","+60140003459","Shah Alam Vista",3946,3702,107.8,"Tier 4: High Risk DSR",0
"LEAD-13461","Ahmad Razif #3461","+60170003462","Bangsar South Suites",4057,3759,106.5,"Tier 4: High Risk DSR",0
"LEAD-13464","Tan Lee #3464","+60120003465","Shah Alam Vista",4168,3816,105.2,"Tier 4: High Risk DSR",0
"LEAD-13467","Farhan Zulkifli #3467","+60150003468","Bangsar South Suites",4279,3873,104,"Tier 4: High Risk DSR",0
"LEAD-13470","Jason Rosli #3470","+60180003471","Shah Alam Vista",4390,3930,102.9,"Tier 4: High Risk DSR",0
"LEAD-13473","Amir Kumar #3473","+60130003474","Bangsar South Suites",4501,3987,101.8,"Tier 4: High Risk DSR",0
"LEAD-13476","Devi Faizal #3476","+60160003477","Shah Alam Vista",4612,4044,100.8,"Tier 4: High Risk DSR",0
"LEAD-13479","Grace Hassan #3479","+60190003480","Bangsar South Suites",4723,4101,99.8,"Tier 4: High Risk DSR",0
"LEAD-13482","Nurul Subramaniam #3482","+60140003483","Shah Alam Vista",4834,4158,98.9,"Tier 4: High Risk DSR",0
"LEAD-13485","Santhi Goh #3485","+60170003486","Bangsar South Suites",4945,4215,98,"Tier 4: High Risk DSR",0
"LEAD-13488","Sarah Hariz #3488","+60120003489","Shah Alam Vista",5056,4272,97.1,"Tier 4: High Risk DSR",0
"LEAD-13491","Siti Wei Lun #3491","+60150003492","Bangsar South Suites",5167,4329,96.3,"Tier 4: High Risk DSR",0
"LEAD-13494","Syed Ibrahim #3494","+60180003495","Shah Alam Vista",5278,4386,95.5,"Tier 4: High Risk DSR",0
"LEAD-13497","Azman Chen #3497","+60130003498","Bangsar South Suites",5389,4443,94.8,"Tier 4: High Risk DSR",0
"LEAD-13500","Muhammad Nordin #3500","+60160003501","Shah Alam Vista",5500,1000,20.9,"Tier 2: Qualified Bank Loan",374200
"LEAD-13503","Wong Osman #3503","+60190003504","Bangsar South Suites",5611,1057,21.7,"Tier 2: Qualified Bank Loan",374388
"LEAD-13506","Mohd Aini #3506","+60140003507","Shah Alam Vista",5722,1114,22.4,"Tier 2: Qualified Bank Loan",374577
"LEAD-13509","Kevin Razif #3509","+60170003510","Bangsar South Suites",5833,1171,23.1,"Tier 2: Qualified Bank Loan",374765
"LEAD-13512","Razif Lee #3512","+60120003513","Shah Alam Vista",5944,1228,23.7,"Tier 2: Qualified Bank Loan",374954
"LEAD-13515","Chong Zulkifli #3515","+60150003516","Bangsar South Suites",6055,1285,24.4,"Tier 2: Qualified Bank Loan",375142
"LEAD-13518","Hafiz Rosli #3518","+60180003519","Shah Alam Vista",6166,1342,25,"Tier 2: Qualified Bank Loan",375330
"LEAD-13521","Ahmad Kumar #3521","+60130003522","Bangsar South Suites",6277,1399,25.6,"Tier 2: Qualified Bank Loan",375519
"LEAD-13524","Tan Faizal #3524","+60160003525","Shah Alam Vista",6388,1456,26.2,"Tier 2: Qualified Bank Loan",375707
"LEAD-13527","Farhan Hassan #3527","+60190003528","Bangsar South Suites",6499,1513,26.8,"Tier 2: Qualified Bank Loan",375896
"LEAD-13530","Jason Subramaniam #3530","+60140003531","Shah Alam Vista",6610,1570,27.3,"Tier 1: Pre-Approved LPPSA/Bank",376084
"LEAD-13533","Amir Goh #3533","+60170003534","Bangsar South Suites",6721,1627,27.8,"Tier 1: Pre-Approved LPPSA/Bank",376272
"LEAD-13536","Devi Hariz #3536","+60120003537","Shah Alam Vista",6832,1684,28.3,"Tier 1: Pre-Approved LPPSA/Bank",376461
"LEAD-13539","Grace Wei Lun #3539","+60150003540","Bangsar South Suites",6943,1741,28.8,"Tier 1: Pre-Approved LPPSA/Bank",376649
"LEAD-13542","Nurul Ibrahim #3542","+60180003543","Shah Alam Vista",7054,1798,29.3,"Tier 1: Pre-Approved LPPSA/Bank",376838
"LEAD-13545","Santhi Chen #3545","+60130003546","Bangsar South Suites",7165,1855,29.8,"Tier 1: Pre-Approved LPPSA/Bank",377026
"LEAD-13548","Sarah Nordin #3548","+60160003549","Shah Alam Vista",7276,1912,30.2,"Tier 1: Pre-Approved LPPSA/Bank",377214
"LEAD-13551","Siti Osman #3551","+60190003552","Bangsar South Suites",7387,1969,30.6,"Tier 1: Pre-Approved LPPSA/Bank",377403
"LEAD-13554","Syed Aini #3554","+60140003555","Shah Alam Vista",7498,2026,31.1,"Tier 1: Pre-Approved LPPSA/Bank",377591
"LEAD-13557","Azman Razif #3557","+60170003558","Bangsar South Suites",7609,2083,31.5,"Tier 1: Pre-Approved LPPSA/Bank",377780
"LEAD-13560","Muhammad Lee #3560","+60120003561","Shah Alam Vista",7720,2140,31.9,"Tier 1: Pre-Approved LPPSA/Bank",377968
"LEAD-13563","Wong Zulkifli #3563","+60150003564","Bangsar South Suites",7831,2197,32.2,"Tier 1: Pre-Approved LPPSA/Bank",378156
"LEAD-13566","Mohd Rosli #3566","+60180003567","Shah Alam Vista",7942,2254,32.6,"Tier 1: Pre-Approved LPPSA/Bank",378345
"LEAD-13569","Kevin Kumar #3569","+60130003570","Bangsar South Suites",8053,2311,33,"Tier 1: Pre-Approved LPPSA/Bank",378533
"LEAD-13572","Razif Faizal #3572","+60160003573","Shah Alam Vista",8164,2368,33.3,"Tier 1: Pre-Approved LPPSA/Bank",378722
"LEAD-13575","Chong Hassan #3575","+60190003576","Bangsar South Suites",8275,2425,33.7,"Tier 1: Pre-Approved LPPSA/Bank",378910
"LEAD-13578","Hafiz Subramaniam #3578","+60140003579","Shah Alam Vista",8386,2482,34,"Tier 1: Pre-Approved LPPSA/Bank",379098
"LEAD-13581","Ahmad Goh #3581","+60170003582","Bangsar South Suites",8497,2539,34.3,"Tier 1: Pre-Approved LPPSA/Bank",379287
"LEAD-13584","Tan Hariz #3584","+60120003585","Shah Alam Vista",8608,2596,34.7,"Tier 1: Pre-Approved LPPSA/Bank",379475
"LEAD-13587","Farhan Wei Lun #3587","+60150003588","Bangsar South Suites",8719,2653,35,"Tier 1: Pre-Approved LPPSA/Bank",379664
"LEAD-13590","Jason Ibrahim #3590","+60180003591","Shah Alam Vista",8830,2710,35.3,"Tier 1: Pre-Approved LPPSA/Bank",379852
"LEAD-13593","Amir Chen #3593","+60130003594","Bangsar South Suites",8941,2767,35.6,"Tier 1: Pre-Approved LPPSA/Bank",380040
"LEAD-13596","Devi Nordin #3596","+60160003597","Shah Alam Vista",9052,2824,35.9,"Tier 1: Pre-Approved LPPSA/Bank",380229
"LEAD-13599","Grace Osman #3599","+60190003600","Bangsar South Suites",9163,2881,36.1,"Tier 1: Pre-Approved LPPSA/Bank",380417
"LEAD-13602","Nurul Aini #3602","+60140003603","Shah Alam Vista",9274,2938,36.4,"Tier 1: Pre-Approved LPPSA/Bank",380606
"LEAD-13605","Santhi Razif #3605","+60170003606","Bangsar South Suites",9385,2995,36.7,"Tier 1: Pre-Approved LPPSA/Bank",380794
"LEAD-13608","Sarah Lee #3608","+60120003609","Shah Alam Vista",9496,3052,36.9,"Tier 1: Pre-Approved LPPSA/Bank",380982
"LEAD-13611","Siti Zulkifli #3611","+60150003612","Bangsar South Suites",9607,3109,37.2,"Tier 1: Pre-Approved LPPSA/Bank",381171
"LEAD-13614","Syed Rosli #3614","+60180003615","Shah Alam Vista",9718,3166,37.4,"Tier 1: Pre-Approved LPPSA/Bank",381359
"LEAD-13617","Azman Kumar #3617","+60130003618","Bangsar South Suites",9829,3223,37.7,"Tier 1: Pre-Approved LPPSA/Bank",381548
"LEAD-13620","Muhammad Faizal #3620","+60160003621","Shah Alam Vista",9940,3280,37.9,"Tier 1: Pre-Approved LPPSA/Bank",381736
"LEAD-13623","Wong Hassan #3623","+60190003624","Bangsar South Suites",10051,3337,38.2,"Tier 1: Pre-Approved LPPSA/Bank",381924
"LEAD-13626","Mohd Subramaniam #3626","+60140003627","Shah Alam Vista",10162,3394,38.4,"Tier 1: Pre-Approved LPPSA/Bank",382113
"LEAD-13629","Kevin Goh #3629","+60170003630","Bangsar South Suites",10273,3451,38.6,"Tier 1: Pre-Approved LPPSA/Bank",382301
"LEAD-13632","Razif Hariz #3632","+60120003633","Shah Alam Vista",10384,3508,38.8,"Tier 1: Pre-Approved LPPSA/Bank",382490
"LEAD-13635","Chong Wei Lun #3635","+60150003636","Bangsar South Suites",10495,3565,39,"Tier 1: Pre-Approved LPPSA/Bank",382678
"LEAD-13638","Hafiz Ibrahim #3638","+60180003639","Shah Alam Vista",10606,3622,39.3,"Tier 1: Pre-Approved LPPSA/Bank",382866
"LEAD-13641","Ahmad Chen #3641","+60130003642","Bangsar South Suites",10717,3679,39.5,"Tier 1: Pre-Approved LPPSA/Bank",383055
"LEAD-13644","Tan Nordin #3644","+60160003645","Shah Alam Vista",10828,3736,39.7,"Tier 1: Pre-Approved LPPSA/Bank",383243
"LEAD-13647","Farhan Osman #3647","+60190003648","Bangsar South Suites",10939,3793,39.9,"Tier 1: Pre-Approved LPPSA/Bank",383432
"LEAD-13650","Jason Aini #3650","+60140003651","Shah Alam Vista",11050,3850,40,"Tier 1: Pre-Approved LPPSA/Bank",383620
"LEAD-13653","Amir Razif #3653","+60170003654","Bangsar South Suites",11161,3907,40.2,"Tier 1: Pre-Approved LPPSA/Bank",383808
"LEAD-13656","Devi Lee #3656","+60120003657","Shah Alam Vista",11272,3964,40.4,"Tier 1: Pre-Approved LPPSA/Bank",383997
"LEAD-13659","Grace Zulkifli #3659","+60150003660","Bangsar South Suites",11383,4021,40.6,"Tier 1: Pre-Approved LPPSA/Bank",384185
"LEAD-13662","Nurul Rosli #3662","+60180003663","Shah Alam Vista",11494,4078,40.8,"Tier 1: Pre-Approved LPPSA/Bank",384374
"LEAD-13665","Santhi Kumar #3665","+60130003666","Bangsar South Suites",11605,4135,41,"Tier 1: Pre-Approved LPPSA/Bank",384562
"LEAD-13668","Sarah Faizal #3668","+60160003669","Shah Alam Vista",11716,4192,41.1,"Tier 1: Pre-Approved LPPSA/Bank",384750
"LEAD-13671","Siti Hassan #3671","+60190003672","Bangsar South Suites",11827,4249,41.3,"Tier 1: Pre-Approved LPPSA/Bank",384939
"LEAD-13674","Syed Subramaniam #3674","+60140003675","Shah Alam Vista",11938,4306,41.5,"Tier 1: Pre-Approved LPPSA/Bank",385127
"LEAD-13677","Azman Goh #3677","+60170003678","Bangsar South Suites",3549,4363,141.3,"Tier 4: High Risk DSR",0
"LEAD-13680","Muhammad Hariz #3680","+60120003681","Shah Alam Vista",3660,4420,138.8,"Tier 4: High Risk DSR",0
"LEAD-13683","Wong Wei Lun #3683","+60150003684","Bangsar South Suites",3771,4477,136.5,"Tier 4: High Risk DSR",0
"LEAD-13686","Mohd Ibrahim #3686","+60180003687","Shah Alam Vista",3882,1034,30.6,"Tier 3: Joint Loan Needed",198481
"LEAD-13689","Kevin Chen #3689","+60130003690","Bangsar South Suites",3993,1091,31.4,"Tier 3: Joint Loan Needed",198669
"LEAD-13692","Razif Nordin #3692","+60160003693","Shah Alam Vista",4104,1148,32.2,"Tier 3: Joint Loan Needed",198858
"LEAD-13695","Chong Osman #3695","+60190003696","Bangsar South Suites",4215,1205,32.9,"Tier 3: Joint Loan Needed",199046
"LEAD-13698","Hafiz Aini #3698","+60140003699","Shah Alam Vista",4326,1262,33.5,"Tier 3: Joint Loan Needed",199234
"LEAD-13701","Ahmad Razif #3701","+60170003702","Bangsar South Suites",4437,1319,34.2,"Tier 3: Joint Loan Needed",199423
"LEAD-13704","Tan Lee #3704","+60120003705","Shah Alam Vista",4548,1376,34.8,"Tier 2: Qualified Bank Loan",199611
"LEAD-13707","Farhan Zulkifli #3707","+60150003708","Bangsar South Suites",4659,1433,35.4,"Tier 2: Qualified Bank Loan",199800
"LEAD-13710","Jason Rosli #3710","+60180003711","Shah Alam Vista",4770,1490,35.9,"Tier 2: Qualified Bank Loan",199988
"LEAD-13713","Amir Kumar #3713","+60130003714","Bangsar South Suites",4881,1547,36.4,"Tier 2: Qualified Bank Loan",200176
"LEAD-13716","Devi Faizal #3716","+60160003717","Shah Alam Vista",4992,1604,36.9,"Tier 2: Qualified Bank Loan",200365
"LEAD-13719","Grace Hassan #3719","+60190003720","Bangsar South Suites",5103,1661,37.4,"Tier 2: Qualified Bank Loan",200553
"LEAD-13722","Nurul Subramaniam #3722","+60140003723","Shah Alam Vista",5214,1718,37.9,"Tier 2: Qualified Bank Loan",200742
"LEAD-13725","Santhi Goh #3725","+60170003726","Bangsar South Suites",5325,1775,38.3,"Tier 2: Qualified Bank Loan",200930
"LEAD-13728","Sarah Hariz #3728","+60120003729","Shah Alam Vista",5436,1832,38.7,"Tier 2: Qualified Bank Loan",201118
"LEAD-13731","Siti Wei Lun #3731","+60150003732","Bangsar South Suites",5547,1889,39.1,"Tier 2: Qualified Bank Loan",201307
"LEAD-13734","Syed Ibrahim #3734","+60180003735","Shah Alam Vista",5658,1946,39.5,"Tier 2: Qualified Bank Loan",201495
"LEAD-13737","Azman Chen #3737","+60130003738","Bangsar South Suites",5769,2003,39.9,"Tier 2: Qualified Bank Loan",201684
"LEAD-13740","Muhammad Nordin #3740","+60160003741","Shah Alam Vista",5880,2060,40.3,"Tier 2: Qualified Bank Loan",201872
"LEAD-13743","Wong Osman #3743","+60190003744","Bangsar South Suites",5991,2117,40.6,"Tier 2: Qualified Bank Loan",202060
"LEAD-13746","Mohd Aini #3746","+60140003747","Shah Alam Vista",6102,2174,41,"Tier 2: Qualified Bank Loan",202249
"LEAD-13749","Kevin Razif #3749","+60170003750","Bangsar South Suites",6213,2231,41.3,"Tier 2: Qualified Bank Loan",202437
"LEAD-13752","Razif Lee #3752","+60120003753","Shah Alam Vista",6324,2288,41.6,"Tier 2: Qualified Bank Loan",202626
"LEAD-13755","Chong Zulkifli #3755","+60150003756","Bangsar South Suites",6435,2345,41.9,"Tier 2: Qualified Bank Loan",202814
"LEAD-13758","Hafiz Rosli #3758","+60180003759","Shah Alam Vista",6546,2402,42.2,"Tier 1: Pre-Approved LPPSA/Bank",203002
"LEAD-13761","Ahmad Kumar #3761","+60130003762","Bangsar South Suites",6657,2459,42.5,"Tier 1: Pre-Approved LPPSA/Bank",203191
"LEAD-13764","Tan Faizal #3764","+60160003765","Shah Alam Vista",6768,2516,42.7,"Tier 1: Pre-Approved LPPSA/Bank",203379
"LEAD-13767","Farhan Hassan #3767","+60190003768","Bangsar South Suites",6879,2573,43,"Tier 1: Pre-Approved LPPSA/Bank",203568
"LEAD-13770","Jason Subramaniam #3770","+60140003771","Shah Alam Vista",6990,2630,43.2,"Tier 1: Pre-Approved LPPSA/Bank",203756
"LEAD-13773","Amir Goh #3773","+60170003774","Bangsar South Suites",7101,2687,43.5,"Tier 1: Pre-Approved LPPSA/Bank",203944
"LEAD-13776","Devi Hariz #3776","+60120003777","Shah Alam Vista",7212,2744,43.7,"Tier 1: Pre-Approved LPPSA/Bank",204133
"LEAD-13779","Grace Wei Lun #3779","+60150003780","Bangsar South Suites",7323,2801,44,"Tier 1: Pre-Approved LPPSA/Bank",204321
"LEAD-13782","Nurul Ibrahim #3782","+60180003783","Shah Alam Vista",7434,2858,44.2,"Tier 1: Pre-Approved LPPSA/Bank",204510
"LEAD-13785","Santhi Chen #3785","+60130003786","Bangsar South Suites",7545,2915,44.4,"Tier 1: Pre-Approved LPPSA/Bank",204698
"LEAD-13788","Sarah Nordin #3788","+60160003789","Shah Alam Vista",7656,2972,44.6,"Tier 1: Pre-Approved LPPSA/Bank",204886
"LEAD-13791","Siti Osman #3791","+60190003792","Bangsar South Suites",7767,3029,44.8,"Tier 1: Pre-Approved LPPSA/Bank",205075
"LEAD-13794","Syed Aini #3794","+60140003795","Shah Alam Vista",7878,3086,45,"Tier 2: Qualified Bank Loan",205263
"LEAD-13797","Azman Razif #3797","+60170003798","Bangsar South Suites",7989,3143,45.2,"Tier 2: Qualified Bank Loan",205452
"LEAD-13800","Muhammad Lee #3800","+60120003801","Shah Alam Vista",8100,3200,45.4,"Tier 2: Qualified Bank Loan",205640
"LEAD-13803","Wong Zulkifli #3803","+60150003804","Bangsar South Suites",8211,3257,45.6,"Tier 2: Qualified Bank Loan",205828
"LEAD-13806","Mohd Rosli #3806","+60180003807","Shah Alam Vista",8322,3314,45.8,"Tier 2: Qualified Bank Loan",206017
"LEAD-13809","Kevin Kumar #3809","+60130003810","Bangsar South Suites",8433,3371,45.9,"Tier 2: Qualified Bank Loan",206205
"LEAD-13812","Razif Faizal #3812","+60160003813","Shah Alam Vista",8544,3428,46.1,"Tier 2: Qualified Bank Loan",206394
"LEAD-13815","Chong Hassan #3815","+60190003816","Bangsar South Suites",8655,3485,46.3,"Tier 2: Qualified Bank Loan",206582
"LEAD-13818","Hafiz Subramaniam #3818","+60140003819","Shah Alam Vista",8766,3542,46.4,"Tier 2: Qualified Bank Loan",206770
"LEAD-13821","Ahmad Goh #3821","+60170003822","Bangsar South Suites",8877,3599,46.6,"Tier 2: Qualified Bank Loan",206959
"LEAD-13824","Tan Hariz #3824","+60120003825","Shah Alam Vista",8988,3656,46.8,"Tier 2: Qualified Bank Loan",207147
"LEAD-13827","Farhan Wei Lun #3827","+60150003828","Bangsar South Suites",9099,3713,46.9,"Tier 2: Qualified Bank Loan",207336
"LEAD-13830","Jason Ibrahim #3830","+60180003831","Shah Alam Vista",9210,3770,47.1,"Tier 2: Qualified Bank Loan",207524
"LEAD-13833","Amir Chen #3833","+60130003834","Bangsar South Suites",9321,3827,47.2,"Tier 2: Qualified Bank Loan",207712
"LEAD-13836","Devi Nordin #3836","+60160003837","Shah Alam Vista",9432,3884,47.3,"Tier 2: Qualified Bank Loan",207901
"LEAD-13839","Grace Osman #3839","+60190003840","Bangsar South Suites",9543,3941,47.5,"Tier 2: Qualified Bank Loan",208089
"LEAD-13842","Nurul Aini #3842","+60140003843","Shah Alam Vista",9654,3998,47.6,"Tier 2: Qualified Bank Loan",208278
"LEAD-13845","Santhi Razif #3845","+60170003846","Bangsar South Suites",9765,4055,47.7,"Tier 2: Qualified Bank Loan",208466
"LEAD-13848","Sarah Lee #3848","+60120003849","Shah Alam Vista",9876,4112,47.9,"Tier 2: Qualified Bank Loan",208654
"LEAD-13851","Siti Zulkifli #3851","+60150003852","Bangsar South Suites",9987,4169,48,"Tier 2: Qualified Bank Loan",208843
"LEAD-13854","Syed Rosli #3854","+60180003855","Shah Alam Vista",10098,4226,48.1,"Tier 2: Qualified Bank Loan",209031
"LEAD-13857","Azman Kumar #3857","+60130003858","Bangsar South Suites",10209,4283,48.2,"Tier 2: Qualified Bank Loan",209220
"LEAD-13860","Muhammad Faizal #3860","+60160003861","Shah Alam Vista",10320,4340,48.3,"Tier 2: Qualified Bank Loan",209408
"LEAD-13863","Wong Hassan #3863","+60190003864","Bangsar South Suites",10431,4397,48.5,"Tier 2: Qualified Bank Loan",209596
"LEAD-13866","Mohd Subramaniam #3866","+60140003867","Shah Alam Vista",10542,4454,48.6,"Tier 2: Qualified Bank Loan",209785
"LEAD-13869","Kevin Goh #3869","+60170003870","Bangsar South Suites",10653,1011,10.9,"Tier 1: Pre-Approved LPPSA/Bank",909973
"LEAD-13872","Razif Hariz #3872","+60120003873","Shah Alam Vista",10764,1068,11.4,"Tier 1: Pre-Approved LPPSA/Bank",910162
"LEAD-13875","Chong Wei Lun #3875","+60150003876","Bangsar South Suites",10875,1125,11.9,"Tier 1: Pre-Approved LPPSA/Bank",910350
"LEAD-13878","Hafiz Ibrahim #3878","+60180003879","Shah Alam Vista",10986,1182,12.4,"Tier 1: Pre-Approved LPPSA/Bank",910538
"LEAD-13881","Ahmad Chen #3881","+60130003882","Bangsar South Suites",11097,1239,12.8,"Tier 1: Pre-Approved LPPSA/Bank",910727
"LEAD-13884","Tan Nordin #3884","+60160003885","Shah Alam Vista",11208,1296,13.3,"Tier 1: Pre-Approved LPPSA/Bank",910915
"LEAD-13887","Farhan Osman #3887","+60190003888","Bangsar South Suites",11319,1353,13.7,"Tier 1: Pre-Approved LPPSA/Bank",911104
"LEAD-13890","Jason Aini #3890","+60140003891","Shah Alam Vista",11430,1410,14.2,"Tier 1: Pre-Approved LPPSA/Bank",911292
"LEAD-13893","Amir Razif #3893","+60170003894","Bangsar South Suites",11541,1467,14.6,"Tier 1: Pre-Approved LPPSA/Bank",911480
"LEAD-13896","Devi Lee #3896","+60120003897","Shah Alam Vista",11652,1524,15,"Tier 1: Pre-Approved LPPSA/Bank",911669
"LEAD-13899","Grace Zulkifli #3899","+60150003900","Bangsar South Suites",11763,1581,15.4,"Tier 1: Pre-Approved LPPSA/Bank",911857
"LEAD-13902","Nurul Rosli #3902","+60180003903","Shah Alam Vista",11874,1638,15.9,"Tier 1: Pre-Approved LPPSA/Bank",912046
"LEAD-13905","Santhi Kumar #3905","+60130003906","Bangsar South Suites",11985,1695,16.3,"Tier 1: Pre-Approved LPPSA/Bank",912234
"LEAD-13908","Sarah Faizal #3908","+60160003909","Shah Alam Vista",3596,1752,56,"Tier 3: Joint Loan Needed",25022
"LEAD-13911","Siti Hassan #3911","+60190003912","Bangsar South Suites",3707,1809,56.1,"Tier 3: Joint Loan Needed",25211
"LEAD-13914","Syed Subramaniam #3914","+60140003915","Shah Alam Vista",3818,1866,56.2,"Tier 3: Joint Loan Needed",25399
"LEAD-13917","Azman Goh #3917","+60170003918","Bangsar South Suites",3929,1923,56.3,"Tier 3: Joint Loan Needed",25588
"LEAD-13920","Muhammad Hariz #3920","+60120003921","Shah Alam Vista",4040,1980,56.3,"Tier 3: Joint Loan Needed",25776
"LEAD-13923","Wong Wei Lun #3923","+60150003924","Bangsar South Suites",4151,2037,56.4,"Tier 3: Joint Loan Needed",25964
"LEAD-13926","Mohd Ibrahim #3926","+60180003927","Shah Alam Vista",4262,2094,56.5,"Tier 3: Joint Loan Needed",26153
"LEAD-13929","Kevin Chen #3929","+60130003930","Bangsar South Suites",4373,2151,56.5,"Tier 3: Joint Loan Needed",26341
"LEAD-13932","Razif Nordin #3932","+60160003933","Shah Alam Vista",4484,2208,56.6,"Tier 3: Joint Loan Needed",26530
"LEAD-13935","Chong Osman #3935","+60190003936","Bangsar South Suites",4595,2265,56.7,"Tier 2: Qualified Bank Loan",26718
"LEAD-13938","Hafiz Aini #3938","+60140003939","Shah Alam Vista",4706,2322,56.7,"Tier 2: Qualified Bank Loan",26906
"LEAD-13941","Ahmad Razif #3941","+60170003942","Bangsar South Suites",4817,2379,56.8,"Tier 2: Qualified Bank Loan",27095
"LEAD-13944","Tan Lee #3944","+60120003945","Shah Alam Vista",4928,2436,56.8,"Tier 2: Qualified Bank Loan",27283
"LEAD-13947","Farhan Zulkifli #3947","+60150003948","Bangsar South Suites",5039,2493,56.9,"Tier 2: Qualified Bank Loan",27472
"LEAD-13950","Jason Rosli #3950","+60180003951","Shah Alam Vista",5150,2550,56.9,"Tier 2: Qualified Bank Loan",27660
"LEAD-13953","Amir Kumar #3953","+60130003954","Bangsar South Suites",5261,2607,57,"Tier 2: Qualified Bank Loan",27848
"LEAD-13956","Devi Faizal #3956","+60160003957","Shah Alam Vista",5372,2664,57,"Tier 2: Qualified Bank Loan",28037
"LEAD-13959","Grace Hassan #3959","+60190003960","Bangsar South Suites",5483,2721,57,"Tier 2: Qualified Bank Loan",28225
"LEAD-13962","Nurul Subramaniam #3962","+60140003963","Shah Alam Vista",5594,2778,57.1,"Tier 2: Qualified Bank Loan",28414
"LEAD-13965","Santhi Goh #3965","+60170003966","Bangsar South Suites",5705,2835,57.1,"Tier 2: Qualified Bank Loan",28602
"LEAD-13968","Sarah Hariz #3968","+60120003969","Shah Alam Vista",5816,2892,57.2,"Tier 2: Qualified Bank Loan",28790
"LEAD-13971","Siti Wei Lun #3971","+60150003972","Bangsar South Suites",5927,2949,57.2,"Tier 2: Qualified Bank Loan",28979
"LEAD-13974","Syed Ibrahim #3974","+60180003975","Shah Alam Vista",6038,3006,57.2,"Tier 2: Qualified Bank Loan",29167
"LEAD-13977","Azman Chen #3977","+60130003978","Bangsar South Suites",6149,3063,57.3,"Tier 2: Qualified Bank Loan",29356
"LEAD-13980","Muhammad Nordin #3980","+60160003981","Shah Alam Vista",6260,3120,57.3,"Tier 2: Qualified Bank Loan",29544
"LEAD-13983","Wong Osman #3983","+60190003984","Bangsar South Suites",6371,3177,57.3,"Tier 2: Qualified Bank Loan",29732
"LEAD-13986","Mohd Aini #3986","+60140003987","Shah Alam Vista",6482,3234,57.3,"Tier 2: Qualified Bank Loan",29921
"LEAD-13989","Kevin Razif #3989","+60170003990","Bangsar South Suites",6593,3291,57.4,"Tier 2: Qualified Bank Loan",30109
"LEAD-13992","Razif Lee #3992","+60120003993","Shah Alam Vista",6704,3348,57.4,"Tier 2: Qualified Bank Loan",30298
"LEAD-13995","Chong Zulkifli #3995","+60150003996","Bangsar South Suites",6815,3405,57.4,"Tier 2: Qualified Bank Loan",30486
"LEAD-13998","Hafiz Rosli #3998","+60180003999","Shah Alam Vista",6926,3462,57.5,"Tier 2: Qualified Bank Loan",30674
"LEAD-14001","Ahmad Kumar #4001","+60130004002","Bangsar South Suites",7037,3519,57.5,"Tier 2: Qualified Bank Loan",30863
"LEAD-14004","Tan Faizal #4004","+60160004005","Shah Alam Vista",7148,3576,57.5,"Tier 2: Qualified Bank Loan",31051
"LEAD-14007","Farhan Hassan #4007","+60190004008","Bangsar South Suites",7259,3633,57.5,"Tier 2: Qualified Bank Loan",31240
"LEAD-14010","Jason Subramaniam #4010","+60140004011","Shah Alam Vista",7370,3690,57.5,"Tier 2: Qualified Bank Loan",31428
"LEAD-14013","Amir Goh #4013","+60170004014","Bangsar South Suites",7481,3747,57.6,"Tier 2: Qualified Bank Loan",31616
"LEAD-14016","Devi Hariz #4016","+60120004017","Shah Alam Vista",7592,3804,57.6,"Tier 2: Qualified Bank Loan",31805
"LEAD-14019","Grace Wei Lun #4019","+60150004020","Bangsar South Suites",7703,3861,57.6,"Tier 2: Qualified Bank Loan",31993
"LEAD-14022","Nurul Ibrahim #4022","+60180004023","Shah Alam Vista",7814,3918,57.6,"Tier 2: Qualified Bank Loan",32182
"LEAD-14025","Santhi Chen #4025","+60130004026","Bangsar South Suites",7925,3975,57.7,"Tier 2: Qualified Bank Loan",32370
"LEAD-14028","Sarah Nordin #4028","+60160004029","Shah Alam Vista",8036,4032,57.7,"Tier 2: Qualified Bank Loan",32558
"LEAD-14031","Siti Osman #4031","+60190004032","Bangsar South Suites",8147,4089,57.7,"Tier 2: Qualified Bank Loan",32747
"LEAD-14034","Syed Aini #4034","+60140004035","Shah Alam Vista",8258,4146,57.7,"Tier 2: Qualified Bank Loan",32935
"LEAD-14037","Azman Razif #4037","+60170004038","Bangsar South Suites",8369,4203,57.7,"Tier 2: Qualified Bank Loan",33124
"LEAD-14040","Muhammad Lee #4040","+60120004041","Shah Alam Vista",8480,4260,57.7,"Tier 2: Qualified Bank Loan",33312
"LEAD-14043","Wong Zulkifli #4043","+60150004044","Bangsar South Suites",8591,4317,57.8,"Tier 2: Qualified Bank Loan",33500
"LEAD-14046","Mohd Rosli #4046","+60180004047","Shah Alam Vista",8702,4374,57.8,"Tier 2: Qualified Bank Loan",33689
"LEAD-14049","Kevin Kumar #4049","+60130004050","Bangsar South Suites",8813,4431,57.8,"Tier 2: Qualified Bank Loan",33877
"LEAD-14052","Razif Faizal #4052","+60160004053","Shah Alam Vista",8924,4488,57.8,"Tier 2: Qualified Bank Loan",34066
"LEAD-14055","Chong Hassan #4055","+60190004056","Bangsar South Suites",9035,1045,13.3,"Tier 1: Pre-Approved LPPSA/Bank",734254
"LEAD-14058","Hafiz Subramaniam #4058","+60140004059","Shah Alam Vista",9146,1102,13.8,"Tier 1: Pre-Approved LPPSA/Bank",734442
"LEAD-14061","Ahmad Goh #4061","+60170004062","Bangsar South Suites",9257,1159,14.4,"Tier 1: Pre-Approved LPPSA/Bank",734631
"LEAD-14064","Tan Hariz #4064","+60120004065","Shah Alam Vista",9368,1216,14.9,"Tier 1: Pre-Approved LPPSA/Bank",734819
"LEAD-14067","Farhan Wei Lun #4067","+60150004068","Bangsar South Suites",9479,1273,15.4,"Tier 1: Pre-Approved LPPSA/Bank",735008
"LEAD-14070","Jason Ibrahim #4070","+60180004071","Shah Alam Vista",9590,1330,15.9,"Tier 1: Pre-Approved LPPSA/Bank",735196
"LEAD-14073","Amir Chen #4073","+60130004074","Bangsar South Suites",9701,1387,16.4,"Tier 1: Pre-Approved LPPSA/Bank",735384
"LEAD-14076","Devi Nordin #4076","+60160004077","Shah Alam Vista",9812,1444,16.9,"Tier 1: Pre-Approved LPPSA/Bank",735573
"LEAD-14079","Grace Osman #4079","+60190004080","Bangsar South Suites",9923,1501,17.4,"Tier 1: Pre-Approved LPPSA/Bank",735761
"LEAD-14082","Nurul Aini #4082","+60140004083","Shah Alam Vista",10034,1558,17.8,"Tier 1: Pre-Approved LPPSA/Bank",735950
"LEAD-14085","Santhi Razif #4085","+60170004086","Bangsar South Suites",10145,1615,18.3,"Tier 1: Pre-Approved LPPSA/Bank",736138
"LEAD-14088","Sarah Lee #4088","+60120004089","Shah Alam Vista",10256,1672,18.7,"Tier 1: Pre-Approved LPPSA/Bank",736326
"LEAD-14091","Siti Zulkifli #4091","+60150004092","Bangsar South Suites",10367,1729,19.2,"Tier 1: Pre-Approved LPPSA/Bank",736515
"LEAD-14094","Syed Rosli #4094","+60180004095","Shah Alam Vista",10478,1786,19.6,"Tier 1: Pre-Approved LPPSA/Bank",736703
"LEAD-14097","Azman Kumar #4097","+60130004098","Bangsar South Suites",10589,1843,20,"Tier 1: Pre-Approved LPPSA/Bank",736892
"LEAD-14100","Muhammad Faizal #4100","+60160004101","Shah Alam Vista",10700,1900,20.4,"Tier 1: Pre-Approved LPPSA/Bank",737080
"LEAD-14103","Wong Hassan #4103","+60190004104","Bangsar South Suites",10811,1957,20.8,"Tier 1: Pre-Approved LPPSA/Bank",737268
"LEAD-14106","Mohd Subramaniam #4106","+60140004107","Shah Alam Vista",10922,2014,21.2,"Tier 1: Pre-Approved LPPSA/Bank",737457
"LEAD-14109","Kevin Goh #4109","+60170004110","Bangsar South Suites",11033,2071,21.6,"Tier 1: Pre-Approved LPPSA/Bank",737645
"LEAD-14112","Razif Hariz #4112","+60120004113","Shah Alam Vista",11144,2128,21.9,"Tier 1: Pre-Approved LPPSA/Bank",737834
"LEAD-14115","Chong Wei Lun #4115","+60150004116","Bangsar South Suites",11255,2185,22.3,"Tier 1: Pre-Approved LPPSA/Bank",738022
"LEAD-14118","Hafiz Ibrahim #4118","+60180004119","Shah Alam Vista",11366,2242,22.7,"Tier 1: Pre-Approved LPPSA/Bank",738210
"LEAD-14121","Ahmad Chen #4121","+60130004122","Bangsar South Suites",11477,2299,23,"Tier 1: Pre-Approved LPPSA/Bank",738399
"LEAD-14124","Tan Nordin #4124","+60160004125","Shah Alam Vista",11588,2356,23.4,"Tier 1: Pre-Approved LPPSA/Bank",738587
"LEAD-14127","Farhan Osman #4127","+60190004128","Bangsar South Suites",11699,2413,23.7,"Tier 1: Pre-Approved LPPSA/Bank",738776
"LEAD-14130","Jason Aini #4130","+60140004131","Shah Alam Vista",11810,2470,24,"Tier 1: Pre-Approved LPPSA/Bank",738964
"LEAD-14133","Amir Razif #4133","+60170004134","Bangsar South Suites",11921,2527,24.4,"Tier 1: Pre-Approved LPPSA/Bank",739152
"LEAD-14136","Devi Lee #4136","+60120004137","Shah Alam Vista",3532,2584,84.1,"Tier 4: High Risk DSR",0
"LEAD-14139","Grace Zulkifli #4139","+60150004140","Bangsar South Suites",3643,2641,83.3,"Tier 4: High Risk DSR",0
"LEAD-14142","Nurul Rosli #4142","+60180004143","Shah Alam Vista",3754,2698,82.6,"Tier 4: High Risk DSR",0
"LEAD-14145","Santhi Kumar #4145","+60130004146","Bangsar South Suites",3865,2755,81.9,"Tier 4: High Risk DSR",0
"LEAD-14148","Sarah Faizal #4148","+60160004149","Shah Alam Vista",3976,2812,81.3,"Tier 4: High Risk DSR",0
"LEAD-14151","Siti Hassan #4151","+60190004152","Bangsar South Suites",4087,2869,80.7,"Tier 4: High Risk DSR",0
"LEAD-14154","Syed Subramaniam #4154","+60140004155","Shah Alam Vista",4198,2926,80.1,"Tier 4: High Risk DSR",0
"LEAD-14157","Azman Goh #4157","+60170004158","Bangsar South Suites",4309,2983,79.6,"Tier 4: High Risk DSR",0
"LEAD-14160","Muhammad Hariz #4160","+60120004161","Shah Alam Vista",4420,3040,79.1,"Tier 4: High Risk DSR",0
"LEAD-14163","Wong Wei Lun #4163","+60150004164","Bangsar South Suites",4531,3097,78.6,"Tier 4: High Risk DSR",0
"LEAD-14166","Mohd Ibrahim #4166","+60180004167","Shah Alam Vista",4642,3154,78.1,"Tier 4: High Risk DSR",0
"LEAD-14169","Kevin Chen #4169","+60130004170","Bangsar South Suites",4753,3211,77.7,"Tier 4: High Risk DSR",0
"LEAD-14172","Razif Nordin #4172","+60160004173","Shah Alam Vista",4864,3268,77.2,"Tier 4: High Risk DSR",0
"LEAD-14175","Chong Osman #4175","+60190004176","Bangsar South Suites",4975,3325,76.8,"Tier 4: High Risk DSR",0
"LEAD-14178","Hafiz Aini #4178","+60140004179","Shah Alam Vista",5086,3382,76.4,"Tier 4: High Risk DSR",0
"LEAD-14181","Ahmad Razif #4181","+60170004182","Bangsar South Suites",5197,3439,76.1,"Tier 4: High Risk DSR",0
"LEAD-14184","Tan Lee #4184","+60120004185","Shah Alam Vista",5308,3496,75.7,"Tier 4: High Risk DSR",0
"LEAD-14187","Farhan Zulkifli #4187","+60150004188","Bangsar South Suites",5419,3553,75.4,"Tier 4: High Risk DSR",0
"LEAD-14190","Jason Rosli #4190","+60180004191","Shah Alam Vista",5530,3610,75,"Tier 4: High Risk DSR",0
"LEAD-14193","Amir Kumar #4193","+60130004194","Bangsar South Suites",5641,3667,74.7,"Tier 3: Joint Loan Needed",0
"LEAD-14196","Devi Faizal #4196","+60160004197","Shah Alam Vista",5752,3724,74.4,"Tier 3: Joint Loan Needed",0
"LEAD-14199","Grace Hassan #4199","+60190004200","Bangsar South Suites",5863,3781,74.1,"Tier 3: Joint Loan Needed",0
"LEAD-14202","Nurul Subramaniam #4202","+60140004203","Shah Alam Vista",5974,3838,73.8,"Tier 3: Joint Loan Needed",0
"LEAD-14205","Santhi Goh #4205","+60170004206","Bangsar South Suites",6085,3895,73.6,"Tier 3: Joint Loan Needed",0
"LEAD-14208","Sarah Hariz #4208","+60120004209","Shah Alam Vista",6196,3952,73.3,"Tier 3: Joint Loan Needed",0
"LEAD-14211","Siti Wei Lun #4211","+60150004212","Bangsar South Suites",6307,4009,73.1,"Tier 3: Joint Loan Needed",0
"LEAD-14214","Syed Ibrahim #4214","+60180004215","Shah Alam Vista",6418,4066,72.8,"Tier 3: Joint Loan Needed",0
"LEAD-14217","Azman Chen #4217","+60130004218","Bangsar South Suites",6529,4123,72.6,"Tier 3: Joint Loan Needed",0
"LEAD-14220","Muhammad Nordin #4220","+60160004221","Shah Alam Vista",6640,4180,72.4,"Tier 3: Joint Loan Needed",0
"LEAD-14223","Wong Osman #4223","+60190004224","Bangsar South Suites",6751,4237,72.1,"Tier 3: Joint Loan Needed",0
"LEAD-14226","Mohd Aini #4226","+60140004227","Shah Alam Vista",6862,4294,71.9,"Tier 3: Joint Loan Needed",0
"LEAD-14229","Kevin Razif #4229","+60170004230","Bangsar South Suites",6973,4351,71.7,"Tier 3: Joint Loan Needed",0
"LEAD-14232","Razif Lee #4232","+60120004233","Shah Alam Vista",7084,4408,71.5,"Tier 3: Joint Loan Needed",0
"LEAD-14235","Chong Zulkifli #4235","+60150004236","Bangsar South Suites",7195,4465,71.3,"Tier 3: Joint Loan Needed",0
"LEAD-14238","Hafiz Rosli #4238","+60180004239","Shah Alam Vista",7306,1022,16.1,"Tier 1: Pre-Approved LPPSA/Bank",558346
"LEAD-14241","Ahmad Kumar #4241","+60130004242","Bangsar South Suites",7417,1079,16.7,"Tier 1: Pre-Approved LPPSA/Bank",558535
"LEAD-14244","Tan Faizal #4244","+60160004245","Shah Alam Vista",7528,1136,17.3,"Tier 1: Pre-Approved LPPSA/Bank",558723
"LEAD-14247","Farhan Hassan #4247","+60190004248","Bangsar South Suites",7639,1193,18,"Tier 1: Pre-Approved LPPSA/Bank",558912
"LEAD-14250","Jason Subramaniam #4250","+60140004251","Shah Alam Vista",7750,1250,18.5,"Tier 1: Pre-Approved LPPSA/Bank",559100
"LEAD-14253","Amir Goh #4253","+60170004254","Bangsar South Suites",7861,1307,19.1,"Tier 1: Pre-Approved LPPSA/Bank",559288
"LEAD-14256","Devi Hariz #4256","+60120004257","Shah Alam Vista",7972,1364,19.7,"Tier 1: Pre-Approved LPPSA/Bank",559477
"LEAD-14259","Grace Wei Lun #4259","+60150004260","Bangsar South Suites",8083,1421,20.2,"Tier 1: Pre-Approved LPPSA/Bank",559665
"LEAD-14262","Nurul Ibrahim #4262","+60180004263","Shah Alam Vista",8194,1478,20.7,"Tier 1: Pre-Approved LPPSA/Bank",559854
"LEAD-14265","Santhi Chen #4265","+60130004266","Bangsar South Suites",8305,1535,21.2,"Tier 1: Pre-Approved LPPSA/Bank",560042
"LEAD-14268","Sarah Nordin #4268","+60160004269","Shah Alam Vista",8416,1592,21.7,"Tier 1: Pre-Approved LPPSA/Bank",560230
"LEAD-14271","Siti Osman #4271","+60190004272","Bangsar South Suites",8527,1649,22.2,"Tier 1: Pre-Approved LPPSA/Bank",560419
"LEAD-14274","Syed Aini #4274","+60140004275","Shah Alam Vista",8638,1706,22.7,"Tier 1: Pre-Approved LPPSA/Bank",560607
"LEAD-14277","Azman Razif #4277","+60170004278","Bangsar South Suites",8749,1763,23.2,"Tier 1: Pre-Approved LPPSA/Bank",560796
"LEAD-14280","Muhammad Lee #4280","+60120004281","Shah Alam Vista",8860,1820,23.6,"Tier 1: Pre-Approved LPPSA/Bank",560984
"LEAD-14283","Wong Zulkifli #4283","+60150004284","Bangsar South Suites",8971,1877,24,"Tier 1: Pre-Approved LPPSA/Bank",561172
"LEAD-14286","Mohd Rosli #4286","+60180004287","Shah Alam Vista",9082,1934,24.5,"Tier 1: Pre-Approved LPPSA/Bank",561361
"LEAD-14289","Kevin Kumar #4289","+60130004290","Bangsar South Suites",9193,1991,24.9,"Tier 1: Pre-Approved LPPSA/Bank",561549
"LEAD-14292","Razif Faizal #4292","+60160004293","Shah Alam Vista",9304,2048,25.3,"Tier 1: Pre-Approved LPPSA/Bank",561738
"LEAD-14295","Chong Hassan #4295","+60190004296","Bangsar South Suites",9415,2105,25.7,"Tier 1: Pre-Approved LPPSA/Bank",561926
"LEAD-14298","Hafiz Subramaniam #4298","+60140004299","Shah Alam Vista",9526,2162,26.1,"Tier 1: Pre-Approved LPPSA/Bank",562114
"LEAD-14301","Ahmad Goh #4301","+60170004302","Bangsar South Suites",9637,2219,26.5,"Tier 1: Pre-Approved LPPSA/Bank",562303
"LEAD-14304","Tan Hariz #4304","+60120004305","Shah Alam Vista",9748,2276,26.8,"Tier 1: Pre-Approved LPPSA/Bank",562491
"LEAD-14307","Farhan Wei Lun #4307","+60150004308","Bangsar South Suites",9859,2333,27.2,"Tier 1: Pre-Approved LPPSA/Bank",562680
"LEAD-14310","Jason Ibrahim #4310","+60180004311","Shah Alam Vista",9970,2390,27.6,"Tier 1: Pre-Approved LPPSA/Bank",562868
"LEAD-14313","Amir Chen #4313","+60130004314","Bangsar South Suites",10081,2447,27.9,"Tier 1: Pre-Approved LPPSA/Bank",563056
"LEAD-14316","Devi Nordin #4316","+60160004317","Shah Alam Vista",10192,2504,28.2,"Tier 1: Pre-Approved LPPSA/Bank",563245
"LEAD-14319","Grace Osman #4319","+60190004320","Bangsar South Suites",10303,2561,28.6,"Tier 1: Pre-Approved LPPSA/Bank",563433
"LEAD-14322","Nurul Aini #4322","+60140004323","Shah Alam Vista",10414,2618,28.9,"Tier 1: Pre-Approved LPPSA/Bank",563622
"LEAD-14325","Santhi Razif #4325","+60170004326","Bangsar South Suites",10525,2675,29.2,"Tier 1: Pre-Approved LPPSA/Bank",563810
"LEAD-14328","Sarah Lee #4328","+60120004329","Shah Alam Vista",10636,2732,29.5,"Tier 1: Pre-Approved LPPSA/Bank",563998
"LEAD-14331","Siti Zulkifli #4331","+60150004332","Bangsar South Suites",10747,2789,29.8,"Tier 1: Pre-Approved LPPSA/Bank",564187
"LEAD-14334","Syed Rosli #4334","+60180004335","Shah Alam Vista",10858,2846,30.1,"Tier 1: Pre-Approved LPPSA/Bank",564375
"LEAD-14337","Azman Kumar #4337","+60130004338","Bangsar South Suites",10969,2903,30.4,"Tier 1: Pre-Approved LPPSA/Bank",564564
"LEAD-14340","Muhammad Faizal #4340","+60160004341","Shah Alam Vista",11080,2960,30.7,"Tier 1: Pre-Approved LPPSA/Bank",564752
"LEAD-14343","Wong Hassan #4343","+60190004344","Bangsar South Suites",11191,3017,31,"Tier 1: Pre-Approved LPPSA/Bank",564940
"LEAD-14346","Mohd Subramaniam #4346","+60140004347","Shah Alam Vista",11302,3074,31.3,"Tier 1: Pre-Approved LPPSA/Bank",565129
"LEAD-14349","Kevin Goh #4349","+60170004350","Bangsar South Suites",11413,3131,31.5,"Tier 1: Pre-Approved LPPSA/Bank",565317
"LEAD-14352","Razif Hariz #4352","+60120004353","Shah Alam Vista",11524,3188,31.8,"Tier 1: Pre-Approved LPPSA/Bank",565506
"LEAD-14355","Chong Wei Lun #4355","+60150004356","Bangsar South Suites",11635,3245,32.1,"Tier 1: Pre-Approved LPPSA/Bank",565694
"LEAD-14358","Hafiz Ibrahim #4358","+60180004359","Shah Alam Vista",11746,3302,32.3,"Tier 1: Pre-Approved LPPSA/Bank",565882
"LEAD-14361","Ahmad Chen #4361","+60130004362","Bangsar South Suites",11857,3359,32.6,"Tier 1: Pre-Approved LPPSA/Bank",566071
"LEAD-14364","Tan Nordin #4364","+60160004365","Shah Alam Vista",11968,3416,32.8,"Tier 1: Pre-Approved LPPSA/Bank",566259
"LEAD-14367","Farhan Osman #4367","+60190004368","Bangsar South Suites",3579,3473,111.5,"Tier 4: High Risk DSR",0
"LEAD-14370","Jason Aini #4370","+60140004371","Shah Alam Vista",3690,3530,110,"Tier 4: High Risk DSR",0
"LEAD-14373","Amir Razif #4373","+60170004374","Bangsar South Suites",3801,3587,108.5,"Tier 4: High Risk DSR",0
"LEAD-14376","Devi Lee #4376","+60120004377","Shah Alam Vista",3912,3644,107.1,"Tier 4: High Risk DSR",0
"LEAD-14379","Grace Zulkifli #4379","+60150004380","Bangsar South Suites",4023,3701,105.7,"Tier 4: High Risk DSR",0
"LEAD-14382","Nurul Rosli #4382","+60180004383","Shah Alam Vista",4134,3758,104.5,"Tier 4: High Risk DSR",0
"LEAD-14385","Santhi Kumar #4385","+60130004386","Bangsar South Suites",4245,3815,103.3,"Tier 4: High Risk DSR",0
"LEAD-14388","Sarah Faizal #4388","+60160004389","Shah Alam Vista",4356,3872,102.2,"Tier 4: High Risk DSR",0
"LEAD-14391","Siti Hassan #4391","+60190004392","Bangsar South Suites",4467,3929,101.1,"Tier 4: High Risk DSR",0
"LEAD-14394","Syed Subramaniam #4394","+60140004395","Shah Alam Vista",4578,3986,100.1,"Tier 4: High Risk DSR",0
"LEAD-14397","Azman Goh #4397","+60170004398","Bangsar South Suites",4689,4043,99.1,"Tier 4: High Risk DSR",0
"LEAD-14400","Muhammad Hariz #4400","+60120004401","Shah Alam Vista",4800,4100,98.2,"Tier 4: High Risk DSR",0
"LEAD-14403","Wong Wei Lun #4403","+60150004404","Bangsar South Suites",4911,4157,97.3,"Tier 4: High Risk DSR",0
"LEAD-14406","Mohd Ibrahim #4406","+60180004407","Shah Alam Vista",5022,4214,96.4,"Tier 4: High Risk DSR",0
"LEAD-14409","Kevin Chen #4409","+60130004410","Bangsar South Suites",5133,4271,95.6,"Tier 4: High Risk DSR",0
"LEAD-14412","Razif Nordin #4412","+60160004413","Shah Alam Vista",5244,4328,94.9,"Tier 4: High Risk DSR",0
"LEAD-14415","Chong Osman #4415","+60190004416","Bangsar South Suites",5355,4385,94.1,"Tier 4: High Risk DSR",0
"LEAD-14418","Hafiz Aini #4418","+60140004419","Shah Alam Vista",5466,4442,93.4,"Tier 4: High Risk DSR",0
"LEAD-14421","Ahmad Razif #4421","+60170004422","Bangsar South Suites",5577,4499,92.7,"Tier 4: High Risk DSR",0
"LEAD-14424","Tan Lee #4424","+60120004425","Shah Alam Vista",5688,1056,21.3,"Tier 2: Qualified Bank Loan",382627
"LEAD-14427","Farhan Zulkifli #4427","+60150004428","Bangsar South Suites",5799,1113,22.1,"Tier 2: Qualified Bank Loan",382816
"LEAD-14430","Jason Rosli #4430","+60180004431","Shah Alam Vista",5910,1170,22.8,"Tier 2: Qualified Bank Loan",383004
"LEAD-14433","Amir Kumar #4433","+60130004434","Bangsar South Suites",6021,1227,23.4,"Tier 2: Qualified Bank Loan",383192
"LEAD-14436","Devi Faizal #4436","+60160004437","Shah Alam Vista",6132,1284,24.1,"Tier 2: Qualified Bank Loan",383381
"LEAD-14439","Grace Hassan #4439","+60190004440","Bangsar South Suites",6243,1341,24.7,"Tier 2: Qualified Bank Loan",383569
"LEAD-14442","Nurul Subramaniam #4442","+60140004443","Shah Alam Vista",6354,1398,25.3,"Tier 2: Qualified Bank Loan",383758
"LEAD-14445","Santhi Goh #4445","+60170004446","Bangsar South Suites",6465,1455,25.9,"Tier 2: Qualified Bank Loan",383946
"LEAD-14448","Sarah Hariz #4448","+60120004449","Shah Alam Vista",6576,1512,26.4,"Tier 1: Pre-Approved LPPSA/Bank",384134
"LEAD-14451","Siti Wei Lun #4451","+60150004452","Bangsar South Suites",6687,1569,27,"Tier 1: Pre-Approved LPPSA/Bank",384323
"LEAD-14454","Syed Ibrahim #4454","+60180004455","Shah Alam Vista",6798,1626,27.5,"Tier 1: Pre-Approved LPPSA/Bank",384511
"LEAD-14457","Azman Chen #4457","+60130004458","Bangsar South Suites",6909,1683,28,"Tier 1: Pre-Approved LPPSA/Bank",384700
"LEAD-14460","Muhammad Nordin #4460","+60160004461","Shah Alam Vista",7020,1740,28.5,"Tier 1: Pre-Approved LPPSA/Bank",384888
"LEAD-14463","Wong Osman #4463","+60190004464","Bangsar South Suites",7131,1797,29,"Tier 1: Pre-Approved LPPSA/Bank",385076
"LEAD-14466","Mohd Aini #4466","+60140004467","Shah Alam Vista",7242,1854,29.4,"Tier 1: Pre-Approved LPPSA/Bank",385265
"LEAD-14469","Kevin Razif #4469","+60170004470","Bangsar South Suites",7353,1911,29.9,"Tier 1: Pre-Approved LPPSA/Bank",385453
"LEAD-14472","Razif Lee #4472","+60120004473","Shah Alam Vista",7464,1968,30.3,"Tier 1: Pre-Approved LPPSA/Bank",385642
"LEAD-14475","Chong Zulkifli #4475","+60150004476","Bangsar South Suites",7575,2025,30.7,"Tier 1: Pre-Approved LPPSA/Bank",385830
"LEAD-14478","Hafiz Rosli #4478","+60180004479","Shah Alam Vista",7686,2082,31.1,"Tier 1: Pre-Approved LPPSA/Bank",386018
"LEAD-14481","Ahmad Kumar #4481","+60130004482","Bangsar South Suites",7797,2139,31.5,"Tier 1: Pre-Approved LPPSA/Bank",386207
"LEAD-14484","Tan Faizal #4484","+60160004485","Shah Alam Vista",7908,2196,31.9,"Tier 1: Pre-Approved LPPSA/Bank",386395
"LEAD-14487","Farhan Hassan #4487","+60190004488","Bangsar South Suites",8019,2253,32.3,"Tier 1: Pre-Approved LPPSA/Bank",386584
"LEAD-14490","Jason Subramaniam #4490","+60140004491","Shah Alam Vista",8130,2310,32.7,"Tier 1: Pre-Approved LPPSA/Bank",386772
"LEAD-14493","Amir Goh #4493","+60170004494","Bangsar South Suites",8241,2367,33,"Tier 1: Pre-Approved LPPSA/Bank",386960
"LEAD-14496","Devi Hariz #4496","+60120004497","Shah Alam Vista",8352,2424,33.4,"Tier 1: Pre-Approved LPPSA/Bank",387149
"LEAD-14499","Grace Wei Lun #4499","+60150004500","Bangsar South Suites",8463,2481,33.7,"Tier 1: Pre-Approved LPPSA/Bank",387337
"LEAD-14502","Nurul Ibrahim #4502","+60180004503","Shah Alam Vista",8574,2538,34,"Tier 1: Pre-Approved LPPSA/Bank",387526
"LEAD-14505","Santhi Chen #4505","+60130004506","Bangsar South Suites",8685,2595,34.3,"Tier 1: Pre-Approved LPPSA/Bank",387714
"LEAD-14508","Sarah Nordin #4508","+60160004509","Shah Alam Vista",8796,2652,34.7,"Tier 1: Pre-Approved LPPSA/Bank",387902
"LEAD-14511","Siti Osman #4511","+60190004512","Bangsar South Suites",8907,2709,35,"Tier 1: Pre-Approved LPPSA/Bank",388091
"LEAD-14514","Syed Aini #4514","+60140004515","Shah Alam Vista",9018,2766,35.3,"Tier 1: Pre-Approved LPPSA/Bank",388279
"LEAD-14517","Azman Razif #4517","+60170004518","Bangsar South Suites",9129,2823,35.5,"Tier 1: Pre-Approved LPPSA/Bank",388468
"LEAD-14520","Muhammad Lee #4520","+60120004521","Shah Alam Vista",9240,2880,35.8,"Tier 1: Pre-Approved LPPSA/Bank",388656
"LEAD-14523","Wong Zulkifli #4523","+60150004524","Bangsar South Suites",9351,2937,36.1,"Tier 1: Pre-Approved LPPSA/Bank",388844
"LEAD-14526","Mohd Rosli #4526","+60180004527","Shah Alam Vista",9462,2994,36.4,"Tier 1: Pre-Approved LPPSA/Bank",389033
"LEAD-14529","Kevin Kumar #4529","+60130004530","Bangsar South Suites",9573,3051,36.6,"Tier 1: Pre-Approved LPPSA/Bank",389221
"LEAD-14532","Razif Faizal #4532","+60160004533","Shah Alam Vista",9684,3108,36.9,"Tier 1: Pre-Approved LPPSA/Bank",389410
"LEAD-14535","Chong Hassan #4535","+60190004536","Bangsar South Suites",9795,3165,37.1,"Tier 1: Pre-Approved LPPSA/Bank",389598
"LEAD-14538","Hafiz Subramaniam #4538","+60140004539","Shah Alam Vista",9906,3222,37.4,"Tier 1: Pre-Approved LPPSA/Bank",389786
"LEAD-14541","Ahmad Goh #4541","+60170004542","Bangsar South Suites",10017,3279,37.6,"Tier 1: Pre-Approved LPPSA/Bank",389975
"LEAD-14544","Tan Hariz #4544","+60120004545","Shah Alam Vista",10128,3336,37.9,"Tier 1: Pre-Approved LPPSA/Bank",390163
"LEAD-14547","Farhan Wei Lun #4547","+60150004548","Bangsar South Suites",10239,3393,38.1,"Tier 1: Pre-Approved LPPSA/Bank",390352
"LEAD-14550","Jason Ibrahim #4550","+60180004551","Shah Alam Vista",10350,3450,38.3,"Tier 1: Pre-Approved LPPSA/Bank",390540
"LEAD-14553","Amir Chen #4553","+60130004554","Bangsar South Suites",10461,3507,38.5,"Tier 1: Pre-Approved LPPSA/Bank",390728
"LEAD-14556","Devi Nordin #4556","+60160004557","Shah Alam Vista",10572,3564,38.7,"Tier 1: Pre-Approved LPPSA/Bank",390917
"LEAD-14559","Grace Osman #4559","+60190004560","Bangsar South Suites",10683,3621,39,"Tier 1: Pre-Approved LPPSA/Bank",391105
"LEAD-14562","Nurul Aini #4562","+60140004563","Shah Alam Vista",10794,3678,39.2,"Tier 1: Pre-Approved LPPSA/Bank",391294
"LEAD-14565","Santhi Razif #4565","+60170004566","Bangsar South Suites",10905,3735,39.4,"Tier 1: Pre-Approved LPPSA/Bank",391482
"LEAD-14568","Sarah Lee #4568","+60120004569","Shah Alam Vista",11016,3792,39.6,"Tier 1: Pre-Approved LPPSA/Bank",391670
"LEAD-14571","Siti Zulkifli #4571","+60150004572","Bangsar South Suites",11127,3849,39.8,"Tier 1: Pre-Approved LPPSA/Bank",391859
"LEAD-14574","Syed Rosli #4574","+60180004575","Shah Alam Vista",11238,3906,40,"Tier 1: Pre-Approved LPPSA/Bank",392047
"LEAD-14577","Azman Kumar #4577","+60130004578","Bangsar South Suites",11349,3963,40.1,"Tier 1: Pre-Approved LPPSA/Bank",392236
"LEAD-14580","Muhammad Faizal #4580","+60160004581","Shah Alam Vista",11460,4020,40.3,"Tier 1: Pre-Approved LPPSA/Bank",392424
"LEAD-14583","Wong Hassan #4583","+60190004584","Bangsar South Suites",11571,4077,40.5,"Tier 1: Pre-Approved LPPSA/Bank",392612
"LEAD-14586","Mohd Subramaniam #4586","+60140004587","Shah Alam Vista",11682,4134,40.7,"Tier 1: Pre-Approved LPPSA/Bank",392801
"LEAD-14589","Kevin Goh #4589","+60170004590","Bangsar South Suites",11793,4191,40.8,"Tier 1: Pre-Approved LPPSA/Bank",392989
"LEAD-14592","Razif Hariz #4592","+60120004593","Shah Alam Vista",11904,4248,41,"Tier 1: Pre-Approved LPPSA/Bank",393178
"LEAD-14595","Chong Wei Lun #4595","+60150004596","Bangsar South Suites",3515,4305,140.8,"Tier 4: High Risk DSR",0
"LEAD-14598","Hafiz Ibrahim #4598","+60180004599","Shah Alam Vista",3626,4362,138.3,"Tier 4: High Risk DSR",0
"LEAD-14601","Ahmad Chen #4601","+60130004602","Bangsar South Suites",3737,4419,135.9,"Tier 4: High Risk DSR",0
"LEAD-14604","Tan Nordin #4604","+60160004605","Shah Alam Vista",3848,4476,133.7,"Tier 4: High Risk DSR",0
"LEAD-14607","Farhan Osman #4607","+60190004608","Bangsar South Suites",3959,1033,30,"Tier 3: Joint Loan Needed",206720
"LEAD-14610","Jason Aini #4610","+60140004611","Shah Alam Vista",4070,1090,30.8,"Tier 3: Joint Loan Needed",206908
"LEAD-14613","Amir Razif #4613","+60170004614","Bangsar South Suites",4181,1147,31.5,"Tier 3: Joint Loan Needed",207096
"LEAD-14616","Devi Lee #4616","+60120004617","Shah Alam Vista",4292,1204,32.2,"Tier 3: Joint Loan Needed",207285
"LEAD-14619","Grace Zulkifli #4619","+60150004620","Bangsar South Suites",4403,1261,32.9,"Tier 3: Joint Loan Needed",207473
"LEAD-14622","Nurul Rosli #4622","+60180004623","Shah Alam Vista",4514,1318,33.6,"Tier 2: Qualified Bank Loan",207662
"LEAD-14625","Santhi Kumar #4625","+60130004626","Bangsar South Suites",4625,1375,34.2,"Tier 2: Qualified Bank Loan",207850
"LEAD-14628","Sarah Faizal #4628","+60160004629","Shah Alam Vista",4736,1432,34.8,"Tier 2: Qualified Bank Loan",208038
"LEAD-14631","Siti Hassan #4631","+60190004632","Bangsar South Suites",4847,1489,35.3,"Tier 2: Qualified Bank Loan",208227
"LEAD-14634","Syed Subramaniam #4634","+60140004635","Shah Alam Vista",4958,1546,35.8,"Tier 2: Qualified Bank Loan",208415
"LEAD-14637","Azman Goh #4637","+60170004638","Bangsar South Suites",5069,1603,36.3,"Tier 2: Qualified Bank Loan",208604
"LEAD-14640","Muhammad Hariz #4640","+60120004641","Shah Alam Vista",5180,1660,36.8,"Tier 2: Qualified Bank Loan",208792
"LEAD-14643","Wong Wei Lun #4643","+60150004644","Bangsar South Suites",5291,1717,37.3,"Tier 2: Qualified Bank Loan",208980
"LEAD-14646","Mohd Ibrahim #4646","+60180004647","Shah Alam Vista",5402,1774,37.7,"Tier 2: Qualified Bank Loan",209169
"LEAD-14649","Kevin Chen #4649","+60130004650","Bangsar South Suites",5513,1831,38.2,"Tier 2: Qualified Bank Loan",209357
"LEAD-14652","Razif Nordin #4652","+60160004653","Shah Alam Vista",5624,1888,38.6,"Tier 2: Qualified Bank Loan",209546
"LEAD-14655","Chong Osman #4655","+60190004656","Bangsar South Suites",5735,1945,39,"Tier 2: Qualified Bank Loan",209734
"LEAD-14658","Hafiz Aini #4658","+60140004659","Shah Alam Vista",5846,2002,39.4,"Tier 2: Qualified Bank Loan",209922
"LEAD-14661","Ahmad Razif #4661","+60170004662","Bangsar South Suites",5957,2059,39.7,"Tier 2: Qualified Bank Loan",210111
"LEAD-14664","Tan Lee #4664","+60120004665","Shah Alam Vista",6068,2116,40.1,"Tier 2: Qualified Bank Loan",210299
"LEAD-14667","Farhan Zulkifli #4667","+60150004668","Bangsar South Suites",6179,2173,40.4,"Tier 2: Qualified Bank Loan",210488
"LEAD-14670","Jason Rosli #4670","+60180004671","Shah Alam Vista",6290,2230,40.8,"Tier 2: Qualified Bank Loan",210676
"LEAD-14673","Amir Kumar #4673","+60130004674","Bangsar South Suites",6401,2287,41.1,"Tier 2: Qualified Bank Loan",210864
"LEAD-14676","Devi Faizal #4676","+60160004677","Shah Alam Vista",6512,2344,41.4,"Tier 1: Pre-Approved LPPSA/Bank",211053
"LEAD-14679","Grace Hassan #4679","+60190004680","Bangsar South Suites",6623,2401,41.7,"Tier 1: Pre-Approved LPPSA/Bank",211241
"LEAD-14682","Nurul Subramaniam #4682","+60140004683","Shah Alam Vista",6734,2458,42,"Tier 1: Pre-Approved LPPSA/Bank",211430
"LEAD-14685","Santhi Goh #4685","+60170004686","Bangsar South Suites",6845,2515,42.2,"Tier 1: Pre-Approved LPPSA/Bank",211618
"LEAD-14688","Sarah Hariz #4688","+60120004689","Shah Alam Vista",6956,2572,42.5,"Tier 1: Pre-Approved LPPSA/Bank",211806
"LEAD-14691","Siti Wei Lun #4691","+60150004692","Bangsar South Suites",7067,2629,42.8,"Tier 1: Pre-Approved LPPSA/Bank",211995
"LEAD-14694","Syed Ibrahim #4694","+60180004695","Shah Alam Vista",7178,2686,43,"Tier 1: Pre-Approved LPPSA/Bank",212183
"LEAD-14697","Azman Chen #4697","+60130004698","Bangsar South Suites",7289,2743,43.3,"Tier 1: Pre-Approved LPPSA/Bank",212372
"LEAD-14700","Muhammad Nordin #4700","+60160004701","Shah Alam Vista",7400,2800,43.5,"Tier 1: Pre-Approved LPPSA/Bank",212560
"LEAD-14703","Wong Osman #4703","+60190004704","Bangsar South Suites",7511,2857,43.7,"Tier 1: Pre-Approved LPPSA/Bank",212748
"LEAD-14706","Mohd Aini #4706","+60140004707","Shah Alam Vista",7622,2914,43.9,"Tier 1: Pre-Approved LPPSA/Bank",212937
"LEAD-14709","Kevin Razif #4709","+60170004710","Bangsar South Suites",7733,2971,44.2,"Tier 1: Pre-Approved LPPSA/Bank",213125
"LEAD-14712","Razif Lee #4712","+60120004713","Shah Alam Vista",7844,3028,44.4,"Tier 1: Pre-Approved LPPSA/Bank",213314
"LEAD-14715","Chong Zulkifli #4715","+60150004716","Bangsar South Suites",7955,3085,44.6,"Tier 1: Pre-Approved LPPSA/Bank",213502
"LEAD-14718","Hafiz Rosli #4718","+60180004719","Shah Alam Vista",8066,3142,44.8,"Tier 1: Pre-Approved LPPSA/Bank",213690
"LEAD-14721","Ahmad Kumar #4721","+60130004722","Bangsar South Suites",8177,3199,45,"Tier 1: Pre-Approved LPPSA/Bank",213879
"LEAD-14724","Tan Faizal #4724","+60160004725","Shah Alam Vista",8288,3256,45.2,"Tier 2: Qualified Bank Loan",214067
"LEAD-14727","Farhan Hassan #4727","+60190004728","Bangsar South Suites",8399,3313,45.3,"Tier 2: Qualified Bank Loan",214256
"LEAD-14730","Jason Subramaniam #4730","+60140004731","Shah Alam Vista",8510,3370,45.5,"Tier 2: Qualified Bank Loan",214444
"LEAD-14733","Amir Goh #4733","+60170004734","Bangsar South Suites",8621,3427,45.7,"Tier 2: Qualified Bank Loan",214632
"LEAD-14736","Devi Hariz #4736","+60120004737","Shah Alam Vista",8732,3484,45.9,"Tier 2: Qualified Bank Loan",214821
"LEAD-14739","Grace Wei Lun #4739","+60150004740","Bangsar South Suites",8843,3541,46,"Tier 2: Qualified Bank Loan",215009
"LEAD-14742","Nurul Ibrahim #4742","+60180004743","Shah Alam Vista",8954,3598,46.2,"Tier 2: Qualified Bank Loan",215198
"LEAD-14745","Santhi Chen #4745","+60130004746","Bangsar South Suites",9065,3655,46.3,"Tier 2: Qualified Bank Loan",215386
"LEAD-14748","Sarah Nordin #4748","+60160004749","Shah Alam Vista",9176,3712,46.5,"Tier 2: Qualified Bank Loan",215574
"LEAD-14751","Siti Osman #4751","+60190004752","Bangsar South Suites",9287,3769,46.6,"Tier 2: Qualified Bank Loan",215763
"LEAD-14754","Syed Aini #4754","+60140004755","Shah Alam Vista",9398,3826,46.8,"Tier 2: Qualified Bank Loan",215951
"LEAD-14757","Azman Razif #4757","+60170004758","Bangsar South Suites",9509,3883,46.9,"Tier 2: Qualified Bank Loan",216140
"LEAD-14760","Muhammad Lee #4760","+60120004761","Shah Alam Vista",9620,3940,47.1,"Tier 2: Qualified Bank Loan",216328
"LEAD-14763","Wong Zulkifli #4763","+60150004764","Bangsar South Suites",9731,3997,47.2,"Tier 2: Qualified Bank Loan",216516
"LEAD-14766","Mohd Rosli #4766","+60180004767","Shah Alam Vista",9842,4054,47.3,"Tier 2: Qualified Bank Loan",216705
"LEAD-14769","Kevin Kumar #4769","+60130004770","Bangsar South Suites",9953,4111,47.5,"Tier 2: Qualified Bank Loan",216893
"LEAD-14772","Razif Faizal #4772","+60160004773","Shah Alam Vista",10064,4168,47.6,"Tier 2: Qualified Bank Loan",217082
"LEAD-14775","Chong Hassan #4775","+60190004776","Bangsar South Suites",10175,4225,47.7,"Tier 2: Qualified Bank Loan",217270
"LEAD-14778","Hafiz Subramaniam #4778","+60140004779","Shah Alam Vista",10286,4282,47.8,"Tier 2: Qualified Bank Loan",217458
"LEAD-14781","Ahmad Goh #4781","+60170004782","Bangsar South Suites",10397,4339,48,"Tier 2: Qualified Bank Loan",217647
"LEAD-14784","Tan Hariz #4784","+60120004785","Shah Alam Vista",10508,4396,48.1,"Tier 2: Qualified Bank Loan",217835
"LEAD-14787","Farhan Wei Lun #4787","+60150004788","Bangsar South Suites",10619,4453,48.2,"Tier 2: Qualified Bank Loan",218024
"LEAD-14790","Jason Ibrahim #4790","+60180004791","Shah Alam Vista",10730,1010,10.8,"Tier 1: Pre-Approved LPPSA/Bank",918212
"LEAD-14793","Amir Chen #4793","+60130004794","Bangsar South Suites",10841,1067,11.3,"Tier 1: Pre-Approved LPPSA/Bank",918400
"LEAD-14796","Devi Nordin #4796","+60160004797","Shah Alam Vista",10952,1124,11.8,"Tier 1: Pre-Approved LPPSA/Bank",918589
"LEAD-14799","Grace Osman #4799","+60190004800","Bangsar South Suites",11063,1181,12.3,"Tier 1: Pre-Approved LPPSA/Bank",918777
"LEAD-14802","Nurul Aini #4802","+60140004803","Shah Alam Vista",11174,1238,12.7,"Tier 1: Pre-Approved LPPSA/Bank",918966
"LEAD-14805","Santhi Razif #4805","+60170004806","Bangsar South Suites",11285,1295,13.2,"Tier 1: Pre-Approved LPPSA/Bank",919154
"LEAD-14808","Sarah Lee #4808","+60120004809","Shah Alam Vista",11396,1352,13.6,"Tier 1: Pre-Approved LPPSA/Bank",919342
"LEAD-14811","Siti Zulkifli #4811","+60150004812","Bangsar South Suites",11507,1409,14.1,"Tier 1: Pre-Approved LPPSA/Bank",919531
"LEAD-14814","Syed Rosli #4814","+60180004815","Shah Alam Vista",11618,1466,14.5,"Tier 1: Pre-Approved LPPSA/Bank",919719
"LEAD-14817","Azman Kumar #4817","+60130004818","Bangsar South Suites",11729,1523,14.9,"Tier 1: Pre-Approved LPPSA/Bank",919908
"LEAD-14820","Muhammad Faizal #4820","+60160004821","Shah Alam Vista",11840,1580,15.3,"Tier 1: Pre-Approved LPPSA/Bank",920096
"LEAD-14823","Wong Hassan #4823","+60190004824","Bangsar South Suites",11951,1637,15.7,"Tier 1: Pre-Approved LPPSA/Bank",920284
"LEAD-14826","Mohd Subramaniam #4826","+60140004827","Shah Alam Vista",3562,1694,54.7,"Tier 3: Joint Loan Needed",33073
"LEAD-14829","Kevin Goh #4829","+60170004830","Bangsar South Suites",3673,1751,54.8,"Tier 3: Joint Loan Needed",33261
"LEAD-14832","Razif Hariz #4832","+60120004833","Shah Alam Vista",3784,1808,54.9,"Tier 3: Joint Loan Needed",33450
"LEAD-14835","Chong Wei Lun #4835","+60150004836","Bangsar South Suites",3895,1865,55,"Tier 3: Joint Loan Needed",33638
"LEAD-14838","Hafiz Ibrahim #4838","+60180004839","Shah Alam Vista",4006,1922,55.1,"Tier 3: Joint Loan Needed",33826
"LEAD-14841","Ahmad Chen #4841","+60130004842","Bangsar South Suites",4117,1979,55.3,"Tier 3: Joint Loan Needed",34015
"LEAD-14844","Tan Nordin #4844","+60160004845","Shah Alam Vista",4228,2036,55.4,"Tier 3: Joint Loan Needed",34203
"LEAD-14847","Farhan Osman #4847","+60190004848","Bangsar South Suites",4339,2093,55.4,"Tier 3: Joint Loan Needed",34392
"LEAD-14850","Jason Aini #4850","+60140004851","Shah Alam Vista",4450,2150,55.5,"Tier 3: Joint Loan Needed",34580
"LEAD-14853","Amir Razif #4853","+60170004854","Bangsar South Suites",4561,2207,55.6,"Tier 2: Qualified Bank Loan",34768
"LEAD-14856","Devi Lee #4856","+60120004857","Shah Alam Vista",4672,2264,55.7,"Tier 2: Qualified Bank Loan",34957
"LEAD-14859","Grace Zulkifli #4859","+60150004860","Bangsar South Suites",4783,2321,55.8,"Tier 2: Qualified Bank Loan",35145
"LEAD-14862","Nurul Rosli #4862","+60180004863","Shah Alam Vista",4894,2378,55.9,"Tier 2: Qualified Bank Loan",35334
"LEAD-14865","Santhi Kumar #4865","+60130004866","Bangsar South Suites",5005,2435,55.9,"Tier 2: Qualified Bank Loan",35522
"LEAD-14868","Sarah Faizal #4868","+60160004869","Shah Alam Vista",5116,2492,56,"Tier 2: Qualified Bank Loan",35710
"LEAD-14871","Siti Hassan #4871","+60190004872","Bangsar South Suites",5227,2549,56.1,"Tier 2: Qualified Bank Loan",35899
"LEAD-14874","Syed Subramaniam #4874","+60140004875","Shah Alam Vista",5338,2606,56.1,"Tier 2: Qualified Bank Loan",36087
"LEAD-14877","Azman Goh #4877","+60170004878","Bangsar South Suites",5449,2663,56.2,"Tier 2: Qualified Bank Loan",36276
"LEAD-14880","Muhammad Hariz #4880","+60120004881","Shah Alam Vista",5560,2720,56.2,"Tier 2: Qualified Bank Loan",36464
"LEAD-14883","Wong Wei Lun #4883","+60150004884","Bangsar South Suites",5671,2777,56.3,"Tier 2: Qualified Bank Loan",36652
"LEAD-14886","Mohd Ibrahim #4886","+60180004887","Shah Alam Vista",5782,2834,56.3,"Tier 2: Qualified Bank Loan",36841
"LEAD-14889","Kevin Chen #4889","+60130004890","Bangsar South Suites",5893,2891,56.4,"Tier 2: Qualified Bank Loan",37029
"LEAD-14892","Razif Nordin #4892","+60160004893","Shah Alam Vista",6004,2948,56.4,"Tier 2: Qualified Bank Loan",37218
"LEAD-14895","Chong Osman #4895","+60190004896","Bangsar South Suites",6115,3005,56.5,"Tier 2: Qualified Bank Loan",37406
"LEAD-14898","Hafiz Aini #4898","+60140004899","Shah Alam Vista",6226,3062,56.5,"Tier 2: Qualified Bank Loan",37594
"LEAD-14901","Ahmad Razif #4901","+60170004902","Bangsar South Suites",6337,3119,56.6,"Tier 2: Qualified Bank Loan",37783
"LEAD-14904","Tan Lee #4904","+60120004905","Shah Alam Vista",6448,3176,56.6,"Tier 2: Qualified Bank Loan",37971
"LEAD-14907","Farhan Zulkifli #4907","+60150004908","Bangsar South Suites",6559,3233,56.7,"Tier 2: Qualified Bank Loan",38160
"LEAD-14910","Jason Rosli #4910","+60180004911","Shah Alam Vista",6670,3290,56.7,"Tier 2: Qualified Bank Loan",38348
"LEAD-14913","Amir Kumar #4913","+60130004914","Bangsar South Suites",6781,3347,56.7,"Tier 2: Qualified Bank Loan",38536
"LEAD-14916","Devi Faizal #4916","+60160004917","Shah Alam Vista",6892,3404,56.8,"Tier 2: Qualified Bank Loan",38725
"LEAD-14919","Grace Hassan #4919","+60190004920","Bangsar South Suites",7003,3461,56.8,"Tier 2: Qualified Bank Loan",38913
"LEAD-14922","Nurul Subramaniam #4922","+60140004923","Shah Alam Vista",7114,3518,56.8,"Tier 2: Qualified Bank Loan",39102
"LEAD-14925","Santhi Goh #4925","+60170004926","Bangsar South Suites",7225,3575,56.9,"Tier 2: Qualified Bank Loan",39290
"LEAD-14928","Sarah Hariz #4928","+60120004929","Shah Alam Vista",7336,3632,56.9,"Tier 2: Qualified Bank Loan",39478
"LEAD-14931","Siti Wei Lun #4931","+60150004932","Bangsar South Suites",7447,3689,56.9,"Tier 2: Qualified Bank Loan",39667
"LEAD-14934","Syed Ibrahim #4934","+60180004935","Shah Alam Vista",7558,3746,57,"Tier 2: Qualified Bank Loan",39855
"LEAD-14937","Azman Chen #4937","+60130004938","Bangsar South Suites",7669,3803,57,"Tier 2: Qualified Bank Loan",40044
"LEAD-14940","Muhammad Nordin #4940","+60160004941","Shah Alam Vista",7780,3860,57,"Tier 2: Qualified Bank Loan",40232
"LEAD-14943","Wong Osman #4943","+60190004944","Bangsar South Suites",7891,3917,57.1,"Tier 2: Qualified Bank Loan",40420
"LEAD-14946","Mohd Aini #4946","+60140004947","Shah Alam Vista",8002,3974,57.1,"Tier 2: Qualified Bank Loan",40609
"LEAD-14949","Kevin Razif #4949","+60170004950","Bangsar South Suites",8113,4031,57.1,"Tier 2: Qualified Bank Loan",40797
"LEAD-14952","Razif Lee #4952","+60120004953","Shah Alam Vista",8224,4088,57.1,"Tier 2: Qualified Bank Loan",40986
"LEAD-14955","Chong Zulkifli #4955","+60150004956","Bangsar South Suites",8335,4145,57.2,"Tier 2: Qualified Bank Loan",41174
"LEAD-14958","Hafiz Rosli #4958","+60180004959","Shah Alam Vista",8446,4202,57.2,"Tier 2: Qualified Bank Loan",41362
"LEAD-14961","Ahmad Kumar #4961","+60130004962","Bangsar South Suites",8557,4259,57.2,"Tier 2: Qualified Bank Loan",41551
"LEAD-14964","Tan Faizal #4964","+60160004965","Shah Alam Vista",8668,4316,57.2,"Tier 2: Qualified Bank Loan",41739
"LEAD-14967","Farhan Hassan #4967","+60190004968","Bangsar South Suites",8779,4373,57.3,"Tier 2: Qualified Bank Loan",41928
"LEAD-14970","Jason Subramaniam #4970","+60140004971","Shah Alam Vista",8890,4430,57.3,"Tier 2: Qualified Bank Loan",42116
"LEAD-14973","Amir Goh #4973","+60170004974","Bangsar South Suites",9001,4487,57.3,"Tier 2: Qualified Bank Loan",42304
"LEAD-14976","Devi Hariz #4976","+60120004977","Shah Alam Vista",9112,1044,13.2,"Tier 1: Pre-Approved LPPSA/Bank",742493
"LEAD-14979","Grace Wei Lun #4979","+60150004980","Bangsar South Suites",9223,1101,13.7,"Tier 1: Pre-Approved LPPSA/Bank",742681
"LEAD-14982","Nurul Ibrahim #4982","+60180004983","Shah Alam Vista",9334,1158,14.3,"Tier 1: Pre-Approved LPPSA/Bank",742870
"LEAD-14985","Santhi Chen #4985","+60130004986","Bangsar South Suites",9445,1215,14.8,"Tier 1: Pre-Approved LPPSA/Bank",743058
"LEAD-14988","Sarah Nordin #4988","+60160004989","Shah Alam Vista",9556,1272,15.3,"Tier 1: Pre-Approved LPPSA/Bank",743246
"LEAD-14991","Siti Osman #4991","+60190004992","Bangsar South Suites",9667,1329,15.8,"Tier 1: Pre-Approved LPPSA/Bank",743435
"LEAD-14994","Syed Aini #4994","+60140004995","Shah Alam Vista",9778,1386,16.3,"Tier 1: Pre-Approved LPPSA/Bank",743623
"LEAD-14997","Azman Razif #4997","+60170004998","Bangsar South Suites",9889,1443,16.8,"Tier 1: Pre-Approved LPPSA/Bank",743812
"LEAD-15000","Muhammad Lee #5000","+60120005001","Shah Alam Vista",10000,1500,17.2,"Tier 1: Pre-Approved LPPSA/Bank",744000
"LEAD-15003","Wong Zulkifli #5003","+60150005004","Bangsar South Suites",10111,1557,17.7,"Tier 1: Pre-Approved LPPSA/Bank",744188
"LEAD-15006","Mohd Rosli #5006","+60180005007","Shah Alam Vista",10222,1614,18.1,"Tier 1: Pre-Approved LPPSA/Bank",744377
"LEAD-15009","Kevin Kumar #5009","+60130005010","Bangsar South Suites",10333,1671,18.6,"Tier 1: Pre-Approved LPPSA/Bank",744565
"LEAD-15012","Razif Faizal #5012","+60160005013","Shah Alam Vista",10444,1728,19,"Tier 1: Pre-Approved LPPSA/Bank",744754
"LEAD-15015","Chong Hassan #5015","+60190005016","Bangsar South Suites",10555,1785,19.4,"Tier 1: Pre-Approved LPPSA/Bank",744942
"LEAD-15018","Hafiz Subramaniam #5018","+60140005019","Shah Alam Vista",10666,1842,19.9,"Tier 1: Pre-Approved LPPSA/Bank",745130
"LEAD-15021","Ahmad Goh #5021","+60170005022","Bangsar South Suites",10777,1899,20.3,"Tier 1: Pre-Approved LPPSA/Bank",745319
"LEAD-15024","Tan Hariz #5024","+60120005025","Shah Alam Vista",10888,1956,20.6,"Tier 1: Pre-Approved LPPSA/Bank",745507
"LEAD-15027","Farhan Wei Lun #5027","+60150005028","Bangsar South Suites",10999,2013,21,"Tier 1: Pre-Approved LPPSA/Bank",745696
"LEAD-15030","Jason Ibrahim #5030","+60180005031","Shah Alam Vista",11110,2070,21.4,"Tier 1: Pre-Approved LPPSA/Bank",745884
"LEAD-15033","Amir Chen #5033","+60130005034","Bangsar South Suites",11221,2127,21.8,"Tier 1: Pre-Approved LPPSA/Bank",746072
"LEAD-15036","Devi Nordin #5036","+60160005037","Shah Alam Vista",11332,2184,22.2,"Tier 1: Pre-Approved LPPSA/Bank",746261
"LEAD-15039","Grace Osman #5039","+60190005040","Bangsar South Suites",11443,2241,22.5,"Tier 1: Pre-Approved LPPSA/Bank",746449
"LEAD-15042","Nurul Aini #5042","+60140005043","Shah Alam Vista",11554,2298,22.9,"Tier 1: Pre-Approved LPPSA/Bank",746638
"LEAD-15045","Santhi Razif #5045","+60170005046","Bangsar South Suites",11665,2355,23.2,"Tier 1: Pre-Approved LPPSA/Bank",746826
"LEAD-15048","Sarah Lee #5048","+60120005049","Shah Alam Vista",11776,2412,23.5,"Tier 1: Pre-Approved LPPSA/Bank",747014
"LEAD-15051","Siti Zulkifli #5051","+60150005052","Bangsar South Suites",11887,2469,23.9,"Tier 1: Pre-Approved LPPSA/Bank",747203
"LEAD-15054","Syed Rosli #5054","+60180005055","Shah Alam Vista",11998,2526,24.2,"Tier 1: Pre-Approved LPPSA/Bank",747391
"LEAD-15057","Azman Kumar #5057","+60130005058","Bangsar South Suites",3609,2583,82.3,"Tier 4: High Risk DSR",0
"LEAD-15060","Muhammad Faizal #5060","+60160005061","Shah Alam Vista",3720,2640,81.6,"Tier 4: High Risk DSR",0
"LEAD-15063","Wong Hassan #5063","+60190005064","Bangsar South Suites",3831,2697,80.9,"Tier 4: High Risk DSR",0
"LEAD-15066","Mohd Subramaniam #5066","+60140005067","Shah Alam Vista",3942,2754,80.3,"Tier 4: High Risk DSR",0
"LEAD-15069","Kevin Goh #5069","+60170005070","Bangsar South Suites",4053,2811,79.7,"Tier 4: High Risk DSR",0
"LEAD-15072","Razif Hariz #5072","+60120005073","Shah Alam Vista",4164,2868,79.2,"Tier 4: High Risk DSR",0
"LEAD-15075","Chong Wei Lun #5075","+60150005076","Bangsar South Suites",4275,2925,78.6,"Tier 4: High Risk DSR",0
"LEAD-15078","Hafiz Ibrahim #5078","+60180005079","Shah Alam Vista",4386,2982,78.1,"Tier 4: High Risk DSR",0
"LEAD-15081","Ahmad Chen #5081","+60130005082","Bangsar South Suites",4497,3039,77.7,"Tier 4: High Risk DSR",0
"LEAD-15084","Tan Nordin #5084","+60160005085","Shah Alam Vista",4608,3096,77.2,"Tier 4: High Risk DSR",0
"LEAD-15087","Farhan Osman #5087","+60190005088","Bangsar South Suites",4719,3153,76.8,"Tier 4: High Risk DSR",0
"LEAD-15090","Jason Aini #5090","+60140005091","Shah Alam Vista",4830,3210,76.4,"Tier 4: High Risk DSR",0
"LEAD-15093","Amir Razif #5093","+60170005094","Bangsar South Suites",4941,3267,76,"Tier 4: High Risk DSR",0
"LEAD-15096","Devi Lee #5096","+60120005097","Shah Alam Vista",5052,3324,75.6,"Tier 4: High Risk DSR",0
"LEAD-15099","Grace Zulkifli #5099","+60150005100","Bangsar South Suites",5163,3381,75.3,"Tier 4: High Risk DSR",0
"LEAD-15102","Nurul Rosli #5102","+60180005103","Shah Alam Vista",5274,3438,74.9,"Tier 3: Joint Loan Needed",0
"LEAD-15105","Santhi Kumar #5105","+60130005106","Bangsar South Suites",5385,3495,74.6,"Tier 3: Joint Loan Needed",0
"LEAD-15108","Sarah Faizal #5108","+60160005109","Shah Alam Vista",5496,3552,74.3,"Tier 3: Joint Loan Needed",0
"LEAD-15111","Siti Hassan #5111","+60190005112","Bangsar South Suites",5607,3609,74,"Tier 3: Joint Loan Needed",0
"LEAD-15114","Syed Subramaniam #5114","+60140005115","Shah Alam Vista",5718,3666,73.7,"Tier 3: Joint Loan Needed",0
"LEAD-15117","Azman Goh #5117","+60170005118","Bangsar South Suites",5829,3723,73.4,"Tier 3: Joint Loan Needed",0
"LEAD-15120","Muhammad Hariz #5120","+60120005121","Shah Alam Vista",5940,3780,73.1,"Tier 3: Joint Loan Needed",0
"LEAD-15123","Wong Wei Lun #5123","+60150005124","Bangsar South Suites",6051,3837,72.9,"Tier 3: Joint Loan Needed",0
"LEAD-15126","Mohd Ibrahim #5126","+60180005127","Shah Alam Vista",6162,3894,72.6,"Tier 3: Joint Loan Needed",0
"LEAD-15129","Kevin Chen #5129","+60130005130","Bangsar South Suites",6273,3951,72.4,"Tier 3: Joint Loan Needed",0
"LEAD-15132","Razif Nordin #5132","+60160005133","Shah Alam Vista",6384,4008,72.2,"Tier 3: Joint Loan Needed",0
"LEAD-15135","Chong Osman #5135","+60190005136","Bangsar South Suites",6495,4065,71.9,"Tier 3: Joint Loan Needed",0
"LEAD-15138","Hafiz Aini #5138","+60140005139","Shah Alam Vista",6606,4122,71.7,"Tier 3: Joint Loan Needed",0
"LEAD-15141","Ahmad Razif #5141","+60170005142","Bangsar South Suites",6717,4179,71.5,"Tier 3: Joint Loan Needed",0
"LEAD-15144","Tan Lee #5144","+60120005145","Shah Alam Vista",6828,4236,71.3,"Tier 3: Joint Loan Needed",0
"LEAD-15147","Farhan Zulkifli #5147","+60150005148","Bangsar South Suites",6939,4293,71.1,"Tier 3: Joint Loan Needed",0
"LEAD-15150","Jason Rosli #5150","+60180005151","Shah Alam Vista",7050,4350,70.9,"Tier 3: Joint Loan Needed",0
"LEAD-15153","Amir Kumar #5153","+60130005154","Bangsar South Suites",7161,4407,70.7,"Tier 3: Joint Loan Needed",0
"LEAD-15156","Devi Faizal #5156","+60160005157","Shah Alam Vista",7272,4464,70.6,"Tier 3: Joint Loan Needed",0
"LEAD-15159","Grace Hassan #5159","+60190005160","Bangsar South Suites",7383,1021,15.9,"Tier 1: Pre-Approved LPPSA/Bank",566585
"LEAD-15162","Nurul Subramaniam #5162","+60140005163","Shah Alam Vista",7494,1078,16.5,"Tier 1: Pre-Approved LPPSA/Bank",566774
"LEAD-15165","Santhi Goh #5165","+60170005166","Bangsar South Suites",7605,1135,17.2,"Tier 1: Pre-Approved LPPSA/Bank",566962
"LEAD-15168","Sarah Hariz #5168","+60120005169","Shah Alam Vista",7716,1192,17.8,"Tier 1: Pre-Approved LPPSA/Bank",567150
"LEAD-15171","Siti Wei Lun #5171","+60150005172","Bangsar South Suites",7827,1249,18.3,"Tier 1: Pre-Approved LPPSA/Bank",567339
"LEAD-15174","Syed Ibrahim #5174","+60180005175","Shah Alam Vista",7938,1306,18.9,"Tier 1: Pre-Approved LPPSA/Bank",567527
"LEAD-15177","Azman Chen #5177","+60130005178","Bangsar South Suites",8049,1363,19.5,"Tier 1: Pre-Approved LPPSA/Bank",567716
"LEAD-15180","Muhammad Nordin #5180","+60160005181","Shah Alam Vista",8160,1420,20,"Tier 1: Pre-Approved LPPSA/Bank",567904
"LEAD-15183","Wong Osman #5183","+60190005184","Bangsar South Suites",8271,1477,20.5,"Tier 1: Pre-Approved LPPSA/Bank",568092
"LEAD-15186","Mohd Aini #5186","+60140005187","Shah Alam Vista",8382,1534,21,"Tier 1: Pre-Approved LPPSA/Bank",568281
"LEAD-15189","Kevin Razif #5189","+60170005190","Bangsar South Suites",8493,1591,21.5,"Tier 1: Pre-Approved LPPSA/Bank",568469
"LEAD-15192","Razif Lee #5192","+60120005193","Shah Alam Vista",8604,1648,22,"Tier 1: Pre-Approved LPPSA/Bank",568658
"LEAD-15195","Chong Zulkifli #5195","+60150005196","Bangsar South Suites",8715,1705,22.5,"Tier 1: Pre-Approved LPPSA/Bank",568846
"LEAD-15198","Hafiz Rosli #5198","+60180005199","Shah Alam Vista",8826,1762,22.9,"Tier 1: Pre-Approved LPPSA/Bank",569034
"LEAD-15201","Ahmad Kumar #5201","+60130005202","Bangsar South Suites",8937,1819,23.4,"Tier 1: Pre-Approved LPPSA/Bank",569223
"LEAD-15204","Tan Faizal #5204","+60160005205","Shah Alam Vista",9048,1876,23.8,"Tier 1: Pre-Approved LPPSA/Bank",569411
"LEAD-15207","Farhan Hassan #5207","+60190005208","Bangsar South Suites",9159,1933,24.3,"Tier 1: Pre-Approved LPPSA/Bank",569600
"LEAD-15210","Jason Subramaniam #5210","+60140005211","Shah Alam Vista",9270,1990,24.7,"Tier 1: Pre-Approved LPPSA/Bank",569788
"LEAD-15213","Amir Goh #5213","+60170005214","Bangsar South Suites",9381,2047,25.1,"Tier 1: Pre-Approved LPPSA/Bank",569976
"LEAD-15216","Devi Hariz #5216","+60120005217","Shah Alam Vista",9492,2104,25.5,"Tier 1: Pre-Approved LPPSA/Bank",570165
"LEAD-15219","Grace Wei Lun #5219","+60150005220","Bangsar South Suites",9603,2161,25.9,"Tier 1: Pre-Approved LPPSA/Bank",570353
"LEAD-15222","Nurul Ibrahim #5222","+60180005223","Shah Alam Vista",9714,2218,26.2,"Tier 1: Pre-Approved LPPSA/Bank",570542
"LEAD-15225","Santhi Chen #5225","+60130005226","Bangsar South Suites",9825,2275,26.6,"Tier 1: Pre-Approved LPPSA/Bank",570730
"LEAD-15228","Sarah Nordin #5228","+60160005229","Shah Alam Vista",9936,2332,27,"Tier 1: Pre-Approved LPPSA/Bank",570918
"LEAD-15231","Siti Osman #5231","+60190005232","Bangsar South Suites",10047,2389,27.3,"Tier 1: Pre-Approved LPPSA/Bank",571107
"LEAD-15234","Syed Aini #5234","+60140005235","Shah Alam Vista",10158,2446,27.7,"Tier 1: Pre-Approved LPPSA/Bank",571295
"LEAD-15237","Azman Razif #5237","+60170005238","Bangsar South Suites",10269,2503,28,"Tier 1: Pre-Approved LPPSA/Bank",571484
"LEAD-15240","Muhammad Lee #5240","+60120005241","Shah Alam Vista",10380,2560,28.3,"Tier 1: Pre-Approved LPPSA/Bank",571672
"LEAD-15243","Wong Zulkifli #5243","+60150005244","Bangsar South Suites",10491,2617,28.7,"Tier 1: Pre-Approved LPPSA/Bank",571860
"LEAD-15246","Mohd Rosli #5246","+60180005247","Shah Alam Vista",10602,2674,29,"Tier 1: Pre-Approved LPPSA/Bank",572049
"LEAD-15249","Kevin Kumar #5249","+60130005250","Bangsar South Suites",10713,2731,29.3,"Tier 1: Pre-Approved LPPSA/Bank",572237
"LEAD-15252","Razif Faizal #5252","+60160005253","Shah Alam Vista",10824,2788,29.6,"Tier 1: Pre-Approved LPPSA/Bank",572426
"LEAD-15255","Chong Hassan #5255","+60190005256","Bangsar South Suites",10935,2845,29.9,"Tier 1: Pre-Approved LPPSA/Bank",572614
"LEAD-15258","Hafiz Subramaniam #5258","+60140005259","Shah Alam Vista",11046,2902,30.2,"Tier 1: Pre-Approved LPPSA/Bank",572802
"LEAD-15261","Ahmad Goh #5261","+60170005262","Bangsar South Suites",11157,2959,30.5,"Tier 1: Pre-Approved LPPSA/Bank",572991
"LEAD-15264","Tan Hariz #5264","+60120005265","Shah Alam Vista",11268,3016,30.8,"Tier 1: Pre-Approved LPPSA/Bank",573179
"LEAD-15267","Farhan Wei Lun #5267","+60150005268","Bangsar South Suites",11379,3073,31,"Tier 1: Pre-Approved LPPSA/Bank",573368
"LEAD-15270","Jason Ibrahim #5270","+60180005271","Shah Alam Vista",11490,3130,31.3,"Tier 1: Pre-Approved LPPSA/Bank",573556
"LEAD-15273","Amir Chen #5273","+60130005274","Bangsar South Suites",11601,3187,31.6,"Tier 1: Pre-Approved LPPSA/Bank",573744
"LEAD-15276","Devi Nordin #5276","+60160005277","Shah Alam Vista",11712,3244,31.8,"Tier 1: Pre-Approved LPPSA/Bank",573933
"LEAD-15279","Grace Osman #5279","+60190005280","Bangsar South Suites",11823,3301,32.1,"Tier 1: Pre-Approved LPPSA/Bank",574121
"LEAD-15282","Nurul Aini #5282","+60140005283","Shah Alam Vista",11934,3358,32.3,"Tier 1: Pre-Approved LPPSA/Bank",574310
"LEAD-15285","Santhi Razif #5285","+60170005286","Bangsar South Suites",3545,3415,110.7,"Tier 4: High Risk DSR",0
"LEAD-15288","Sarah Lee #5288","+60120005289","Shah Alam Vista",3656,3472,109.2,"Tier 4: High Risk DSR",0
"LEAD-15291","Siti Zulkifli #5291","+60150005292","Bangsar South Suites",3767,3529,107.7,"Tier 4: High Risk DSR",0
"LEAD-15294","Syed Rosli #5294","+60180005295","Shah Alam Vista",3878,3586,106.3,"Tier 4: High Risk DSR",0
"LEAD-15297","Azman Kumar #5297","+60130005298","Bangsar South Suites",3989,3643,105,"Tier 4: High Risk DSR",0
"LEAD-15300","Muhammad Faizal #5300","+60160005301","Shah Alam Vista",4100,3700,103.7,"Tier 4: High Risk DSR",0
"LEAD-15303","Wong Hassan #5303","+60190005304","Bangsar South Suites",4211,3757,102.6,"Tier 4: High Risk DSR",0
"LEAD-15306","Mohd Subramaniam #5306","+60140005307","Shah Alam Vista",4322,3814,101.4,"Tier 4: High Risk DSR",0
"LEAD-15309","Kevin Goh #5309","+60170005310","Bangsar South Suites",4433,3871,100.4,"Tier 4: High Risk DSR",0
"LEAD-15312","Razif Hariz #5312","+60120005313","Shah Alam Vista",4544,3928,99.4,"Tier 4: High Risk DSR",0
"LEAD-15315","Chong Wei Lun #5315","+60150005316","Bangsar South Suites",4655,3985,98.4,"Tier 4: High Risk DSR",0
"LEAD-15318","Hafiz Ibrahim #5318","+60180005319","Shah Alam Vista",4766,4042,97.5,"Tier 4: High Risk DSR",0
"LEAD-15321","Ahmad Chen #5321","+60130005322","Bangsar South Suites",4877,4099,96.6,"Tier 4: High Risk DSR",0
"LEAD-15324","Tan Nordin #5324","+60160005325","Shah Alam Vista",4988,4156,95.8,"Tier 4: High Risk DSR",0
"LEAD-15327","Farhan Osman #5327","+60190005328","Bangsar South Suites",5099,4213,95,"Tier 4: High Risk DSR",0
"LEAD-15330","Jason Aini #5330","+60140005331","Shah Alam Vista",5210,4270,94.2,"Tier 4: High Risk DSR",0
"LEAD-15333","Amir Razif #5333","+60170005334","Bangsar South Suites",5321,4327,93.5,"Tier 4: High Risk DSR",0
"LEAD-15336","Devi Lee #5336","+60120005337","Shah Alam Vista",5432,4384,92.8,"Tier 4: High Risk DSR",0
"LEAD-15339","Grace Zulkifli #5339","+60150005340","Bangsar South Suites",5543,4441,92.1,"Tier 4: High Risk DSR",0
"LEAD-15342","Nurul Rosli #5342","+60180005343","Shah Alam Vista",5654,4498,91.4,"Tier 4: High Risk DSR",0
"LEAD-15345","Santhi Kumar #5345","+60130005346","Bangsar South Suites",5765,1055,21,"Tier 2: Qualified Bank Loan",390866
"LEAD-15348","Sarah Faizal #5348","+60160005349","Shah Alam Vista",5876,1112,21.8,"Tier 2: Qualified Bank Loan",391054
"LEAD-15351","Siti Hassan #5351","+60190005352","Bangsar South Suites",5987,1169,22.4,"Tier 2: Qualified Bank Loan",391243
"LEAD-15354","Syed Subramaniam #5354","+60140005355","Shah Alam Vista",6098,1226,23.1,"Tier 2: Qualified Bank Loan",391431
"LEAD-15357","Azman Goh #5357","+60170005358","Bangsar South Suites",6209,1283,23.8,"Tier 2: Qualified Bank Loan",391620
"LEAD-15360","Muhammad Hariz #5360","+60120005361","Shah Alam Vista",6320,1340,24.4,"Tier 2: Qualified Bank Loan",391808
"LEAD-15363","Wong Wei Lun #5363","+60150005364","Bangsar South Suites",6431,1397,25,"Tier 2: Qualified Bank Loan",391996
"LEAD-15366","Mohd Ibrahim #5366","+60180005367","Shah Alam Vista",6542,1454,25.5,"Tier 1: Pre-Approved LPPSA/Bank",392185
"LEAD-15369","Kevin Chen #5369","+60130005370","Bangsar South Suites",6653,1511,26.1,"Tier 1: Pre-Approved LPPSA/Bank",392373
"LEAD-15372","Razif Nordin #5372","+60160005373","Shah Alam Vista",6764,1568,26.6,"Tier 1: Pre-Approved LPPSA/Bank",392562
"LEAD-15375","Chong Osman #5375","+60190005376","Bangsar South Suites",6875,1625,27.2,"Tier 1: Pre-Approved LPPSA/Bank",392750
"LEAD-15378","Hafiz Aini #5378","+60140005379","Shah Alam Vista",6986,1682,27.7,"Tier 1: Pre-Approved LPPSA/Bank",392938
"LEAD-15381","Ahmad Razif #5381","+60170005382","Bangsar South Suites",7097,1739,28.2,"Tier 1: Pre-Approved LPPSA/Bank",393127
"LEAD-15384","Tan Lee #5384","+60120005385","Shah Alam Vista",7208,1796,28.6,"Tier 1: Pre-Approved LPPSA/Bank",393315
"LEAD-15387","Farhan Zulkifli #5387","+60150005388","Bangsar South Suites",7319,1853,29.1,"Tier 1: Pre-Approved LPPSA/Bank",393504
"LEAD-15390","Jason Rosli #5390","+60180005391","Shah Alam Vista",7430,1910,29.5,"Tier 1: Pre-Approved LPPSA/Bank",393692
"LEAD-15393","Amir Kumar #5393","+60130005394","Bangsar South Suites",7541,1967,30,"Tier 1: Pre-Approved LPPSA/Bank",393880
"LEAD-15396","Devi Faizal #5396","+60160005397","Shah Alam Vista",7652,2024,30.4,"Tier 1: Pre-Approved LPPSA/Bank",394069
"LEAD-15399","Grace Hassan #5399","+60190005400","Bangsar South Suites",7763,2081,30.8,"Tier 1: Pre-Approved LPPSA/Bank",394257
"LEAD-15402","Nurul Subramaniam #5402","+60140005403","Shah Alam Vista",7874,2138,31.2,"Tier 1: Pre-Approved LPPSA/Bank",394446
"LEAD-15405","Santhi Goh #5405","+60170005406","Bangsar South Suites",7985,2195,31.6,"Tier 1: Pre-Approved LPPSA/Bank",394634
"LEAD-15408","Sarah Hariz #5408","+60120005409","Shah Alam Vista",8096,2252,32,"Tier 1: Pre-Approved LPPSA/Bank",394822
"LEAD-15411","Siti Wei Lun #5411","+60150005412","Bangsar South Suites",8207,2309,32.3,"Tier 1: Pre-Approved LPPSA/Bank",395011
"LEAD-15414","Syed Ibrahim #5414","+60180005415","Shah Alam Vista",8318,2366,32.7,"Tier 1: Pre-Approved LPPSA/Bank",395199
"LEAD-15417","Azman Chen #5417","+60130005418","Bangsar South Suites",8429,2423,33,"Tier 1: Pre-Approved LPPSA/Bank",395388
"LEAD-15420","Muhammad Nordin #5420","+60160005421","Shah Alam Vista",8540,2480,33.4,"Tier 1: Pre-Approved LPPSA/Bank",395576
"LEAD-15423","Wong Osman #5423","+60190005424","Bangsar South Suites",8651,2537,33.7,"Tier 1: Pre-Approved LPPSA/Bank",395764
"LEAD-15426","Mohd Aini #5426","+60140005427","Shah Alam Vista",8762,2594,34,"Tier 1: Pre-Approved LPPSA/Bank",395953
"LEAD-15429","Kevin Razif #5429","+60170005430","Bangsar South Suites",8873,2651,34.3,"Tier 1: Pre-Approved LPPSA/Bank",396141
"LEAD-15432","Razif Lee #5432","+60120005433","Shah Alam Vista",8984,2708,34.6,"Tier 1: Pre-Approved LPPSA/Bank",396330
"LEAD-15435","Chong Zulkifli #5435","+60150005436","Bangsar South Suites",9095,2765,34.9,"Tier 1: Pre-Approved LPPSA/Bank",396518
"LEAD-15438","Hafiz Rosli #5438","+60180005439","Shah Alam Vista",9206,2822,35.2,"Tier 1: Pre-Approved LPPSA/Bank",396706
"LEAD-15441","Ahmad Kumar #5441","+60130005442","Bangsar South Suites",9317,2879,35.5,"Tier 1: Pre-Approved LPPSA/Bank",396895
"LEAD-15444","Tan Faizal #5444","+60160005445","Shah Alam Vista",9428,2936,35.8,"Tier 1: Pre-Approved LPPSA/Bank",397083
"LEAD-15447","Farhan Hassan #5447","+60190005448","Bangsar South Suites",9539,2993,36.1,"Tier 1: Pre-Approved LPPSA/Bank",397272
"LEAD-15450","Jason Subramaniam #5450","+60140005451","Shah Alam Vista",9650,3050,36.3,"Tier 1: Pre-Approved LPPSA/Bank",397460
"LEAD-15453","Amir Goh #5453","+60170005454","Bangsar South Suites",9761,3107,36.6,"Tier 1: Pre-Approved LPPSA/Bank",397648
"LEAD-15456","Devi Hariz #5456","+60120005457","Shah Alam Vista",9872,3164,36.8,"Tier 1: Pre-Approved LPPSA/Bank",397837
"LEAD-15459","Grace Wei Lun #5459","+60150005460","Bangsar South Suites",9983,3221,37.1,"Tier 1: Pre-Approved LPPSA/Bank",398025
"LEAD-15462","Nurul Ibrahim #5462","+60180005463","Shah Alam Vista",10094,3278,37.3,"Tier 1: Pre-Approved LPPSA/Bank",398214
"LEAD-15465","Santhi Chen #5465","+60130005466","Bangsar South Suites",10205,3335,37.6,"Tier 1: Pre-Approved LPPSA/Bank",398402
"LEAD-15468","Sarah Nordin #5468","+60160005469","Shah Alam Vista",10316,3392,37.8,"Tier 1: Pre-Approved LPPSA/Bank",398590
"LEAD-15471","Siti Osman #5471","+60190005472","Bangsar South Suites",10427,3449,38,"Tier 1: Pre-Approved LPPSA/Bank",398779
"LEAD-15474","Syed Aini #5474","+60140005475","Shah Alam Vista",10538,3506,38.2,"Tier 1: Pre-Approved LPPSA/Bank",398967
"LEAD-15477","Azman Razif #5477","+60170005478","Bangsar South Suites",10649,3563,38.5,"Tier 1: Pre-Approved LPPSA/Bank",399156
"LEAD-15480","Muhammad Lee #5480","+60120005481","Shah Alam Vista",10760,3620,38.7,"Tier 1: Pre-Approved LPPSA/Bank",399344
"LEAD-15483","Wong Zulkifli #5483","+60150005484","Bangsar South Suites",10871,3677,38.9,"Tier 1: Pre-Approved LPPSA/Bank",399532
"LEAD-15486","Mohd Rosli #5486","+60180005487","Shah Alam Vista",10982,3734,39.1,"Tier 1: Pre-Approved LPPSA/Bank",399721
"LEAD-15489","Kevin Kumar #5489","+60130005490","Bangsar South Suites",11093,3791,39.3,"Tier 1: Pre-Approved LPPSA/Bank",399909
"LEAD-15492","Razif Faizal #5492","+60160005493","Shah Alam Vista",11204,3848,39.5,"Tier 1: Pre-Approved LPPSA/Bank",400098
"LEAD-15495","Chong Hassan #5495","+60190005496","Bangsar South Suites",11315,3905,39.7,"Tier 1: Pre-Approved LPPSA/Bank",400286
"LEAD-15498","Hafiz Subramaniam #5498","+60140005499","Shah Alam Vista",11426,3962,39.9,"Tier 1: Pre-Approved LPPSA/Bank",400474
"LEAD-15501","Ahmad Goh #5501","+60170005502","Bangsar South Suites",11537,4019,40,"Tier 1: Pre-Approved LPPSA/Bank",400663
"LEAD-15504","Tan Hariz #5504","+60120005505","Shah Alam Vista",11648,4076,40.2,"Tier 1: Pre-Approved LPPSA/Bank",400851
"LEAD-15507","Farhan Wei Lun #5507","+60150005508","Bangsar South Suites",11759,4133,40.4,"Tier 1: Pre-Approved LPPSA/Bank",401040
"LEAD-15510","Jason Ibrahim #5510","+60180005511","Shah Alam Vista",11870,4190,40.6,"Tier 1: Pre-Approved LPPSA/Bank",401228
"LEAD-15513","Amir Chen #5513","+60130005514","Bangsar South Suites",11981,4247,40.7,"Tier 1: Pre-Approved LPPSA/Bank",401416
"LEAD-15516","Devi Nordin #5516","+60160005517","Shah Alam Vista",3592,4304,137.7,"Tier 4: High Risk DSR",0
"LEAD-15519","Grace Osman #5519","+60190005520","Bangsar South Suites",3703,4361,135.4,"Tier 4: High Risk DSR",0
"LEAD-15522","Nurul Aini #5522","+60140005523","Shah Alam Vista",3814,4418,133.1,"Tier 4: High Risk DSR",0
"LEAD-15525","Santhi Razif #5525","+60170005526","Bangsar South Suites",3925,4475,131,"Tier 4: High Risk DSR",0
"LEAD-15528","Sarah Lee #5528","+60120005529","Shah Alam Vista",4036,1032,29.4,"Tier 3: Joint Loan Needed",214958
"LEAD-15531","Siti Zulkifli #5531","+60150005532","Bangsar South Suites",4147,1089,30.2,"Tier 3: Joint Loan Needed",215147
"LEAD-15534","Syed Rosli #5534","+60180005535","Shah Alam Vista",4258,1146,30.9,"Tier 3: Joint Loan Needed",215335
"LEAD-15537","Azman Kumar #5537","+60130005538","Bangsar South Suites",4369,1203,31.6,"Tier 3: Joint Loan Needed",215524
"LEAD-15540","Muhammad Faizal #5540","+60160005541","Shah Alam Vista",4480,1260,32.3,"Tier 3: Joint Loan Needed",215712
"LEAD-15543","Wong Hassan #5543","+60190005544","Bangsar South Suites",4591,1317,33,"Tier 2: Qualified Bank Loan",215900
"LEAD-15546","Mohd Subramaniam #5546","+60140005547","Shah Alam Vista",4702,1374,33.6,"Tier 2: Qualified Bank Loan",216089
"LEAD-15549","Kevin Goh #5549","+60170005550","Bangsar South Suites",4813,1431,34.2,"Tier 2: Qualified Bank Loan",216277
"LEAD-15552","Razif Hariz #5552","+60120005553","Shah Alam Vista",4924,1488,34.7,"Tier 2: Qualified Bank Loan",216466
"LEAD-15555","Chong Wei Lun #5555","+60150005556","Bangsar South Suites",5035,1545,35.3,"Tier 2: Qualified Bank Loan",216654
"LEAD-15558","Hafiz Ibrahim #5558","+60180005559","Shah Alam Vista",5146,1602,35.8,"Tier 2: Qualified Bank Loan",216842
"LEAD-15561","Ahmad Chen #5561","+60130005562","Bangsar South Suites",5257,1659,36.3,"Tier 2: Qualified Bank Loan",217031
"LEAD-15564","Tan Nordin #5564","+60160005565","Shah Alam Vista",5368,1716,36.7,"Tier 2: Qualified Bank Loan",217219
"LEAD-15567","Farhan Osman #5567","+60190005568","Bangsar South Suites",5479,1773,37.2,"Tier 2: Qualified Bank Loan",217408
"LEAD-15570","Jason Aini #5570","+60140005571","Shah Alam Vista",5590,1830,37.6,"Tier 2: Qualified Bank Loan",217596
"LEAD-15573","Amir Razif #5573","+60170005574","Bangsar South Suites",5701,1887,38,"Tier 2: Qualified Bank Loan",217784
"LEAD-15576","Devi Lee #5576","+60120005577","Shah Alam Vista",5812,1944,38.4,"Tier 2: Qualified Bank Loan",217973
"LEAD-15579","Grace Zulkifli #5579","+60150005580","Bangsar South Suites",5923,2001,38.8,"Tier 2: Qualified Bank Loan",218161
"LEAD-15582","Nurul Rosli #5582","+60180005583","Shah Alam Vista",6034,2058,39.2,"Tier 2: Qualified Bank Loan",218350
"LEAD-15585","Santhi Kumar #5585","+60130005586","Bangsar South Suites",6145,2115,39.6,"Tier 2: Qualified Bank Loan",218538
"LEAD-15588","Sarah Faizal #5588","+60160005589","Shah Alam Vista",6256,2172,39.9,"Tier 2: Qualified Bank Loan",218726
"LEAD-15591","Siti Hassan #5591","+60190005592","Bangsar South Suites",6367,2229,40.2,"Tier 2: Qualified Bank Loan",218915
"LEAD-15594","Syed Subramaniam #5594","+60140005595","Shah Alam Vista",6478,2286,40.6,"Tier 2: Qualified Bank Loan",219103
"LEAD-15597","Azman Goh #5597","+60170005598","Bangsar South Suites",6589,2343,40.9,"Tier 1: Pre-Approved LPPSA/Bank",219292
"LEAD-15600","Muhammad Hariz #5600","+60120005601","Shah Alam Vista",6700,2400,41.2,"Tier 1: Pre-Approved LPPSA/Bank",219480
"LEAD-15603","Wong Wei Lun #5603","+60150005604","Bangsar South Suites",6811,2457,41.5,"Tier 1: Pre-Approved LPPSA/Bank",219668
"LEAD-15606","Mohd Ibrahim #5606","+60180005607","Shah Alam Vista",6922,2514,41.7,"Tier 1: Pre-Approved LPPSA/Bank",219857
"LEAD-15609","Kevin Chen #5609","+60130005610","Bangsar South Suites",7033,2571,42,"Tier 1: Pre-Approved LPPSA/Bank",220045
"LEAD-15612","Razif Nordin #5612","+60160005613","Shah Alam Vista",7144,2628,42.3,"Tier 1: Pre-Approved LPPSA/Bank",220234
"LEAD-15615","Chong Osman #5615","+60190005616","Bangsar South Suites",7255,2685,42.5,"Tier 1: Pre-Approved LPPSA/Bank",220422
"LEAD-15618","Hafiz Aini #5618","+60140005619","Shah Alam Vista",7366,2742,42.8,"Tier 1: Pre-Approved LPPSA/Bank",220610
"LEAD-15621","Ahmad Razif #5621","+60170005622","Bangsar South Suites",7477,2799,43,"Tier 1: Pre-Approved LPPSA/Bank",220799
"LEAD-15624","Tan Lee #5624","+60120005625","Shah Alam Vista",7588,2856,43.3,"Tier 1: Pre-Approved LPPSA/Bank",220987
"LEAD-15627","Farhan Zulkifli #5627","+60150005628","Bangsar South Suites",7699,2913,43.5,"Tier 1: Pre-Approved LPPSA/Bank",221176
"LEAD-15630","Jason Rosli #5630","+60180005631","Shah Alam Vista",7810,2970,43.7,"Tier 1: Pre-Approved LPPSA/Bank",221364
"LEAD-15633","Amir Kumar #5633","+60130005634","Bangsar South Suites",7921,3027,43.9,"Tier 1: Pre-Approved LPPSA/Bank",221552
"LEAD-15636","Devi Faizal #5636","+60160005637","Shah Alam Vista",8032,3084,44.1,"Tier 1: Pre-Approved LPPSA/Bank",221741
"LEAD-15639","Grace Hassan #5639","+60190005640","Bangsar South Suites",8143,3141,44.3,"Tier 1: Pre-Approved LPPSA/Bank",221929
"LEAD-15642","Nurul Subramaniam #5642","+60140005643","Shah Alam Vista",8254,3198,44.5,"Tier 1: Pre-Approved LPPSA/Bank",222118
"LEAD-15645","Santhi Goh #5645","+60170005646","Bangsar South Suites",8365,3255,44.7,"Tier 1: Pre-Approved LPPSA/Bank",222306
"LEAD-15648","Sarah Hariz #5648","+60120005649","Shah Alam Vista",8476,3312,44.9,"Tier 1: Pre-Approved LPPSA/Bank",222494
"LEAD-15651","Siti Wei Lun #5651","+60150005652","Bangsar South Suites",8587,3369,45.1,"Tier 2: Qualified Bank Loan",222683
"LEAD-15654","Syed Ibrahim #5654","+60180005655","Shah Alam Vista",8698,3426,45.3,"Tier 2: Qualified Bank Loan",222871
"LEAD-15657","Azman Chen #5657","+60130005658","Bangsar South Suites",8809,3483,45.4,"Tier 2: Qualified Bank Loan",223060
"LEAD-15660","Muhammad Nordin #5660","+60160005661","Shah Alam Vista",8920,3540,45.6,"Tier 2: Qualified Bank Loan",223248
"LEAD-15663","Wong Osman #5663","+60190005664","Bangsar South Suites",9031,3597,45.8,"Tier 2: Qualified Bank Loan",223436
"LEAD-15666","Mohd Aini #5666","+60140005667","Shah Alam Vista",9142,3654,45.9,"Tier 2: Qualified Bank Loan",223625
"LEAD-15669","Kevin Razif #5669","+60170005670","Bangsar South Suites",9253,3711,46.1,"Tier 2: Qualified Bank Loan",223813
"LEAD-15672","Razif Lee #5672","+60120005673","Shah Alam Vista",9364,3768,46.3,"Tier 2: Qualified Bank Loan",224002
"LEAD-15675","Chong Zulkifli #5675","+60150005676","Bangsar South Suites",9475,3825,46.4,"Tier 2: Qualified Bank Loan",224190
"LEAD-15678","Hafiz Rosli #5678","+60180005679","Shah Alam Vista",9586,3882,46.5,"Tier 2: Qualified Bank Loan",224378
"LEAD-15681","Ahmad Kumar #5681","+60130005682","Bangsar South Suites",9697,3939,46.7,"Tier 2: Qualified Bank Loan",224567
"LEAD-15684","Tan Faizal #5684","+60160005685","Shah Alam Vista",9808,3996,46.8,"Tier 2: Qualified Bank Loan",224755
"LEAD-15687","Farhan Hassan #5687","+60190005688","Bangsar South Suites",9919,4053,47,"Tier 2: Qualified Bank Loan",224944
"LEAD-15690","Jason Subramaniam #5690","+60140005691","Shah Alam Vista",10030,4110,47.1,"Tier 2: Qualified Bank Loan",225132
"LEAD-15693","Amir Goh #5693","+60170005694","Bangsar South Suites",10141,4167,47.2,"Tier 2: Qualified Bank Loan",225320
"LEAD-15696","Devi Hariz #5696","+60120005697","Shah Alam Vista",10252,4224,47.4,"Tier 2: Qualified Bank Loan",225509
"LEAD-15699","Grace Wei Lun #5699","+60150005700","Bangsar South Suites",10363,4281,47.5,"Tier 2: Qualified Bank Loan",225697
"LEAD-15702","Nurul Ibrahim #5702","+60180005703","Shah Alam Vista",10474,4338,47.6,"Tier 2: Qualified Bank Loan",225886
"LEAD-15705","Santhi Chen #5705","+60130005706","Bangsar South Suites",10585,4395,47.7,"Tier 2: Qualified Bank Loan",226074
"LEAD-15708","Sarah Nordin #5708","+60160005709","Shah Alam Vista",10696,4452,47.8,"Tier 2: Qualified Bank Loan",226262
"LEAD-15711","Siti Osman #5711","+60190005712","Bangsar South Suites",10807,1009,10.7,"Tier 1: Pre-Approved LPPSA/Bank",926451
"LEAD-15714","Syed Aini #5714","+60140005715","Shah Alam Vista",10918,1066,11.2,"Tier 1: Pre-Approved LPPSA/Bank",926639
"LEAD-15717","Azman Razif #5717","+60170005718","Bangsar South Suites",11029,1123,11.7,"Tier 1: Pre-Approved LPPSA/Bank",926828
"LEAD-15720","Muhammad Lee #5720","+60120005721","Shah Alam Vista",11140,1180,12.2,"Tier 1: Pre-Approved LPPSA/Bank",927016
"LEAD-15723","Wong Zulkifli #5723","+60150005724","Bangsar South Suites",11251,1237,12.6,"Tier 1: Pre-Approved LPPSA/Bank",927204
"LEAD-15726","Mohd Rosli #5726","+60180005727","Shah Alam Vista",11362,1294,13.1,"Tier 1: Pre-Approved LPPSA/Bank",927393
"LEAD-15729","Kevin Kumar #5729","+60130005730","Bangsar South Suites",11473,1351,13.5,"Tier 1: Pre-Approved LPPSA/Bank",927581
"LEAD-15732","Razif Faizal #5732","+60160005733","Shah Alam Vista",11584,1408,14,"Tier 1: Pre-Approved LPPSA/Bank",927770
"LEAD-15735","Chong Hassan #5735","+60190005736","Bangsar South Suites",11695,1465,14.4,"Tier 1: Pre-Approved LPPSA/Bank",927958
"LEAD-15738","Hafiz Subramaniam #5738","+60140005739","Shah Alam Vista",11806,1522,14.8,"Tier 1: Pre-Approved LPPSA/Bank",928146
"LEAD-15741","Ahmad Goh #5741","+60170005742","Bangsar South Suites",11917,1579,15.2,"Tier 1: Pre-Approved LPPSA/Bank",928335
"LEAD-15744","Tan Hariz #5744","+60120005745","Shah Alam Vista",3528,1636,53.3,"Tier 3: Joint Loan Needed",41123
"LEAD-15747","Farhan Wei Lun #5747","+60150005748","Bangsar South Suites",3639,1693,53.5,"Tier 3: Joint Loan Needed",41312
"LEAD-15750","Jason Ibrahim #5750","+60180005751","Shah Alam Vista",3750,1750,53.6,"Tier 3: Joint Loan Needed",41500
"LEAD-15753","Amir Chen #5753","+60130005754","Bangsar South Suites",3861,1807,53.8,"Tier 3: Joint Loan Needed",41688
"LEAD-15756","Devi Nordin #5756","+60160005757","Shah Alam Vista",3972,1864,53.9,"Tier 3: Joint Loan Needed",41877
"LEAD-15759","Grace Osman #5759","+60190005760","Bangsar South Suites",4083,1921,54.1,"Tier 3: Joint Loan Needed",42065
"LEAD-15762","Nurul Aini #5762","+60140005763","Shah Alam Vista",4194,1978,54.2,"Tier 3: Joint Loan Needed",42254
"LEAD-15765","Santhi Razif #5765","+60170005766","Bangsar South Suites",4305,2035,54.3,"Tier 3: Joint Loan Needed",42442
"LEAD-15768","Sarah Lee #5768","+60120005769","Shah Alam Vista",4416,2092,54.5,"Tier 3: Joint Loan Needed",42630
"LEAD-15771","Siti Zulkifli #5771","+60150005772","Bangsar South Suites",4527,2149,54.6,"Tier 2: Qualified Bank Loan",42819
"LEAD-15774","Syed Rosli #5774","+60180005775","Shah Alam Vista",4638,2206,54.7,"Tier 2: Qualified Bank Loan",43007
"LEAD-15777","Azman Kumar #5777","+60130005778","Bangsar South Suites",4749,2263,54.8,"Tier 2: Qualified Bank Loan",43196
"LEAD-15780","Muhammad Faizal #5780","+60160005781","Shah Alam Vista",4860,2320,54.9,"Tier 2: Qualified Bank Loan",43384
"LEAD-15783","Wong Hassan #5783","+60190005784","Bangsar South Suites",4971,2377,55,"Tier 2: Qualified Bank Loan",43572
"LEAD-15786","Mohd Subramaniam #5786","+60140005787","Shah Alam Vista",5082,2434,55.1,"Tier 2: Qualified Bank Loan",43761
"LEAD-15789","Kevin Goh #5789","+60170005790","Bangsar South Suites",5193,2491,55.1,"Tier 2: Qualified Bank Loan",43949
"LEAD-15792","Razif Hariz #5792","+60120005793","Shah Alam Vista",5304,2548,55.2,"Tier 2: Qualified Bank Loan",44138
"LEAD-15795","Chong Wei Lun #5795","+60150005796","Bangsar South Suites",5415,2605,55.3,"Tier 2: Qualified Bank Loan",44326
"LEAD-15798","Hafiz Ibrahim #5798","+60180005799","Shah Alam Vista",5526,2662,55.4,"Tier 2: Qualified Bank Loan",44514
"LEAD-15801","Ahmad Chen #5801","+60130005802","Bangsar South Suites",5637,2719,55.4,"Tier 2: Qualified Bank Loan",44703
"LEAD-15804","Tan Nordin #5804","+60160005805","Shah Alam Vista",5748,2776,55.5,"Tier 2: Qualified Bank Loan",44891
"LEAD-15807","Farhan Osman #5807","+60190005808","Bangsar South Suites",5859,2833,55.6,"Tier 2: Qualified Bank Loan",45080
"LEAD-15810","Jason Aini #5810","+60140005811","Shah Alam Vista",5970,2890,55.6,"Tier 2: Qualified Bank Loan",45268
"LEAD-15813","Amir Razif #5813","+60170005814","Bangsar South Suites",6081,2947,55.7,"Tier 2: Qualified Bank Loan",45456
"LEAD-15816","Devi Lee #5816","+60120005817","Shah Alam Vista",6192,3004,55.8,"Tier 2: Qualified Bank Loan",45645
"LEAD-15819","Grace Zulkifli #5819","+60150005820","Bangsar South Suites",6303,3061,55.8,"Tier 2: Qualified Bank Loan",45833
"LEAD-15822","Nurul Rosli #5822","+60180005823","Shah Alam Vista",6414,3118,55.9,"Tier 2: Qualified Bank Loan",46022
"LEAD-15825","Santhi Kumar #5825","+60130005826","Bangsar South Suites",6525,3175,55.9,"Tier 2: Qualified Bank Loan",46210
"LEAD-15828","Sarah Faizal #5828","+60160005829","Shah Alam Vista",6636,3232,56,"Tier 2: Qualified Bank Loan",46398
"LEAD-15831","Siti Hassan #5831","+60190005832","Bangsar South Suites",6747,3289,56,"Tier 2: Qualified Bank Loan",46587
"LEAD-15834","Syed Subramaniam #5834","+60140005835","Shah Alam Vista",6858,3346,56.1,"Tier 2: Qualified Bank Loan",46775
"LEAD-15837","Azman Goh #5837","+60170005838","Bangsar South Suites",6969,3403,56.1,"Tier 2: Qualified Bank Loan",46964
"LEAD-15840","Muhammad Hariz #5840","+60120005841","Shah Alam Vista",7080,3460,56.2,"Tier 2: Qualified Bank Loan",47152
"LEAD-15843","Wong Wei Lun #5843","+60150005844","Bangsar South Suites",7191,3517,56.2,"Tier 2: Qualified Bank Loan",47340
"LEAD-15846","Mohd Ibrahim #5846","+60180005847","Shah Alam Vista",7302,3574,56.3,"Tier 2: Qualified Bank Loan",47529
"LEAD-15849","Kevin Chen #5849","+60130005850","Bangsar South Suites",7413,3631,56.3,"Tier 2: Qualified Bank Loan",47717
"LEAD-15852","Razif Nordin #5852","+60160005853","Shah Alam Vista",7524,3688,56.3,"Tier 2: Qualified Bank Loan",47906
"LEAD-15855","Chong Osman #5855","+60190005856","Bangsar South Suites",7635,3745,56.4,"Tier 2: Qualified Bank Loan",48094
"LEAD-15858","Hafiz Aini #5858","+60140005859","Shah Alam Vista",7746,3802,56.4,"Tier 2: Qualified Bank Loan",48282
"LEAD-15861","Ahmad Razif #5861","+60170005862","Bangsar South Suites",7857,3859,56.5,"Tier 2: Qualified Bank Loan",48471
"LEAD-15864","Tan Lee #5864","+60120005865","Shah Alam Vista",7968,3916,56.5,"Tier 2: Qualified Bank Loan",48659
"LEAD-15867","Farhan Zulkifli #5867","+60150005868","Bangsar South Suites",8079,3973,56.5,"Tier 2: Qualified Bank Loan",48848
"LEAD-15870","Jason Rosli #5870","+60180005871","Shah Alam Vista",8190,4030,56.6,"Tier 2: Qualified Bank Loan",49036
"LEAD-15873","Amir Kumar #5873","+60130005874","Bangsar South Suites",8301,4087,56.6,"Tier 2: Qualified Bank Loan",49224
"LEAD-15876","Devi Faizal #5876","+60160005877","Shah Alam Vista",8412,4144,56.6,"Tier 2: Qualified Bank Loan",49413
"LEAD-15879","Grace Hassan #5879","+60190005880","Bangsar South Suites",8523,4201,56.7,"Tier 2: Qualified Bank Loan",49601
"LEAD-15882","Nurul Subramaniam #5882","+60140005883","Shah Alam Vista",8634,4258,56.7,"Tier 2: Qualified Bank Loan",49790
"LEAD-15885","Santhi Goh #5885","+60170005886","Bangsar South Suites",8745,4315,56.7,"Tier 2: Qualified Bank Loan",49978
"LEAD-15888","Sarah Hariz #5888","+60120005889","Shah Alam Vista",8856,4372,56.7,"Tier 2: Qualified Bank Loan",50166
"LEAD-15891","Siti Wei Lun #5891","+60150005892","Bangsar South Suites",8967,4429,56.8,"Tier 2: Qualified Bank Loan",50355
"LEAD-15894","Syed Ibrahim #5894","+60180005895","Shah Alam Vista",9078,4486,56.8,"Tier 2: Qualified Bank Loan",50543
"LEAD-15897","Azman Chen #5897","+60130005898","Bangsar South Suites",9189,1043,13,"Tier 1: Pre-Approved LPPSA/Bank",750732
"LEAD-15900","Muhammad Nordin #5900","+60160005901","Shah Alam Vista",9300,1100,13.6,"Tier 1: Pre-Approved LPPSA/Bank",750920
"LEAD-15903","Wong Osman #5903","+60190005904","Bangsar South Suites",9411,1157,14.1,"Tier 1: Pre-Approved LPPSA/Bank",751108
"LEAD-15906","Mohd Aini #5906","+60140005907","Shah Alam Vista",9522,1214,14.7,"Tier 1: Pre-Approved LPPSA/Bank",751297
"LEAD-15909","Kevin Razif #5909","+60170005910","Bangsar South Suites",9633,1271,15.2,"Tier 1: Pre-Approved LPPSA/Bank",751485
"LEAD-15912","Razif Lee #5912","+60120005913","Shah Alam Vista",9744,1328,15.7,"Tier 1: Pre-Approved LPPSA/Bank",751674
"LEAD-15915","Chong Zulkifli #5915","+60150005916","Bangsar South Suites",9855,1385,16.2,"Tier 1: Pre-Approved LPPSA/Bank",751862
"LEAD-15918","Hafiz Rosli #5918","+60180005919","Shah Alam Vista",9966,1442,16.6,"Tier 1: Pre-Approved LPPSA/Bank",752050
"LEAD-15921","Ahmad Kumar #5921","+60130005922","Bangsar South Suites",10077,1499,17.1,"Tier 1: Pre-Approved LPPSA/Bank",752239
"LEAD-15924","Tan Faizal #5924","+60160005925","Shah Alam Vista",10188,1556,17.6,"Tier 1: Pre-Approved LPPSA/Bank",752427
"LEAD-15927","Farhan Hassan #5927","+60190005928","Bangsar South Suites",10299,1613,18,"Tier 1: Pre-Approved LPPSA/Bank",752616
"LEAD-15930","Jason Subramaniam #5930","+60140005931","Shah Alam Vista",10410,1670,18.4,"Tier 1: Pre-Approved LPPSA/Bank",752804
"LEAD-15933","Amir Goh #5933","+60170005934","Bangsar South Suites",10521,1727,18.9,"Tier 1: Pre-Approved LPPSA/Bank",752992
"LEAD-15936","Devi Hariz #5936","+60120005937","Shah Alam Vista",10632,1784,19.3,"Tier 1: Pre-Approved LPPSA/Bank",753181
"LEAD-15939","Grace Wei Lun #5939","+60150005940","Bangsar South Suites",10743,1841,19.7,"Tier 1: Pre-Approved LPPSA/Bank",753369
"LEAD-15942","Nurul Ibrahim #5942","+60180005943","Shah Alam Vista",10854,1898,20.1,"Tier 1: Pre-Approved LPPSA/Bank",753558
"LEAD-15945","Santhi Chen #5945","+60130005946","Bangsar South Suites",10965,1955,20.5,"Tier 1: Pre-Approved LPPSA/Bank",753746
"LEAD-15948","Sarah Nordin #5948","+60160005949","Shah Alam Vista",11076,2012,20.9,"Tier 1: Pre-Approved LPPSA/Bank",753934
"LEAD-15951","Siti Osman #5951","+60190005952","Bangsar South Suites",11187,2069,21.3,"Tier 1: Pre-Approved LPPSA/Bank",754123
"LEAD-15954","Syed Aini #5954","+60140005955","Shah Alam Vista",11298,2126,21.6,"Tier 1: Pre-Approved LPPSA/Bank",754311
"LEAD-15957","Azman Razif #5957","+60170005958","Bangsar South Suites",11409,2183,22,"Tier 1: Pre-Approved LPPSA/Bank",754500
"LEAD-15960","Muhammad Lee #5960","+60120005961","Shah Alam Vista",11520,2240,22.3,"Tier 1: Pre-Approved LPPSA/Bank",754688
"LEAD-15963","Wong Zulkifli #5963","+60150005964","Bangsar South Suites",11631,2297,22.7,"Tier 1: Pre-Approved LPPSA/Bank",754876
"LEAD-15966","Mohd Rosli #5966","+60180005967","Shah Alam Vista",11742,2354,23,"Tier 1: Pre-Approved LPPSA/Bank",755065
"LEAD-15969","Kevin Kumar #5969","+60130005970","Bangsar South Suites",11853,2411,23.4,"Tier 1: Pre-Approved LPPSA/Bank",755253
"LEAD-15972","Razif Faizal #5972","+60160005973","Shah Alam Vista",11964,2468,23.7,"Tier 1: Pre-Approved LPPSA/Bank",755442
"LEAD-15975","Chong Hassan #5975","+60190005976","Bangsar South Suites",3575,2525,81.2,"Tier 4: High Risk DSR",0
"LEAD-15978","Hafiz Subramaniam #5978","+60140005979","Shah Alam Vista",3686,2582,80.5,"Tier 4: High Risk DSR",0
"LEAD-15981","Ahmad Goh #5981","+60170005982","Bangsar South Suites",3797,2639,79.9,"Tier 4: High Risk DSR",0
"LEAD-15984","Tan Hariz #5984","+60120005985","Shah Alam Vista",3908,2696,79.3,"Tier 4: High Risk DSR",0
"LEAD-15987","Farhan Wei Lun #5987","+60150005988","Bangsar South Suites",4019,2753,78.7,"Tier 4: High Risk DSR",0
"LEAD-15990","Jason Ibrahim #5990","+60180005991","Shah Alam Vista",4130,2810,78.2,"Tier 4: High Risk DSR",0
"LEAD-15993","Amir Chen #5993","+60130005994","Bangsar South Suites",4241,2867,77.7,"Tier 4: High Risk DSR",0
"LEAD-15996","Devi Nordin #5996","+60160005997","Shah Alam Vista",4352,2924,77.2,"Tier 4: High Risk DSR",0
"LEAD-15999","Grace Osman #5999","+60190006000","Bangsar South Suites",4463,2981,76.8,"Tier 4: High Risk DSR",0
"LEAD-16002","Nurul Aini #6002","+60140006003","Shah Alam Vista",4574,3038,76.3,"Tier 4: High Risk DSR",0
"LEAD-16005","Santhi Razif #6005","+60170006006","Bangsar South Suites",4685,3095,75.9,"Tier 4: High Risk DSR",0
"LEAD-16008","Sarah Lee #6008","+60120006009","Shah Alam Vista",4796,3152,75.5,"Tier 4: High Risk DSR",0
"LEAD-16011","Siti Zulkifli #6011","+60150006012","Bangsar South Suites",4907,3209,75.2,"Tier 4: High Risk DSR",0
"LEAD-16014","Syed Rosli #6014","+60180006015","Shah Alam Vista",5018,3266,74.8,"Tier 3: Joint Loan Needed",0
"LEAD-16017","Azman Kumar #6017","+60130006018","Bangsar South Suites",5129,3323,74.5,"Tier 3: Joint Loan Needed",0
"LEAD-16020","Muhammad Faizal #6020","+60160006021","Shah Alam Vista",5240,3380,74.1,"Tier 3: Joint Loan Needed",0
"LEAD-16023","Wong Hassan #6023","+60190006024","Bangsar South Suites",5351,3437,73.8,"Tier 3: Joint Loan Needed",0
"LEAD-16026","Mohd Subramaniam #6026","+60140006027","Shah Alam Vista",5462,3494,73.5,"Tier 3: Joint Loan Needed",0
"LEAD-16029","Kevin Goh #6029","+60170006030","Bangsar South Suites",5573,3551,73.2,"Tier 3: Joint Loan Needed",0
"LEAD-16032","Razif Hariz #6032","+60120006033","Shah Alam Vista",5684,3608,73,"Tier 3: Joint Loan Needed",0
"LEAD-16035","Chong Wei Lun #6035","+60150006036","Bangsar South Suites",5795,3665,72.7,"Tier 3: Joint Loan Needed",0
"LEAD-16038","Hafiz Ibrahim #6038","+60180006039","Shah Alam Vista",5906,3722,72.4,"Tier 3: Joint Loan Needed",0
"LEAD-16041","Ahmad Chen #6041","+60130006042","Bangsar South Suites",6017,3779,72.2,"Tier 3: Joint Loan Needed",0
"LEAD-16044","Tan Nordin #6044","+60160006045","Shah Alam Vista",6128,3836,72,"Tier 3: Joint Loan Needed",0
"LEAD-16047","Farhan Osman #6047","+60190006048","Bangsar South Suites",6239,3893,71.7,"Tier 3: Joint Loan Needed",0
"LEAD-16050","Jason Aini #6050","+60140006051","Shah Alam Vista",6350,3950,71.5,"Tier 3: Joint Loan Needed",0
"LEAD-16053","Amir Razif #6053","+60170006054","Bangsar South Suites",6461,4007,71.3,"Tier 3: Joint Loan Needed",0
"LEAD-16056","Devi Lee #6056","+60120006057","Shah Alam Vista",6572,4064,71.1,"Tier 3: Joint Loan Needed",0
"LEAD-16059","Grace Zulkifli #6059","+60150006060","Bangsar South Suites",6683,4121,70.9,"Tier 3: Joint Loan Needed",0
"LEAD-16062","Nurul Rosli #6062","+60180006063","Shah Alam Vista",6794,4178,70.7,"Tier 3: Joint Loan Needed",0
"LEAD-16065","Santhi Kumar #6065","+60130006066","Bangsar South Suites",6905,4235,70.5,"Tier 3: Joint Loan Needed",0
"LEAD-16068","Sarah Faizal #6068","+60160006069","Shah Alam Vista",7016,4292,70.3,"Tier 3: Joint Loan Needed",0
"LEAD-16071","Siti Hassan #6071","+60190006072","Bangsar South Suites",7127,4349,70.1,"Tier 3: Joint Loan Needed",0
"LEAD-16074","Syed Subramaniam #6074","+60140006075","Shah Alam Vista",7238,4406,70,"Tier 3: Joint Loan Needed",0
"LEAD-16077","Azman Goh #6077","+60170006078","Bangsar South Suites",7349,4463,69.8,"Tier 3: Joint Loan Needed",0
"LEAD-16080","Muhammad Hariz #6080","+60120006081","Shah Alam Vista",7460,1020,15.7,"Tier 1: Pre-Approved LPPSA/Bank",574824
"LEAD-16083","Wong Wei Lun #6083","+60150006084","Bangsar South Suites",7571,1077,16.4,"Tier 1: Pre-Approved LPPSA/Bank",575012
"LEAD-16086","Mohd Ibrahim #6086","+60180006087","Shah Alam Vista",7682,1134,17,"Tier 1: Pre-Approved LPPSA/Bank",575201
"LEAD-16089","Kevin Chen #6089","+60130006090","Bangsar South Suites",7793,1191,17.6,"Tier 1: Pre-Approved LPPSA/Bank",575389
"LEAD-16092","Razif Nordin #6092","+60160006093","Shah Alam Vista",7904,1248,18.1,"Tier 1: Pre-Approved LPPSA/Bank",575578
"LEAD-16095","Chong Osman #6095","+60190006096","Bangsar South Suites",8015,1305,18.7,"Tier 1: Pre-Approved LPPSA/Bank",575766
"LEAD-16098","Hafiz Aini #6098","+60140006099","Shah Alam Vista",8126,1362,19.3,"Tier 1: Pre-Approved LPPSA/Bank",575954
"LEAD-16101","Ahmad Razif #6101","+60170006102","Bangsar South Suites",8237,1419,19.8,"Tier 1: Pre-Approved LPPSA/Bank",576143
"LEAD-16104","Tan Lee #6104","+60120006105","Shah Alam Vista",8348,1476,20.3,"Tier 1: Pre-Approved LPPSA/Bank",576331
"LEAD-16107","Farhan Zulkifli #6107","+60150006108","Bangsar South Suites",8459,1533,20.8,"Tier 1: Pre-Approved LPPSA/Bank",576520
"LEAD-16110","Jason Rosli #6110","+60180006111","Shah Alam Vista",8570,1590,21.3,"Tier 1: Pre-Approved LPPSA/Bank",576708
"LEAD-16113","Amir Kumar #6113","+60130006114","Bangsar South Suites",8681,1647,21.8,"Tier 1: Pre-Approved LPPSA/Bank",576896
"LEAD-16116","Devi Faizal #6116","+60160006117","Shah Alam Vista",8792,1704,22.3,"Tier 1: Pre-Approved LPPSA/Bank",577085
"LEAD-16119","Grace Hassan #6119","+60190006120","Bangsar South Suites",8903,1761,22.7,"Tier 1: Pre-Approved LPPSA/Bank",577273
"LEAD-16122","Nurul Subramaniam #6122","+60140006123","Shah Alam Vista",9014,1818,23.2,"Tier 1: Pre-Approved LPPSA/Bank",577462
"LEAD-16125","Santhi Goh #6125","+60170006126","Bangsar South Suites",9125,1875,23.6,"Tier 1: Pre-Approved LPPSA/Bank",577650
"LEAD-16128","Sarah Hariz #6128","+60120006129","Shah Alam Vista",9236,1932,24,"Tier 1: Pre-Approved LPPSA/Bank",577838
"LEAD-16131","Siti Wei Lun #6131","+60150006132","Bangsar South Suites",9347,1989,24.5,"Tier 1: Pre-Approved LPPSA/Bank",578027
"LEAD-16134","Syed Ibrahim #6134","+60180006135","Shah Alam Vista",9458,2046,24.9,"Tier 1: Pre-Approved LPPSA/Bank",578215
"LEAD-16137","Azman Chen #6137","+60130006138","Bangsar South Suites",9569,2103,25.3,"Tier 1: Pre-Approved LPPSA/Bank",578404
"LEAD-16140","Muhammad Nordin #6140","+60160006141","Shah Alam Vista",9680,2160,25.6,"Tier 1: Pre-Approved LPPSA/Bank",578592
"LEAD-16143","Wong Osman #6143","+60190006144","Bangsar South Suites",9791,2217,26,"Tier 1: Pre-Approved LPPSA/Bank",578780
"LEAD-16146","Mohd Aini #6146","+60140006147","Shah Alam Vista",9902,2274,26.4,"Tier 1: Pre-Approved LPPSA/Bank",578969
"LEAD-16149","Kevin Razif #6149","+60170006150","Bangsar South Suites",10013,2331,26.8,"Tier 1: Pre-Approved LPPSA/Bank",579157
"LEAD-16152","Razif Lee #6152","+60120006153","Shah Alam Vista",10124,2388,27.1,"Tier 1: Pre-Approved LPPSA/Bank",579346
"LEAD-16155","Chong Zulkifli #6155","+60150006156","Bangsar South Suites",10235,2445,27.5,"Tier 1: Pre-Approved LPPSA/Bank",579534
"LEAD-16158","Hafiz Rosli #6158","+60180006159","Shah Alam Vista",10346,2502,27.8,"Tier 1: Pre-Approved LPPSA/Bank",579722
"LEAD-16161","Ahmad Kumar #6161","+60130006162","Bangsar South Suites",10457,2559,28.1,"Tier 1: Pre-Approved LPPSA/Bank",579911
"LEAD-16164","Tan Faizal #6164","+60160006165","Shah Alam Vista",10568,2616,28.5,"Tier 1: Pre-Approved LPPSA/Bank",580099
"LEAD-16167","Farhan Hassan #6167","+60190006168","Bangsar South Suites",10679,2673,28.8,"Tier 1: Pre-Approved LPPSA/Bank",580288
"LEAD-16170","Jason Subramaniam #6170","+60140006171","Shah Alam Vista",10790,2730,29.1,"Tier 1: Pre-Approved LPPSA/Bank",580476
"LEAD-16173","Amir Goh #6173","+60170006174","Bangsar South Suites",10901,2787,29.4,"Tier 1: Pre-Approved LPPSA/Bank",580664
"LEAD-16176","Devi Hariz #6176","+60120006177","Shah Alam Vista",11012,2844,29.7,"Tier 1: Pre-Approved LPPSA/Bank",580853
"LEAD-16179","Grace Wei Lun #6179","+60150006180","Bangsar South Suites",11123,2901,30,"Tier 1: Pre-Approved LPPSA/Bank",581041
"LEAD-16182","Nurul Ibrahim #6182","+60180006183","Shah Alam Vista",11234,2958,30.3,"Tier 1: Pre-Approved LPPSA/Bank",581230
"LEAD-16185","Santhi Chen #6185","+60130006186","Bangsar South Suites",11345,3015,30.5,"Tier 1: Pre-Approved LPPSA/Bank",581418
"LEAD-16188","Sarah Nordin #6188","+60160006189","Shah Alam Vista",11456,3072,30.8,"Tier 1: Pre-Approved LPPSA/Bank",581606
"LEAD-16191","Siti Osman #6191","+60190006192","Bangsar South Suites",11567,3129,31.1,"Tier 1: Pre-Approved LPPSA/Bank",581795
"LEAD-16194","Syed Aini #6194","+60140006195","Shah Alam Vista",11678,3186,31.4,"Tier 1: Pre-Approved LPPSA/Bank",581983
"LEAD-16197","Azman Razif #6197","+60170006198","Bangsar South Suites",11789,3243,31.6,"Tier 1: Pre-Approved LPPSA/Bank",582172
"LEAD-16200","Muhammad Lee #6200","+60120006201","Shah Alam Vista",11900,3300,31.9,"Tier 1: Pre-Approved LPPSA/Bank",582360
"LEAD-16203","Wong Zulkifli #6203","+60150006204","Bangsar South Suites",3511,3357,109.9,"Tier 4: High Risk DSR",0
"LEAD-16206","Mohd Rosli #6206","+60180006207","Shah Alam Vista",3622,3414,108.3,"Tier 4: High Risk DSR",0
"LEAD-16209","Kevin Kumar #6209","+60130006210","Bangsar South Suites",3733,3471,106.9,"Tier 4: High Risk DSR",0
"LEAD-16212","Razif Faizal #6212","+60160006213","Shah Alam Vista",3844,3528,105.5,"Tier 4: High Risk DSR",0
"LEAD-16215","Chong Hassan #6215","+60190006216","Bangsar South Suites",3955,3585,104.2,"Tier 4: High Risk DSR",0
"LEAD-16218","Hafiz Subramaniam #6218","+60140006219","Shah Alam Vista",4066,3642,103,"Tier 4: High Risk DSR",0
"LEAD-16221","Ahmad Goh #6221","+60170006222","Bangsar South Suites",4177,3699,101.8,"Tier 4: High Risk DSR",0
"LEAD-16224","Tan Hariz #6224","+60120006225","Shah Alam Vista",4288,3756,100.7,"Tier 4: High Risk DSR",0
"LEAD-16227","Farhan Wei Lun #6227","+60150006228","Bangsar South Suites",4399,3813,99.6,"Tier 4: High Risk DSR",0
"LEAD-16230","Jason Ibrahim #6230","+60180006231","Shah Alam Vista",4510,3870,98.6,"Tier 4: High Risk DSR",0
"LEAD-16233","Amir Chen #6233","+60130006234","Bangsar South Suites",4621,3927,97.7,"Tier 4: High Risk DSR",0
"LEAD-16236","Devi Nordin #6236","+60160006237","Shah Alam Vista",4732,3984,96.8,"Tier 4: High Risk DSR",0
"LEAD-16239","Grace Osman #6239","+60190006240","Bangsar South Suites",4843,4041,95.9,"Tier 4: High Risk DSR",0
"LEAD-16242","Nurul Aini #6242","+60140006243","Shah Alam Vista",4954,4098,95.1,"Tier 4: High Risk DSR",0
"LEAD-16245","Santhi Razif #6245","+60170006246","Bangsar South Suites",5065,4155,94.3,"Tier 4: High Risk DSR",0
"LEAD-16248","Sarah Lee #6248","+60120006249","Shah Alam Vista",5176,4212,93.5,"Tier 4: High Risk DSR",0
"LEAD-16251","Siti Zulkifli #6251","+60150006252","Bangsar South Suites",5287,4269,92.8,"Tier 4: High Risk DSR",0
"LEAD-16254","Syed Rosli #6254","+60180006255","Shah Alam Vista",5398,4326,92.1,"Tier 4: High Risk DSR",0
"LEAD-16257","Azman Kumar #6257","+60130006258","Bangsar South Suites",5509,4383,91.4,"Tier 4: High Risk DSR",0
"LEAD-16260","Muhammad Faizal #6260","+60160006261","Shah Alam Vista",5620,4440,90.8,"Tier 4: High Risk DSR",0
"LEAD-16263","Wong Hassan #6263","+60190006264","Bangsar South Suites",5731,4497,90.2,"Tier 4: High Risk DSR",0
"LEAD-16266","Mohd Subramaniam #6266","+60140006267","Shah Alam Vista",5842,1054,20.7,"Tier 2: Qualified Bank Loan",399105
"LEAD-16269","Kevin Goh #6269","+60170006270","Bangsar South Suites",5953,1111,21.5,"Tier 2: Qualified Bank Loan",399293
"LEAD-16272","Razif Hariz #6272","+60120006273","Shah Alam Vista",6064,1168,22.1,"Tier 2: Qualified Bank Loan",399482
"LEAD-16275","Chong Wei Lun #6275","+60150006276","Bangsar South Suites",6175,1225,22.8,"Tier 2: Qualified Bank Loan",399670
"LEAD-16278","Hafiz Ibrahim #6278","+60180006279","Shah Alam Vista",6286,1282,23.4,"Tier 2: Qualified Bank Loan",399858
"LEAD-16281","Ahmad Chen #6281","+60130006282","Bangsar South Suites",6397,1339,24.1,"Tier 2: Qualified Bank Loan",400047
"LEAD-16284","Tan Nordin #6284","+60160006285","Shah Alam Vista",6508,1396,24.7,"Tier 1: Pre-Approved LPPSA/Bank",400235
"LEAD-16287","Farhan Osman #6287","+60190006288","Bangsar South Suites",6619,1453,25.2,"Tier 1: Pre-Approved LPPSA/Bank",400424
"LEAD-16290","Jason Aini #6290","+60140006291","Shah Alam Vista",6730,1510,25.8,"Tier 1: Pre-Approved LPPSA/Bank",400612
"LEAD-16293","Amir Razif #6293","+60170006294","Bangsar South Suites",6841,1567,26.3,"Tier 1: Pre-Approved LPPSA/Bank",400800
"LEAD-16296","Devi Lee #6296","+60120006297","Shah Alam Vista",6952,1624,26.9,"Tier 1: Pre-Approved LPPSA/Bank",400989
"LEAD-16299","Grace Zulkifli #6299","+60150006300","Bangsar South Suites",7063,1681,27.4,"Tier 1: Pre-Approved LPPSA/Bank",401177
"LEAD-16302","Nurul Rosli #6302","+60180006303","Shah Alam Vista",7174,1738,27.8,"Tier 1: Pre-Approved LPPSA/Bank",401366
"LEAD-16305","Santhi Kumar #6305","+60130006306","Bangsar South Suites",7285,1795,28.3,"Tier 1: Pre-Approved LPPSA/Bank",401554
"LEAD-16308","Sarah Faizal #6308","+60160006309","Shah Alam Vista",7396,1852,28.8,"Tier 1: Pre-Approved LPPSA/Bank",401742
"LEAD-16311","Siti Hassan #6311","+60190006312","Bangsar South Suites",7507,1909,29.2,"Tier 1: Pre-Approved LPPSA/Bank",401931
"LEAD-16314","Syed Subramaniam #6314","+60140006315","Shah Alam Vista",7618,1966,29.7,"Tier 1: Pre-Approved LPPSA/Bank",402119
"LEAD-16317","Azman Goh #6317","+60170006318","Bangsar South Suites",7729,2023,30.1,"Tier 1: Pre-Approved LPPSA/Bank",402308
"LEAD-16320","Muhammad Hariz #6320","+60120006321","Shah Alam Vista",7840,2080,30.5,"Tier 1: Pre-Approved LPPSA/Bank",402496
"LEAD-16323","Wong Wei Lun #6323","+60150006324","Bangsar South Suites",7951,2137,30.9,"Tier 1: Pre-Approved LPPSA/Bank",402684
"LEAD-16326","Mohd Ibrahim #6326","+60180006327","Shah Alam Vista",8062,2194,31.3,"Tier 1: Pre-Approved LPPSA/Bank",402873
"LEAD-16329","Kevin Chen #6329","+60130006330","Bangsar South Suites",8173,2251,31.7,"Tier 1: Pre-Approved LPPSA/Bank",403061
"LEAD-16332","Razif Nordin #6332","+60160006333","Shah Alam Vista",8284,2308,32,"Tier 1: Pre-Approved LPPSA/Bank",403250
"LEAD-16335","Chong Osman #6335","+60190006336","Bangsar South Suites",8395,2365,32.4,"Tier 1: Pre-Approved LPPSA/Bank",403438
"LEAD-16338","Hafiz Aini #6338","+60140006339","Shah Alam Vista",8506,2422,32.7,"Tier 1: Pre-Approved LPPSA/Bank",403626
"LEAD-16341","Ahmad Razif #6341","+60170006342","Bangsar South Suites",8617,2479,33.1,"Tier 1: Pre-Approved LPPSA/Bank",403815
"LEAD-16344","Tan Lee #6344","+60120006345","Shah Alam Vista",8728,2536,33.4,"Tier 1: Pre-Approved LPPSA/Bank",404003
"LEAD-16347","Farhan Zulkifli #6347","+60150006348","Bangsar South Suites",8839,2593,33.7,"Tier 1: Pre-Approved LPPSA/Bank",404192
"LEAD-16350","Jason Rosli #6350","+60180006351","Shah Alam Vista",8950,2650,34,"Tier 1: Pre-Approved LPPSA/Bank",404380
"LEAD-16353","Amir Kumar #6353","+60130006354","Bangsar South Suites",9061,2707,34.3,"Tier 1: Pre-Approved LPPSA/Bank",404568
"LEAD-16356","Devi Faizal #6356","+60160006357","Shah Alam Vista",9172,2764,34.6,"Tier 1: Pre-Approved LPPSA/Bank",404757
"LEAD-16359","Grace Hassan #6359","+60190006360","Bangsar South Suites",9283,2821,34.9,"Tier 1: Pre-Approved LPPSA/Bank",404945
"LEAD-16362","Nurul Subramaniam #6362","+60140006363","Shah Alam Vista",9394,2878,35.2,"Tier 1: Pre-Approved LPPSA/Bank",405134
"LEAD-16365","Santhi Goh #6365","+60170006366","Bangsar South Suites",9505,2935,35.5,"Tier 1: Pre-Approved LPPSA/Bank",405322
"LEAD-16368","Sarah Hariz #6368","+60120006369","Shah Alam Vista",9616,2992,35.8,"Tier 1: Pre-Approved LPPSA/Bank",405510
"LEAD-16371","Siti Wei Lun #6371","+60150006372","Bangsar South Suites",9727,3049,36,"Tier 1: Pre-Approved LPPSA/Bank",405699
"LEAD-16374","Syed Ibrahim #6374","+60180006375","Shah Alam Vista",9838,3106,36.3,"Tier 1: Pre-Approved LPPSA/Bank",405887
"LEAD-16377","Azman Chen #6377","+60130006378","Bangsar South Suites",9949,3163,36.5,"Tier 1: Pre-Approved LPPSA/Bank",406076
"LEAD-16380","Muhammad Nordin #6380","+60160006381","Shah Alam Vista",10060,3220,36.8,"Tier 1: Pre-Approved LPPSA/Bank",406264
"LEAD-16383","Wong Osman #6383","+60190006384","Bangsar South Suites",10171,3277,37,"Tier 1: Pre-Approved LPPSA/Bank",406452
"LEAD-16386","Mohd Aini #6386","+60140006387","Shah Alam Vista",10282,3334,37.3,"Tier 1: Pre-Approved LPPSA/Bank",406641
"LEAD-16389","Kevin Razif #6389","+60170006390","Bangsar South Suites",10393,3391,37.5,"Tier 1: Pre-Approved LPPSA/Bank",406829
"LEAD-16392","Razif Lee #6392","+60120006393","Shah Alam Vista",10504,3448,37.7,"Tier 1: Pre-Approved LPPSA/Bank",407018
"LEAD-16395","Chong Zulkifli #6395","+60150006396","Bangsar South Suites",10615,3505,38,"Tier 1: Pre-Approved LPPSA/Bank",407206
"LEAD-16398","Hafiz Rosli #6398","+60180006399","Shah Alam Vista",10726,3562,38.2,"Tier 1: Pre-Approved LPPSA/Bank",407394
"LEAD-16401","Ahmad Kumar #6401","+60130006402","Bangsar South Suites",10837,3619,38.4,"Tier 1: Pre-Approved LPPSA/Bank",407583
"LEAD-16404","Tan Faizal #6404","+60160006405","Shah Alam Vista",10948,3676,38.6,"Tier 1: Pre-Approved LPPSA/Bank",407771
"LEAD-16407","Farhan Hassan #6407","+60190006408","Bangsar South Suites",11059,3733,38.8,"Tier 1: Pre-Approved LPPSA/Bank",407960
"LEAD-16410","Jason Subramaniam #6410","+60140006411","Shah Alam Vista",11170,3790,39,"Tier 1: Pre-Approved LPPSA/Bank",408148
"LEAD-16413","Amir Goh #6413","+60170006414","Bangsar South Suites",11281,3847,39.2,"Tier 1: Pre-Approved LPPSA/Bank",408336
"LEAD-16416","Devi Hariz #6416","+60120006417","Shah Alam Vista",11392,3904,39.4,"Tier 1: Pre-Approved LPPSA/Bank",408525
"LEAD-16419","Grace Wei Lun #6419","+60150006420","Bangsar South Suites",11503,3961,39.6,"Tier 1: Pre-Approved LPPSA/Bank",408713
"LEAD-16422","Nurul Ibrahim #6422","+60180006423","Shah Alam Vista",11614,4018,39.8,"Tier 1: Pre-Approved LPPSA/Bank",408902
"LEAD-16425","Santhi Chen #6425","+60130006426","Bangsar South Suites",11725,4075,39.9,"Tier 1: Pre-Approved LPPSA/Bank",409090
"LEAD-16428","Sarah Nordin #6428","+60160006429","Shah Alam Vista",11836,4132,40.1,"Tier 1: Pre-Approved LPPSA/Bank",409278
"LEAD-16431","Siti Osman #6431","+60190006432","Bangsar South Suites",11947,4189,40.3,"Tier 1: Pre-Approved LPPSA/Bank",409467
"LEAD-16434","Syed Aini #6434","+60140006435","Shah Alam Vista",3558,4246,137.2,"Tier 4: High Risk DSR",0
"LEAD-16437","Azman Razif #6437","+60170006438","Bangsar South Suites",3669,4303,134.8,"Tier 4: High Risk DSR",0
"LEAD-16440","Muhammad Lee #6440","+60120006441","Shah Alam Vista",3780,4360,132.6,"Tier 4: High Risk DSR",0
"LEAD-16443","Wong Zulkifli #6443","+60150006444","Bangsar South Suites",3891,4417,130.5,"Tier 4: High Risk DSR",0
"LEAD-16446","Mohd Rosli #6446","+60180006447","Shah Alam Vista",4002,4474,128.5,"Tier 4: High Risk DSR",0
"LEAD-16449","Kevin Kumar #6449","+60130006450","Bangsar South Suites",4113,1031,28.8,"Tier 3: Joint Loan Needed",223197
"LEAD-16452","Razif Faizal #6452","+60160006453","Shah Alam Vista",4224,1088,29.6,"Tier 3: Joint Loan Needed",223386
"LEAD-16455","Chong Hassan #6455","+60190006456","Bangsar South Suites",4335,1145,30.4,"Tier 3: Joint Loan Needed",223574
"LEAD-16458","Hafiz Subramaniam #6458","+60140006459","Shah Alam Vista",4446,1202,31.1,"Tier 3: Joint Loan Needed",223762
"LEAD-16461","Ahmad Goh #6461","+60170006462","Bangsar South Suites",4557,1259,31.8,"Tier 2: Qualified Bank Loan",223951
"LEAD-16464","Tan Hariz #6464","+60120006465","Shah Alam Vista",4668,1316,32.4,"Tier 2: Qualified Bank Loan",224139
"LEAD-16467","Farhan Wei Lun #6467","+60150006468","Bangsar South Suites",4779,1373,33,"Tier 2: Qualified Bank Loan",224328
"LEAD-16470","Jason Ibrahim #6470","+60180006471","Shah Alam Vista",4890,1430,33.6,"Tier 2: Qualified Bank Loan",224516
"LEAD-16473","Amir Chen #6473","+60130006474","Bangsar South Suites",5001,1487,34.2,"Tier 2: Qualified Bank Loan",224704
"LEAD-16476","Devi Nordin #6476","+60160006477","Shah Alam Vista",5112,1544,34.7,"Tier 2: Qualified Bank Loan",224893
"LEAD-16479","Grace Osman #6479","+60190006480","Bangsar South Suites",5223,1601,35.2,"Tier 2: Qualified Bank Loan",225081
"LEAD-16482","Nurul Aini #6482","+60140006483","Shah Alam Vista",5334,1658,35.7,"Tier 2: Qualified Bank Loan",225270
"LEAD-16485","Santhi Razif #6485","+60170006486","Bangsar South Suites",5445,1715,36.2,"Tier 2: Qualified Bank Loan",225458
"LEAD-16488","Sarah Lee #6488","+60120006489","Shah Alam Vista",5556,1772,36.7,"Tier 2: Qualified Bank Loan",225646
"LEAD-16491","Siti Zulkifli #6491","+60150006492","Bangsar South Suites",5667,1829,37.1,"Tier 2: Qualified Bank Loan",225835
"LEAD-16494","Syed Rosli #6494","+60180006495","Shah Alam Vista",5778,1886,37.5,"Tier 2: Qualified Bank Loan",226023
"LEAD-16497","Azman Kumar #6497","+60130006498","Bangsar South Suites",5889,1943,37.9,"Tier 2: Qualified Bank Loan",226212
"LEAD-16500","Muhammad Faizal #6500","+60160006501","Shah Alam Vista",6000,2000,38.3,"Tier 2: Qualified Bank Loan",226400
"LEAD-16503","Wong Hassan #6503","+60190006504","Bangsar South Suites",6111,2057,38.7,"Tier 2: Qualified Bank Loan",226588
"LEAD-16506","Mohd Subramaniam #6506","+60140006507","Shah Alam Vista",6222,2114,39.1,"Tier 2: Qualified Bank Loan",226777
"LEAD-16509","Kevin Goh #6509","+60170006510","Bangsar South Suites",6333,2171,39.4,"Tier 2: Qualified Bank Loan",226965
"LEAD-16512","Razif Hariz #6512","+60120006513","Shah Alam Vista",6444,2228,39.7,"Tier 2: Qualified Bank Loan",227154
"LEAD-16515","Chong Wei Lun #6515","+60150006516","Bangsar South Suites",6555,2285,40.1,"Tier 1: Pre-Approved LPPSA/Bank",227342
"LEAD-16518","Hafiz Ibrahim #6518","+60180006519","Shah Alam Vista",6666,2342,40.4,"Tier 1: Pre-Approved LPPSA/Bank",227530
"LEAD-16521","Ahmad Chen #6521","+60130006522","Bangsar South Suites",6777,2399,40.7,"Tier 1: Pre-Approved LPPSA/Bank",227719
"LEAD-16524","Tan Nordin #6524","+60160006525","Shah Alam Vista",6888,2456,41,"Tier 1: Pre-Approved LPPSA/Bank",227907
"LEAD-16527","Farhan Osman #6527","+60190006528","Bangsar South Suites",6999,2513,41.3,"Tier 1: Pre-Approved LPPSA/Bank",228096
"LEAD-16530","Jason Aini #6530","+60140006531","Shah Alam Vista",7110,2570,41.5,"Tier 1: Pre-Approved LPPSA/Bank",228284
"LEAD-16533","Amir Razif #6533","+60170006534","Bangsar South Suites",7221,2627,41.8,"Tier 1: Pre-Approved LPPSA/Bank",228472
"LEAD-16536","Devi Lee #6536","+60120006537","Shah Alam Vista",7332,2684,42.1,"Tier 1: Pre-Approved LPPSA/Bank",228661
"LEAD-16539","Grace Zulkifli #6539","+60150006540","Bangsar South Suites",7443,2741,42.3,"Tier 1: Pre-Approved LPPSA/Bank",228849
"LEAD-16542","Nurul Rosli #6542","+60180006543","Shah Alam Vista",7554,2798,42.6,"Tier 1: Pre-Approved LPPSA/Bank",229038
"LEAD-16545","Santhi Kumar #6545","+60130006546","Bangsar South Suites",7665,2855,42.8,"Tier 1: Pre-Approved LPPSA/Bank",229226
"LEAD-16548","Sarah Faizal #6548","+60160006549","Shah Alam Vista",7776,2912,43,"Tier 1: Pre-Approved LPPSA/Bank",229414
"LEAD-16551","Siti Hassan #6551","+60190006552","Bangsar South Suites",7887,2969,43.3,"Tier 1: Pre-Approved LPPSA/Bank",229603
"LEAD-16554","Syed Subramaniam #6554","+60140006555","Shah Alam Vista",7998,3026,43.5,"Tier 1: Pre-Approved LPPSA/Bank",229791
"LEAD-16557","Azman Goh #6557","+60170006558","Bangsar South Suites",8109,3083,43.7,"Tier 1: Pre-Approved LPPSA/Bank",229980
"LEAD-16560","Muhammad Hariz #6560","+60120006561","Shah Alam Vista",8220,3140,43.9,"Tier 1: Pre-Approved LPPSA/Bank",230168
"LEAD-16563","Wong Wei Lun #6563","+60150006564","Bangsar South Suites",8331,3197,44.1,"Tier 1: Pre-Approved LPPSA/Bank",230356
"LEAD-16566","Mohd Ibrahim #6566","+60180006567","Shah Alam Vista",8442,3254,44.3,"Tier 1: Pre-Approved LPPSA/Bank",230545
"LEAD-16569","Kevin Chen #6569","+60130006570","Bangsar South Suites",8553,3311,44.5,"Tier 1: Pre-Approved LPPSA/Bank",230733
"LEAD-16572","Razif Nordin #6572","+60160006573","Shah Alam Vista",8664,3368,44.7,"Tier 1: Pre-Approved LPPSA/Bank",230922
"LEAD-16575","Chong Osman #6575","+60190006576","Bangsar South Suites",8775,3425,44.9,"Tier 1: Pre-Approved LPPSA/Bank",231110
"LEAD-16578","Hafiz Aini #6578","+60140006579","Shah Alam Vista",8886,3482,45,"Tier 2: Qualified Bank Loan",231298
"LEAD-16581","Ahmad Razif #6581","+60170006582","Bangsar South Suites",8997,3539,45.2,"Tier 2: Qualified Bank Loan",231487
"LEAD-16584","Tan Lee #6584","+60120006585","Shah Alam Vista",9108,3596,45.4,"Tier 2: Qualified Bank Loan",231675
"LEAD-16587","Farhan Zulkifli #6587","+60150006588","Bangsar South Suites",9219,3653,45.5,"Tier 2: Qualified Bank Loan",231864
"LEAD-16590","Jason Rosli #6590","+60180006591","Shah Alam Vista",9330,3710,45.7,"Tier 2: Qualified Bank Loan",232052
"LEAD-16593","Amir Kumar #6593","+60130006594","Bangsar South Suites",9441,3767,45.9,"Tier 2: Qualified Bank Loan",232240
"LEAD-16596","Devi Faizal #6596","+60160006597","Shah Alam Vista",9552,3824,46,"Tier 2: Qualified Bank Loan",232429
"LEAD-16599","Grace Hassan #6599","+60190006600","Bangsar South Suites",9663,3881,46.2,"Tier 2: Qualified Bank Loan",232617
"LEAD-16602","Nurul Subramaniam #6602","+60140006603","Shah Alam Vista",9774,3938,46.3,"Tier 2: Qualified Bank Loan",232806
"LEAD-16605","Santhi Goh #6605","+60170006606","Bangsar South Suites",9885,3995,46.5,"Tier 2: Qualified Bank Loan",232994
"LEAD-16608","Sarah Hariz #6608","+60120006609","Shah Alam Vista",9996,4052,46.6,"Tier 2: Qualified Bank Loan",233182
"LEAD-16611","Siti Wei Lun #6611","+60150006612","Bangsar South Suites",10107,4109,46.7,"Tier 2: Qualified Bank Loan",233371
"LEAD-16614","Syed Ibrahim #6614","+60180006615","Shah Alam Vista",10218,4166,46.9,"Tier 2: Qualified Bank Loan",233559
"LEAD-16617","Azman Chen #6617","+60130006618","Bangsar South Suites",10329,4223,47,"Tier 2: Qualified Bank Loan",233748
"LEAD-16620","Muhammad Nordin #6620","+60160006621","Shah Alam Vista",10440,4280,47.1,"Tier 2: Qualified Bank Loan",233936
"LEAD-16623","Wong Osman #6623","+60190006624","Bangsar South Suites",10551,4337,47.2,"Tier 2: Qualified Bank Loan",234124
"LEAD-16626","Mohd Aini #6626","+60140006627","Shah Alam Vista",10662,4394,47.4,"Tier 2: Qualified Bank Loan",234313
"LEAD-16629","Kevin Razif #6629","+60170006630","Bangsar South Suites",10773,4451,47.5,"Tier 2: Qualified Bank Loan",234501
"LEAD-16632","Razif Lee #6632","+60120006633","Shah Alam Vista",10884,1008,10.6,"Tier 1: Pre-Approved LPPSA/Bank",934690
"LEAD-16635","Chong Zulkifli #6635","+60150006636","Bangsar South Suites",10995,1065,11.1,"Tier 1: Pre-Approved LPPSA/Bank",934878
"LEAD-16638","Hafiz Rosli #6638","+60180006639","Shah Alam Vista",11106,1122,11.6,"Tier 1: Pre-Approved LPPSA/Bank",935066
"LEAD-16641","Ahmad Kumar #6641","+60130006642","Bangsar South Suites",11217,1179,12.1,"Tier 1: Pre-Approved LPPSA/Bank",935255
"LEAD-16644","Tan Faizal #6644","+60160006645","Shah Alam Vista",11328,1236,12.5,"Tier 1: Pre-Approved LPPSA/Bank",935443
"LEAD-16647","Farhan Hassan #6647","+60190006648","Bangsar South Suites",11439,1293,13,"Tier 1: Pre-Approved LPPSA/Bank",935632
"LEAD-16650","Jason Subramaniam #6650","+60140006651","Shah Alam Vista",11550,1350,13.4,"Tier 1: Pre-Approved LPPSA/Bank",935820
"LEAD-16653","Amir Goh #6653","+60170006654","Bangsar South Suites",11661,1407,13.9,"Tier 1: Pre-Approved LPPSA/Bank",936008
"LEAD-16656","Devi Hariz #6656","+60120006657","Shah Alam Vista",11772,1464,14.3,"Tier 1: Pre-Approved LPPSA/Bank",936197
"LEAD-16659","Grace Wei Lun #6659","+60150006660","Bangsar South Suites",11883,1521,14.7,"Tier 1: Pre-Approved LPPSA/Bank",936385
"LEAD-16662","Nurul Ibrahim #6662","+60180006663","Shah Alam Vista",11994,1578,15.1,"Tier 1: Pre-Approved LPPSA/Bank",936574
"LEAD-16665","Santhi Chen #6665","+60130006666","Bangsar South Suites",3605,1635,52.1,"Tier 3: Joint Loan Needed",49362
"LEAD-16668","Sarah Nordin #6668","+60160006669","Shah Alam Vista",3716,1692,52.3,"Tier 3: Joint Loan Needed",49550
"LEAD-16671","Siti Osman #6671","+60190006672","Bangsar South Suites",3827,1749,52.5,"Tier 3: Joint Loan Needed",49739
"LEAD-16674","Syed Aini #6674","+60140006675","Shah Alam Vista",3938,1806,52.7,"Tier 3: Joint Loan Needed",49927
"LEAD-16677","Azman Razif #6677","+60170006678","Bangsar South Suites",4049,1863,52.9,"Tier 3: Joint Loan Needed",50116
"LEAD-16680","Muhammad Lee #6680","+60120006681","Shah Alam Vista",4160,1920,53.1,"Tier 3: Joint Loan Needed",50304
"LEAD-16683","Wong Zulkifli #6683","+60150006684","Bangsar South Suites",4271,1977,53.2,"Tier 3: Joint Loan Needed",50492
"LEAD-16686","Mohd Rosli #6686","+60180006687","Shah Alam Vista",4382,2034,53.4,"Tier 3: Joint Loan Needed",50681
"LEAD-16689","Kevin Kumar #6689","+60130006690","Bangsar South Suites",4493,2091,53.5,"Tier 3: Joint Loan Needed",50869
"LEAD-16692","Razif Faizal #6692","+60160006693","Shah Alam Vista",4604,2148,53.6,"Tier 2: Qualified Bank Loan",51058
"LEAD-16695","Chong Hassan #6695","+60190006696","Bangsar South Suites",4715,2205,53.8,"Tier 2: Qualified Bank Loan",51246
"LEAD-16698","Hafiz Subramaniam #6698","+60140006699","Shah Alam Vista",4826,2262,53.9,"Tier 2: Qualified Bank Loan",51434
"LEAD-16701","Ahmad Goh #6701","+60170006702","Bangsar South Suites",4937,2319,54,"Tier 2: Qualified Bank Loan",51623
"LEAD-16704","Tan Hariz #6704","+60120006705","Shah Alam Vista",5048,2376,54.1,"Tier 2: Qualified Bank Loan",51811
"LEAD-16707","Farhan Wei Lun #6707","+60150006708","Bangsar South Suites",5159,2433,54.2,"Tier 2: Qualified Bank Loan",52000
"LEAD-16710","Jason Ibrahim #6710","+60180006711","Shah Alam Vista",5270,2490,54.3,"Tier 2: Qualified Bank Loan",52188
"LEAD-16713","Amir Chen #6713","+60130006714","Bangsar South Suites",5381,2547,54.4,"Tier 2: Qualified Bank Loan",52376
"LEAD-16716","Devi Nordin #6716","+60160006717","Shah Alam Vista",5492,2604,54.5,"Tier 2: Qualified Bank Loan",52565
"LEAD-16719","Grace Osman #6719","+60190006720","Bangsar South Suites",5603,2661,54.6,"Tier 2: Qualified Bank Loan",52753
"LEAD-16722","Nurul Aini #6722","+60140006723","Shah Alam Vista",5714,2718,54.7,"Tier 2: Qualified Bank Loan",52942
"LEAD-16725","Santhi Razif #6725","+60170006726","Bangsar South Suites",5825,2775,54.8,"Tier 2: Qualified Bank Loan",53130
"LEAD-16728","Sarah Lee #6728","+60120006729","Shah Alam Vista",5936,2832,54.8,"Tier 2: Qualified Bank Loan",53318
"LEAD-16731","Siti Zulkifli #6731","+60150006732","Bangsar South Suites",6047,2889,54.9,"Tier 2: Qualified Bank Loan",53507
"LEAD-16734","Syed Rosli #6734","+60180006735","Shah Alam Vista",6158,2946,55,"Tier 2: Qualified Bank Loan",53695
"LEAD-16737","Azman Kumar #6737","+60130006738","Bangsar South Suites",6269,3003,55.1,"Tier 2: Qualified Bank Loan",53884
"LEAD-16740","Muhammad Faizal #6740","+60160006741","Shah Alam Vista",6380,3060,55.1,"Tier 2: Qualified Bank Loan",54072
"LEAD-16743","Wong Hassan #6743","+60190006744","Bangsar South Suites",6491,3117,55.2,"Tier 2: Qualified Bank Loan",54260
"LEAD-16746","Mohd Subramaniam #6746","+60140006747","Shah Alam Vista",6602,3174,55.3,"Tier 2: Qualified Bank Loan",54449
"LEAD-16749","Kevin Goh #6749","+60170006750","Bangsar South Suites",6713,3231,55.3,"Tier 2: Qualified Bank Loan",54637
"LEAD-16752","Razif Hariz #6752","+60120006753","Shah Alam Vista",6824,3288,55.4,"Tier 2: Qualified Bank Loan",54826
"LEAD-16755","Chong Wei Lun #6755","+60150006756","Bangsar South Suites",6935,3345,55.4,"Tier 2: Qualified Bank Loan",55014
"LEAD-16758","Hafiz Ibrahim #6758","+60180006759","Shah Alam Vista",7046,3402,55.5,"Tier 2: Qualified Bank Loan",55202
"LEAD-16761","Ahmad Chen #6761","+60130006762","Bangsar South Suites",7157,3459,55.6,"Tier 2: Qualified Bank Loan",55391
"LEAD-16764","Tan Nordin #6764","+60160006765","Shah Alam Vista",7268,3516,55.6,"Tier 2: Qualified Bank Loan",55579
"LEAD-16767","Farhan Osman #6767","+60190006768","Bangsar South Suites",7379,3573,55.7,"Tier 2: Qualified Bank Loan",55768
"LEAD-16770","Jason Aini #6770","+60140006771","Shah Alam Vista",7490,3630,55.7,"Tier 2: Qualified Bank Loan",55956
"LEAD-16773","Amir Razif #6773","+60170006774","Bangsar South Suites",7601,3687,55.8,"Tier 2: Qualified Bank Loan",56144
"LEAD-16776","Devi Lee #6776","+60120006777","Shah Alam Vista",7712,3744,55.8,"Tier 2: Qualified Bank Loan",56333
"LEAD-16779","Grace Zulkifli #6779","+60150006780","Bangsar South Suites",7823,3801,55.8,"Tier 2: Qualified Bank Loan",56521
"LEAD-16782","Nurul Rosli #6782","+60180006783","Shah Alam Vista",7934,3858,55.9,"Tier 2: Qualified Bank Loan",56710
"LEAD-16785","Santhi Kumar #6785","+60130006786","Bangsar South Suites",8045,3915,55.9,"Tier 2: Qualified Bank Loan",56898
"LEAD-16788","Sarah Faizal #6788","+60160006789","Shah Alam Vista",8156,3972,56,"Tier 2: Qualified Bank Loan",57086
"LEAD-16791","Siti Hassan #6791","+60190006792","Bangsar South Suites",8267,4029,56,"Tier 2: Qualified Bank Loan",57275
"LEAD-16794","Syed Subramaniam #6794","+60140006795","Shah Alam Vista",8378,4086,56.1,"Tier 2: Qualified Bank Loan",57463
"LEAD-16797","Azman Goh #6797","+60170006798","Bangsar South Suites",8489,4143,56.1,"Tier 2: Qualified Bank Loan",57652
"LEAD-16800","Muhammad Hariz #6800","+60120006801","Shah Alam Vista",8600,4200,56.1,"Tier 2: Qualified Bank Loan",57840
"LEAD-16803","Wong Wei Lun #6803","+60150006804","Bangsar South Suites",8711,4257,56.2,"Tier 2: Qualified Bank Loan",58028
"LEAD-16806","Mohd Ibrahim #6806","+60180006807","Shah Alam Vista",8822,4314,56.2,"Tier 2: Qualified Bank Loan",58217
"LEAD-16809","Kevin Chen #6809","+60130006810","Bangsar South Suites",8933,4371,56.2,"Tier 2: Qualified Bank Loan",58405
"LEAD-16812","Razif Nordin #6812","+60160006813","Shah Alam Vista",9044,4428,56.3,"Tier 2: Qualified Bank Loan",58594
"LEAD-16815","Chong Osman #6815","+60190006816","Bangsar South Suites",9155,4485,56.3,"Tier 2: Qualified Bank Loan",58782
"LEAD-16818","Hafiz Aini #6818","+60140006819","Shah Alam Vista",9266,1042,12.9,"Tier 1: Pre-Approved LPPSA/Bank",758970
"LEAD-16821","Ahmad Razif #6821","+60170006822","Bangsar South Suites",9377,1099,13.5,"Tier 1: Pre-Approved LPPSA/Bank",759159
"LEAD-16824","Tan Lee #6824","+60120006825","Shah Alam Vista",9488,1156,14,"Tier 1: Pre-Approved LPPSA/Bank",759347
"LEAD-16827","Farhan Zulkifli #6827","+60150006828","Bangsar South Suites",9599,1213,14.5,"Tier 1: Pre-Approved LPPSA/Bank",759536
"LEAD-16830","Jason Rosli #6830","+60180006831","Shah Alam Vista",9710,1270,15,"Tier 1: Pre-Approved LPPSA/Bank",759724
"LEAD-16833","Amir Kumar #6833","+60130006834","Bangsar South Suites",9821,1327,15.5,"Tier 1: Pre-Approved LPPSA/Bank",759912
"LEAD-16836","Devi Faizal #6836","+60160006837","Shah Alam Vista",9932,1384,16,"Tier 1: Pre-Approved LPPSA/Bank",760101
"LEAD-16839","Grace Hassan #6839","+60190006840","Bangsar South Suites",10043,1441,16.5,"Tier 1: Pre-Approved LPPSA/Bank",760289
"LEAD-16842","Nurul Subramaniam #6842","+60140006843","Shah Alam Vista",10154,1498,17,"Tier 1: Pre-Approved LPPSA/Bank",760478
"LEAD-16845","Santhi Goh #6845","+60170006846","Bangsar South Suites",10265,1555,17.4,"Tier 1: Pre-Approved LPPSA/Bank",760666
"LEAD-16848","Sarah Hariz #6848","+60120006849","Shah Alam Vista",10376,1612,17.9,"Tier 1: Pre-Approved LPPSA/Bank",760854
"LEAD-16851","Siti Wei Lun #6851","+60150006852","Bangsar South Suites",10487,1669,18.3,"Tier 1: Pre-Approved LPPSA/Bank",761043
"LEAD-16854","Syed Ibrahim #6854","+60180006855","Shah Alam Vista",10598,1726,18.7,"Tier 1: Pre-Approved LPPSA/Bank",761231
"LEAD-16857","Azman Chen #6857","+60130006858","Bangsar South Suites",10709,1783,19.1,"Tier 1: Pre-Approved LPPSA/Bank",761420
"LEAD-16860","Muhammad Nordin #6860","+60160006861","Shah Alam Vista",10820,1840,19.5,"Tier 1: Pre-Approved LPPSA/Bank",761608
"LEAD-16863","Wong Osman #6863","+60190006864","Bangsar South Suites",10931,1897,19.9,"Tier 1: Pre-Approved LPPSA/Bank",761796
"LEAD-16866","Mohd Aini #6866","+60140006867","Shah Alam Vista",11042,1954,20.3,"Tier 1: Pre-Approved LPPSA/Bank",761985
"LEAD-16869","Kevin Razif #6869","+60170006870","Bangsar South Suites",11153,2011,20.7,"Tier 1: Pre-Approved LPPSA/Bank",762173
"LEAD-16872","Razif Lee #6872","+60120006873","Shah Alam Vista",11264,2068,21.1,"Tier 1: Pre-Approved LPPSA/Bank",762362
"LEAD-16875","Chong Zulkifli #6875","+60150006876","Bangsar South Suites",11375,2125,21.5,"Tier 1: Pre-Approved LPPSA/Bank",762550
"LEAD-16878","Hafiz Rosli #6878","+60180006879","Shah Alam Vista",11486,2182,21.8,"Tier 1: Pre-Approved LPPSA/Bank",762738
"LEAD-16881","Ahmad Kumar #6881","+60130006882","Bangsar South Suites",11597,2239,22.2,"Tier 1: Pre-Approved LPPSA/Bank",762927
"LEAD-16884","Tan Faizal #6884","+60160006885","Shah Alam Vista",11708,2296,22.5,"Tier 1: Pre-Approved LPPSA/Bank",763115
"LEAD-16887","Farhan Hassan #6887","+60190006888","Bangsar South Suites",11819,2353,22.9,"Tier 1: Pre-Approved LPPSA/Bank",763304
"LEAD-16890","Jason Subramaniam #6890","+60140006891","Shah Alam Vista",11930,2410,23.2,"Tier 1: Pre-Approved LPPSA/Bank",763492
"LEAD-16893","Amir Goh #6893","+60170006894","Bangsar South Suites",3541,2467,80.1,"Tier 4: High Risk DSR",0
"LEAD-16896","Devi Hariz #6896","+60120006897","Shah Alam Vista",3652,2524,79.4,"Tier 4: High Risk DSR",0
"LEAD-16899","Grace Wei Lun #6899","+60150006900","Bangsar South Suites",3763,2581,78.8,"Tier 4: High Risk DSR",0
"LEAD-16902","Nurul Ibrahim #6902","+60180006903","Shah Alam Vista",3874,2638,78.3,"Tier 4: High Risk DSR",0
"LEAD-16905","Santhi Chen #6905","+60130006906","Bangsar South Suites",3985,2695,77.7,"Tier 4: High Risk DSR",0
"LEAD-16908","Sarah Nordin #6908","+60160006909","Shah Alam Vista",4096,2752,77.2,"Tier 4: High Risk DSR",0
"LEAD-16911","Siti Osman #6911","+60190006912","Bangsar South Suites",4207,2809,76.7,"Tier 4: High Risk DSR",0
"LEAD-16914","Syed Aini #6914","+60140006915","Shah Alam Vista",4318,2866,76.3,"Tier 4: High Risk DSR",0
"LEAD-16917","Azman Razif #6917","+60170006918","Bangsar South Suites",4429,2923,75.9,"Tier 4: High Risk DSR",0
"LEAD-16920","Muhammad Lee #6920","+60120006921","Shah Alam Vista",4540,2980,75.4,"Tier 4: High Risk DSR",0
"LEAD-16923","Wong Zulkifli #6923","+60150006924","Bangsar South Suites",4651,3037,75.1,"Tier 4: High Risk DSR",0
"LEAD-16926","Mohd Rosli #6926","+60180006927","Shah Alam Vista",4762,3094,74.7,"Tier 3: Joint Loan Needed",0
"LEAD-16929","Kevin Kumar #6929","+60130006930","Bangsar South Suites",4873,3151,74.3,"Tier 3: Joint Loan Needed",0
"LEAD-16932","Razif Faizal #6932","+60160006933","Shah Alam Vista",4984,3208,74,"Tier 3: Joint Loan Needed",0
"LEAD-16935","Chong Hassan #6935","+60190006936","Bangsar South Suites",5095,3265,73.7,"Tier 3: Joint Loan Needed",0
"LEAD-16938","Hafiz Subramaniam #6938","+60140006939","Shah Alam Vista",5206,3322,73.3,"Tier 3: Joint Loan Needed",0
"LEAD-16941","Ahmad Goh #6941","+60170006942","Bangsar South Suites",5317,3379,73,"Tier 3: Joint Loan Needed",0
"LEAD-16944","Tan Hariz #6944","+60120006945","Shah Alam Vista",5428,3436,72.8,"Tier 3: Joint Loan Needed",0
"LEAD-16947","Farhan Wei Lun #6947","+60150006948","Bangsar South Suites",5539,3493,72.5,"Tier 3: Joint Loan Needed",0
"LEAD-16950","Jason Ibrahim #6950","+60180006951","Shah Alam Vista",5650,3550,72.2,"Tier 3: Joint Loan Needed",0
"LEAD-16953","Amir Chen #6953","+60130006954","Bangsar South Suites",5761,3607,72,"Tier 3: Joint Loan Needed",0
"LEAD-16956","Devi Nordin #6956","+60160006957","Shah Alam Vista",5872,3664,71.7,"Tier 3: Joint Loan Needed",0
"LEAD-16959","Grace Osman #6959","+60190006960","Bangsar South Suites",5983,3721,71.5,"Tier 3: Joint Loan Needed",0
"LEAD-16962","Nurul Aini #6962","+60140006963","Shah Alam Vista",6094,3778,71.3,"Tier 3: Joint Loan Needed",0
"LEAD-16965","Santhi Razif #6965","+60170006966","Bangsar South Suites",6205,3835,71,"Tier 3: Joint Loan Needed",0
"LEAD-16968","Sarah Lee #6968","+60120006969","Shah Alam Vista",6316,3892,70.8,"Tier 3: Joint Loan Needed",0
"LEAD-16971","Siti Zulkifli #6971","+60150006972","Bangsar South Suites",6427,3949,70.6,"Tier 3: Joint Loan Needed",0
"LEAD-16974","Syed Rosli #6974","+60180006975","Shah Alam Vista",6538,4006,70.4,"Tier 3: Joint Loan Needed",0
"LEAD-16977","Azman Kumar #6977","+60130006978","Bangsar South Suites",6649,4063,70.2,"Tier 3: Joint Loan Needed",0
"LEAD-16980","Muhammad Faizal #6980","+60160006981","Shah Alam Vista",6760,4120,70.1,"Tier 3: Joint Loan Needed",0
"LEAD-16983","Wong Hassan #6983","+60190006984","Bangsar South Suites",6871,4177,69.9,"Tier 3: Joint Loan Needed",0
"LEAD-16986","Mohd Subramaniam #6986","+60140006987","Shah Alam Vista",6982,4234,69.7,"Tier 3: Joint Loan Needed",0
"LEAD-16989","Kevin Goh #6989","+60170006990","Bangsar South Suites",7093,4291,69.5,"Tier 3: Joint Loan Needed",0
"LEAD-16992","Razif Hariz #6992","+60120006993","Shah Alam Vista",7204,4348,69.4,"Tier 3: Joint Loan Needed",0
"LEAD-16995","Chong Wei Lun #6995","+60150006996","Bangsar South Suites",7315,4405,69.2,"Tier 3: Joint Loan Needed",0
"LEAD-16998","Hafiz Ibrahim #6998","+60180006999","Shah Alam Vista",7426,4462,69.1,"Tier 3: Joint Loan Needed",0
"LEAD-17001","Ahmad Chen #7001","+60130007002","Bangsar South Suites",7537,1019,15.5,"Tier 1: Pre-Approved LPPSA/Bank",583063
"LEAD-17004","Tan Nordin #7004","+60160007005","Shah Alam Vista",7648,1076,16.2,"Tier 1: Pre-Approved LPPSA/Bank",583251
"LEAD-17007","Farhan Osman #7007","+60190007008","Bangsar South Suites",7759,1133,16.8,"Tier 1: Pre-Approved LPPSA/Bank",583440
"LEAD-17010","Jason Aini #7010","+60140007011","Shah Alam Vista",7870,1190,17.4,"Tier 1: Pre-Approved LPPSA/Bank",583628
"LEAD-17013","Amir Razif #7013","+60170007014","Bangsar South Suites",7981,1247,18,"Tier 1: Pre-Approved LPPSA/Bank",583816
"LEAD-17016","Devi Lee #7016","+60120007017","Shah Alam Vista",8092,1304,18.5,"Tier 1: Pre-Approved LPPSA/Bank",584005
"LEAD-17019","Grace Zulkifli #7019","+60150007020","Bangsar South Suites",8203,1361,19.1,"Tier 1: Pre-Approved LPPSA/Bank",584193
"LEAD-17022","Nurul Rosli #7022","+60180007023","Shah Alam Vista",8314,1418,19.6,"Tier 1: Pre-Approved LPPSA/Bank",584382
"LEAD-17025","Santhi Kumar #7025","+60130007026","Bangsar South Suites",8425,1475,20.1,"Tier 1: Pre-Approved LPPSA/Bank",584570
"LEAD-17028","Sarah Faizal #7028","+60160007029","Shah Alam Vista",8536,1532,20.6,"Tier 1: Pre-Approved LPPSA/Bank",584758
"LEAD-17031","Siti Hassan #7031","+60190007032","Bangsar South Suites",8647,1589,21.1,"Tier 1: Pre-Approved LPPSA/Bank",584947
"LEAD-17034","Syed Subramaniam #7034","+60140007035","Shah Alam Vista",8758,1646,21.6,"Tier 1: Pre-Approved LPPSA/Bank",585135
"LEAD-17037","Azman Goh #7037","+60170007038","Bangsar South Suites",8869,1703,22.1,"Tier 1: Pre-Approved LPPSA/Bank",585324
"LEAD-17040","Muhammad Hariz #7040","+60120007041","Shah Alam Vista",8980,1760,22.5,"Tier 1: Pre-Approved LPPSA/Bank",585512
"LEAD-17043","Wong Wei Lun #7043","+60150007044","Bangsar South Suites",9091,1817,23,"Tier 1: Pre-Approved LPPSA/Bank",585700
"LEAD-17046","Mohd Ibrahim #7046","+60180007047","Shah Alam Vista",9202,1874,23.4,"Tier 1: Pre-Approved LPPSA/Bank",585889
"LEAD-17049","Kevin Chen #7049","+60130007050","Bangsar South Suites",9313,1931,23.8,"Tier 1: Pre-Approved LPPSA/Bank",586077
"LEAD-17052","Razif Nordin #7052","+60160007053","Shah Alam Vista",9424,1988,24.2,"Tier 1: Pre-Approved LPPSA/Bank",586266
"LEAD-17055","Chong Osman #7055","+60190007056","Bangsar South Suites",9535,2045,24.7,"Tier 1: Pre-Approved LPPSA/Bank",586454
"LEAD-17058","Hafiz Aini #7058","+60140007059","Shah Alam Vista",9646,2102,25,"Tier 1: Pre-Approved LPPSA/Bank",586642
"LEAD-17061","Ahmad Razif #7061","+60170007062","Bangsar South Suites",9757,2159,25.4,"Tier 1: Pre-Approved LPPSA/Bank",586831
"LEAD-17064","Tan Lee #7064","+60120007065","Shah Alam Vista",9868,2216,25.8,"Tier 1: Pre-Approved LPPSA/Bank",587019
"LEAD-17067","Farhan Zulkifli #7067","+60150007068","Bangsar South Suites",9979,2273,26.2,"Tier 1: Pre-Approved LPPSA/Bank",587208
"LEAD-17070","Jason Rosli #7070","+60180007071","Shah Alam Vista",10090,2330,26.5,"Tier 1: Pre-Approved LPPSA/Bank",587396
"LEAD-17073","Amir Kumar #7073","+60130007074","Bangsar South Suites",10201,2387,26.9,"Tier 1: Pre-Approved LPPSA/Bank",587584
"LEAD-17076","Devi Faizal #7076","+60160007077","Shah Alam Vista",10312,2444,27.2,"Tier 1: Pre-Approved LPPSA/Bank",587773
"LEAD-17079","Grace Hassan #7079","+60190007080","Bangsar South Suites",10423,2501,27.6,"Tier 1: Pre-Approved LPPSA/Bank",587961
"LEAD-17082","Nurul Subramaniam #7082","+60140007083","Shah Alam Vista",10534,2558,27.9,"Tier 1: Pre-Approved LPPSA/Bank",588150
"LEAD-17085","Santhi Goh #7085","+60170007086","Bangsar South Suites",10645,2615,28.2,"Tier 1: Pre-Approved LPPSA/Bank",588338
"LEAD-17088","Sarah Hariz #7088","+60120007089","Shah Alam Vista",10756,2672,28.6,"Tier 1: Pre-Approved LPPSA/Bank",588526
"LEAD-17091","Siti Wei Lun #7091","+60150007092","Bangsar South Suites",10867,2729,28.9,"Tier 1: Pre-Approved LPPSA/Bank",588715
"LEAD-17094","Syed Ibrahim #7094","+60180007095","Shah Alam Vista",10978,2786,29.2,"Tier 1: Pre-Approved LPPSA/Bank",588903
"LEAD-17097","Azman Chen #7097","+60130007098","Bangsar South Suites",11089,2843,29.5,"Tier 1: Pre-Approved LPPSA/Bank",589092
"LEAD-17100","Muhammad Nordin #7100","+60160007101","Shah Alam Vista",11200,2900,29.8,"Tier 1: Pre-Approved LPPSA/Bank",589280
"LEAD-17103","Wong Osman #7103","+60190007104","Bangsar South Suites",11311,2957,30,"Tier 1: Pre-Approved LPPSA/Bank",589468
"LEAD-17106","Mohd Aini #7106","+60140007107","Shah Alam Vista",11422,3014,30.3,"Tier 1: Pre-Approved LPPSA/Bank",589657
"LEAD-17109","Kevin Razif #7109","+60170007110","Bangsar South Suites",11533,3071,30.6,"Tier 1: Pre-Approved LPPSA/Bank",589845
"LEAD-17112","Razif Lee #7112","+60120007113","Shah Alam Vista",11644,3128,30.9,"Tier 1: Pre-Approved LPPSA/Bank",590034
"LEAD-17115","Chong Zulkifli #7115","+60150007116","Bangsar South Suites",11755,3185,31.1,"Tier 1: Pre-Approved LPPSA/Bank",590222
"LEAD-17118","Hafiz Rosli #7118","+60180007119","Shah Alam Vista",11866,3242,31.4,"Tier 1: Pre-Approved LPPSA/Bank",590410
"LEAD-17121","Ahmad Kumar #7121","+60130007122","Bangsar South Suites",11977,3299,31.7,"Tier 1: Pre-Approved LPPSA/Bank",590599
"LEAD-17124","Tan Faizal #7124","+60160007125","Shah Alam Vista",3588,3356,107.5,"Tier 4: High Risk DSR",0
"LEAD-17127","Farhan Hassan #7127","+60190007128","Bangsar South Suites",3699,3413,106.1,"Tier 4: High Risk DSR",0
"LEAD-17130","Jason Subramaniam #7130","+60140007131","Shah Alam Vista",3810,3470,104.7,"Tier 4: High Risk DSR",0
"LEAD-17133","Amir Goh #7133","+60170007134","Bangsar South Suites",3921,3527,103.4,"Tier 4: High Risk DSR",0
"LEAD-17136","Devi Hariz #7136","+60120007137","Shah Alam Vista",4032,3584,102.2,"Tier 4: High Risk DSR",0
"LEAD-17139","Grace Wei Lun #7139","+60150007140","Bangsar South Suites",4143,3641,101,"Tier 4: High Risk DSR",0
"LEAD-17142","Nurul Ibrahim #7142","+60180007143","Shah Alam Vista",4254,3698,99.9,"Tier 4: High Risk DSR",0
"LEAD-17145","Santhi Chen #7145","+60130007146","Bangsar South Suites",4365,3755,98.9,"Tier 4: High Risk DSR",0
"LEAD-17148","Sarah Nordin #7148","+60160007149","Shah Alam Vista",4476,3812,97.9,"Tier 4: High Risk DSR",0
"LEAD-17151","Siti Osman #7151","+60190007152","Bangsar South Suites",4587,3869,97,"Tier 4: High Risk DSR",0
"LEAD-17154","Syed Aini #7154","+60140007155","Shah Alam Vista",4698,3926,96.1,"Tier 4: High Risk DSR",0
"LEAD-17157","Azman Razif #7157","+60170007158","Bangsar South Suites",4809,3983,95.2,"Tier 4: High Risk DSR",0
"LEAD-17160","Muhammad Lee #7160","+60120007161","Shah Alam Vista",4920,4040,94.4,"Tier 4: High Risk DSR",0
"LEAD-17163","Wong Zulkifli #7163","+60150007164","Bangsar South Suites",5031,4097,93.6,"Tier 4: High Risk DSR",0
"LEAD-17166","Mohd Rosli #7166","+60180007167","Shah Alam Vista",5142,4154,92.9,"Tier 4: High Risk DSR",0
"LEAD-17169","Kevin Kumar #7169","+60130007170","Bangsar South Suites",5253,4211,92.1,"Tier 4: High Risk DSR",0
"LEAD-17172","Razif Faizal #7172","+60160007173","Shah Alam Vista",5364,4268,91.5,"Tier 4: High Risk DSR",0
"LEAD-17175","Chong Hassan #7175","+60190007176","Bangsar South Suites",5475,4325,90.8,"Tier 4: High Risk DSR",0
"LEAD-17178","Hafiz Subramaniam #7178","+60140007179","Shah Alam Vista",5586,4382,90.2,"Tier 4: High Risk DSR",0
"LEAD-17181","Ahmad Goh #7181","+60170007182","Bangsar South Suites",5697,4439,89.6,"Tier 4: High Risk DSR",0
"LEAD-17184","Tan Hariz #7184","+60120007185","Shah Alam Vista",5808,4496,89,"Tier 4: High Risk DSR",0
"LEAD-17187","Farhan Wei Lun #7187","+60150007188","Bangsar South Suites",5919,1053,20.4,"Tier 2: Qualified Bank Loan",407344
"LEAD-17190","Jason Ibrahim #7190","+60180007191","Shah Alam Vista",6030,1110,21.2,"Tier 2: Qualified Bank Loan",407532
"LEAD-17193","Amir Chen #7193","+60130007194","Bangsar South Suites",6141,1167,21.8,"Tier 2: Qualified Bank Loan",407720
"LEAD-17196","Devi Nordin #7196","+60160007197","Shah Alam Vista",6252,1224,22.5,"Tier 2: Qualified Bank Loan",407909
"LEAD-17199","Grace Osman #7199","+60190007200","Bangsar South Suites",6363,1281,23.1,"Tier 2: Qualified Bank Loan",408097
"LEAD-17202","Nurul Aini #7202","+60140007203","Shah Alam Vista",6474,1338,23.8,"Tier 2: Qualified Bank Loan",408286
"LEAD-17205","Santhi Razif #7205","+60170007206","Bangsar South Suites",6585,1395,24.4,"Tier 1: Pre-Approved LPPSA/Bank",408474
"LEAD-17208","Sarah Lee #7208","+60120007209","Shah Alam Vista",6696,1452,24.9,"Tier 1: Pre-Approved LPPSA/Bank",408662
"LEAD-17211","Siti Zulkifli #7211","+60150007212","Bangsar South Suites",6807,1509,25.5,"Tier 1: Pre-Approved LPPSA/Bank",408851
"LEAD-17214","Syed Rosli #7214","+60180007215","Shah Alam Vista",6918,1566,26,"Tier 1: Pre-Approved LPPSA/Bank",409039
"LEAD-17217","Azman Kumar #7217","+60130007218","Bangsar South Suites",7029,1623,26.5,"Tier 1: Pre-Approved LPPSA/Bank",409228
"LEAD-17220","Muhammad Faizal #7220","+60160007221","Shah Alam Vista",7140,1680,27,"Tier 1: Pre-Approved LPPSA/Bank",409416
"LEAD-17223","Wong Hassan #7223","+60190007224","Bangsar South Suites",7251,1737,27.5,"Tier 1: Pre-Approved LPPSA/Bank",409604
"LEAD-17226","Mohd Subramaniam #7226","+60140007227","Shah Alam Vista",7362,1794,28,"Tier 1: Pre-Approved LPPSA/Bank",409793
"LEAD-17229","Kevin Goh #7229","+60170007230","Bangsar South Suites",7473,1851,28.5,"Tier 1: Pre-Approved LPPSA/Bank",409981
"LEAD-17232","Razif Hariz #7232","+60120007233","Shah Alam Vista",7584,1908,28.9,"Tier 1: Pre-Approved LPPSA/Bank",410170
"LEAD-17235","Chong Wei Lun #7235","+60150007236","Bangsar South Suites",7695,1965,29.4,"Tier 1: Pre-Approved LPPSA/Bank",410358
"LEAD-17238","Hafiz Ibrahim #7238","+60180007239","Shah Alam Vista",7806,2022,29.8,"Tier 1: Pre-Approved LPPSA/Bank",410546
"LEAD-17241","Ahmad Chen #7241","+60130007242","Bangsar South Suites",7917,2079,30.2,"Tier 1: Pre-Approved LPPSA/Bank",410735
"LEAD-17244","Tan Nordin #7244","+60160007245","Shah Alam Vista",8028,2136,30.6,"Tier 1: Pre-Approved LPPSA/Bank",410923
"LEAD-17247","Farhan Osman #7247","+60190007248","Bangsar South Suites",8139,2193,31,"Tier 1: Pre-Approved LPPSA/Bank",411112
"LEAD-17250","Jason Aini #7250","+60140007251","Shah Alam Vista",8250,2250,31.3,"Tier 1: Pre-Approved LPPSA/Bank",411300
"LEAD-17253","Amir Razif #7253","+60170007254","Bangsar South Suites",8361,2307,31.7,"Tier 1: Pre-Approved LPPSA/Bank",411488
"LEAD-17256","Devi Lee #7256","+60120007257","Shah Alam Vista",8472,2364,32.1,"Tier 1: Pre-Approved LPPSA/Bank",411677
"LEAD-17259","Grace Zulkifli #7259","+60150007260","Bangsar South Suites",8583,2421,32.4,"Tier 1: Pre-Approved LPPSA/Bank",411865
"LEAD-17262","Nurul Rosli #7262","+60180007263","Shah Alam Vista",8694,2478,32.8,"Tier 1: Pre-Approved LPPSA/Bank",412054
"LEAD-17265","Santhi Kumar #7265","+60130007266","Bangsar South Suites",8805,2535,33.1,"Tier 1: Pre-Approved LPPSA/Bank",412242
"LEAD-17268","Sarah Faizal #7268","+60160007269","Shah Alam Vista",8916,2592,33.4,"Tier 1: Pre-Approved LPPSA/Bank",412430
"LEAD-17271","Siti Hassan #7271","+60190007272","Bangsar South Suites",9027,2649,33.7,"Tier 1: Pre-Approved LPPSA/Bank",412619
"LEAD-17274","Syed Subramaniam #7274","+60140007275","Shah Alam Vista",9138,2706,34,"Tier 1: Pre-Approved LPPSA/Bank",412807
"LEAD-17277","Azman Goh #7277","+60170007278","Bangsar South Suites",9249,2763,34.3,"Tier 1: Pre-Approved LPPSA/Bank",412996
"LEAD-17280","Muhammad Hariz #7280","+60120007281","Shah Alam Vista",9360,2820,34.6,"Tier 1: Pre-Approved LPPSA/Bank",413184
"LEAD-17283","Wong Wei Lun #7283","+60150007284","Bangsar South Suites",9471,2877,34.9,"Tier 1: Pre-Approved LPPSA/Bank",413372
"LEAD-17286","Mohd Ibrahim #7286","+60180007287","Shah Alam Vista",9582,2934,35.2,"Tier 1: Pre-Approved LPPSA/Bank",413561
"LEAD-17289","Kevin Chen #7289","+60130007290","Bangsar South Suites",9693,2991,35.5,"Tier 1: Pre-Approved LPPSA/Bank",413749
"LEAD-17292","Razif Nordin #7292","+60160007293","Shah Alam Vista",9804,3048,35.7,"Tier 1: Pre-Approved LPPSA/Bank",413938
"LEAD-17295","Chong Osman #7295","+60190007296","Bangsar South Suites",9915,3105,36,"Tier 1: Pre-Approved LPPSA/Bank",414126
"LEAD-17298","Hafiz Aini #7298","+60140007299","Shah Alam Vista",10026,3162,36.3,"Tier 1: Pre-Approved LPPSA/Bank",414314
"LEAD-17301","Ahmad Razif #7301","+60170007302","Bangsar South Suites",10137,3219,36.5,"Tier 1: Pre-Approved LPPSA/Bank",414503
"LEAD-17304","Tan Lee #7304","+60120007305","Shah Alam Vista",10248,3276,36.7,"Tier 1: Pre-Approved LPPSA/Bank",414691
"LEAD-17307","Farhan Zulkifli #7307","+60150007308","Bangsar South Suites",10359,3333,37,"Tier 1: Pre-Approved LPPSA/Bank",414880
"LEAD-17310","Jason Rosli #7310","+60180007311","Shah Alam Vista",10470,3390,37.2,"Tier 1: Pre-Approved LPPSA/Bank",415068
"LEAD-17313","Amir Kumar #7313","+60130007314","Bangsar South Suites",10581,3447,37.4,"Tier 1: Pre-Approved LPPSA/Bank",415256
"LEAD-17316","Devi Faizal #7316","+60160007317","Shah Alam Vista",10692,3504,37.7,"Tier 1: Pre-Approved LPPSA/Bank",415445
"LEAD-17319","Grace Hassan #7319","+60190007320","Bangsar South Suites",10803,3561,37.9,"Tier 1: Pre-Approved LPPSA/Bank",415633
"LEAD-17322","Nurul Subramaniam #7322","+60140007323","Shah Alam Vista",10914,3618,38.1,"Tier 1: Pre-Approved LPPSA/Bank",415822
"LEAD-17325","Santhi Goh #7325","+60170007326","Bangsar South Suites",11025,3675,38.3,"Tier 1: Pre-Approved LPPSA/Bank",416010
"LEAD-17328","Sarah Hariz #7328","+60120007329","Shah Alam Vista",11136,3732,38.5,"Tier 1: Pre-Approved LPPSA/Bank",416198
"LEAD-17331","Siti Wei Lun #7331","+60150007332","Bangsar South Suites",11247,3789,38.7,"Tier 1: Pre-Approved LPPSA/Bank",416387
"LEAD-17334","Syed Ibrahim #7334","+60180007335","Shah Alam Vista",11358,3846,38.9,"Tier 1: Pre-Approved LPPSA/Bank",416575
"LEAD-17337","Azman Chen #7337","+60130007338","Bangsar South Suites",11469,3903,39.1,"Tier 1: Pre-Approved LPPSA/Bank",416764
"LEAD-17340","Muhammad Nordin #7340","+60160007341","Shah Alam Vista",11580,3960,39.3,"Tier 1: Pre-Approved LPPSA/Bank",416952
"LEAD-17343","Wong Osman #7343","+60190007344","Bangsar South Suites",11691,4017,39.5,"Tier 1: Pre-Approved LPPSA/Bank",417140
"LEAD-17346","Mohd Aini #7346","+60140007347","Shah Alam Vista",11802,4074,39.7,"Tier 1: Pre-Approved LPPSA/Bank",417329
"LEAD-17349","Kevin Razif #7349","+60170007350","Bangsar South Suites",11913,4131,39.9,"Tier 1: Pre-Approved LPPSA/Bank",417517
"LEAD-17352","Razif Lee #7352","+60120007353","Shah Alam Vista",3524,4188,136.6,"Tier 4: High Risk DSR",0
"LEAD-17355","Chong Zulkifli #7355","+60150007356","Bangsar South Suites",3635,4245,134.2,"Tier 4: High Risk DSR",0
"LEAD-17358","Hafiz Rosli #7358","+60180007359","Shah Alam Vista",3746,4302,132,"Tier 4: High Risk DSR",0
"LEAD-17361","Ahmad Kumar #7361","+60130007362","Bangsar South Suites",3857,4359,129.9,"Tier 4: High Risk DSR",0
"LEAD-17364","Tan Faizal #7364","+60160007365","Shah Alam Vista",3968,4416,127.9,"Tier 4: High Risk DSR",0
"LEAD-17367","Farhan Hassan #7367","+60190007368","Bangsar South Suites",4079,4473,126,"Tier 4: High Risk DSR",0
"LEAD-17370","Jason Subramaniam #7370","+60140007371","Shah Alam Vista",4190,1030,28.3,"Tier 3: Joint Loan Needed",231436
"LEAD-17373","Amir Goh #7373","+60170007374","Bangsar South Suites",4301,1087,29,"Tier 3: Joint Loan Needed",231624
"LEAD-17376","Devi Hariz #7376","+60120007377","Shah Alam Vista",4412,1144,29.8,"Tier 3: Joint Loan Needed",231813
"LEAD-17379","Grace Wei Lun #7379","+60150007380","Bangsar South Suites",4523,1201,30.5,"Tier 2: Qualified Bank Loan",232001
"LEAD-17382","Nurul Ibrahim #7382","+60180007383","Shah Alam Vista",4634,1258,31.2,"Tier 2: Qualified Bank Loan",232190
"LEAD-17385","Santhi Chen #7385","+60130007386","Bangsar South Suites",4745,1315,31.9,"Tier 2: Qualified Bank Loan",232378
"LEAD-17388","Sarah Nordin #7388","+60160007389","Shah Alam Vista",4856,1372,32.5,"Tier 2: Qualified Bank Loan",232566
"LEAD-17391","Siti Osman #7391","+60190007392","Bangsar South Suites",4967,1429,33.1,"Tier 2: Qualified Bank Loan",232755
"LEAD-17394","Syed Aini #7394","+60140007395","Shah Alam Vista",5078,1486,33.6,"Tier 2: Qualified Bank Loan",232943
"LEAD-17397","Azman Razif #7397","+60170007398","Bangsar South Suites",5189,1543,34.2,"Tier 2: Qualified Bank Loan",233132
"LEAD-17400","Muhammad Lee #7400","+60120007401","Shah Alam Vista",5300,1600,34.7,"Tier 2: Qualified Bank Loan",233320
"LEAD-17403","Wong Zulkifli #7403","+60150007404","Bangsar South Suites",5411,1657,35.2,"Tier 2: Qualified Bank Loan",233508
"LEAD-17406","Mohd Rosli #7406","+60180007407","Shah Alam Vista",5522,1714,35.7,"Tier 2: Qualified Bank Loan",233697
"LEAD-17409","Kevin Kumar #7409","+60130007410","Bangsar South Suites",5633,1771,36.1,"Tier 2: Qualified Bank Loan",233885
"LEAD-17412","Razif Faizal #7412","+60160007413","Shah Alam Vista",5744,1828,36.6,"Tier 2: Qualified Bank Loan",234074
"LEAD-17415","Chong Hassan #7415","+60190007416","Bangsar South Suites",5855,1885,37,"Tier 2: Qualified Bank Loan",234262
"LEAD-17418","Hafiz Subramaniam #7418","+60140007419","Shah Alam Vista",5966,1942,37.4,"Tier 2: Qualified Bank Loan",234450
"LEAD-17421","Ahmad Goh #7421","+60170007422","Bangsar South Suites",6077,1999,37.8,"Tier 2: Qualified Bank Loan",234639
"LEAD-17424","Tan Hariz #7424","+60120007425","Shah Alam Vista",6188,2056,38.2,"Tier 2: Qualified Bank Loan",234827
"LEAD-17427","Farhan Wei Lun #7427","+60150007428","Bangsar South Suites",6299,2113,38.6,"Tier 2: Qualified Bank Loan",235016
"LEAD-17430","Jason Ibrahim #7430","+60180007431","Shah Alam Vista",6410,2170,38.9,"Tier 2: Qualified Bank Loan",235204
"LEAD-17433","Amir Chen #7433","+60130007434","Bangsar South Suites",6521,2227,39.3,"Tier 1: Pre-Approved LPPSA/Bank",235392
"LEAD-17436","Devi Nordin #7436","+60160007437","Shah Alam Vista",6632,2284,39.6,"Tier 1: Pre-Approved LPPSA/Bank",235581
"LEAD-17439","Grace Osman #7439","+60190007440","Bangsar South Suites",6743,2341,39.9,"Tier 1: Pre-Approved LPPSA/Bank",235769
"LEAD-17442","Nurul Aini #7442","+60140007443","Shah Alam Vista",6854,2398,40.2,"Tier 1: Pre-Approved LPPSA/Bank",235958
"LEAD-17445","Santhi Razif #7445","+60170007446","Bangsar South Suites",6965,2455,40.5,"Tier 1: Pre-Approved LPPSA/Bank",236146
"LEAD-17448","Sarah Lee #7448","+60120007449","Shah Alam Vista",7076,2512,40.8,"Tier 1: Pre-Approved LPPSA/Bank",236334
"LEAD-17451","Siti Zulkifli #7451","+60150007452","Bangsar South Suites",7187,2569,41.1,"Tier 1: Pre-Approved LPPSA/Bank",236523
"LEAD-17454","Syed Rosli #7454","+60180007455","Shah Alam Vista",7298,2626,41.4,"Tier 1: Pre-Approved LPPSA/Bank",236711
"LEAD-17457","Azman Kumar #7457","+60130007458","Bangsar South Suites",7409,2683,41.6,"Tier 1: Pre-Approved LPPSA/Bank",236900
"LEAD-17460","Muhammad Faizal #7460","+60160007461","Shah Alam Vista",7520,2740,41.9,"Tier 1: Pre-Approved LPPSA/Bank",237088
"LEAD-17463","Wong Hassan #7463","+60190007464","Bangsar South Suites",7631,2797,42.1,"Tier 1: Pre-Approved LPPSA/Bank",237276
"LEAD-17466","Mohd Subramaniam #7466","+60140007467","Shah Alam Vista",7742,2854,42.4,"Tier 1: Pre-Approved LPPSA/Bank",237465
"LEAD-17469","Kevin Goh #7469","+60170007470","Bangsar South Suites",7853,2911,42.6,"Tier 1: Pre-Approved LPPSA/Bank",237653
"LEAD-17472","Razif Hariz #7472","+60120007473","Shah Alam Vista",7964,2968,42.8,"Tier 1: Pre-Approved LPPSA/Bank",237842
"LEAD-17475","Chong Wei Lun #7475","+60150007476","Bangsar South Suites",8075,3025,43.1,"Tier 1: Pre-Approved LPPSA/Bank",238030
"LEAD-17478","Hafiz Ibrahim #7478","+60180007479","Shah Alam Vista",8186,3082,43.3,"Tier 1: Pre-Approved LPPSA/Bank",238218
"LEAD-17481","Ahmad Chen #7481","+60130007482","Bangsar South Suites",8297,3139,43.5,"Tier 1: Pre-Approved LPPSA/Bank",238407
"LEAD-17484","Tan Nordin #7484","+60160007485","Shah Alam Vista",8408,3196,43.7,"Tier 1: Pre-Approved LPPSA/Bank",238595
"LEAD-17487","Farhan Osman #7487","+60190007488","Bangsar South Suites",8519,3253,43.9,"Tier 1: Pre-Approved LPPSA/Bank",238784
"LEAD-17490","Jason Aini #7490","+60140007491","Shah Alam Vista",8630,3310,44.1,"Tier 1: Pre-Approved LPPSA/Bank",238972
"LEAD-17493","Amir Razif #7493","+60170007494","Bangsar South Suites",8741,3367,44.3,"Tier 1: Pre-Approved LPPSA/Bank",239160
"LEAD-17496","Devi Lee #7496","+60120007497","Shah Alam Vista",8852,3424,44.5,"Tier 1: Pre-Approved LPPSA/Bank",239349
"LEAD-17499","Grace Zulkifli #7499","+60150007500","Bangsar South Suites",8963,3481,44.6,"Tier 1: Pre-Approved LPPSA/Bank",239537
"LEAD-17502","Nurul Rosli #7502","+60180007503","Shah Alam Vista",9074,3538,44.8,"Tier 1: Pre-Approved LPPSA/Bank",239726
"LEAD-17505","Santhi Kumar #7505","+60130007506","Bangsar South Suites",9185,3595,45,"Tier 1: Pre-Approved LPPSA/Bank",239914
"LEAD-17508","Sarah Faizal #7508","+60160007509","Shah Alam Vista",9296,3652,45.2,"Tier 2: Qualified Bank Loan",240102
"LEAD-17511","Siti Hassan #7511","+60190007512","Bangsar South Suites",9407,3709,45.3,"Tier 2: Qualified Bank Loan",240291
"LEAD-17514","Syed Subramaniam #7514","+60140007515","Shah Alam Vista",9518,3766,45.5,"Tier 2: Qualified Bank Loan",240479
"LEAD-17517","Azman Goh #7517","+60170007518","Bangsar South Suites",9629,3823,45.6,"Tier 2: Qualified Bank Loan",240668
"LEAD-17520","Muhammad Hariz #7520","+60120007521","Shah Alam Vista",9740,3880,45.8,"Tier 2: Qualified Bank Loan",240856
"LEAD-17523","Wong Wei Lun #7523","+60150007524","Bangsar South Suites",9851,3937,45.9,"Tier 2: Qualified Bank Loan",241044
"LEAD-17526","Mohd Ibrahim #7526","+60180007527","Shah Alam Vista",9962,3994,46.1,"Tier 2: Qualified Bank Loan",241233
"LEAD-17529","Kevin Chen #7529","+60130007530","Bangsar South Suites",10073,4051,46.2,"Tier 2: Qualified Bank Loan",241421
"LEAD-17532","Razif Nordin #7532","+60160007533","Shah Alam Vista",10184,4108,46.4,"Tier 2: Qualified Bank Loan",241610
"LEAD-17535","Chong Osman #7535","+60190007536","Bangsar South Suites",10295,4165,46.5,"Tier 2: Qualified Bank Loan",241798
"LEAD-17538","Hafiz Aini #7538","+60140007539","Shah Alam Vista",10406,4222,46.6,"Tier 2: Qualified Bank Loan",241986
"LEAD-17541","Ahmad Razif #7541","+60170007542","Bangsar South Suites",10517,4279,46.8,"Tier 2: Qualified Bank Loan",242175
"LEAD-17544","Tan Lee #7544","+60120007545","Shah Alam Vista",10628,4336,46.9,"Tier 2: Qualified Bank Loan",242363
"LEAD-17547","Farhan Zulkifli #7547","+60150007548","Bangsar South Suites",10739,4393,47,"Tier 2: Qualified Bank Loan",242552
"LEAD-17550","Jason Rosli #7550","+60180007551","Shah Alam Vista",10850,4450,47.1,"Tier 2: Qualified Bank Loan",242740
"LEAD-17553","Amir Kumar #7553","+60130007554","Bangsar South Suites",10961,1007,10.6,"Tier 1: Pre-Approved LPPSA/Bank",942928
"LEAD-17556","Devi Faizal #7556","+60160007557","Shah Alam Vista",11072,1064,11,"Tier 1: Pre-Approved LPPSA/Bank",943117
"LEAD-17559","Grace Hassan #7559","+60190007560","Bangsar South Suites",11183,1121,11.5,"Tier 1: Pre-Approved LPPSA/Bank",943305
"LEAD-17562","Nurul Subramaniam #7562","+60140007563","Shah Alam Vista",11294,1178,12,"Tier 1: Pre-Approved LPPSA/Bank",943494
"LEAD-17565","Santhi Goh #7565","+60170007566","Bangsar South Suites",11405,1235,12.4,"Tier 1: Pre-Approved LPPSA/Bank",943682
"LEAD-17568","Sarah Hariz #7568","+60120007569","Shah Alam Vista",11516,1292,12.9,"Tier 1: Pre-Approved LPPSA/Bank",943870
"LEAD-17571","Siti Wei Lun #7571","+60150007572","Bangsar South Suites",11627,1349,13.3,"Tier 1: Pre-Approved LPPSA/Bank",944059
"LEAD-17574","Syed Ibrahim #7574","+60180007575","Shah Alam Vista",11738,1406,13.8,"Tier 1: Pre-Approved LPPSA/Bank",944247
"LEAD-17577","Azman Chen #7577","+60130007578","Bangsar South Suites",11849,1463,14.2,"Tier 1: Pre-Approved LPPSA/Bank",944436
"LEAD-17580","Muhammad Nordin #7580","+60160007581","Shah Alam Vista",11960,1520,14.6,"Tier 1: Pre-Approved LPPSA/Bank",944624
"LEAD-17583","Wong Osman #7583","+60190007584","Bangsar South Suites",3571,1577,50.8,"Tier 3: Joint Loan Needed",57412
"LEAD-17586","Mohd Aini #7586","+60140007587","Shah Alam Vista",3682,1634,51,"Tier 3: Joint Loan Needed",57601
"LEAD-17589","Kevin Razif #7589","+60170007590","Bangsar South Suites",3793,1691,51.2,"Tier 3: Joint Loan Needed",57789
"LEAD-17592","Razif Lee #7592","+60120007593","Shah Alam Vista",3904,1748,51.5,"Tier 3: Joint Loan Needed",57978
"LEAD-17595","Chong Zulkifli #7595","+60150007596","Bangsar South Suites",4015,1805,51.7,"Tier 3: Joint Loan Needed",58166
"LEAD-17598","Hafiz Rosli #7598","+60180007599","Shah Alam Vista",4126,1862,51.9,"Tier 3: Joint Loan Needed",58354
"LEAD-17601","Ahmad Kumar #7601","+60130007602","Bangsar South Suites",4237,1919,52.1,"Tier 3: Joint Loan Needed",58543
"LEAD-17604","Tan Faizal #7604","+60160007605","Shah Alam Vista",4348,1976,52.2,"Tier 3: Joint Loan Needed",58731
"LEAD-17607","Farhan Hassan #7607","+60190007608","Bangsar South Suites",4459,2033,52.4,"Tier 3: Joint Loan Needed",58920
"LEAD-17610","Jason Subramaniam #7610","+60140007611","Shah Alam Vista",4570,2090,52.6,"Tier 2: Qualified Bank Loan",59108
"LEAD-17613","Amir Goh #7613","+60170007614","Bangsar South Suites",4681,2147,52.7,"Tier 2: Qualified Bank Loan",59296
"LEAD-17616","Devi Hariz #7616","+60120007617","Shah Alam Vista",4792,2204,52.9,"Tier 2: Qualified Bank Loan",59485
"LEAD-17619","Grace Wei Lun #7619","+60150007620","Bangsar South Suites",4903,2261,53,"Tier 2: Qualified Bank Loan",59673
"LEAD-17622","Nurul Ibrahim #7622","+60180007623","Shah Alam Vista",5014,2318,53.1,"Tier 2: Qualified Bank Loan",59862
"LEAD-17625","Santhi Chen #7625","+60130007626","Bangsar South Suites",5125,2375,53.3,"Tier 2: Qualified Bank Loan",60050
"LEAD-17628","Sarah Nordin #7628","+60160007629","Shah Alam Vista",5236,2432,53.4,"Tier 2: Qualified Bank Loan",60238
"LEAD-17631","Siti Osman #7631","+60190007632","Bangsar South Suites",5347,2489,53.5,"Tier 2: Qualified Bank Loan",60427
"LEAD-17634","Syed Aini #7634","+60140007635","Shah Alam Vista",5458,2546,53.6,"Tier 2: Qualified Bank Loan",60615
"LEAD-17637","Azman Razif #7637","+60170007638","Bangsar South Suites",5569,2603,53.7,"Tier 2: Qualified Bank Loan",60804
"LEAD-17640","Muhammad Lee #7640","+60120007641","Shah Alam Vista",5680,2660,53.8,"Tier 2: Qualified Bank Loan",60992
"LEAD-17643","Wong Zulkifli #7643","+60150007644","Bangsar South Suites",5791,2717,53.9,"Tier 2: Qualified Bank Loan",61180
"LEAD-17646","Mohd Rosli #7646","+60180007647","Shah Alam Vista",5902,2774,54,"Tier 2: Qualified Bank Loan",61369
"LEAD-17649","Kevin Kumar #7649","+60130007650","Bangsar South Suites",6013,2831,54.1,"Tier 2: Qualified Bank Loan",61557
"LEAD-17652","Razif Faizal #7652","+60160007653","Shah Alam Vista",6124,2888,54.2,"Tier 2: Qualified Bank Loan",61746
"LEAD-17655","Chong Hassan #7655","+60190007656","Bangsar South Suites",6235,2945,54.3,"Tier 2: Qualified Bank Loan",61934
"LEAD-17658","Hafiz Subramaniam #7658","+60140007659","Shah Alam Vista",6346,3002,54.4,"Tier 2: Qualified Bank Loan",62122
"LEAD-17661","Ahmad Goh #7661","+60170007662","Bangsar South Suites",6457,3059,54.5,"Tier 2: Qualified Bank Loan",62311
"LEAD-17664","Tan Hariz #7664","+60120007665","Shah Alam Vista",6568,3116,54.5,"Tier 2: Qualified Bank Loan",62499
"LEAD-17667","Farhan Wei Lun #7667","+60150007668","Bangsar South Suites",6679,3173,54.6,"Tier 2: Qualified Bank Loan",62688
"LEAD-17670","Jason Ibrahim #7670","+60180007671","Shah Alam Vista",6790,3230,54.7,"Tier 2: Qualified Bank Loan",62876
"LEAD-17673","Amir Chen #7673","+60130007674","Bangsar South Suites",6901,3287,54.7,"Tier 2: Qualified Bank Loan",63064
"LEAD-17676","Devi Nordin #7676","+60160007677","Shah Alam Vista",7012,3344,54.8,"Tier 2: Qualified Bank Loan",63253
"LEAD-17679","Grace Osman #7679","+60190007680","Bangsar South Suites",7123,3401,54.9,"Tier 2: Qualified Bank Loan",63441
"LEAD-17682","Nurul Aini #7682","+60140007683","Shah Alam Vista",7234,3458,54.9,"Tier 2: Qualified Bank Loan",63630
"LEAD-17685","Santhi Razif #7685","+60170007686","Bangsar South Suites",7345,3515,55,"Tier 2: Qualified Bank Loan",63818
"LEAD-17688","Sarah Lee #7688","+60120007689","Shah Alam Vista",7456,3572,55.1,"Tier 2: Qualified Bank Loan",64006
"LEAD-17691","Siti Zulkifli #7691","+60150007692","Bangsar South Suites",7567,3629,55.1,"Tier 2: Qualified Bank Loan",64195
"LEAD-17694","Syed Rosli #7694","+60180007695","Shah Alam Vista",7678,3686,55.2,"Tier 2: Qualified Bank Loan",64383
"LEAD-17697","Azman Kumar #7697","+60130007698","Bangsar South Suites",7789,3743,55.2,"Tier 2: Qualified Bank Loan",64572
"LEAD-17700","Muhammad Faizal #7700","+60160007701","Shah Alam Vista",7900,3800,55.3,"Tier 2: Qualified Bank Loan",64760
"LEAD-17703","Wong Hassan #7703","+60190007704","Bangsar South Suites",8011,3857,55.3,"Tier 2: Qualified Bank Loan",64948
"LEAD-17706","Mohd Subramaniam #7706","+60140007707","Shah Alam Vista",8122,3914,55.4,"Tier 2: Qualified Bank Loan",65137
"LEAD-17709","Kevin Goh #7709","+60170007710","Bangsar South Suites",8233,3971,55.4,"Tier 2: Qualified Bank Loan",65325
"LEAD-17712","Razif Hariz #7712","+60120007713","Shah Alam Vista",8344,4028,55.5,"Tier 2: Qualified Bank Loan",65514
"LEAD-17715","Chong Wei Lun #7715","+60150007716","Bangsar South Suites",8455,4085,55.5,"Tier 2: Qualified Bank Loan",65702
"LEAD-17718","Hafiz Ibrahim #7718","+60180007719","Shah Alam Vista",8566,4142,55.6,"Tier 2: Qualified Bank Loan",65890
"LEAD-17721","Ahmad Chen #7721","+60130007722","Bangsar South Suites",8677,4199,55.6,"Tier 2: Qualified Bank Loan",66079
"LEAD-17724","Tan Nordin #7724","+60160007725","Shah Alam Vista",8788,4256,55.7,"Tier 2: Qualified Bank Loan",66267
"LEAD-17727","Farhan Osman #7727","+60190007728","Bangsar South Suites",8899,4313,55.7,"Tier 2: Qualified Bank Loan",66456
"LEAD-17730","Jason Aini #7730","+60140007731","Shah Alam Vista",9010,4370,55.7,"Tier 2: Qualified Bank Loan",66644
"LEAD-17733","Amir Razif #7733","+60170007734","Bangsar South Suites",9121,4427,55.8,"Tier 2: Qualified Bank Loan",66832
"LEAD-17736","Devi Lee #7736","+60120007737","Shah Alam Vista",9232,4484,55.8,"Tier 2: Qualified Bank Loan",67021
"LEAD-17739","Grace Zulkifli #7739","+60150007740","Bangsar South Suites",9343,1041,12.8,"Tier 1: Pre-Approved LPPSA/Bank",767209
"LEAD-17742","Nurul Rosli #7742","+60180007743","Shah Alam Vista",9454,1098,13.3,"Tier 1: Pre-Approved LPPSA/Bank",767398
"LEAD-17745","Santhi Kumar #7745","+60130007746","Bangsar South Suites",9565,1155,13.9,"Tier 1: Pre-Approved LPPSA/Bank",767586
"LEAD-17748","Sarah Faizal #7748","+60160007749","Shah Alam Vista",9676,1212,14.4,"Tier 1: Pre-Approved LPPSA/Bank",767774
"LEAD-17751","Siti Hassan #7751","+60190007752","Bangsar South Suites",9787,1269,14.9,"Tier 1: Pre-Approved LPPSA/Bank",767963
"LEAD-17754","Syed Subramaniam #7754","+60140007755","Shah Alam Vista",9898,1326,15.4,"Tier 1: Pre-Approved LPPSA/Bank",768151
"LEAD-17757","Azman Goh #7757","+60170007758","Bangsar South Suites",10009,1383,15.9,"Tier 1: Pre-Approved LPPSA/Bank",768340
"LEAD-17760","Muhammad Hariz #7760","+60120007761","Shah Alam Vista",10120,1440,16.4,"Tier 1: Pre-Approved LPPSA/Bank",768528
"LEAD-17763","Wong Wei Lun #7763","+60150007764","Bangsar South Suites",10231,1497,16.8,"Tier 1: Pre-Approved LPPSA/Bank",768716
"LEAD-17766","Mohd Ibrahim #7766","+60180007767","Shah Alam Vista",10342,1554,17.3,"Tier 1: Pre-Approved LPPSA/Bank",768905
"LEAD-17769","Kevin Chen #7769","+60130007770","Bangsar South Suites",10453,1611,17.7,"Tier 1: Pre-Approved LPPSA/Bank",769093
"LEAD-17772","Razif Nordin #7772","+60160007773","Shah Alam Vista",10564,1668,18.1,"Tier 1: Pre-Approved LPPSA/Bank",769282
"LEAD-17775","Chong Osman #7775","+60190007776","Bangsar South Suites",10675,1725,18.6,"Tier 1: Pre-Approved LPPSA/Bank",769470
"LEAD-17778","Hafiz Aini #7778","+60140007779","Shah Alam Vista",10786,1782,19,"Tier 1: Pre-Approved LPPSA/Bank",769658
"LEAD-17781","Ahmad Razif #7781","+60170007782","Bangsar South Suites",10897,1839,19.4,"Tier 1: Pre-Approved LPPSA/Bank",769847
"LEAD-17784","Tan Lee #7784","+60120007785","Shah Alam Vista",11008,1896,19.8,"Tier 1: Pre-Approved LPPSA/Bank",770035
"LEAD-17787","Farhan Zulkifli #7787","+60150007788","Bangsar South Suites",11119,1953,20.2,"Tier 1: Pre-Approved LPPSA/Bank",770224
"LEAD-17790","Jason Rosli #7790","+60180007791","Shah Alam Vista",11230,2010,20.6,"Tier 1: Pre-Approved LPPSA/Bank",770412
"LEAD-17793","Amir Kumar #7793","+60130007794","Bangsar South Suites",11341,2067,20.9,"Tier 1: Pre-Approved LPPSA/Bank",770600
"LEAD-17796","Devi Faizal #7796","+60160007797","Shah Alam Vista",11452,2124,21.3,"Tier 1: Pre-Approved LPPSA/Bank",770789
"LEAD-17799","Grace Hassan #7799","+60190007800","Bangsar South Suites",11563,2181,21.7,"Tier 1: Pre-Approved LPPSA/Bank",770977
"LEAD-17802","Nurul Subramaniam #7802","+60140007803","Shah Alam Vista",11674,2238,22,"Tier 1: Pre-Approved LPPSA/Bank",771166
"LEAD-17805","Santhi Goh #7805","+60170007806","Bangsar South Suites",11785,2295,22.4,"Tier 1: Pre-Approved LPPSA/Bank",771354
"LEAD-17808","Sarah Hariz #7808","+60120007809","Shah Alam Vista",11896,2352,22.7,"Tier 1: Pre-Approved LPPSA/Bank",771542
"LEAD-17811","Siti Wei Lun #7811","+60150007812","Bangsar South Suites",3507,2409,79,"Tier 4: High Risk DSR",0
"LEAD-17814","Syed Ibrahim #7814","+60180007815","Shah Alam Vista",3618,2466,78.3,"Tier 4: High Risk DSR",0
"LEAD-17817","Azman Chen #7817","+60130007818","Bangsar South Suites",3729,2523,77.8,"Tier 4: High Risk DSR",0
"LEAD-17820","Muhammad Nordin #7820","+60160007821","Shah Alam Vista",3840,2580,77.2,"Tier 4: High Risk DSR",0
"LEAD-17823","Wong Osman #7823","+60190007824","Bangsar South Suites",3951,2637,76.7,"Tier 4: High Risk DSR",0
"LEAD-17826","Mohd Aini #7826","+60140007827","Shah Alam Vista",4062,2694,76.2,"Tier 4: High Risk DSR",0
"LEAD-17829","Kevin Razif #7829","+60170007830","Bangsar South Suites",4173,2751,75.8,"Tier 4: High Risk DSR",0
"LEAD-17832","Razif Lee #7832","+60120007833","Shah Alam Vista",4284,2808,75.3,"Tier 4: High Risk DSR",0
"LEAD-17835","Chong Zulkifli #7835","+60150007836","Bangsar South Suites",4395,2865,74.9,"Tier 3: Joint Loan Needed",0
"LEAD-17838","Hafiz Rosli #7838","+60180007839","Shah Alam Vista",4506,2922,74.5,"Tier 3: Joint Loan Needed",0
"LEAD-17841","Ahmad Kumar #7841","+60130007842","Bangsar South Suites",4617,2979,74.2,"Tier 3: Joint Loan Needed",0
"LEAD-17844","Tan Faizal #7844","+60160007845","Shah Alam Vista",4728,3036,73.8,"Tier 3: Joint Loan Needed",0
"LEAD-17847","Farhan Hassan #7847","+60190007848","Bangsar South Suites",4839,3093,73.5,"Tier 3: Joint Loan Needed",0
"LEAD-17850","Jason Subramaniam #7850","+60140007851","Shah Alam Vista",4950,3150,73.1,"Tier 3: Joint Loan Needed",0
"LEAD-17853","Amir Goh #7853","+60170007854","Bangsar South Suites",5061,3207,72.8,"Tier 3: Joint Loan Needed",0
"LEAD-17856","Devi Hariz #7856","+60120007857","Shah Alam Vista",5172,3264,72.5,"Tier 3: Joint Loan Needed",0
"LEAD-17859","Grace Wei Lun #7859","+60150007860","Bangsar South Suites",5283,3321,72.3,"Tier 3: Joint Loan Needed",0
"LEAD-17862","Nurul Ibrahim #7862","+60180007863","Shah Alam Vista",5394,3378,72,"Tier 3: Joint Loan Needed",0
"LEAD-17865","Santhi Chen #7865","+60130007866","Bangsar South Suites",5505,3435,71.7,"Tier 3: Joint Loan Needed",0
"LEAD-17868","Sarah Nordin #7868","+60160007869","Shah Alam Vista",5616,3492,71.5,"Tier 3: Joint Loan Needed",0
"LEAD-17871","Siti Osman #7871","+60190007872","Bangsar South Suites",5727,3549,71.2,"Tier 3: Joint Loan Needed",0
"LEAD-17874","Syed Aini #7874","+60140007875","Shah Alam Vista",5838,3606,71,"Tier 3: Joint Loan Needed",0
"LEAD-17877","Azman Razif #7877","+60170007878","Bangsar South Suites",5949,3663,70.8,"Tier 3: Joint Loan Needed",0
"LEAD-17880","Muhammad Lee #7880","+60120007881","Shah Alam Vista",6060,3720,70.6,"Tier 3: Joint Loan Needed",0
"LEAD-17883","Wong Zulkifli #7883","+60150007884","Bangsar South Suites",6171,3777,70.4,"Tier 3: Joint Loan Needed",0
"LEAD-17886","Mohd Rosli #7886","+60180007887","Shah Alam Vista",6282,3834,70.2,"Tier 3: Joint Loan Needed",0
"LEAD-17889","Kevin Kumar #7889","+60130007890","Bangsar South Suites",6393,3891,70,"Tier 3: Joint Loan Needed",0
"LEAD-17892","Razif Faizal #7892","+60160007893","Shah Alam Vista",6504,3948,69.8,"Tier 3: Joint Loan Needed",0
"LEAD-17895","Chong Hassan #7895","+60190007896","Bangsar South Suites",6615,4005,69.6,"Tier 3: Joint Loan Needed",0
"LEAD-17898","Hafiz Subramaniam #7898","+60140007899","Shah Alam Vista",6726,4062,69.4,"Tier 3: Joint Loan Needed",0
"LEAD-17901","Ahmad Goh #7901","+60170007902","Bangsar South Suites",6837,4119,69.2,"Tier 3: Joint Loan Needed",0
"LEAD-17904","Tan Hariz #7904","+60120007905","Shah Alam Vista",6948,4176,69.1,"Tier 3: Joint Loan Needed",0
"LEAD-17907","Farhan Wei Lun #7907","+60150007908","Bangsar South Suites",7059,4233,68.9,"Tier 3: Joint Loan Needed",0
"LEAD-17910","Jason Ibrahim #7910","+60180007911","Shah Alam Vista",7170,4290,68.8,"Tier 3: Joint Loan Needed",0
"LEAD-17913","Amir Chen #7913","+60130007914","Bangsar South Suites",7281,4347,68.6,"Tier 3: Joint Loan Needed",0
"LEAD-17916","Devi Nordin #7916","+60160007917","Shah Alam Vista",7392,4404,68.5,"Tier 3: Joint Loan Needed",0
"LEAD-17919","Grace Osman #7919","+60190007920","Bangsar South Suites",7503,4461,68.3,"Tier 3: Joint Loan Needed",0
"LEAD-17922","Nurul Aini #7922","+60140007923","Shah Alam Vista",7614,1018,15.4,"Tier 1: Pre-Approved LPPSA/Bank",591302
"LEAD-17925","Santhi Razif #7925","+60170007926","Bangsar South Suites",7725,1075,16,"Tier 1: Pre-Approved LPPSA/Bank",591490
"LEAD-17928","Sarah Lee #7928","+60120007929","Shah Alam Vista",7836,1132,16.6,"Tier 1: Pre-Approved LPPSA/Bank",591678
"LEAD-17931","Siti Zulkifli #7931","+60150007932","Bangsar South Suites",7947,1189,17.2,"Tier 1: Pre-Approved LPPSA/Bank",591867
"LEAD-17934","Syed Rosli #7934","+60180007935","Shah Alam Vista",8058,1246,17.8,"Tier 1: Pre-Approved LPPSA/Bank",592055
"LEAD-17937","Azman Kumar #7937","+60130007938","Bangsar South Suites",8169,1303,18.3,"Tier 1: Pre-Approved LPPSA/Bank",592244
"LEAD-17940","Muhammad Faizal #7940","+60160007941","Shah Alam Vista",8280,1360,18.9,"Tier 1: Pre-Approved LPPSA/Bank",592432
"LEAD-17943","Wong Hassan #7943","+60190007944","Bangsar South Suites",8391,1417,19.4,"Tier 1: Pre-Approved LPPSA/Bank",592620
"LEAD-17946","Mohd Subramaniam #7946","+60140007947","Shah Alam Vista",8502,1474,19.9,"Tier 1: Pre-Approved LPPSA/Bank",592809
"LEAD-17949","Kevin Goh #7949","+60170007950","Bangsar South Suites",8613,1531,20.4,"Tier 1: Pre-Approved LPPSA/Bank",592997
"LEAD-17952","Razif Hariz #7952","+60120007953","Shah Alam Vista",8724,1588,20.9,"Tier 1: Pre-Approved LPPSA/Bank",593186
"LEAD-17955","Chong Wei Lun #7955","+60150007956","Bangsar South Suites",8835,1645,21.4,"Tier 1: Pre-Approved LPPSA/Bank",593374
"LEAD-17958","Hafiz Ibrahim #7958","+60180007959","Shah Alam Vista",8946,1702,21.9,"Tier 1: Pre-Approved LPPSA/Bank",593562
"LEAD-17961","Ahmad Chen #7961","+60130007962","Bangsar South Suites",9057,1759,22.3,"Tier 1: Pre-Approved LPPSA/Bank",593751
"LEAD-17964","Tan Nordin #7964","+60160007965","Shah Alam Vista",9168,1816,22.8,"Tier 1: Pre-Approved LPPSA/Bank",593939
"LEAD-17967","Farhan Osman #7967","+60190007968","Bangsar South Suites",9279,1873,23.2,"Tier 1: Pre-Approved LPPSA/Bank",594128
"LEAD-17970","Jason Aini #7970","+60140007971","Shah Alam Vista",9390,1930,23.6,"Tier 1: Pre-Approved LPPSA/Bank",594316
"LEAD-17973","Amir Razif #7973","+60170007974","Bangsar South Suites",9501,1987,24,"Tier 1: Pre-Approved LPPSA/Bank",594504
"LEAD-17976","Devi Lee #7976","+60120007977","Shah Alam Vista",9612,2044,24.4,"Tier 1: Pre-Approved LPPSA/Bank",594693
"LEAD-17979","Grace Zulkifli #7979","+60150007980","Bangsar South Suites",9723,2101,24.8,"Tier 1: Pre-Approved LPPSA/Bank",594881
"LEAD-17982","Nurul Rosli #7982","+60180007983","Shah Alam Vista",9834,2158,25.2,"Tier 1: Pre-Approved LPPSA/Bank",595070
"LEAD-17985","Santhi Kumar #7985","+60130007986","Bangsar South Suites",9945,2215,25.6,"Tier 1: Pre-Approved LPPSA/Bank",595258
"LEAD-17988","Sarah Faizal #7988","+60160007989","Shah Alam Vista",10056,2272,26,"Tier 1: Pre-Approved LPPSA/Bank",595446
"LEAD-17991","Siti Hassan #7991","+60190007992","Bangsar South Suites",10167,2329,26.3,"Tier 1: Pre-Approved LPPSA/Bank",595635
"LEAD-17994","Syed Subramaniam #7994","+60140007995","Shah Alam Vista",10278,2386,26.7,"Tier 1: Pre-Approved LPPSA/Bank",595823
"LEAD-17997","Azman Goh #7997","+60170007998","Bangsar South Suites",10389,2443,27,"Tier 1: Pre-Approved LPPSA/Bank",596012
"LEAD-18000","Muhammad Hariz #8000","+60120008001","Shah Alam Vista",10500,2500,27.4,"Tier 1: Pre-Approved LPPSA/Bank",596200
"LEAD-18003","Wong Wei Lun #8003","+60150008004","Bangsar South Suites",10611,2557,27.7,"Tier 1: Pre-Approved LPPSA/Bank",596388
"LEAD-18006","Mohd Ibrahim #8006","+60180008007","Shah Alam Vista",10722,2614,28,"Tier 1: Pre-Approved LPPSA/Bank",596577
"LEAD-18009","Kevin Chen #8009","+60130008010","Bangsar South Suites",10833,2671,28.3,"Tier 1: Pre-Approved LPPSA/Bank",596765
"LEAD-18012","Razif Nordin #8012","+60160008013","Shah Alam Vista",10944,2728,28.7,"Tier 1: Pre-Approved LPPSA/Bank",596954
"LEAD-18015","Chong Osman #8015","+60190008016","Bangsar South Suites",11055,2785,29,"Tier 1: Pre-Approved LPPSA/Bank",597142
"LEAD-18018","Hafiz Aini #8018","+60140008019","Shah Alam Vista",11166,2842,29.3,"Tier 1: Pre-Approved LPPSA/Bank",597330
"LEAD-18021","Ahmad Razif #8021","+60170008022","Bangsar South Suites",11277,2899,29.5,"Tier 1: Pre-Approved LPPSA/Bank",597519
"LEAD-18024","Tan Lee #8024","+60120008025","Shah Alam Vista",11388,2956,29.8,"Tier 1: Pre-Approved LPPSA/Bank",597707
"LEAD-18027","Farhan Zulkifli #8027","+60150008028","Bangsar South Suites",11499,3013,30.1,"Tier 1: Pre-Approved LPPSA/Bank",597896
"LEAD-18030","Jason Rosli #8030","+60180008031","Shah Alam Vista",11610,3070,30.4,"Tier 1: Pre-Approved LPPSA/Bank",598084
"LEAD-18033","Amir Kumar #8033","+60130008034","Bangsar South Suites",11721,3127,30.7,"Tier 1: Pre-Approved LPPSA/Bank",598272
"LEAD-18036","Devi Faizal #8036","+60160008037","Shah Alam Vista",11832,3184,30.9,"Tier 1: Pre-Approved LPPSA/Bank",598461
"LEAD-18039","Grace Hassan #8039","+60190008040","Bangsar South Suites",11943,3241,31.2,"Tier 1: Pre-Approved LPPSA/Bank",598649
"LEAD-18042","Nurul Subramaniam #8042","+60140008043","Shah Alam Vista",3554,3298,106.7,"Tier 4: High Risk DSR",0
"LEAD-18045","Santhi Goh #8045","+60170008046","Bangsar South Suites",3665,3355,105.2,"Tier 4: High Risk DSR",0
"LEAD-18048","Sarah Hariz #8048","+60120008049","Shah Alam Vista",3776,3412,103.9,"Tier 4: High Risk DSR",0
"LEAD-18051","Siti Wei Lun #8051","+60150008052","Bangsar South Suites",3887,3469,102.6,"Tier 4: High Risk DSR",0
"LEAD-18054","Syed Ibrahim #8054","+60180008055","Shah Alam Vista",3998,3526,101.4,"Tier 4: High Risk DSR",0
"LEAD-18057","Azman Chen #8057","+60130008058","Bangsar South Suites",4109,3583,100.2,"Tier 4: High Risk DSR",0
"LEAD-18060","Muhammad Nordin #8060","+60160008061","Shah Alam Vista",4220,3640,99.1,"Tier 4: High Risk DSR",0
"LEAD-18063","Wong Osman #8063","+60190008064","Bangsar South Suites",4331,3697,98.1,"Tier 4: High Risk DSR",0
"LEAD-18066","Mohd Aini #8066","+60140008067","Shah Alam Vista",4442,3754,97.1,"Tier 4: High Risk DSR",0
"LEAD-18069","Kevin Razif #8069","+60170008070","Bangsar South Suites",4553,3811,96.2,"Tier 4: High Risk DSR",0
"LEAD-18072","Razif Lee #8072","+60120008073","Shah Alam Vista",4664,3868,95.3,"Tier 4: High Risk DSR",0
"LEAD-18075","Chong Zulkifli #8075","+60150008076","Bangsar South Suites",4775,3925,94.5,"Tier 4: High Risk DSR",0
"LEAD-18078","Hafiz Rosli #8078","+60180008079","Shah Alam Vista",4886,3982,93.7,"Tier 4: High Risk DSR",0
"LEAD-18081","Ahmad Kumar #8081","+60130008082","Bangsar South Suites",4997,4039,92.9,"Tier 4: High Risk DSR",0
"LEAD-18084","Tan Faizal #8084","+60160008085","Shah Alam Vista",5108,4096,92.2,"Tier 4: High Risk DSR",0
"LEAD-18087","Farhan Hassan #8087","+60190008088","Bangsar South Suites",5219,4153,91.5,"Tier 4: High Risk DSR",0
"LEAD-18090","Jason Subramaniam #8090","+60140008091","Shah Alam Vista",5330,4210,90.8,"Tier 4: High Risk DSR",0
"LEAD-18093","Amir Goh #8093","+60170008094","Bangsar South Suites",5441,4267,90.1,"Tier 4: High Risk DSR",0
"LEAD-18096","Devi Hariz #8096","+60120008097","Shah Alam Vista",5552,4324,89.5,"Tier 4: High Risk DSR",0
"LEAD-18099","Grace Wei Lun #8099","+60150008100","Bangsar South Suites",5663,4381,88.9,"Tier 4: High Risk DSR",0
"LEAD-18102","Nurul Ibrahim #8102","+60180008103","Shah Alam Vista",5774,4438,88.3,"Tier 4: High Risk DSR",0
"LEAD-18105","Santhi Chen #8105","+60130008106","Bangsar South Suites",5885,4495,87.8,"Tier 4: High Risk DSR",0
"LEAD-18108","Sarah Nordin #8108","+60160008109","Shah Alam Vista",5996,1052,20.2,"Tier 2: Qualified Bank Loan",415582
"LEAD-18111","Siti Osman #8111","+60190008112","Bangsar South Suites",6107,1109,20.9,"Tier 2: Qualified Bank Loan",415771
"LEAD-18114","Syed Aini #8114","+60140008115","Shah Alam Vista",6218,1166,21.6,"Tier 2: Qualified Bank Loan",415959
"LEAD-18117","Azman Razif #8117","+60170008118","Bangsar South Suites",6329,1223,22.2,"Tier 2: Qualified Bank Loan",416148
"LEAD-18120","Muhammad Lee #8120","+60120008121","Shah Alam Vista",6440,1280,22.8,"Tier 2: Qualified Bank Loan",416336
"LEAD-18123","Wong Zulkifli #8123","+60150008124","Bangsar South Suites",6551,1337,23.5,"Tier 1: Pre-Approved LPPSA/Bank",416524
"LEAD-18126","Mohd Rosli #8126","+60180008127","Shah Alam Vista",6662,1394,24.1,"Tier 1: Pre-Approved LPPSA/Bank",416713
"LEAD-18129","Kevin Kumar #8129","+60130008130","Bangsar South Suites",6773,1451,24.6,"Tier 1: Pre-Approved LPPSA/Bank",416901
"LEAD-18132","Razif Faizal #8132","+60160008133","Shah Alam Vista",6884,1508,25.2,"Tier 1: Pre-Approved LPPSA/Bank",417090
"LEAD-18135","Chong Hassan #8135","+60190008136","Bangsar South Suites",6995,1565,25.7,"Tier 1: Pre-Approved LPPSA/Bank",417278
"LEAD-18138","Hafiz Subramaniam #8138","+60140008139","Shah Alam Vista",7106,1622,26.2,"Tier 1: Pre-Approved LPPSA/Bank",417466
"LEAD-18141","Ahmad Goh #8141","+60170008142","Bangsar South Suites",7217,1679,26.7,"Tier 1: Pre-Approved LPPSA/Bank",417655
"LEAD-18144","Tan Hariz #8144","+60120008145","Shah Alam Vista",7328,1736,27.2,"Tier 1: Pre-Approved LPPSA/Bank",417843
"LEAD-18147","Farhan Wei Lun #8147","+60150008148","Bangsar South Suites",7439,1793,27.7,"Tier 1: Pre-Approved LPPSA/Bank",418032
"LEAD-18150","Jason Ibrahim #8150","+60180008151","Shah Alam Vista",7550,1850,28.2,"Tier 1: Pre-Approved LPPSA/Bank",418220
"LEAD-18153","Amir Chen #8153","+60130008154","Bangsar South Suites",7661,1907,28.6,"Tier 1: Pre-Approved LPPSA/Bank",418408
"LEAD-18156","Devi Nordin #8156","+60160008157","Shah Alam Vista",7772,1964,29,"Tier 1: Pre-Approved LPPSA/Bank",418597
"LEAD-18159","Grace Osman #8159","+60190008160","Bangsar South Suites",7883,2021,29.5,"Tier 1: Pre-Approved LPPSA/Bank",418785
"LEAD-18162","Nurul Aini #8162","+60140008163","Shah Alam Vista",7994,2078,29.9,"Tier 1: Pre-Approved LPPSA/Bank",418974
"LEAD-18165","Santhi Razif #8165","+60170008166","Bangsar South Suites",8105,2135,30.3,"Tier 1: Pre-Approved LPPSA/Bank",419162
"LEAD-18168","Sarah Lee #8168","+60120008169","Shah Alam Vista",8216,2192,30.7,"Tier 1: Pre-Approved LPPSA/Bank",419350
"LEAD-18171","Siti Zulkifli #8171","+60150008172","Bangsar South Suites",8327,2249,31,"Tier 1: Pre-Approved LPPSA/Bank",419539
"LEAD-18174","Syed Rosli #8174","+60180008175","Shah Alam Vista",8438,2306,31.4,"Tier 1: Pre-Approved LPPSA/Bank",419727
"LEAD-18177","Azman Kumar #8177","+60130008178","Bangsar South Suites",8549,2363,31.8,"Tier 1: Pre-Approved LPPSA/Bank",419916
"LEAD-18180","Muhammad Faizal #8180","+60160008181","Shah Alam Vista",8660,2420,32.1,"Tier 1: Pre-Approved LPPSA/Bank",420104
"LEAD-18183","Wong Hassan #8183","+60190008184","Bangsar South Suites",8771,2477,32.5,"Tier 1: Pre-Approved LPPSA/Bank",420292
"LEAD-18186","Mohd Subramaniam #8186","+60140008187","Shah Alam Vista",8882,2534,32.8,"Tier 1: Pre-Approved LPPSA/Bank",420481
"LEAD-18189","Kevin Goh #8189","+60170008190","Bangsar South Suites",8993,2591,33.1,"Tier 1: Pre-Approved LPPSA/Bank",420669
"LEAD-18192","Razif Hariz #8192","+60120008193","Shah Alam Vista",9104,2648,33.4,"Tier 1: Pre-Approved LPPSA/Bank",420858
"LEAD-18195","Chong Wei Lun #8195","+60150008196","Bangsar South Suites",9215,2705,33.7,"Tier 1: Pre-Approved LPPSA/Bank",421046
"LEAD-18198","Hafiz Ibrahim #8198","+60180008199","Shah Alam Vista",9326,2762,34,"Tier 1: Pre-Approved LPPSA/Bank",421234
"LEAD-18201","Ahmad Chen #8201","+60130008202","Bangsar South Suites",9437,2819,34.3,"Tier 1: Pre-Approved LPPSA/Bank",421423
"LEAD-18204","Tan Nordin #8204","+60160008205","Shah Alam Vista",9548,2876,34.6,"Tier 1: Pre-Approved LPPSA/Bank",421611
"LEAD-18207","Farhan Osman #8207","+60190008208","Bangsar South Suites",9659,2933,34.9,"Tier 1: Pre-Approved LPPSA/Bank",421800
"LEAD-18210","Jason Aini #8210","+60140008211","Shah Alam Vista",9770,2990,35.2,"Tier 1: Pre-Approved LPPSA/Bank",421988
"LEAD-18213","Amir Razif #8213","+60170008214","Bangsar South Suites",9881,3047,35.4,"Tier 1: Pre-Approved LPPSA/Bank",422176
"LEAD-18216","Devi Lee #8216","+60120008217","Shah Alam Vista",9992,3104,35.7,"Tier 1: Pre-Approved LPPSA/Bank",422365
"LEAD-18219","Grace Zulkifli #8219","+60150008220","Bangsar South Suites",10103,3161,36,"Tier 1: Pre-Approved LPPSA/Bank",422553
"LEAD-18222","Nurul Rosli #8222","+60180008223","Shah Alam Vista",10214,3218,36.2,"Tier 1: Pre-Approved LPPSA/Bank",422742
"LEAD-18225","Santhi Kumar #8225","+60130008226","Bangsar South Suites",10325,3275,36.5,"Tier 1: Pre-Approved LPPSA/Bank",422930
"LEAD-18228","Sarah Faizal #8228","+60160008229","Shah Alam Vista",10436,3332,36.7,"Tier 1: Pre-Approved LPPSA/Bank",423118
"LEAD-18231","Siti Hassan #8231","+60190008232","Bangsar South Suites",10547,3389,36.9,"Tier 1: Pre-Approved LPPSA/Bank",423307
"LEAD-18234","Syed Subramaniam #8234","+60140008235","Shah Alam Vista",10658,3446,37.2,"Tier 1: Pre-Approved LPPSA/Bank",423495
"LEAD-18237","Azman Goh #8237","+60170008238","Bangsar South Suites",10769,3503,37.4,"Tier 1: Pre-Approved LPPSA/Bank",423684
"LEAD-18240","Muhammad Hariz #8240","+60120008241","Shah Alam Vista",10880,3560,37.6,"Tier 1: Pre-Approved LPPSA/Bank",423872
"LEAD-18243","Wong Wei Lun #8243","+60150008244","Bangsar South Suites",10991,3617,37.8,"Tier 1: Pre-Approved LPPSA/Bank",424060
"LEAD-18246","Mohd Ibrahim #8246","+60180008247","Shah Alam Vista",11102,3674,38,"Tier 1: Pre-Approved LPPSA/Bank",424249
"LEAD-18249","Kevin Chen #8249","+60130008250","Bangsar South Suites",11213,3731,38.2,"Tier 1: Pre-Approved LPPSA/Bank",424437
"LEAD-18252","Razif Nordin #8252","+60160008253","Shah Alam Vista",11324,3788,38.4,"Tier 1: Pre-Approved LPPSA/Bank",424626
"LEAD-18255","Chong Osman #8255","+60190008256","Bangsar South Suites",11435,3845,38.6,"Tier 1: Pre-Approved LPPSA/Bank",424814
"LEAD-18258","Hafiz Aini #8258","+60140008259","Shah Alam Vista",11546,3902,38.8,"Tier 1: Pre-Approved LPPSA/Bank",425002
"LEAD-18261","Ahmad Razif #8261","+60170008262","Bangsar South Suites",11657,3959,39,"Tier 1: Pre-Approved LPPSA/Bank",425191
"LEAD-18264","Tan Lee #8264","+60120008265","Shah Alam Vista",11768,4016,39.2,"Tier 1: Pre-Approved LPPSA/Bank",425379
"LEAD-18267","Farhan Zulkifli #8267","+60150008268","Bangsar South Suites",11879,4073,39.4,"Tier 1: Pre-Approved LPPSA/Bank",425568
"LEAD-18270","Jason Rosli #8270","+60180008271","Shah Alam Vista",11990,4130,39.6,"Tier 1: Pre-Approved LPPSA/Bank",425756
"LEAD-18273","Amir Kumar #8273","+60130008274","Bangsar South Suites",3601,4187,133.6,"Tier 4: High Risk DSR",0
"LEAD-18276","Devi Faizal #8276","+60160008277","Shah Alam Vista",3712,4244,131.4,"Tier 4: High Risk DSR",0
"LEAD-18279","Grace Hassan #8279","+60190008280","Bangsar South Suites",3823,4301,129.3,"Tier 4: High Risk DSR",0
"LEAD-18282","Nurul Subramaniam #8282","+60140008283","Shah Alam Vista",3934,4358,127.3,"Tier 4: High Risk DSR",0
"LEAD-18285","Santhi Goh #8285","+60170008286","Bangsar South Suites",4045,4415,125.5,"Tier 4: High Risk DSR",0
"LEAD-18288","Sarah Hariz #8288","+60120008289","Shah Alam Vista",4156,4472,123.7,"Tier 4: High Risk DSR",0
"LEAD-18291","Siti Wei Lun #8291","+60150008292","Bangsar South Suites",4267,1029,27.7,"Tier 3: Joint Loan Needed",239675
"LEAD-18294","Syed Ibrahim #8294","+60180008295","Shah Alam Vista",4378,1086,28.5,"Tier 3: Joint Loan Needed",239863
"LEAD-18297","Azman Chen #8297","+60130008298","Bangsar South Suites",4489,1143,29.3,"Tier 3: Joint Loan Needed",240052
"LEAD-18300","Muhammad Nordin #8300","+60160008301","Shah Alam Vista",4600,1200,30,"Tier 2: Qualified Bank Loan",240240
"LEAD-18303","Wong Osman #8303","+60190008304","Bangsar South Suites",4711,1257,30.7,"Tier 2: Qualified Bank Loan",240428
"LEAD-18306","Mohd Aini #8306","+60140008307","Shah Alam Vista",4822,1314,31.3,"Tier 2: Qualified Bank Loan",240617
"LEAD-18309","Kevin Razif #8309","+60170008310","Bangsar South Suites",4933,1371,31.9,"Tier 2: Qualified Bank Loan",240805
"LEAD-18312","Razif Lee #8312","+60120008313","Shah Alam Vista",5044,1428,32.5,"Tier 2: Qualified Bank Loan",240994
"LEAD-18315","Chong Zulkifli #8315","+60150008316","Bangsar South Suites",5155,1485,33.1,"Tier 2: Qualified Bank Loan",241182
"LEAD-18318","Hafiz Rosli #8318","+60180008319","Shah Alam Vista",5266,1542,33.7,"Tier 2: Qualified Bank Loan",241370
"LEAD-18321","Ahmad Kumar #8321","+60130008322","Bangsar South Suites",5377,1599,34.2,"Tier 2: Qualified Bank Loan",241559
"LEAD-18324","Tan Faizal #8324","+60160008325","Shah Alam Vista",5488,1656,34.7,"Tier 2: Qualified Bank Loan",241747
"LEAD-18327","Farhan Hassan #8327","+60190008328","Bangsar South Suites",5599,1713,35.2,"Tier 2: Qualified Bank Loan",241936
"LEAD-18330","Jason Subramaniam #8330","+60140008331","Shah Alam Vista",5710,1770,35.6,"Tier 2: Qualified Bank Loan",242124
"LEAD-18333","Amir Goh #8333","+60170008334","Bangsar South Suites",5821,1827,36.1,"Tier 2: Qualified Bank Loan",242312
"LEAD-18336","Devi Hariz #8336","+60120008337","Shah Alam Vista",5932,1884,36.5,"Tier 2: Qualified Bank Loan",242501
"LEAD-18339","Grace Wei Lun #8339","+60150008340","Bangsar South Suites",6043,1941,36.9,"Tier 2: Qualified Bank Loan",242689
"LEAD-18342","Nurul Ibrahim #8342","+60180008343","Shah Alam Vista",6154,1998,37.3,"Tier 2: Qualified Bank Loan",242878
"LEAD-18345","Santhi Chen #8345","+60130008346","Bangsar South Suites",6265,2055,37.7,"Tier 2: Qualified Bank Loan",243066
"LEAD-18348","Sarah Nordin #8348","+60160008349","Shah Alam Vista",6376,2112,38.1,"Tier 2: Qualified Bank Loan",243254
"LEAD-18351","Siti Osman #8351","+60190008352","Bangsar South Suites",6487,2169,38.4,"Tier 2: Qualified Bank Loan",243443
"LEAD-18354","Syed Aini #8354","+60140008355","Shah Alam Vista",6598,2226,38.8,"Tier 1: Pre-Approved LPPSA/Bank",243631
"LEAD-18357","Azman Razif #8357","+60170008358","Bangsar South Suites",6709,2283,39.1,"Tier 1: Pre-Approved LPPSA/Bank",243820
"LEAD-18360","Muhammad Lee #8360","+60120008361","Shah Alam Vista",6820,2340,39.4,"Tier 1: Pre-Approved LPPSA/Bank",244008
"LEAD-18363","Wong Zulkifli #8363","+60150008364","Bangsar South Suites",6931,2397,39.8,"Tier 1: Pre-Approved LPPSA/Bank",244196
"LEAD-18366","Mohd Rosli #8366","+60180008367","Shah Alam Vista",7042,2454,40.1,"Tier 1: Pre-Approved LPPSA/Bank",244385
"LEAD-18369","Kevin Kumar #8369","+60130008370","Bangsar South Suites",7153,2511,40.3,"Tier 1: Pre-Approved LPPSA/Bank",244573
"LEAD-18372","Razif Faizal #8372","+60160008373","Shah Alam Vista",7264,2568,40.6,"Tier 1: Pre-Approved LPPSA/Bank",244762
"LEAD-18375","Chong Hassan #8375","+60190008376","Bangsar South Suites",7375,2625,40.9,"Tier 1: Pre-Approved LPPSA/Bank",244950
"LEAD-18378","Hafiz Subramaniam #8378","+60140008379","Shah Alam Vista",7486,2682,41.2,"Tier 1: Pre-Approved LPPSA/Bank",245138
"LEAD-18381","Ahmad Goh #8381","+60170008382","Bangsar South Suites",7597,2739,41.4,"Tier 1: Pre-Approved LPPSA/Bank",245327
"LEAD-18384","Tan Hariz #8384","+60120008385","Shah Alam Vista",7708,2796,41.7,"Tier 1: Pre-Approved LPPSA/Bank",245515
"LEAD-18387","Farhan Wei Lun #8387","+60150008388","Bangsar South Suites",7819,2853,41.9,"Tier 1: Pre-Approved LPPSA/Bank",245704
"LEAD-18390","Jason Ibrahim #8390","+60180008391","Shah Alam Vista",7930,2910,42.2,"Tier 1: Pre-Approved LPPSA/Bank",245892
"LEAD-18393","Amir Chen #8393","+60130008394","Bangsar South Suites",8041,2967,42.4,"Tier 1: Pre-Approved LPPSA/Bank",246080
"LEAD-18396","Devi Nordin #8396","+60160008397","Shah Alam Vista",8152,3024,42.6,"Tier 1: Pre-Approved LPPSA/Bank",246269
"LEAD-18399","Grace Osman #8399","+60190008400","Bangsar South Suites",8263,3081,42.9,"Tier 1: Pre-Approved LPPSA/Bank",246457
"LEAD-18402","Nurul Aini #8402","+60140008403","Shah Alam Vista",8374,3138,43.1,"Tier 1: Pre-Approved LPPSA/Bank",246646
"LEAD-18405","Santhi Razif #8405","+60170008406","Bangsar South Suites",8485,3195,43.3,"Tier 1: Pre-Approved LPPSA/Bank",246834
"LEAD-18408","Sarah Lee #8408","+60120008409","Shah Alam Vista",8596,3252,43.5,"Tier 1: Pre-Approved LPPSA/Bank",247022
"LEAD-18411","Siti Zulkifli #8411","+60150008412","Bangsar South Suites",8707,3309,43.7,"Tier 1: Pre-Approved LPPSA/Bank",247211
"LEAD-18414","Syed Rosli #8414","+60180008415","Shah Alam Vista",8818,3366,43.9,"Tier 1: Pre-Approved LPPSA/Bank",247399
"LEAD-18417","Azman Kumar #8417","+60130008418","Bangsar South Suites",8929,3423,44.1,"Tier 1: Pre-Approved LPPSA/Bank",247588
"LEAD-18420","Muhammad Faizal #8420","+60160008421","Shah Alam Vista",9040,3480,44.2,"Tier 1: Pre-Approved LPPSA/Bank",247776
"LEAD-18423","Wong Hassan #8423","+60190008424","Bangsar South Suites",9151,3537,44.4,"Tier 1: Pre-Approved LPPSA/Bank",247964
"LEAD-18426","Mohd Subramaniam #8426","+60140008427","Shah Alam Vista",9262,3594,44.6,"Tier 1: Pre-Approved LPPSA/Bank",248153
"LEAD-18429","Kevin Goh #8429","+60170008430","Bangsar South Suites",9373,3651,44.8,"Tier 1: Pre-Approved LPPSA/Bank",248341
"LEAD-18432","Razif Hariz #8432","+60120008433","Shah Alam Vista",9484,3708,44.9,"Tier 1: Pre-Approved LPPSA/Bank",248530
"LEAD-18435","Chong Wei Lun #8435","+60150008436","Bangsar South Suites",9595,3765,45.1,"Tier 2: Qualified Bank Loan",248718
"LEAD-18438","Hafiz Ibrahim #8438","+60180008439","Shah Alam Vista",9706,3822,45.3,"Tier 2: Qualified Bank Loan",248906
"LEAD-18441","Ahmad Chen #8441","+60130008442","Bangsar South Suites",9817,3879,45.4,"Tier 2: Qualified Bank Loan",249095
"LEAD-18444","Tan Nordin #8444","+60160008445","Shah Alam Vista",9928,3936,45.6,"Tier 2: Qualified Bank Loan",249283
"LEAD-18447","Farhan Osman #8447","+60190008448","Bangsar South Suites",10039,3993,45.7,"Tier 2: Qualified Bank Loan",249472
"LEAD-18450","Jason Aini #8450","+60140008451","Shah Alam Vista",10150,4050,45.9,"Tier 2: Qualified Bank Loan",249660
"LEAD-18453","Amir Razif #8453","+60170008454","Bangsar South Suites",10261,4107,46,"Tier 2: Qualified Bank Loan",249848
"LEAD-18456","Devi Lee #8456","+60120008457","Shah Alam Vista",10372,4164,46.1,"Tier 2: Qualified Bank Loan",250037
"LEAD-18459","Grace Zulkifli #8459","+60150008460","Bangsar South Suites",10483,4221,46.3,"Tier 2: Qualified Bank Loan",250225
"LEAD-18462","Nurul Rosli #8462","+60180008463","Shah Alam Vista",10594,4278,46.4,"Tier 2: Qualified Bank Loan",250414
"LEAD-18465","Santhi Kumar #8465","+60130008466","Bangsar South Suites",10705,4335,46.5,"Tier 2: Qualified Bank Loan",250602
"LEAD-18468","Sarah Faizal #8468","+60160008469","Shah Alam Vista",10816,4392,46.7,"Tier 2: Qualified Bank Loan",250790
"LEAD-18471","Siti Hassan #8471","+60190008472","Bangsar South Suites",10927,4449,46.8,"Tier 2: Qualified Bank Loan",250979
"LEAD-18474","Syed Subramaniam #8474","+60140008475","Shah Alam Vista",11038,1006,10.5,"Tier 1: Pre-Approved LPPSA/Bank",951167
"LEAD-18477","Azman Goh #8477","+60170008478","Bangsar South Suites",11149,1063,11,"Tier 1: Pre-Approved LPPSA/Bank",951356
"LEAD-18480","Muhammad Hariz #8480","+60120008481","Shah Alam Vista",11260,1120,11.4,"Tier 1: Pre-Approved LPPSA/Bank",951544
"LEAD-18483","Wong Wei Lun #8483","+60150008484","Bangsar South Suites",11371,1177,11.9,"Tier 1: Pre-Approved LPPSA/Bank",951732
"LEAD-18486","Mohd Ibrahim #8486","+60180008487","Shah Alam Vista",11482,1234,12.4,"Tier 1: Pre-Approved LPPSA/Bank",951921
"LEAD-18489","Kevin Chen #8489","+60130008490","Bangsar South Suites",11593,1291,12.8,"Tier 1: Pre-Approved LPPSA/Bank",952109
"LEAD-18492","Razif Nordin #8492","+60160008493","Shah Alam Vista",11704,1348,13.2,"Tier 1: Pre-Approved LPPSA/Bank",952298
"LEAD-18495","Chong Osman #8495","+60190008496","Bangsar South Suites",11815,1405,13.7,"Tier 1: Pre-Approved LPPSA/Bank",952486
"LEAD-18498","Hafiz Aini #8498","+60140008499","Shah Alam Vista",11926,1462,14.1,"Tier 1: Pre-Approved LPPSA/Bank",952674
"LEAD-18501","Ahmad Razif #8501","+60170008502","Bangsar South Suites",3537,1519,49.4,"Tier 3: Joint Loan Needed",65463
"LEAD-18504","Tan Lee #8504","+60120008505","Shah Alam Vista",3648,1576,49.7,"Tier 3: Joint Loan Needed",65651
"LEAD-18507","Farhan Zulkifli #8507","+60150008508","Bangsar South Suites",3759,1633,49.9,"Tier 3: Joint Loan Needed",65840
"LEAD-18510","Jason Rosli #8510","+60180008511","Shah Alam Vista",3870,1690,50.2,"Tier 3: Joint Loan Needed",66028
"LEAD-18513","Amir Kumar #8513","+60130008514","Bangsar South Suites",3981,1747,50.4,"Tier 3: Joint Loan Needed",66216
"LEAD-18516","Devi Faizal #8516","+60160008517","Shah Alam Vista",4092,1804,50.7,"Tier 3: Joint Loan Needed",66405
"LEAD-18519","Grace Hassan #8519","+60190008520","Bangsar South Suites",4203,1861,50.9,"Tier 3: Joint Loan Needed",66593
"LEAD-18522","Nurul Subramaniam #8522","+60140008523","Shah Alam Vista",4314,1918,51.1,"Tier 3: Joint Loan Needed",66782
"LEAD-18525","Santhi Goh #8525","+60170008526","Bangsar South Suites",4425,1975,51.3,"Tier 3: Joint Loan Needed",66970
"LEAD-18528","Sarah Hariz #8528","+60120008529","Shah Alam Vista",4536,2032,51.5,"Tier 2: Qualified Bank Loan",67158
"LEAD-18531","Siti Wei Lun #8531","+60150008532","Bangsar South Suites",4647,2089,51.7,"Tier 2: Qualified Bank Loan",67347
"LEAD-18534","Syed Ibrahim #8534","+60180008535","Shah Alam Vista",4758,2146,51.8,"Tier 2: Qualified Bank Loan",67535
"LEAD-18537","Azman Chen #8537","+60130008538","Bangsar South Suites",4869,2203,52,"Tier 2: Qualified Bank Loan",67724
"LEAD-18540","Muhammad Nordin #8540","+60160008541","Shah Alam Vista",4980,2260,52.2,"Tier 2: Qualified Bank Loan",67912
"LEAD-18543","Wong Osman #8543","+60190008544","Bangsar South Suites",5091,2317,52.3,"Tier 2: Qualified Bank Loan",68100
"LEAD-18546","Mohd Aini #8546","+60140008547","Shah Alam Vista",5202,2374,52.5,"Tier 2: Qualified Bank Loan",68289
"LEAD-18549","Kevin Razif #8549","+60170008550","Bangsar South Suites",5313,2431,52.6,"Tier 2: Qualified Bank Loan",68477
"LEAD-18552","Razif Lee #8552","+60120008553","Shah Alam Vista",5424,2488,52.7,"Tier 2: Qualified Bank Loan",68666
"LEAD-18555","Chong Zulkifli #8555","+60150008556","Bangsar South Suites",5535,2545,52.9,"Tier 2: Qualified Bank Loan",68854
"LEAD-18558","Hafiz Rosli #8558","+60180008559","Shah Alam Vista",5646,2602,53,"Tier 2: Qualified Bank Loan",69042
"LEAD-18561","Ahmad Kumar #8561","+60130008562","Bangsar South Suites",5757,2659,53.1,"Tier 2: Qualified Bank Loan",69231
"LEAD-18564","Tan Faizal #8564","+60160008565","Shah Alam Vista",5868,2716,53.2,"Tier 2: Qualified Bank Loan",69419
"LEAD-18567","Farhan Hassan #8567","+60190008568","Bangsar South Suites",5979,2773,53.3,"Tier 2: Qualified Bank Loan",69608
"LEAD-18570","Jason Subramaniam #8570","+60140008571","Shah Alam Vista",6090,2830,53.4,"Tier 2: Qualified Bank Loan",69796
"LEAD-18573","Amir Goh #8573","+60170008574","Bangsar South Suites",6201,2887,53.5,"Tier 2: Qualified Bank Loan",69984
"LEAD-18576","Devi Hariz #8576","+60120008577","Shah Alam Vista",6312,2944,53.6,"Tier 2: Qualified Bank Loan",70173
"LEAD-18579","Grace Wei Lun #8579","+60150008580","Bangsar South Suites",6423,3001,53.7,"Tier 2: Qualified Bank Loan",70361
"LEAD-18582","Nurul Ibrahim #8582","+60180008583","Shah Alam Vista",6534,3058,53.8,"Tier 2: Qualified Bank Loan",70550
"LEAD-18585","Santhi Chen #8585","+60130008586","Bangsar South Suites",6645,3115,53.9,"Tier 2: Qualified Bank Loan",70738
"LEAD-18588","Sarah Nordin #8588","+60160008589","Shah Alam Vista",6756,3172,54,"Tier 2: Qualified Bank Loan",70926
"LEAD-18591","Siti Osman #8591","+60190008592","Bangsar South Suites",6867,3229,54,"Tier 2: Qualified Bank Loan",71115
"LEAD-18594","Syed Aini #8594","+60140008595","Shah Alam Vista",6978,3286,54.1,"Tier 2: Qualified Bank Loan",71303
"LEAD-18597","Azman Razif #8597","+60170008598","Bangsar South Suites",7089,3343,54.2,"Tier 2: Qualified Bank Loan",71492
"LEAD-18600","Muhammad Lee #8600","+60120008601","Shah Alam Vista",7200,3400,54.3,"Tier 2: Qualified Bank Loan",71680
"LEAD-18603","Wong Zulkifli #8603","+60150008604","Bangsar South Suites",7311,3457,54.4,"Tier 2: Qualified Bank Loan",71868
"LEAD-18606","Mohd Rosli #8606","+60180008607","Shah Alam Vista",7422,3514,54.4,"Tier 2: Qualified Bank Loan",72057
"LEAD-18609","Kevin Kumar #8609","+60130008610","Bangsar South Suites",7533,3571,54.5,"Tier 2: Qualified Bank Loan",72245
"LEAD-18612","Razif Faizal #8612","+60160008613","Shah Alam Vista",7644,3628,54.6,"Tier 2: Qualified Bank Loan",72434
"LEAD-18615","Chong Hassan #8615","+60190008616","Bangsar South Suites",7755,3685,54.6,"Tier 2: Qualified Bank Loan",72622
"LEAD-18618","Hafiz Subramaniam #8618","+60140008619","Shah Alam Vista",7866,3742,54.7,"Tier 2: Qualified Bank Loan",72810
"LEAD-18621","Ahmad Goh #8621","+60170008622","Bangsar South Suites",7977,3799,54.7,"Tier 2: Qualified Bank Loan",72999
"LEAD-18624","Tan Hariz #8624","+60120008625","Shah Alam Vista",8088,3856,54.8,"Tier 2: Qualified Bank Loan",73187
"LEAD-18627","Farhan Wei Lun #8627","+60150008628","Bangsar South Suites",8199,3913,54.9,"Tier 2: Qualified Bank Loan",73376
"LEAD-18630","Jason Ibrahim #8630","+60180008631","Shah Alam Vista",8310,3970,54.9,"Tier 2: Qualified Bank Loan",73564
"LEAD-18633","Amir Chen #8633","+60130008634","Bangsar South Suites",8421,4027,55,"Tier 2: Qualified Bank Loan",73752
"LEAD-18636","Devi Nordin #8636","+60160008637","Shah Alam Vista",8532,4084,55,"Tier 2: Qualified Bank Loan",73941
"LEAD-18639","Grace Osman #8639","+60190008640","Bangsar South Suites",8643,4141,55.1,"Tier 2: Qualified Bank Loan",74129
"LEAD-18642","Nurul Aini #8642","+60140008643","Shah Alam Vista",8754,4198,55.1,"Tier 2: Qualified Bank Loan",74318
"LEAD-18645","Santhi Razif #8645","+60170008646","Bangsar South Suites",8865,4255,55.2,"Tier 2: Qualified Bank Loan",74506
"LEAD-18648","Sarah Lee #8648","+60120008649","Shah Alam Vista",8976,4312,55.2,"Tier 2: Qualified Bank Loan",74694
"LEAD-18651","Siti Zulkifli #8651","+60150008652","Bangsar South Suites",9087,4369,55.3,"Tier 2: Qualified Bank Loan",74883
"LEAD-18654","Syed Rosli #8654","+60180008655","Shah Alam Vista",9198,4426,55.3,"Tier 2: Qualified Bank Loan",75071
"LEAD-18657","Azman Kumar #8657","+60130008658","Bangsar South Suites",9309,4483,55.4,"Tier 2: Qualified Bank Loan",75260
"LEAD-18660","Muhammad Faizal #8660","+60160008661","Shah Alam Vista",9420,1040,12.7,"Tier 1: Pre-Approved LPPSA/Bank",775448
"LEAD-18663","Wong Hassan #8663","+60190008664","Bangsar South Suites",9531,1097,13.2,"Tier 1: Pre-Approved LPPSA/Bank",775636
"LEAD-18666","Mohd Subramaniam #8666","+60140008667","Shah Alam Vista",9642,1154,13.8,"Tier 1: Pre-Approved LPPSA/Bank",775825
"LEAD-18669","Kevin Goh #8669","+60170008670","Bangsar South Suites",9753,1211,14.3,"Tier 1: Pre-Approved LPPSA/Bank",776013
"LEAD-18672","Razif Hariz #8672","+60120008673","Shah Alam Vista",9864,1268,14.8,"Tier 1: Pre-Approved LPPSA/Bank",776202
"LEAD-18675","Chong Wei Lun #8675","+60150008676","Bangsar South Suites",9975,1325,15.3,"Tier 1: Pre-Approved LPPSA/Bank",776390
"LEAD-18678","Hafiz Ibrahim #8678","+60180008679","Shah Alam Vista",10086,1382,15.7,"Tier 1: Pre-Approved LPPSA/Bank",776578
"LEAD-18681","Ahmad Chen #8681","+60130008682","Bangsar South Suites",10197,1439,16.2,"Tier 1: Pre-Approved LPPSA/Bank",776767
"LEAD-18684","Tan Nordin #8684","+60160008685","Shah Alam Vista",10308,1496,16.7,"Tier 1: Pre-Approved LPPSA/Bank",776955
"LEAD-18687","Farhan Osman #8687","+60190008688","Bangsar South Suites",10419,1553,17.1,"Tier 1: Pre-Approved LPPSA/Bank",777144
"LEAD-18690","Jason Aini #8690","+60140008691","Shah Alam Vista",10530,1610,17.6,"Tier 1: Pre-Approved LPPSA/Bank",777332
"LEAD-18693","Amir Razif #8693","+60170008694","Bangsar South Suites",10641,1667,18,"Tier 1: Pre-Approved LPPSA/Bank",777520
"LEAD-18696","Devi Lee #8696","+60120008697","Shah Alam Vista",10752,1724,18.4,"Tier 1: Pre-Approved LPPSA/Bank",777709
"LEAD-18699","Grace Zulkifli #8699","+60150008700","Bangsar South Suites",10863,1781,18.8,"Tier 1: Pre-Approved LPPSA/Bank",777897
"LEAD-18702","Nurul Rosli #8702","+60180008703","Shah Alam Vista",10974,1838,19.3,"Tier 1: Pre-Approved LPPSA/Bank",778086
"LEAD-18705","Santhi Kumar #8705","+60130008706","Bangsar South Suites",11085,1895,19.6,"Tier 1: Pre-Approved LPPSA/Bank",778274
"LEAD-18708","Sarah Faizal #8708","+60160008709","Shah Alam Vista",11196,1952,20,"Tier 1: Pre-Approved LPPSA/Bank",778462
"LEAD-18711","Siti Hassan #8711","+60190008712","Bangsar South Suites",11307,2009,20.4,"Tier 1: Pre-Approved LPPSA/Bank",778651
"LEAD-18714","Syed Subramaniam #8714","+60140008715","Shah Alam Vista",11418,2066,20.8,"Tier 1: Pre-Approved LPPSA/Bank",778839
"LEAD-18717","Azman Goh #8717","+60170008718","Bangsar South Suites",11529,2123,21.2,"Tier 1: Pre-Approved LPPSA/Bank",779028
"LEAD-18720","Muhammad Hariz #8720","+60120008721","Shah Alam Vista",11640,2180,21.5,"Tier 1: Pre-Approved LPPSA/Bank",779216
"LEAD-18723","Wong Wei Lun #8723","+60150008724","Bangsar South Suites",11751,2237,21.9,"Tier 1: Pre-Approved LPPSA/Bank",779404
"LEAD-18726","Mohd Ibrahim #8726","+60180008727","Shah Alam Vista",11862,2294,22.2,"Tier 1: Pre-Approved LPPSA/Bank",779593
"LEAD-18729","Kevin Chen #8729","+60130008730","Bangsar South Suites",11973,2351,22.6,"Tier 1: Pre-Approved LPPSA/Bank",779781
"LEAD-18732","Razif Nordin #8732","+60160008733","Shah Alam Vista",3584,2408,77.2,"Tier 4: High Risk DSR",0
"LEAD-18735","Chong Osman #8735","+60190008736","Bangsar South Suites",3695,2465,76.7,"Tier 4: High Risk DSR",0
"LEAD-18738","Hafiz Aini #8738","+60140008739","Shah Alam Vista",3806,2522,76.2,"Tier 4: High Risk DSR",0
"LEAD-18741","Ahmad Razif #8741","+60170008742","Bangsar South Suites",3917,2579,75.7,"Tier 4: High Risk DSR",0
"LEAD-18744","Tan Lee #8744","+60120008745","Shah Alam Vista",4028,2636,75.2,"Tier 4: High Risk DSR",0
"LEAD-18747","Farhan Zulkifli #8747","+60150008748","Bangsar South Suites",4139,2693,74.8,"Tier 3: Joint Loan Needed",0
"LEAD-18750","Jason Rosli #8750","+60180008751","Shah Alam Vista",4250,2750,74.4,"Tier 3: Joint Loan Needed",0
"LEAD-18753","Amir Kumar #8753","+60130008754","Bangsar South Suites",4361,2807,74,"Tier 3: Joint Loan Needed",0
"LEAD-18756","Devi Faizal #8756","+60160008757","Shah Alam Vista",4472,2864,73.6,"Tier 3: Joint Loan Needed",0
"LEAD-18759","Grace Hassan #8759","+60190008760","Bangsar South Suites",4583,2921,73.3,"Tier 3: Joint Loan Needed",0
"LEAD-18762","Nurul Subramaniam #8762","+60140008763","Shah Alam Vista",4694,2978,72.9,"Tier 3: Joint Loan Needed",0
"LEAD-18765","Santhi Goh #8765","+60170008766","Bangsar South Suites",4805,3035,72.6,"Tier 3: Joint Loan Needed",0
"LEAD-18768","Sarah Hariz #8768","+60120008769","Shah Alam Vista",4916,3092,72.3,"Tier 3: Joint Loan Needed",0
"LEAD-18771","Siti Wei Lun #8771","+60150008772","Bangsar South Suites",5027,3149,72,"Tier 3: Joint Loan Needed",0
"LEAD-18774","Syed Ibrahim #8774","+60180008775","Shah Alam Vista",5138,3206,71.7,"Tier 3: Joint Loan Needed",0
"LEAD-18777","Azman Chen #8777","+60130008778","Bangsar South Suites",5249,3263,71.5,"Tier 3: Joint Loan Needed",0
"LEAD-18780","Muhammad Nordin #8780","+60160008781","Shah Alam Vista",5360,3320,71.2,"Tier 3: Joint Loan Needed",0
"LEAD-18783","Wong Osman #8783","+60190008784","Bangsar South Suites",5471,3377,70.9,"Tier 3: Joint Loan Needed",0
"LEAD-18786","Mohd Aini #8786","+60140008787","Shah Alam Vista",5582,3434,70.7,"Tier 3: Joint Loan Needed",0
"LEAD-18789","Kevin Razif #8789","+60170008790","Bangsar South Suites",5693,3491,70.5,"Tier 3: Joint Loan Needed",0
"LEAD-18792","Razif Lee #8792","+60120008793","Shah Alam Vista",5804,3548,70.3,"Tier 3: Joint Loan Needed",0
"LEAD-18795","Chong Zulkifli #8795","+60150008796","Bangsar South Suites",5915,3605,70.1,"Tier 3: Joint Loan Needed",0
"LEAD-18798","Hafiz Rosli #8798","+60180008799","Shah Alam Vista",6026,3662,69.9,"Tier 3: Joint Loan Needed",0
"LEAD-18801","Ahmad Kumar #8801","+60130008802","Bangsar South Suites",6137,3719,69.7,"Tier 3: Joint Loan Needed",0
"LEAD-18804","Tan Faizal #8804","+60160008805","Shah Alam Vista",6248,3776,69.5,"Tier 3: Joint Loan Needed",0
"LEAD-18807","Farhan Hassan #8807","+60190008808","Bangsar South Suites",6359,3833,69.3,"Tier 3: Joint Loan Needed",0
"LEAD-18810","Jason Subramaniam #8810","+60140008811","Shah Alam Vista",6470,3890,69.1,"Tier 3: Joint Loan Needed",0
"LEAD-18813","Amir Goh #8813","+60170008814","Bangsar South Suites",6581,3947,68.9,"Tier 3: Joint Loan Needed",0
"LEAD-18816","Devi Hariz #8816","+60120008817","Shah Alam Vista",6692,4004,68.8,"Tier 3: Joint Loan Needed",0
"LEAD-18819","Grace Wei Lun #8819","+60150008820","Bangsar South Suites",6803,4061,68.6,"Tier 3: Joint Loan Needed",0
"LEAD-18822","Nurul Ibrahim #8822","+60180008823","Shah Alam Vista",6914,4118,68.5,"Tier 3: Joint Loan Needed",0
"LEAD-18825","Santhi Chen #8825","+60130008826","Bangsar South Suites",7025,4175,68.3,"Tier 3: Joint Loan Needed",0
"LEAD-18828","Sarah Nordin #8828","+60160008829","Shah Alam Vista",7136,4232,68.2,"Tier 3: Joint Loan Needed",0
"LEAD-18831","Siti Osman #8831","+60190008832","Bangsar South Suites",7247,4289,68,"Tier 3: Joint Loan Needed",0
"LEAD-18834","Syed Aini #8834","+60140008835","Shah Alam Vista",7358,4346,67.9,"Tier 3: Joint Loan Needed",0
"LEAD-18837","Azman Razif #8837","+60170008838","Bangsar South Suites",7469,4403,67.8,"Tier 3: Joint Loan Needed",0
"LEAD-18840","Muhammad Lee #8840","+60120008841","Shah Alam Vista",7580,4460,67.6,"Tier 3: Joint Loan Needed",0
"LEAD-18843","Wong Zulkifli #8843","+60150008844","Bangsar South Suites",7691,1017,15.2,"Tier 1: Pre-Approved LPPSA/Bank",599540
"LEAD-18846","Mohd Rosli #8846","+60180008847","Shah Alam Vista",7802,1074,15.8,"Tier 1: Pre-Approved LPPSA/Bank",599729
"LEAD-18849","Kevin Kumar #8849","+60130008850","Bangsar South Suites",7913,1131,16.4,"Tier 1: Pre-Approved LPPSA/Bank",599917
"LEAD-18852","Razif Faizal #8852","+60160008853","Shah Alam Vista",8024,1188,17,"Tier 1: Pre-Approved LPPSA/Bank",600106
"LEAD-18855","Chong Hassan #8855","+60190008856","Bangsar South Suites",8135,1245,17.6,"Tier 1: Pre-Approved LPPSA/Bank",600294
"LEAD-18858","Hafiz Subramaniam #8858","+60140008859","Shah Alam Vista",8246,1302,18.1,"Tier 1: Pre-Approved LPPSA/Bank",600482
"LEAD-18861","Ahmad Goh #8861","+60170008862","Bangsar South Suites",8357,1359,18.7,"Tier 1: Pre-Approved LPPSA/Bank",600671
"LEAD-18864","Tan Hariz #8864","+60120008865","Shah Alam Vista",8468,1416,19.2,"Tier 1: Pre-Approved LPPSA/Bank",600859
"LEAD-18867","Farhan Wei Lun #8867","+60150008868","Bangsar South Suites",8579,1473,19.7,"Tier 1: Pre-Approved LPPSA/Bank",601048
"LEAD-18870","Jason Ibrahim #8870","+60180008871","Shah Alam Vista",8690,1530,20.2,"Tier 1: Pre-Approved LPPSA/Bank",601236
"LEAD-18873","Amir Chen #8873","+60130008874","Bangsar South Suites",8801,1587,20.7,"Tier 1: Pre-Approved LPPSA/Bank",601424
"LEAD-18876","Devi Nordin #8876","+60160008877","Shah Alam Vista",8912,1644,21.2,"Tier 1: Pre-Approved LPPSA/Bank",601613
"LEAD-18879","Grace Osman #8879","+60190008880","Bangsar South Suites",9023,1701,21.7,"Tier 1: Pre-Approved LPPSA/Bank",601801
"LEAD-18882","Nurul Aini #8882","+60140008883","Shah Alam Vista",9134,1758,22.1,"Tier 1: Pre-Approved LPPSA/Bank",601990
"LEAD-18885","Santhi Razif #8885","+60170008886","Bangsar South Suites",9245,1815,22.6,"Tier 1: Pre-Approved LPPSA/Bank",602178
"LEAD-18888","Sarah Lee #8888","+60120008889","Shah Alam Vista",9356,1872,23,"Tier 1: Pre-Approved LPPSA/Bank",602366
"LEAD-18891","Siti Zulkifli #8891","+60150008892","Bangsar South Suites",9467,1929,23.4,"Tier 1: Pre-Approved LPPSA/Bank",602555
"LEAD-18894","Syed Rosli #8894","+60180008895","Shah Alam Vista",9578,1986,23.8,"Tier 1: Pre-Approved LPPSA/Bank",602743
"LEAD-18897","Azman Kumar #8897","+60130008898","Bangsar South Suites",9689,2043,24.2,"Tier 1: Pre-Approved LPPSA/Bank",602932
"LEAD-18900","Muhammad Faizal #8900","+60160008901","Shah Alam Vista",9800,2100,24.6,"Tier 1: Pre-Approved LPPSA/Bank",603120
"LEAD-18903","Wong Hassan #8903","+60190008904","Bangsar South Suites",9911,2157,25,"Tier 1: Pre-Approved LPPSA/Bank",603308
"LEAD-18906","Mohd Subramaniam #8906","+60140008907","Shah Alam Vista",10022,2214,25.4,"Tier 1: Pre-Approved LPPSA/Bank",603497
"LEAD-18909","Kevin Goh #8909","+60170008910","Bangsar South Suites",10133,2271,25.8,"Tier 1: Pre-Approved LPPSA/Bank",603685
"LEAD-18912","Razif Hariz #8912","+60120008913","Shah Alam Vista",10244,2328,26.1,"Tier 1: Pre-Approved LPPSA/Bank",603874
"LEAD-18915","Chong Wei Lun #8915","+60150008916","Bangsar South Suites",10355,2385,26.5,"Tier 1: Pre-Approved LPPSA/Bank",604062
"LEAD-18918","Hafiz Ibrahim #8918","+60180008919","Shah Alam Vista",10466,2442,26.8,"Tier 1: Pre-Approved LPPSA/Bank",604250
"LEAD-18921","Ahmad Chen #8921","+60130008922","Bangsar South Suites",10577,2499,27.2,"Tier 1: Pre-Approved LPPSA/Bank",604439
"LEAD-18924","Tan Nordin #8924","+60160008925","Shah Alam Vista",10688,2556,27.5,"Tier 1: Pre-Approved LPPSA/Bank",604627
"LEAD-18927","Farhan Osman #8927","+60190008928","Bangsar South Suites",10799,2613,27.8,"Tier 1: Pre-Approved LPPSA/Bank",604816
"LEAD-18930","Jason Aini #8930","+60140008931","Shah Alam Vista",10910,2670,28.1,"Tier 1: Pre-Approved LPPSA/Bank",605004
"LEAD-18933","Amir Razif #8933","+60170008934","Bangsar South Suites",11021,2727,28.4,"Tier 1: Pre-Approved LPPSA/Bank",605192
"LEAD-18936","Devi Lee #8936","+60120008937","Shah Alam Vista",11132,2784,28.7,"Tier 1: Pre-Approved LPPSA/Bank",605381
"LEAD-18939","Grace Zulkifli #8939","+60150008940","Bangsar South Suites",11243,2841,29,"Tier 1: Pre-Approved LPPSA/Bank",605569
"LEAD-18942","Nurul Rosli #8942","+60180008943","Shah Alam Vista",11354,2898,29.3,"Tier 1: Pre-Approved LPPSA/Bank",605758
"LEAD-18945","Santhi Kumar #8945","+60130008946","Bangsar South Suites",11465,2955,29.6,"Tier 1: Pre-Approved LPPSA/Bank",605946
"LEAD-18948","Sarah Faizal #8948","+60160008949","Shah Alam Vista",11576,3012,29.9,"Tier 1: Pre-Approved LPPSA/Bank",606134
"LEAD-18951","Siti Hassan #8951","+60190008952","Bangsar South Suites",11687,3069,30.2,"Tier 1: Pre-Approved LPPSA/Bank",606323
"LEAD-18954","Syed Subramaniam #8954","+60140008955","Shah Alam Vista",11798,3126,30.5,"Tier 1: Pre-Approved LPPSA/Bank",606511
"LEAD-18957","Azman Goh #8957","+60170008958","Bangsar South Suites",11909,3183,30.7,"Tier 1: Pre-Approved LPPSA/Bank",606700
"LEAD-18960","Muhammad Hariz #8960","+60120008961","Shah Alam Vista",3520,3240,105.8,"Tier 4: High Risk DSR",0
"LEAD-18963","Wong Wei Lun #8963","+60150008964","Bangsar South Suites",3631,3297,104.4,"Tier 4: High Risk DSR",0
"LEAD-18966","Mohd Ibrahim #8966","+60180008967","Shah Alam Vista",3742,3354,103,"Tier 4: High Risk DSR",0
"LEAD-18969","Kevin Chen #8969","+60130008970","Bangsar South Suites",3853,3411,101.8,"Tier 4: High Risk DSR",0
"LEAD-18972","Razif Nordin #8972","+60160008973","Shah Alam Vista",3964,3468,100.6,"Tier 4: High Risk DSR",0
"LEAD-18975","Chong Osman #8975","+60190008976","Bangsar South Suites",4075,3525,99.4,"Tier 4: High Risk DSR",0
"LEAD-18978","Hafiz Aini #8978","+60140008979","Shah Alam Vista",4186,3582,98.4,"Tier 4: High Risk DSR",0
"LEAD-18981","Ahmad Razif #8981","+60170008982","Bangsar South Suites",4297,3639,97.3,"Tier 4: High Risk DSR",0
"LEAD-18984","Tan Lee #8984","+60120008985","Shah Alam Vista",4408,3696,96.4,"Tier 4: High Risk DSR",0
"LEAD-18987","Farhan Zulkifli #8987","+60150008988","Bangsar South Suites",4519,3753,95.5,"Tier 4: High Risk DSR",0
"LEAD-18990","Jason Rosli #8990","+60180008991","Shah Alam Vista",4630,3810,94.6,"Tier 4: High Risk DSR",0
"LEAD-18993","Amir Kumar #8993","+60130008994","Bangsar South Suites",4741,3867,93.8,"Tier 4: High Risk DSR",0
"LEAD-18996","Devi Faizal #8996","+60160008997","Shah Alam Vista",4852,3924,93,"Tier 4: High Risk DSR",0
"LEAD-18999","Grace Hassan #8999","+60190009000","Bangsar South Suites",4963,3981,92.2,"Tier 4: High Risk DSR",0
"LEAD-19002","Nurul Subramaniam #9002","+60140009003","Shah Alam Vista",5074,4038,91.5,"Tier 4: High Risk DSR",0
"LEAD-19005","Santhi Goh #9005","+60170009006","Bangsar South Suites",5185,4095,90.8,"Tier 4: High Risk DSR",0
"LEAD-19008","Sarah Hariz #9008","+60120009009","Shah Alam Vista",5296,4152,90.1,"Tier 4: High Risk DSR",0
"LEAD-19011","Siti Wei Lun #9011","+60150009012","Bangsar South Suites",5407,4209,89.5,"Tier 4: High Risk DSR",0
"LEAD-19014","Syed Ibrahim #9014","+60180009015","Shah Alam Vista",5518,4266,88.9,"Tier 4: High Risk DSR",0
"LEAD-19017","Azman Chen #9017","+60130009018","Bangsar South Suites",5629,4323,88.3,"Tier 4: High Risk DSR",0
"LEAD-19020","Muhammad Nordin #9020","+60160009021","Shah Alam Vista",5740,4380,87.7,"Tier 4: High Risk DSR",0
"LEAD-19023","Wong Osman #9023","+60190009024","Bangsar South Suites",5851,4437,87.2,"Tier 4: High Risk DSR",0
"LEAD-19026","Mohd Aini #9026","+60140009027","Shah Alam Vista",5962,4494,86.6,"Tier 4: High Risk DSR",0
"LEAD-19029","Kevin Razif #9029","+60170009030","Bangsar South Suites",6073,1051,19.9,"Tier 2: Qualified Bank Loan",423821
"LEAD-19032","Razif Lee #9032","+60120009033","Shah Alam Vista",6184,1108,20.6,"Tier 2: Qualified Bank Loan",424010
"LEAD-19035","Chong Zulkifli #9035","+60150009036","Bangsar South Suites",6295,1165,21.3,"Tier 2: Qualified Bank Loan",424198
"LEAD-19038","Hafiz Rosli #9038","+60180009039","Shah Alam Vista",6406,1222,21.9,"Tier 2: Qualified Bank Loan",424386
"LEAD-19041","Ahmad Kumar #9041","+60130009042","Bangsar South Suites",6517,1279,22.6,"Tier 1: Pre-Approved LPPSA/Bank",424575
"LEAD-19044","Tan Faizal #9044","+60160009045","Shah Alam Vista",6628,1336,23.2,"Tier 1: Pre-Approved LPPSA/Bank",424763
"LEAD-19047","Farhan Hassan #9047","+60190009048","Bangsar South Suites",6739,1393,23.8,"Tier 1: Pre-Approved LPPSA/Bank",424952
"LEAD-19050","Jason Subramaniam #9050","+60140009051","Shah Alam Vista",6850,1450,24.3,"Tier 1: Pre-Approved LPPSA/Bank",425140
"LEAD-19053","Amir Goh #9053","+60170009054","Bangsar South Suites",6961,1507,24.9,"Tier 1: Pre-Approved LPPSA/Bank",425328
"LEAD-19056","Devi Hariz #9056","+60120009057","Shah Alam Vista",7072,1564,25.4,"Tier 1: Pre-Approved LPPSA/Bank",425517
"LEAD-19059","Grace Wei Lun #9059","+60150009060","Bangsar South Suites",7183,1621,25.9,"Tier 1: Pre-Approved LPPSA/Bank",425705
"LEAD-19062","Nurul Ibrahim #9062","+60180009063","Shah Alam Vista",7294,1678,26.4,"Tier 1: Pre-Approved LPPSA/Bank",425894
"LEAD-19065","Santhi Chen #9065","+60130009066","Bangsar South Suites",7405,1735,26.9,"Tier 1: Pre-Approved LPPSA/Bank",426082
"LEAD-19068","Sarah Nordin #9068","+60160009069","Shah Alam Vista",7516,1792,27.4,"Tier 1: Pre-Approved LPPSA/Bank",426270
"LEAD-19071","Siti Osman #9071","+60190009072","Bangsar South Suites",7627,1849,27.9,"Tier 1: Pre-Approved LPPSA/Bank",426459
"LEAD-19074","Syed Aini #9074","+60140009075","Shah Alam Vista",7738,1906,28.3,"Tier 1: Pre-Approved LPPSA/Bank",426647
"LEAD-19077","Azman Razif #9077","+60170009078","Bangsar South Suites",7849,1963,28.7,"Tier 1: Pre-Approved LPPSA/Bank",426836
"LEAD-19080","Muhammad Lee #9080","+60120009081","Shah Alam Vista",7960,2020,29.2,"Tier 1: Pre-Approved LPPSA/Bank",427024
"LEAD-19083","Wong Zulkifli #9083","+60150009084","Bangsar South Suites",8071,2077,29.6,"Tier 1: Pre-Approved LPPSA/Bank",427212
"LEAD-19086","Mohd Rosli #9086","+60180009087","Shah Alam Vista",8182,2134,30,"Tier 1: Pre-Approved LPPSA/Bank",427401
"LEAD-19089","Kevin Kumar #9089","+60130009090","Bangsar South Suites",8293,2191,30.4,"Tier 1: Pre-Approved LPPSA/Bank",427589
"LEAD-19092","Razif Faizal #9092","+60160009093","Shah Alam Vista",8404,2248,30.7,"Tier 1: Pre-Approved LPPSA/Bank",427778
"LEAD-19095","Chong Hassan #9095","+60190009096","Bangsar South Suites",8515,2305,31.1,"Tier 1: Pre-Approved LPPSA/Bank",427966
"LEAD-19098","Hafiz Subramaniam #9098","+60140009099","Shah Alam Vista",8626,2362,31.5,"Tier 1: Pre-Approved LPPSA/Bank",428154
"LEAD-19101","Ahmad Goh #9101","+60170009102","Bangsar South Suites",8737,2419,31.8,"Tier 1: Pre-Approved LPPSA/Bank",428343
"LEAD-19104","Tan Hariz #9104","+60120009105","Shah Alam Vista",8848,2476,32.2,"Tier 1: Pre-Approved LPPSA/Bank",428531
"LEAD-19107","Farhan Wei Lun #9107","+60150009108","Bangsar South Suites",8959,2533,32.5,"Tier 1: Pre-Approved LPPSA/Bank",428720
"LEAD-19110","Jason Ibrahim #9110","+60180009111","Shah Alam Vista",9070,2590,32.8,"Tier 1: Pre-Approved LPPSA/Bank",428908
"LEAD-19113","Amir Chen #9113","+60130009114","Bangsar South Suites",9181,2647,33.1,"Tier 1: Pre-Approved LPPSA/Bank",429096
"LEAD-19116","Devi Nordin #9116","+60160009117","Shah Alam Vista",9292,2704,33.4,"Tier 1: Pre-Approved LPPSA/Bank",429285
"LEAD-19119","Grace Osman #9119","+60190009120","Bangsar South Suites",9403,2761,33.8,"Tier 1: Pre-Approved LPPSA/Bank",429473
"LEAD-19122","Nurul Aini #9122","+60140009123","Shah Alam Vista",9514,2818,34,"Tier 1: Pre-Approved LPPSA/Bank",429662
"LEAD-19125","Santhi Razif #9125","+60170009126","Bangsar South Suites",9625,2875,34.3,"Tier 1: Pre-Approved LPPSA/Bank",429850
"LEAD-19128","Sarah Lee #9128","+60120009129","Shah Alam Vista",9736,2932,34.6,"Tier 1: Pre-Approved LPPSA/Bank",430038
"LEAD-19131","Siti Zulkifli #9131","+60150009132","Bangsar South Suites",9847,2989,34.9,"Tier 1: Pre-Approved LPPSA/Bank",430227
"LEAD-19134","Syed Rosli #9134","+60180009135","Shah Alam Vista",9958,3046,35.2,"Tier 1: Pre-Approved LPPSA/Bank",430415
"LEAD-19137","Azman Kumar #9137","+60130009138","Bangsar South Suites",10069,3103,35.4,"Tier 1: Pre-Approved LPPSA/Bank",430604
"LEAD-19140","Muhammad Faizal #9140","+60160009141","Shah Alam Vista",10180,3160,35.7,"Tier 1: Pre-Approved LPPSA/Bank",430792
"LEAD-19143","Wong Hassan #9143","+60190009144","Bangsar South Suites",10291,3217,35.9,"Tier 1: Pre-Approved LPPSA/Bank",430980
"LEAD-19146","Mohd Subramaniam #9146","+60140009147","Shah Alam Vista",10402,3274,36.2,"Tier 1: Pre-Approved LPPSA/Bank",431169
"LEAD-19149","Kevin Goh #9149","+60170009150","Bangsar South Suites",10513,3331,36.4,"Tier 1: Pre-Approved LPPSA/Bank",431357
"LEAD-19152","Razif Hariz #9152","+60120009153","Shah Alam Vista",10624,3388,36.7,"Tier 1: Pre-Approved LPPSA/Bank",431546
"LEAD-19155","Chong Wei Lun #9155","+60150009156","Bangsar South Suites",10735,3445,36.9,"Tier 1: Pre-Approved LPPSA/Bank",431734
"LEAD-19158","Hafiz Ibrahim #9158","+60180009159","Shah Alam Vista",10846,3502,37.1,"Tier 1: Pre-Approved LPPSA/Bank",431922
"LEAD-19161","Ahmad Chen #9161","+60130009162","Bangsar South Suites",10957,3559,37.3,"Tier 1: Pre-Approved LPPSA/Bank",432111
"LEAD-19164","Tan Nordin #9164","+60160009165","Shah Alam Vista",11068,3616,37.6,"Tier 1: Pre-Approved LPPSA/Bank",432299
"LEAD-19167","Farhan Osman #9167","+60190009168","Bangsar South Suites",11179,3673,37.8,"Tier 1: Pre-Approved LPPSA/Bank",432488
"LEAD-19170","Jason Aini #9170","+60140009171","Shah Alam Vista",11290,3730,38,"Tier 1: Pre-Approved LPPSA/Bank",432676
"LEAD-19173","Amir Razif #9173","+60170009174","Bangsar South Suites",11401,3787,38.2,"Tier 1: Pre-Approved LPPSA/Bank",432864
"LEAD-19176","Devi Lee #9176","+60120009177","Shah Alam Vista",11512,3844,38.4,"Tier 1: Pre-Approved LPPSA/Bank",433053
"LEAD-19179","Grace Zulkifli #9179","+60150009180","Bangsar South Suites",11623,3901,38.6,"Tier 1: Pre-Approved LPPSA/Bank",433241
"LEAD-19182","Nurul Rosli #9182","+60180009183","Shah Alam Vista",11734,3958,38.8,"Tier 1: Pre-Approved LPPSA/Bank",433430
"LEAD-19185","Santhi Kumar #9185","+60130009186","Bangsar South Suites",11845,4015,39,"Tier 1: Pre-Approved LPPSA/Bank",433618
"LEAD-19188","Sarah Faizal #9188","+60160009189","Shah Alam Vista",11956,4072,39.1,"Tier 1: Pre-Approved LPPSA/Bank",433806
"LEAD-19191","Siti Hassan #9191","+60190009192","Bangsar South Suites",3567,4129,133.1,"Tier 4: High Risk DSR",0
"LEAD-19194","Syed Subramaniam #9194","+60140009195","Shah Alam Vista",3678,4186,130.8,"Tier 4: High Risk DSR",0
"LEAD-19197","Azman Goh #9197","+60170009198","Bangsar South Suites",3789,4243,128.7,"Tier 4: High Risk DSR",0
"LEAD-19200","Muhammad Hariz #9200","+60120009201","Shah Alam Vista",3900,4300,126.7,"Tier 4: High Risk DSR",0
"LEAD-19203","Wong Wei Lun #9203","+60150009204","Bangsar South Suites",4011,4357,124.9,"Tier 4: High Risk DSR",0
"LEAD-19206","Mohd Ibrahim #9206","+60180009207","Shah Alam Vista",4122,4414,123.1,"Tier 4: High Risk DSR",0
"LEAD-19209","Kevin Chen #9209","+60130009210","Bangsar South Suites",4233,4471,121.4,"Tier 4: High Risk DSR",0
"LEAD-19212","Razif Nordin #9212","+60160009213","Shah Alam Vista",4344,1028,27.2,"Tier 3: Joint Loan Needed",247914
"LEAD-19215","Chong Osman #9215","+60190009216","Bangsar South Suites",4455,1085,28,"Tier 3: Joint Loan Needed",248102
"LEAD-19218","Hafiz Aini #9218","+60140009219","Shah Alam Vista",4566,1142,28.7,"Tier 2: Qualified Bank Loan",248290
"LEAD-19221","Ahmad Razif #9221","+60170009222","Bangsar South Suites",4677,1199,29.5,"Tier 2: Qualified Bank Loan",248479
"LEAD-19224","Tan Lee #9224","+60120009225","Shah Alam Vista",4788,1256,30.2,"Tier 2: Qualified Bank Loan",248667
"LEAD-19227","Farhan Zulkifli #9227","+60150009228","Bangsar South Suites",4899,1313,30.8,"Tier 2: Qualified Bank Loan",248856
"LEAD-19230","Jason Rosli #9230","+60180009231","Shah Alam Vista",5010,1370,31.4,"Tier 2: Qualified Bank Loan",249044
"LEAD-19233","Amir Kumar #9233","+60130009234","Bangsar South Suites",5121,1427,32,"Tier 2: Qualified Bank Loan",249232
"LEAD-19236","Devi Faizal #9236","+60160009237","Shah Alam Vista",5232,1484,32.6,"Tier 2: Qualified Bank Loan",249421
"LEAD-19239","Grace Hassan #9239","+60190009240","Bangsar South Suites",5343,1541,33.2,"Tier 2: Qualified Bank Loan",249609
"LEAD-19242","Nurul Subramaniam #9242","+60140009243","Shah Alam Vista",5454,1598,33.7,"Tier 2: Qualified Bank Loan",249798
"LEAD-19245","Santhi Goh #9245","+60170009246","Bangsar South Suites",5565,1655,34.2,"Tier 2: Qualified Bank Loan",249986
"LEAD-19248","Sarah Hariz #9248","+60120009249","Shah Alam Vista",5676,1712,34.7,"Tier 2: Qualified Bank Loan",250174
"LEAD-19251","Siti Wei Lun #9251","+60150009252","Bangsar South Suites",5787,1769,35.1,"Tier 2: Qualified Bank Loan",250363
"LEAD-19254","Syed Ibrahim #9254","+60180009255","Shah Alam Vista",5898,1826,35.6,"Tier 2: Qualified Bank Loan",250551
"LEAD-19257","Azman Chen #9257","+60130009258","Bangsar South Suites",6009,1883,36,"Tier 2: Qualified Bank Loan",250740
"LEAD-19260","Muhammad Nordin #9260","+60160009261","Shah Alam Vista",6120,1940,36.4,"Tier 2: Qualified Bank Loan",250928
"LEAD-19263","Wong Osman #9263","+60190009264","Bangsar South Suites",6231,1997,36.8,"Tier 2: Qualified Bank Loan",251116
"LEAD-19266","Mohd Aini #9266","+60140009267","Shah Alam Vista",6342,2054,37.2,"Tier 2: Qualified Bank Loan",251305
"LEAD-19269","Kevin Razif #9269","+60170009270","Bangsar South Suites",6453,2111,37.6,"Tier 2: Qualified Bank Loan",251493
"LEAD-19272","Razif Lee #9272","+60120009273","Shah Alam Vista",6564,2168,38,"Tier 1: Pre-Approved LPPSA/Bank",251682
"LEAD-19275","Chong Zulkifli #9275","+60150009276","Bangsar South Suites",6675,2225,38.3,"Tier 1: Pre-Approved LPPSA/Bank",251870
"LEAD-19278","Hafiz Rosli #9278","+60180009279","Shah Alam Vista",6786,2282,38.7,"Tier 1: Pre-Approved LPPSA/Bank",252058
"LEAD-19281","Ahmad Kumar #9281","+60130009282","Bangsar South Suites",6897,2339,39,"Tier 1: Pre-Approved LPPSA/Bank",252247
"LEAD-19284","Tan Faizal #9284","+60160009285","Shah Alam Vista",7008,2396,39.3,"Tier 1: Pre-Approved LPPSA/Bank",252435
"LEAD-19287","Farhan Hassan #9287","+60190009288","Bangsar South Suites",7119,2453,39.6,"Tier 1: Pre-Approved LPPSA/Bank",252624
"LEAD-19290","Jason Subramaniam #9290","+60140009291","Shah Alam Vista",7230,2510,39.9,"Tier 1: Pre-Approved LPPSA/Bank",252812
"LEAD-19293","Amir Goh #9293","+60170009294","Bangsar South Suites",7341,2567,40.2,"Tier 1: Pre-Approved LPPSA/Bank",253000
"LEAD-19296","Devi Hariz #9296","+60120009297","Shah Alam Vista",7452,2624,40.5,"Tier 1: Pre-Approved LPPSA/Bank",253189
"LEAD-19299","Grace Wei Lun #9299","+60150009300","Bangsar South Suites",7563,2681,40.7,"Tier 1: Pre-Approved LPPSA/Bank",253377
"LEAD-19302","Nurul Ibrahim #9302","+60180009303","Shah Alam Vista",7674,2738,41,"Tier 1: Pre-Approved LPPSA/Bank",253566
"LEAD-19305","Santhi Chen #9305","+60130009306","Bangsar South Suites",7785,2795,41.3,"Tier 1: Pre-Approved LPPSA/Bank",253754
"LEAD-19308","Sarah Nordin #9308","+60160009309","Shah Alam Vista",7896,2852,41.5,"Tier 1: Pre-Approved LPPSA/Bank",253942
"LEAD-19311","Siti Osman #9311","+60190009312","Bangsar South Suites",8007,2909,41.8,"Tier 1: Pre-Approved LPPSA/Bank",254131
"LEAD-19314","Syed Aini #9314","+60140009315","Shah Alam Vista",8118,2966,42,"Tier 1: Pre-Approved LPPSA/Bank",254319
"LEAD-19317","Azman Razif #9317","+60170009318","Bangsar South Suites",8229,3023,42.2,"Tier 1: Pre-Approved LPPSA/Bank",254508
"LEAD-19320","Muhammad Lee #9320","+60120009321","Shah Alam Vista",8340,3080,42.4,"Tier 1: Pre-Approved LPPSA/Bank",254696
"LEAD-19323","Wong Zulkifli #9323","+60150009324","Bangsar South Suites",8451,3137,42.7,"Tier 1: Pre-Approved LPPSA/Bank",254884
"LEAD-19326","Mohd Rosli #9326","+60180009327","Shah Alam Vista",8562,3194,42.9,"Tier 1: Pre-Approved LPPSA/Bank",255073
"LEAD-19329","Kevin Kumar #9329","+60130009330","Bangsar South Suites",8673,3251,43.1,"Tier 1: Pre-Approved LPPSA/Bank",255261
"LEAD-19332","Razif Faizal #9332","+60160009333","Shah Alam Vista",8784,3308,43.3,"Tier 1: Pre-Approved LPPSA/Bank",255450
"LEAD-19335","Chong Hassan #9335","+60190009336","Bangsar South Suites",8895,3365,43.5,"Tier 1: Pre-Approved LPPSA/Bank",255638
"LEAD-19338","Hafiz Subramaniam #9338","+60140009339","Shah Alam Vista",9006,3422,43.7,"Tier 1: Pre-Approved LPPSA/Bank",255826
"LEAD-19341","Ahmad Goh #9341","+60170009342","Bangsar South Suites",9117,3479,43.9,"Tier 1: Pre-Approved LPPSA/Bank",256015
"LEAD-19344","Tan Hariz #9344","+60120009345","Shah Alam Vista",9228,3536,44,"Tier 1: Pre-Approved LPPSA/Bank",256203
"LEAD-19347","Farhan Wei Lun #9347","+60150009348","Bangsar South Suites",9339,3593,44.2,"Tier 1: Pre-Approved LPPSA/Bank",256392
"LEAD-19350","Jason Ibrahim #9350","+60180009351","Shah Alam Vista",9450,3650,44.4,"Tier 1: Pre-Approved LPPSA/Bank",256580
"LEAD-19353","Amir Chen #9353","+60130009354","Bangsar South Suites",9561,3707,44.6,"Tier 1: Pre-Approved LPPSA/Bank",256768
"LEAD-19356","Devi Nordin #9356","+60160009357","Shah Alam Vista",9672,3764,44.7,"Tier 1: Pre-Approved LPPSA/Bank",256957
"LEAD-19359","Grace Osman #9359","+60190009360","Bangsar South Suites",9783,3821,44.9,"Tier 1: Pre-Approved LPPSA/Bank",257145
"LEAD-19362","Nurul Aini #9362","+60140009363","Shah Alam Vista",9894,3878,45.1,"Tier 2: Qualified Bank Loan",257334
"LEAD-19365","Santhi Razif #9365","+60170009366","Bangsar South Suites",10005,3935,45.2,"Tier 2: Qualified Bank Loan",257522
"LEAD-19368","Sarah Lee #9368","+60120009369","Shah Alam Vista",10116,3992,45.4,"Tier 2: Qualified Bank Loan",257710
"LEAD-19371","Siti Zulkifli #9371","+60150009372","Bangsar South Suites",10227,4049,45.5,"Tier 2: Qualified Bank Loan",257899
"LEAD-19374","Syed Rosli #9374","+60180009375","Shah Alam Vista",10338,4106,45.7,"Tier 2: Qualified Bank Loan",258087
"LEAD-19377","Azman Kumar #9377","+60130009378","Bangsar South Suites",10449,4163,45.8,"Tier 2: Qualified Bank Loan",258276
"LEAD-19380","Muhammad Faizal #9380","+60160009381","Shah Alam Vista",10560,4220,45.9,"Tier 2: Qualified Bank Loan",258464
"LEAD-19383","Wong Hassan #9383","+60190009384","Bangsar South Suites",10671,4277,46.1,"Tier 2: Qualified Bank Loan",258652
"LEAD-19386","Mohd Subramaniam #9386","+60140009387","Shah Alam Vista",10782,4334,46.2,"Tier 2: Qualified Bank Loan",258841
"LEAD-19389","Kevin Goh #9389","+60170009390","Bangsar South Suites",10893,4391,46.3,"Tier 2: Qualified Bank Loan",259029
"LEAD-19392","Razif Hariz #9392","+60120009393","Shah Alam Vista",11004,4448,46.5,"Tier 2: Qualified Bank Loan",259218
"LEAD-19395","Chong Wei Lun #9395","+60150009396","Bangsar South Suites",11115,1005,10.4,"Tier 1: Pre-Approved LPPSA/Bank",959406
"LEAD-19398","Hafiz Ibrahim #9398","+60180009399","Shah Alam Vista",11226,1062,10.9,"Tier 1: Pre-Approved LPPSA/Bank",959594
"LEAD-19401","Ahmad Chen #9401","+60130009402","Bangsar South Suites",11337,1119,11.3,"Tier 1: Pre-Approved LPPSA/Bank",959783
"LEAD-19404","Tan Nordin #9404","+60160009405","Shah Alam Vista",11448,1176,11.8,"Tier 1: Pre-Approved LPPSA/Bank",959971
"LEAD-19407","Farhan Osman #9407","+60190009408","Bangsar South Suites",11559,1233,12.3,"Tier 1: Pre-Approved LPPSA/Bank",960160
"LEAD-19410","Jason Aini #9410","+60140009411","Shah Alam Vista",11670,1290,12.7,"Tier 1: Pre-Approved LPPSA/Bank",960348
"LEAD-19413","Amir Razif #9413","+60170009414","Bangsar South Suites",11781,1347,13.1,"Tier 1: Pre-Approved LPPSA/Bank",960536
"LEAD-19416","Devi Lee #9416","+60120009417","Shah Alam Vista",11892,1404,13.6,"Tier 1: Pre-Approved LPPSA/Bank",960725
"LEAD-19419","Grace Zulkifli #9419","+60150009420","Bangsar South Suites",3503,1461,47.9,"Tier 3: Joint Loan Needed",73513
"LEAD-19422","Nurul Rosli #9422","+60180009423","Shah Alam Vista",3614,1518,48.3,"Tier 3: Joint Loan Needed",73702
"LEAD-19425","Santhi Kumar #9425","+60130009426","Bangsar South Suites",3725,1575,48.6,"Tier 3: Joint Loan Needed",73890
"LEAD-19428","Sarah Faizal #9428","+60160009429","Shah Alam Vista",3836,1632,48.9,"Tier 3: Joint Loan Needed",74078
"LEAD-19431","Siti Hassan #9431","+60190009432","Bangsar South Suites",3947,1689,49.2,"Tier 3: Joint Loan Needed",74267
"LEAD-19434","Syed Subramaniam #9434","+60140009435","Shah Alam Vista",4058,1746,49.5,"Tier 3: Joint Loan Needed",74455
"LEAD-19437","Azman Goh #9437","+60170009438","Bangsar South Suites",4169,1803,49.7,"Tier 3: Joint Loan Needed",74644
"LEAD-19440","Muhammad Hariz #9440","+60120009441","Shah Alam Vista",4280,1860,50,"Tier 3: Joint Loan Needed",74832
"LEAD-19443","Wong Wei Lun #9443","+60150009444","Bangsar South Suites",4391,1917,50.2,"Tier 3: Joint Loan Needed",75020
"LEAD-19446","Mohd Ibrahim #9446","+60180009447","Shah Alam Vista",4502,1974,50.4,"Tier 2: Qualified Bank Loan",75209
"LEAD-19449","Kevin Chen #9449","+60130009450","Bangsar South Suites",4613,2031,50.6,"Tier 2: Qualified Bank Loan",75397
"LEAD-19452","Razif Nordin #9452","+60160009453","Shah Alam Vista",4724,2088,50.8,"Tier 2: Qualified Bank Loan",75586
"LEAD-19455","Chong Osman #9455","+60190009456","Bangsar South Suites",4835,2145,51,"Tier 2: Qualified Bank Loan",75774
"LEAD-19458","Hafiz Aini #9458","+60140009459","Shah Alam Vista",4946,2202,51.2,"Tier 2: Qualified Bank Loan",75962
"LEAD-19461","Ahmad Razif #9461","+60170009462","Bangsar South Suites",5057,2259,51.3,"Tier 2: Qualified Bank Loan",76151
"LEAD-19464","Tan Lee #9464","+60120009465","Shah Alam Vista",5168,2316,51.5,"Tier 2: Qualified Bank Loan",76339
"LEAD-19467","Farhan Zulkifli #9467","+60150009468","Bangsar South Suites",5279,2373,51.7,"Tier 2: Qualified Bank Loan",76528
"LEAD-19470","Jason Rosli #9470","+60180009471","Shah Alam Vista",5390,2430,51.8,"Tier 2: Qualified Bank Loan",76716
"LEAD-19473","Amir Kumar #9473","+60130009474","Bangsar South Suites",5501,2487,52,"Tier 2: Qualified Bank Loan",76904
"LEAD-19476","Devi Faizal #9476","+60160009477","Shah Alam Vista",5612,2544,52.1,"Tier 2: Qualified Bank Loan",77093
"LEAD-19479","Grace Hassan #9479","+60190009480","Bangsar South Suites",5723,2601,52.2,"Tier 2: Qualified Bank Loan",77281
"LEAD-19482","Nurul Subramaniam #9482","+60140009483","Shah Alam Vista",5834,2658,52.4,"Tier 2: Qualified Bank Loan",77470
"LEAD-19485","Santhi Goh #9485","+60170009486","Bangsar South Suites",5945,2715,52.5,"Tier 2: Qualified Bank Loan",77658
"LEAD-19488","Sarah Hariz #9488","+60120009489","Shah Alam Vista",6056,2772,52.6,"Tier 2: Qualified Bank Loan",77846
"LEAD-19491","Siti Wei Lun #9491","+60150009492","Bangsar South Suites",6167,2829,52.7,"Tier 2: Qualified Bank Loan",78035
"LEAD-19494","Syed Ibrahim #9494","+60180009495","Shah Alam Vista",6278,2886,52.8,"Tier 2: Qualified Bank Loan",78223
"LEAD-19497","Azman Chen #9497","+60130009498","Bangsar South Suites",6389,2943,52.9,"Tier 2: Qualified Bank Loan",78412
"LEAD-19500","Muhammad Nordin #9500","+60160000001","Shah Alam Vista",6500,3000,53.1,"Tier 2: Qualified Bank Loan",78600
"LEAD-19503","Wong Osman #9503","+60190000004","Bangsar South Suites",6611,3057,53.2,"Tier 2: Qualified Bank Loan",78788
"LEAD-19506","Mohd Aini #9506","+60140000007","Shah Alam Vista",6722,3114,53.2,"Tier 2: Qualified Bank Loan",78977
"LEAD-19509","Kevin Razif #9509","+60170000010","Bangsar South Suites",6833,3171,53.3,"Tier 2: Qualified Bank Loan",79165
"LEAD-19512","Razif Lee #9512","+60120000013","Shah Alam Vista",6944,3228,53.4,"Tier 2: Qualified Bank Loan",79354
"LEAD-19515","Chong Zulkifli #9515","+60150000016","Bangsar South Suites",7055,3285,53.5,"Tier 2: Qualified Bank Loan",79542
"LEAD-19518","Hafiz Rosli #9518","+60180000019","Shah Alam Vista",7166,3342,53.6,"Tier 2: Qualified Bank Loan",79730
"LEAD-19521","Ahmad Kumar #9521","+60130000022","Bangsar South Suites",7277,3399,53.7,"Tier 2: Qualified Bank Loan",79919
"LEAD-19524","Tan Faizal #9524","+60160000025","Shah Alam Vista",7388,3456,53.8,"Tier 2: Qualified Bank Loan",80107
"LEAD-19527","Farhan Hassan #9527","+60190000028","Bangsar South Suites",7499,3513,53.8,"Tier 2: Qualified Bank Loan",80296
"LEAD-19530","Jason Subramaniam #9530","+60140000031","Shah Alam Vista",7610,3570,53.9,"Tier 2: Qualified Bank Loan",80484
"LEAD-19533","Amir Goh #9533","+60170000034","Bangsar South Suites",7721,3627,54,"Tier 2: Qualified Bank Loan",80672
"LEAD-19536","Devi Hariz #9536","+60120000037","Shah Alam Vista",7832,3684,54.1,"Tier 2: Qualified Bank Loan",80861
"LEAD-19539","Grace Wei Lun #9539","+60150000040","Bangsar South Suites",7943,3741,54.1,"Tier 2: Qualified Bank Loan",81049
"LEAD-19542","Nurul Ibrahim #9542","+60180000043","Shah Alam Vista",8054,3798,54.2,"Tier 2: Qualified Bank Loan",81238
"LEAD-19545","Santhi Chen #9545","+60130000046","Bangsar South Suites",8165,3855,54.3,"Tier 2: Qualified Bank Loan",81426
"LEAD-19548","Sarah Nordin #9548","+60160000049","Shah Alam Vista",8276,3912,54.3,"Tier 2: Qualified Bank Loan",81614
"LEAD-19551","Siti Osman #9551","+60190000052","Bangsar South Suites",8387,3969,54.4,"Tier 2: Qualified Bank Loan",81803
"LEAD-19554","Syed Aini #9554","+60140000055","Shah Alam Vista",8498,4026,54.5,"Tier 2: Qualified Bank Loan",81991
"LEAD-19557","Azman Razif #9557","+60170000058","Bangsar South Suites",8609,4083,54.5,"Tier 2: Qualified Bank Loan",82180
"LEAD-19560","Muhammad Lee #9560","+60120000061","Shah Alam Vista",8720,4140,54.6,"Tier 2: Qualified Bank Loan",82368
"LEAD-19563","Wong Zulkifli #9563","+60150000064","Bangsar South Suites",8831,4197,54.6,"Tier 2: Qualified Bank Loan",82556
"LEAD-19566","Mohd Rosli #9566","+60180000067","Shah Alam Vista",8942,4254,54.7,"Tier 2: Qualified Bank Loan",82745
"LEAD-19569","Kevin Kumar #9569","+60130000070","Bangsar South Suites",9053,4311,54.7,"Tier 2: Qualified Bank Loan",82933
"LEAD-19572","Razif Faizal #9572","+60160000073","Shah Alam Vista",9164,4368,54.8,"Tier 2: Qualified Bank Loan",83122
"LEAD-19575","Chong Hassan #9575","+60190000076","Bangsar South Suites",9275,4425,54.8,"Tier 2: Qualified Bank Loan",83310
"LEAD-19578","Hafiz Subramaniam #9578","+60140000079","Shah Alam Vista",9386,4482,54.9,"Tier 2: Qualified Bank Loan",83498
"LEAD-19581","Ahmad Goh #9581","+60170000082","Bangsar South Suites",9497,1039,12.6,"Tier 1: Pre-Approved LPPSA/Bank",783687
"LEAD-19584","Tan Hariz #9584","+60120000085","Shah Alam Vista",9608,1096,13.1,"Tier 1: Pre-Approved LPPSA/Bank",783875
"LEAD-19587","Farhan Wei Lun #9587","+60150000088","Bangsar South Suites",9719,1153,13.6,"Tier 1: Pre-Approved LPPSA/Bank",784064
"LEAD-19590","Jason Ibrahim #9590","+60180000091","Shah Alam Vista",9830,1210,14.1,"Tier 1: Pre-Approved LPPSA/Bank",784252
"LEAD-19593","Amir Chen #9593","+60130000094","Bangsar South Suites",9941,1267,14.6,"Tier 1: Pre-Approved LPPSA/Bank",784440
"LEAD-19596","Devi Nordin #9596","+60160000097","Shah Alam Vista",10052,1324,15.1,"Tier 1: Pre-Approved LPPSA/Bank",784629
"LEAD-19599","Grace Osman #9599","+60190000100","Bangsar South Suites",10163,1381,15.6,"Tier 1: Pre-Approved LPPSA/Bank",784817
"LEAD-19602","Nurul Aini #9602","+60140000103","Shah Alam Vista",10274,1438,16.1,"Tier 1: Pre-Approved LPPSA/Bank",785006
"LEAD-19605","Santhi Razif #9605","+60170000106","Bangsar South Suites",10385,1495,16.5,"Tier 1: Pre-Approved LPPSA/Bank",785194
"LEAD-19608","Sarah Lee #9608","+60120000109","Shah Alam Vista",10496,1552,17,"Tier 1: Pre-Approved LPPSA/Bank",785382
"LEAD-19611","Siti Zulkifli #9611","+60150000112","Bangsar South Suites",10607,1609,17.4,"Tier 1: Pre-Approved LPPSA/Bank",785571
"LEAD-19614","Syed Rosli #9614","+60180000115","Shah Alam Vista",10718,1666,17.9,"Tier 1: Pre-Approved LPPSA/Bank",785759
"LEAD-19617","Azman Kumar #9617","+60130000118","Bangsar South Suites",10829,1723,18.3,"Tier 1: Pre-Approved LPPSA/Bank",785948
"LEAD-19620","Muhammad Faizal #9620","+60160000121","Shah Alam Vista",10940,1780,18.7,"Tier 1: Pre-Approved LPPSA/Bank",786136
"LEAD-19623","Wong Hassan #9623","+60190000124","Bangsar South Suites",11051,1837,19.1,"Tier 1: Pre-Approved LPPSA/Bank",786324
"LEAD-19626","Mohd Subramaniam #9626","+60140000127","Shah Alam Vista",11162,1894,19.5,"Tier 1: Pre-Approved LPPSA/Bank",786513
"LEAD-19629","Kevin Goh #9629","+60170000130","Bangsar South Suites",11273,1951,19.9,"Tier 1: Pre-Approved LPPSA/Bank",786701
"LEAD-19632","Razif Hariz #9632","+60120000133","Shah Alam Vista",11384,2008,20.3,"Tier 1: Pre-Approved LPPSA/Bank",786890
"LEAD-19635","Chong Wei Lun #9635","+60150000136","Bangsar South Suites",11495,2065,20.6,"Tier 1: Pre-Approved LPPSA/Bank",787078
"LEAD-19638","Hafiz Ibrahim #9638","+60180000139","Shah Alam Vista",11606,2122,21,"Tier 1: Pre-Approved LPPSA/Bank",787266
"LEAD-19641","Ahmad Chen #9641","+60130000142","Bangsar South Suites",11717,2179,21.4,"Tier 1: Pre-Approved LPPSA/Bank",787455
"LEAD-19644","Tan Nordin #9644","+60160000145","Shah Alam Vista",11828,2236,21.7,"Tier 1: Pre-Approved LPPSA/Bank",787643
"LEAD-19647","Farhan Osman #9647","+60190000148","Bangsar South Suites",11939,2293,22.1,"Tier 1: Pre-Approved LPPSA/Bank",787832
"LEAD-19650","Jason Aini #9650","+60140000151","Shah Alam Vista",3550,2350,76.1,"Tier 4: High Risk DSR",0
"LEAD-19653","Amir Razif #9653","+60170000154","Bangsar South Suites",3661,2407,75.6,"Tier 4: High Risk DSR",0
"LEAD-19656","Devi Lee #9656","+60120000157","Shah Alam Vista",3772,2464,75.1,"Tier 4: High Risk DSR",0
"LEAD-19659","Grace Zulkifli #9659","+60150000160","Bangsar South Suites",3883,2521,74.6,"Tier 3: Joint Loan Needed",0
"LEAD-19662","Nurul Rosli #9662","+60180000163","Shah Alam Vista",3994,2578,74.2,"Tier 3: Joint Loan Needed",0
"LEAD-19665","Santhi Kumar #9665","+60130000166","Bangsar South Suites",4105,2635,73.8,"Tier 3: Joint Loan Needed",0
"LEAD-19668","Sarah Faizal #9668","+60160000169","Shah Alam Vista",4216,2692,73.4,"Tier 3: Joint Loan Needed",0
"LEAD-19671","Siti Hassan #9671","+60190000172","Bangsar South Suites",4327,2749,73,"Tier 3: Joint Loan Needed",0
"LEAD-19674","Syed Subramaniam #9674","+60140000175","Shah Alam Vista",4438,2806,72.7,"Tier 3: Joint Loan Needed",0
"LEAD-19677","Azman Goh #9677","+60170000178","Bangsar South Suites",4549,2863,72.3,"Tier 3: Joint Loan Needed",0
"LEAD-19680","Muhammad Hariz #9680","+60120000181","Shah Alam Vista",4660,2920,72,"Tier 3: Joint Loan Needed",0
"LEAD-19683","Wong Wei Lun #9683","+60150000184","Bangsar South Suites",4771,2977,71.7,"Tier 3: Joint Loan Needed",0
"LEAD-19686","Mohd Ibrahim #9686","+60180000187","Shah Alam Vista",4882,3034,71.4,"Tier 3: Joint Loan Needed",0
"LEAD-19689","Kevin Chen #9689","+60130000190","Bangsar South Suites",4993,3091,71.2,"Tier 3: Joint Loan Needed",0
"LEAD-19692","Razif Nordin #9692","+60160000193","Shah Alam Vista",5104,3148,70.9,"Tier 3: Joint Loan Needed",0
"LEAD-19695","Chong Osman #9695","+60190000196","Bangsar South Suites",5215,3205,70.6,"Tier 3: Joint Loan Needed",0
"LEAD-19698","Hafiz Aini #9698","+60140000199","Shah Alam Vista",5326,3262,70.4,"Tier 3: Joint Loan Needed",0
"LEAD-19701","Ahmad Razif #9701","+60170000202","Bangsar South Suites",5437,3319,70.2,"Tier 3: Joint Loan Needed",0
"LEAD-19704","Tan Lee #9704","+60120000205","Shah Alam Vista",5548,3376,69.9,"Tier 3: Joint Loan Needed",0
"LEAD-19707","Farhan Zulkifli #9707","+60150000208","Bangsar South Suites",5659,3433,69.7,"Tier 3: Joint Loan Needed",0
"LEAD-19710","Jason Rosli #9710","+60180000211","Shah Alam Vista",5770,3490,69.5,"Tier 3: Joint Loan Needed",0
"LEAD-19713","Amir Kumar #9713","+60130000214","Bangsar South Suites",5881,3547,69.3,"Tier 3: Joint Loan Needed",0
"LEAD-19716","Devi Faizal #9716","+60160000217","Shah Alam Vista",5992,3604,69.1,"Tier 3: Joint Loan Needed",0
"LEAD-19719","Grace Hassan #9719","+60190000220","Bangsar South Suites",6103,3661,69,"Tier 3: Joint Loan Needed",0
"LEAD-19722","Nurul Subramaniam #9722","+60140000223","Shah Alam Vista",6214,3718,68.8,"Tier 3: Joint Loan Needed",0
"LEAD-19725","Santhi Goh #9725","+60170000226","Bangsar South Suites",6325,3775,68.6,"Tier 3: Joint Loan Needed",0
"LEAD-19728","Sarah Hariz #9728","+60120000229","Shah Alam Vista",6436,3832,68.4,"Tier 3: Joint Loan Needed",0
"LEAD-19731","Siti Wei Lun #9731","+60150000232","Bangsar South Suites",6547,3889,68.3,"Tier 3: Joint Loan Needed",0
"LEAD-19734","Syed Ibrahim #9734","+60180000235","Shah Alam Vista",6658,3946,68.1,"Tier 3: Joint Loan Needed",0
"LEAD-19737","Azman Chen #9737","+60130000238","Bangsar South Suites",6769,4003,68,"Tier 3: Joint Loan Needed",0
"LEAD-19740","Muhammad Nordin #9740","+60160000241","Shah Alam Vista",6880,4060,67.8,"Tier 3: Joint Loan Needed",0
"LEAD-19743","Wong Osman #9743","+60190000244","Bangsar South Suites",6991,4117,67.7,"Tier 3: Joint Loan Needed",0
"LEAD-19746","Mohd Aini #9746","+60140000247","Shah Alam Vista",7102,4174,67.6,"Tier 3: Joint Loan Needed",0
"LEAD-19749","Kevin Razif #9749","+60170000250","Bangsar South Suites",7213,4231,67.4,"Tier 3: Joint Loan Needed",0
"LEAD-19752","Razif Lee #9752","+60120000253","Shah Alam Vista",7324,4288,67.3,"Tier 3: Joint Loan Needed",0
"LEAD-19755","Chong Zulkifli #9755","+60150000256","Bangsar South Suites",7435,4345,67.2,"Tier 3: Joint Loan Needed",0
"LEAD-19758","Hafiz Rosli #9758","+60180000259","Shah Alam Vista",7546,4402,67.1,"Tier 3: Joint Loan Needed",0
"LEAD-19761","Ahmad Kumar #9761","+60130000262","Bangsar South Suites",7657,4459,66.9,"Tier 3: Joint Loan Needed",0
"LEAD-19764","Tan Faizal #9764","+60160000265","Shah Alam Vista",7768,1016,15,"Tier 1: Pre-Approved LPPSA/Bank",607779
"LEAD-19767","Farhan Hassan #9767","+60190000268","Bangsar South Suites",7879,1073,15.7,"Tier 1: Pre-Approved LPPSA/Bank",607968
"LEAD-19770","Jason Subramaniam #9770","+60140000271","Shah Alam Vista",7990,1130,16.3,"Tier 1: Pre-Approved LPPSA/Bank",608156
"LEAD-19773","Amir Goh #9773","+60170000274","Bangsar South Suites",8101,1187,16.8,"Tier 1: Pre-Approved LPPSA/Bank",608344
"LEAD-19776","Devi Hariz #9776","+60120000277","Shah Alam Vista",8212,1244,17.4,"Tier 1: Pre-Approved LPPSA/Bank",608533
"LEAD-19779","Grace Wei Lun #9779","+60150000280","Bangsar South Suites",8323,1301,18,"Tier 1: Pre-Approved LPPSA/Bank",608721
"LEAD-19782","Nurul Ibrahim #9782","+60180000283","Shah Alam Vista",8434,1358,18.5,"Tier 1: Pre-Approved LPPSA/Bank",608910
"LEAD-19785","Santhi Chen #9785","+60130000286","Bangsar South Suites",8545,1415,19,"Tier 1: Pre-Approved LPPSA/Bank",609098
"LEAD-19788","Sarah Nordin #9788","+60160000289","Shah Alam Vista",8656,1472,19.5,"Tier 1: Pre-Approved LPPSA/Bank",609286
"LEAD-19791","Siti Osman #9791","+60190000292","Bangsar South Suites",8767,1529,20,"Tier 1: Pre-Approved LPPSA/Bank",609475
"LEAD-19794","Syed Aini #9794","+60140000295","Shah Alam Vista",8878,1586,20.5,"Tier 1: Pre-Approved LPPSA/Bank",609663
"LEAD-19797","Azman Razif #9797","+60170000298","Bangsar South Suites",8989,1643,21,"Tier 1: Pre-Approved LPPSA/Bank",609852
"LEAD-19800","Muhammad Lee #9800","+60120000301","Shah Alam Vista",9100,1700,21.5,"Tier 1: Pre-Approved LPPSA/Bank",610040
"LEAD-19803","Wong Zulkifli #9803","+60150000304","Bangsar South Suites",9211,1757,21.9,"Tier 1: Pre-Approved LPPSA/Bank",610228
"LEAD-19806","Mohd Rosli #9806","+60180000307","Shah Alam Vista",9322,1814,22.4,"Tier 1: Pre-Approved LPPSA/Bank",610417
"LEAD-19809","Kevin Kumar #9809","+60130000310","Bangsar South Suites",9433,1871,22.8,"Tier 1: Pre-Approved LPPSA/Bank",610605
"LEAD-19812","Razif Faizal #9812","+60160000313","Shah Alam Vista",9544,1928,23.2,"Tier 1: Pre-Approved LPPSA/Bank",610794
"LEAD-19815","Chong Hassan #9815","+60190000316","Bangsar South Suites",9655,1985,23.6,"Tier 1: Pre-Approved LPPSA/Bank",610982
"LEAD-19818","Hafiz Subramaniam #9818","+60140000319","Shah Alam Vista",9766,2042,24,"Tier 1: Pre-Approved LPPSA/Bank",611170
"LEAD-19821","Ahmad Goh #9821","+60170000322","Bangsar South Suites",9877,2099,24.4,"Tier 1: Pre-Approved LPPSA/Bank",611359
"LEAD-19824","Tan Hariz #9824","+60120000325","Shah Alam Vista",9988,2156,24.8,"Tier 1: Pre-Approved LPPSA/Bank",611547
"LEAD-19827","Farhan Wei Lun #9827","+60150000328","Bangsar South Suites",10099,2213,25.2,"Tier 1: Pre-Approved LPPSA/Bank",611736
"LEAD-19830","Jason Ibrahim #9830","+60180000331","Shah Alam Vista",10210,2270,25.6,"Tier 1: Pre-Approved LPPSA/Bank",611924
"LEAD-19833","Amir Chen #9833","+60130000334","Bangsar South Suites",10321,2327,25.9,"Tier 1: Pre-Approved LPPSA/Bank",612112
"LEAD-19836","Devi Nordin #9836","+60160000337","Shah Alam Vista",10432,2384,26.3,"Tier 1: Pre-Approved LPPSA/Bank",612301
"LEAD-19839","Grace Osman #9839","+60190000340","Bangsar South Suites",10543,2441,26.6,"Tier 1: Pre-Approved LPPSA/Bank",612489
"LEAD-19842","Nurul Aini #9842","+60140000343","Shah Alam Vista",10654,2498,27,"Tier 1: Pre-Approved LPPSA/Bank",612678
"LEAD-19845","Santhi Razif #9845","+60170000346","Bangsar South Suites",10765,2555,27.3,"Tier 1: Pre-Approved LPPSA/Bank",612866
"LEAD-19848","Sarah Lee #9848","+60120000349","Shah Alam Vista",10876,2612,27.6,"Tier 1: Pre-Approved LPPSA/Bank",613054
"LEAD-19851","Siti Zulkifli #9851","+60150000352","Bangsar South Suites",10987,2669,27.9,"Tier 1: Pre-Approved LPPSA/Bank",613243
"LEAD-19854","Syed Rosli #9854","+60180000355","Shah Alam Vista",11098,2726,28.2,"Tier 1: Pre-Approved LPPSA/Bank",613431
"LEAD-19857","Azman Kumar #9857","+60130000358","Bangsar South Suites",11209,2783,28.5,"Tier 1: Pre-Approved LPPSA/Bank",613620
"LEAD-19860","Muhammad Faizal #9860","+60160000361","Shah Alam Vista",11320,2840,28.8,"Tier 1: Pre-Approved LPPSA/Bank",613808
"LEAD-19863","Wong Hassan #9863","+60190000364","Bangsar South Suites",11431,2897,29.1,"Tier 1: Pre-Approved LPPSA/Bank",613996
"LEAD-19866","Mohd Subramaniam #9866","+60140000367","Shah Alam Vista",11542,2954,29.4,"Tier 1: Pre-Approved LPPSA/Bank",614185
"LEAD-19869","Kevin Goh #9869","+60170000370","Bangsar South Suites",11653,3011,29.7,"Tier 1: Pre-Approved LPPSA/Bank",614373
"LEAD-19872","Razif Hariz #9872","+60120000373","Shah Alam Vista",11764,3068,30,"Tier 1: Pre-Approved LPPSA/Bank",614562
"LEAD-19875","Chong Wei Lun #9875","+60150000376","Bangsar South Suites",11875,3125,30.2,"Tier 1: Pre-Approved LPPSA/Bank",614750
"LEAD-19878","Hafiz Ibrahim #9878","+60180000379","Shah Alam Vista",11986,3182,30.5,"Tier 1: Pre-Approved LPPSA/Bank",614938
"LEAD-19881","Ahmad Chen #9881","+60130000382","Bangsar South Suites",3597,3239,103.5,"Tier 4: High Risk DSR",0
"LEAD-19884","Tan Nordin #9884","+60160000385","Shah Alam Vista",3708,3296,102.2,"Tier 4: High Risk DSR",0
"LEAD-19887","Farhan Osman #9887","+60190000388","Bangsar South Suites",3819,3353,100.9,"Tier 4: High Risk DSR",0
"LEAD-19890","Jason Aini #9890","+60140000391","Shah Alam Vista",3930,3410,99.7,"Tier 4: High Risk DSR",0
"LEAD-19893","Amir Razif #9893","+60170000394","Bangsar South Suites",4041,3467,98.6,"Tier 4: High Risk DSR",0
"LEAD-19896","Devi Lee #9896","+60120000397","Shah Alam Vista",4152,3524,97.6,"Tier 4: High Risk DSR",0
"LEAD-19899","Grace Zulkifli #9899","+60150000400","Bangsar South Suites",4263,3581,96.6,"Tier 4: High Risk DSR",0
"LEAD-19902","Nurul Rosli #9902","+60180000403","Shah Alam Vista",4374,3638,95.6,"Tier 4: High Risk DSR",0
"LEAD-19905","Santhi Kumar #9905","+60130000406","Bangsar South Suites",4485,3695,94.7,"Tier 4: High Risk DSR",0
"LEAD-19908","Sarah Faizal #9908","+60160000409","Shah Alam Vista",4596,3752,93.8,"Tier 4: High Risk DSR",0
"LEAD-19911","Siti Hassan #9911","+60190000412","Bangsar South Suites",4707,3809,93,"Tier 4: High Risk DSR",0
"LEAD-19914","Syed Subramaniam #9914","+60140000415","Shah Alam Vista",4818,3866,92.2,"Tier 4: High Risk DSR",0
"LEAD-19917","Azman Goh #9917","+60170000418","Bangsar South Suites",4929,3923,91.5,"Tier 4: High Risk DSR",0
"LEAD-19920","Muhammad Hariz #9920","+60120000421","Shah Alam Vista",5040,3980,90.8,"Tier 4: High Risk DSR",0
"LEAD-19923","Wong Wei Lun #9923","+60150000424","Bangsar South Suites",5151,4037,90.1,"Tier 4: High Risk DSR",0
"LEAD-19926","Mohd Ibrahim #9926","+60180000427","Shah Alam Vista",5262,4094,89.4,"Tier 4: High Risk DSR",0
"LEAD-19929","Kevin Chen #9929","+60130000430","Bangsar South Suites",5373,4151,88.8,"Tier 4: High Risk DSR",0
"LEAD-19932","Razif Nordin #9932","+60160000433","Shah Alam Vista",5484,4208,88.2,"Tier 4: High Risk DSR",0
"LEAD-19935","Chong Osman #9935","+60190000436","Bangsar South Suites",5595,4265,87.6,"Tier 4: High Risk DSR",0
"LEAD-19938","Hafiz Aini #9938","+60140000439","Shah Alam Vista",5706,4322,87.1,"Tier 4: High Risk DSR",0
"LEAD-19941","Ahmad Razif #9941","+60170000442","Bangsar South Suites",5817,4379,86.5,"Tier 4: High Risk DSR",0
"LEAD-19944","Tan Lee #9944","+60120000445","Shah Alam Vista",5928,4436,86,"Tier 4: High Risk DSR",0
"LEAD-19947","Farhan Zulkifli #9947","+60150000448","Bangsar South Suites",6039,4493,85.5,"Tier 4: High Risk DSR",0
"LEAD-19950","Jason Rosli #9950","+60180000451","Shah Alam Vista",6150,1050,19.6,"Tier 2: Qualified Bank Loan",432060
"LEAD-19953","Amir Kumar #9953","+60130000454","Bangsar South Suites",6261,1107,20.3,"Tier 2: Qualified Bank Loan",432248
"LEAD-19956","Devi Faizal #9956","+60160000457","Shah Alam Vista",6372,1164,21,"Tier 2: Qualified Bank Loan",432437
"LEAD-19959","Grace Hassan #9959","+60190000460","Bangsar South Suites",6483,1221,21.6,"Tier 2: Qualified Bank Loan",432625
"LEAD-19962","Nurul Subramaniam #9962","+60140000463","Shah Alam Vista",6594,1278,22.3,"Tier 1: Pre-Approved LPPSA/Bank",432814
"LEAD-19965","Santhi Goh #9965","+60170000466","Bangsar South Suites",6705,1335,22.9,"Tier 1: Pre-Approved LPPSA/Bank",433002
"LEAD-19968","Sarah Hariz #9968","+60120000469","Shah Alam Vista",6816,1392,23.5,"Tier 1: Pre-Approved LPPSA/Bank",433190
"LEAD-19971","Siti Wei Lun #9971","+60150000472","Bangsar South Suites",6927,1449,24,"Tier 1: Pre-Approved LPPSA/Bank",433379
"LEAD-19974","Syed Ibrahim #9974","+60180000475","Shah Alam Vista",7038,1506,24.6,"Tier 1: Pre-Approved LPPSA/Bank",433567
"LEAD-19977","Azman Chen #9977","+60130000478","Bangsar South Suites",7149,1563,25.1,"Tier 1: Pre-Approved LPPSA/Bank",433756
"LEAD-19980","Muhammad Nordin #9980","+60160000481","Shah Alam Vista",7260,1620,25.6,"Tier 1: Pre-Approved LPPSA/Bank",433944
"LEAD-19983","Wong Osman #9983","+60190000484","Bangsar South Suites",7371,1677,26.2,"Tier 1: Pre-Approved LPPSA/Bank",434132
"LEAD-19986","Mohd Aini #9986","+60140000487","Shah Alam Vista",7482,1734,26.6,"Tier 1: Pre-Approved LPPSA/Bank",434321
"LEAD-19989","Kevin Razif #9989","+60170000490","Bangsar South Suites",7593,1791,27.1,"Tier 1: Pre-Approved LPPSA/Bank",434509
"LEAD-19992","Razif Lee #9992","+60120000493","Shah Alam Vista",7704,1848,27.6,"Tier 1: Pre-Approved LPPSA/Bank",434698
"LEAD-19995","Chong Zulkifli #9995","+60150000496","Bangsar South Suites",7815,1905,28,"Tier 1: Pre-Approved LPPSA/Bank",434886
"LEAD-19998","Hafiz Rosli #9998","+60180000499","Shah Alam Vista",7926,1962,28.5,"Tier 1: Pre-Approved LPPSA/Bank",435074