id,name,phone,project,income,commitments,dsrRatio,tier,maxLoanAmount
"LEAD-10001","Ahmad Kumar #1","+60130000002","Subang Parksuites",3537,1019,33.1,"Tier 3: Joint Loan Needed",165463
"LEAD-10004","Tan Faizal #4","+60160000005","Mont Kiara Pavilion",3648,1076,33.9,"Tier 3: Joint Loan Needed",165651
"LEAD-10007","Farhan Hassan #7","+60190000008","Subang Parksuites",3759,1133,34.6,"Tier 3: Joint Loan Needed",165840
"LEAD-10010","Jason Subramaniam #10","+60140000011","Mont Kiara Pavilion",3870,1190,35.3,"Tier 3: Joint Loan Needed",166028
"LEAD-10013","Amir Goh #13","+60170000014","Subang Parksuites",3981,1247,36,"Tier 3: Joint Loan Needed",166216
"LEAD-10016","Devi Hariz #16","+60120000017","Mont Kiara Pavilion",4092,1304,36.6,"Tier 3: Joint Loan Needed",166405
"LEAD-10019","Grace Wei Lun #19","+60150000020","Subang Parksuites",4203,1361,37.2,"Tier 3: Joint Loan Needed",166593
"LEAD-10022","Nurul Ibrahim #22","+60180000023","Mont Kiara Pavilion",4314,1418,37.8,"Tier 3: Joint Loan Needed",166782
"LEAD-10025","Santhi Chen #25","+60130000026","Subang Parksuites",4425,1475,38.3,"Tier 3: Joint Loan Needed",166970
"LEAD-10028","Sarah Nordin #28","+60160000029","Mont Kiara Pavilion",4536,1532,38.8,"Tier 2: Qualified Bank Loan",167158
"LEAD-10031","Siti Osman #31","+60190000032","Subang Parksuites",4647,1589,39.3,"Tier 2: Qualified Bank Loan",167347
"LEAD-10034","Syed Aini #34","+60140000035","Mont Kiara Pavilion",4758,1646,39.8,"Tier 2: Qualified Bank Loan",167535
"LEAD-10037","Azman Razif #37","+60170000038","Subang Parksuites",4869,1703,40.2,"Tier 2: Qualified Bank Loan",167724
"LEAD-10040","Muhammad Lee #40","+60120000041","Mont Kiara Pavilion",4980,1760,40.6,"Tier 2: Qualified Bank Loan",167912
"LEAD-10043","Wong Zulkifli #43","+60150000044","Subang Parksuites",5091,1817,41,"Tier 2: Qualified Bank Loan",168100
"LEAD-10046","Mohd Rosli #46","+60180000047","Mont Kiara Pavilion",5202,1874,41.4,"Tier 2: Qualified Bank Loan",168289
"LEAD-10049","Kevin Kumar #49","+60130000050","Subang Parksuites",5313,1931,41.8,"Tier 2: Qualified Bank Loan",168477
"LEAD-10052","Razif Faizal #52","+60160000053","Mont Kiara Pavilion",5424,1988,42.1,"Tier 2: Qualified Bank Loan",168666
"LEAD-10055","Chong Hassan #55","+60190000056","Subang Parksuites",5535,2045,42.5,"Tier 2: Qualified Bank Loan",168854
"LEAD-10058","Hafiz Subramaniam #58","+60140000059","Mont Kiara Pavilion",5646,2102,42.8,"Tier 2: Qualified Bank Loan",169042
"LEAD-10061","Ahmad Goh #61","+60170000062","Subang Parksuites",5757,2159,43.1,"Tier 2: Qualified Bank Loan",169231
"LEAD-10064","Tan Hariz #64","+60120000065","Mont Kiara Pavilion",5868,2216,43.4,"Tier 2: Qualified Bank Loan",169419
"LEAD-10067","Farhan Wei Lun #67","+60150000068","Subang Parksuites",5979,2273,43.7,"Tier 2: Qualified Bank Loan",169608
"LEAD-10070","Jason Ibrahim #70","+60180000071","Mont Kiara Pavilion",6090,2330,44,"Tier 2: Qualified Bank Loan",169796
"LEAD-10073","Amir Chen #73","+60130000074","Subang Parksuites",6201,2387,44.2,"Tier 2: Qualified Bank Loan",169984
"LEAD-10076","Devi Nordin #76","+60160000077","Mont Kiara Pavilion",6312,2444,44.5,"Tier 2: Qualified Bank Loan",170173
"LEAD-10079","Grace Osman #79","+60190000080","Subang Parksuites",6423,2501,44.8,"Tier 2: Qualified Bank Loan",170361
"LEAD-10082","Nurul Aini #82","+60140000083","Mont Kiara Pavilion",6534,2558,45,"Tier 1: Pre-Approved LPPSA/Bank",170550
"LEAD-10085","Santhi Razif #85","+60170000086","Subang Parksuites",6645,2615,45.2,"Tier 2: Qualified Bank Loan",170738
"LEAD-10088","Sarah Lee #88","+60120000089","Mont Kiara Pavilion",6756,2672,45.5,"Tier 2: Qualified Bank Loan",170926
"LEAD-10091","Siti Zulkifli #91","+60150000092","Subang Parksuites",6867,2729,45.7,"Tier 2: Qualified Bank Loan",171115
"LEAD-10094","Syed Rosli #94","+60180000095","Mont Kiara Pavilion",6978,2786,45.9,"Tier 2: Qualified Bank Loan",171303
"LEAD-10097","Azman Kumar #97","+60130000098","Subang Parksuites",7089,2843,46.1,"Tier 2: Qualified Bank Loan",171492
"LEAD-10100","Muhammad Faizal #100","+60160000101","Mont Kiara Pavilion",7200,2900,46.3,"Tier 2: Qualified Bank Loan",171680
"LEAD-10103","Wong Hassan #103","+60190000104","Subang Parksuites",7311,2957,46.5,"Tier 2: Qualified Bank Loan",171868
"LEAD-10106","Mohd Subramaniam #106","+60140000107","Mont Kiara Pavilion",7422,3014,46.7,"Tier 2: Qualified Bank Loan",172057
"LEAD-10109","Kevin Goh #109","+60170000110","Subang Parksuites",7533,3071,46.9,"Tier 2: Qualified Bank Loan",172245
"LEAD-10112","Razif Hariz #112","+60120000113","Mont Kiara Pavilion",7644,3128,47,"Tier 2: Qualified Bank Loan",172434
"LEAD-10115","Chong Wei Lun #115","+60150000116","Subang Parksuites",7755,3185,47.2,"Tier 2: Qualified Bank Loan",172622
"LEAD-10118","Hafiz Ibrahim #118","+60180000119","Mont Kiara Pavilion",7866,3242,47.4,"Tier 2: Qualified Bank Loan",172810
"LEAD-10121","Ahmad Chen #121","+60130000122","Subang Parksuites",7977,3299,47.5,"Tier 2: Qualified Bank Loan",172999
"LEAD-10124","Tan Nordin #124","+60160000125","Mont Kiara Pavilion",8088,3356,47.7,"Tier 2: Qualified Bank Loan",173187
"LEAD-10127","Farhan Osman #127","+60190000128","Subang Parksuites",8199,3413,47.8,"Tier 2: Qualified Bank Loan",173376
"LEAD-10130","Jason Aini #130","+60140000131","Mont Kiara Pavilion",8310,3470,48,"Tier 2: Qualified Bank Loan",173564
"LEAD-10133","Amir Razif #133","+60170000134","Subang Parksuites",8421,3527,48.1,"Tier 2: Qualified Bank Loan",173752
"LEAD-10136","Devi Lee #136","+60120000137","Mont Kiara Pavilion",8532,3584,48.3,"Tier 2: Qualified Bank Loan",173941
"LEAD-10139","Grace Zulkifli #139","+60150000140","Subang Parksuites",8643,3641,48.4,"Tier 2: Qualified Bank Loan",174129
"LEAD-10142","Nurul Rosli #142","+60180000143","Mont Kiara Pavilion",8754,3698,48.6,"Tier 2: Qualified Bank Loan",174318
"LEAD-10145","Santhi Kumar #145","+60130000146","Subang Parksuites",8865,3755,48.7,"Tier 2: Qualified Bank Loan",174506
"LEAD-10148","Sarah Faizal #148","+60160000149","Mont Kiara Pavilion",8976,3812,48.8,"Tier 2: Qualified Bank Loan",174694
"LEAD-10151","Siti Hassan #151","+60190000152","Subang Parksuites",9087,3869,48.9,"Tier 2: Qualified Bank Loan",174883
"LEAD-10154","Syed Subramaniam #154","+60140000155","Mont Kiara Pavilion",9198,3926,49.1,"Tier 2: Qualified Bank Loan",175071
"LEAD-10157","Azman Goh #157","+60170000158","Subang Parksuites",9309,3983,49.2,"Tier 2: Qualified Bank Loan",175260
"LEAD-10160","Muhammad Hariz #160","+60120000161","Mont Kiara Pavilion",9420,4040,49.3,"Tier 2: Qualified Bank Loan",175448
"LEAD-10163","Wong Wei Lun #163","+60150000164","Subang Parksuites",9531,4097,49.4,"Tier 2: Qualified Bank Loan",175636
"LEAD-10166","Mohd Ibrahim #166","+60180000167","Mont Kiara Pavilion",9642,4154,49.5,"Tier 2: Qualified Bank Loan",175825
"LEAD-10169","Kevin Chen #169","+60130000170","Subang Parksuites",9753,4211,49.6,"Tier 2: Qualified Bank Loan",176013
"LEAD-10172","Razif Nordin #172","+60160000173","Mont Kiara Pavilion",9864,4268,49.7,"Tier 2: Qualified Bank Loan",176202
"LEAD-10175","Chong Osman #175","+60190000176","Subang Parksuites",9975,4325,49.8,"Tier 2: Qualified Bank Loan",176390
"LEAD-10178","Hafiz Aini #178","+60140000179","Mont Kiara Pavilion",10086,4382,49.9,"Tier 2: Qualified Bank Loan",176578
"LEAD-10181","Ahmad Razif #181","+60170000182","Subang Parksuites",10197,4439,50,"Tier 2: Qualified Bank Loan",176767
"LEAD-10184","Tan Lee #184","+60120000185","Mont Kiara Pavilion",10308,4496,50.1,"Tier 2: Qualified Bank Loan",176955
"LEAD-10187","Farhan Zulkifli #187","+60150000188","Subang Parksuites",10419,1053,11.6,"Tier 1: Pre-Approved LPPSA/Bank",877144
"LEAD-10190","Jason Rosli #190","+60180000191","Mont Kiara Pavilion",10530,1110,12.1,"Tier 1: Pre-Approved LPPSA/Bank",877332
"LEAD-10193","Amir Kumar #193","+60130000194","Subang Parksuites",10641,1167,12.6,"Tier 1: Pre-Approved LPPSA/Bank",877520
"LEAD-10196","Devi Faizal #196","+60160000197","Mont Kiara Pavilion",10752,1224,13.1,"Tier 1: Pre-Approved LPPSA/Bank",877709
"LEAD-10199","Grace Hassan #199","+60190000200","Subang Parksuites",10863,1281,13.6,"Tier 1: Pre-Approved LPPSA/Bank",877897
"LEAD-10202","Nurul Subramaniam #202","+60140000203","Mont Kiara Pavilion",10974,1338,14,"Tier 1: Pre-Approved LPPSA/Bank",878086
"LEAD-10205","Santhi Goh #205","+60170000206","Subang Parksuites",11085,1395,14.5,"Tier 1: Pre-Approved LPPSA/Bank",878274
"LEAD-10208","Sarah Hariz #208","+60120000209","Mont Kiara Pavilion",11196,1452,14.9,"Tier 1: Pre-Approved LPPSA/Bank",878462
"LEAD-10211","Siti Wei Lun #211","+60150000212","Subang Parksuites",11307,1509,15.3,"Tier 1: Pre-Approved LPPSA/Bank",878651
"LEAD-10214","Syed Ibrahim #214","+60180000215","Mont Kiara Pavilion",11418,1566,15.8,"Tier 1: Pre-Approved LPPSA/Bank",878839
"LEAD-10217","Azman Chen #217","+60130000218","Subang Parksuites",11529,1623,16.2,"Tier 1: Pre-Approved LPPSA/Bank",879028
"LEAD-10220","Muhammad Nordin #220","+60160000221","Mont Kiara Pavilion",11640,1680,16.6,"Tier 1: Pre-Approved LPPSA/Bank",879216
"LEAD-10223","Wong Osman #223","+60190000224","Subang Parksuites",11751,1737,17,"Tier 1: Pre-Approved LPPSA/Bank",879404
"LEAD-10226","Mohd Aini #226","+60140000227","Mont Kiara Pavilion",11862,1794,17.4,"Tier 1: Pre-Approved LPPSA/Bank",879593
"LEAD-10229","Kevin Razif #229","+60170000230","Subang Parksuites",11973,1851,17.8,"Tier 1: Pre-Approved LPPSA/Bank",879781
"LEAD-10232","Razif Lee #232","+60120000233","Mont Kiara Pavilion",3584,1908,61.2,"Tier 3: Joint Loan Needed",0
"LEAD-10235","Chong Zulkifli #235","+60150000236","Subang Parksuites",3695,1965,61.1,"Tier 3: Joint Loan Needed",0
"LEAD-10238","Hafiz Rosli #238","+60180000239","Mont Kiara Pavilion",3806,2022,61.1,"Tier 3: Joint Loan Needed",0
"LEAD-10241","Ahmad Kumar #241","+60130000242","Subang Parksuites",3917,2079,61,"Tier 3: Joint Loan Needed",0
"LEAD-10244","Tan Faizal #244","+60160000245","Mont Kiara Pavilion",4028,2136,61,"Tier 3: Joint Loan Needed",0
"LEAD-10247","Farhan Hassan #247","+60190000248","Subang Parksuites",4139,2193,60.9,"Tier 3: Joint Loan Needed",0
"LEAD-10250","Jason Subramaniam #250","+60140000251","Mont Kiara Pavilion",4250,2250,60.9,"Tier 3: Joint Loan Needed",0
"LEAD-10253","Amir Goh #253","+60170000254","Subang Parksuites",4361,2307,60.8,"Tier 3: Joint Loan Needed",0
"LEAD-10256","Devi Hariz #256","+60120000257","Mont Kiara Pavilion",4472,2364,60.8,"Tier 3: Joint Loan Needed",0
"LEAD-10259","Grace Wei Lun #259","+60150000260","Subang Parksuites",4583,2421,60.7,"Tier 3: Joint Loan Needed",0
"LEAD-10262","Nurul Ibrahim #262","+60180000263","Mont Kiara Pavilion",4694,2478,60.7,"Tier 3: Joint Loan Needed",0
"LEAD-10265","Santhi Chen #265","+60130000266","Subang Parksuites",4805,2535,60.6,"Tier 3: Joint Loan Needed",0
"LEAD-10268","Sarah Nordin #268","+60160000269","Mont Kiara Pavilion",4916,2592,60.6,"Tier 3: Joint Loan Needed",0
"LEAD-10271","Siti Osman #271","+60190000272","Subang Parksuites",5027,2649,60.6,"Tier 3: Joint Loan Needed",0
"LEAD-10274","Syed Aini #274","+60140000275","Mont Kiara Pavilion",5138,2706,60.5,"Tier 3: Joint Loan Needed",0
"LEAD-10277","Azman Razif #277","+60170000278","Subang Parksuites",5249,2763,60.5,"Tier 3: Joint Loan Needed",0
"LEAD-10280","Muhammad Lee #280","+60120000281","Mont Kiara Pavilion",5360,2820,60.5,"Tier 3: Joint Loan Needed",0
"LEAD-10283","Wong Zulkifli #283","+60150000284","Subang Parksuites",5471,2877,60.4,"Tier 3: Joint Loan Needed",0
"LEAD-10286","Mohd Rosli #286","+60180000287","Mont Kiara Pavilion",5582,2934,60.4,"Tier 3: Joint Loan Needed",0
"LEAD-10289","Kevin Kumar #289","+60130000290","Subang Parksuites",5693,2991,60.4,"Tier 3: Joint Loan Needed",0
"LEAD-10292","Razif Faizal #292","+60160000293","Mont Kiara Pavilion",5804,3048,60.4,"Tier 3: Joint Loan Needed",0
"LEAD-10295","Chong Hassan #295","+60190000296","Subang Parksuites",5915,3105,60.3,"Tier 3: Joint Loan Needed",0
"LEAD-10298","Hafiz Subramaniam #298","+60140000299","Mont Kiara Pavilion",6026,3162,60.3,"Tier 3: Joint Loan Needed",0
"LEAD-10301","Ahmad Goh #301","+60170000302","Subang Parksuites",6137,3219,60.3,"Tier 3: Joint Loan Needed",0
"LEAD-10304","Tan Hariz #304","+60120000305","Mont Kiara Pavilion",6248,3276,60.3,"Tier 3: Joint Loan Needed",0
"LEAD-10307","Farhan Wei Lun #307","+60150000308","Subang Parksuites",6359,3333,60.2,"Tier 3: Joint Loan Needed",0
"LEAD-10310","Jason Ibrahim #310","+60180000311","Mont Kiara Pavilion",6470,3390,60.2,"Tier 3: Joint Loan Needed",0
"LEAD-10313","Amir Chen #313","+60130000314","Subang Parksuites",6581,3447,60.2,"Tier 3: Joint Loan Needed",0
"LEAD-10316","Devi Nordin #316","+60160000317","Mont Kiara Pavilion",6692,3504,60.2,"Tier 3: Joint Loan Needed",0
"LEAD-10319","Grace Osman #319","+60190000320","Subang Parksuites",6803,3561,60.2,"Tier 3: Joint Loan Needed",0
"LEAD-10322","Nurul Aini #322","+60140000323","Mont Kiara Pavilion",6914,3618,60.1,"Tier 3: Joint Loan Needed",0
"LEAD-10325","Santhi Razif #325","+60170000326","Subang Parksuites",7025,3675,60.1,"Tier 3: Joint Loan Needed",0
"LEAD-10328","Sarah Lee #328","+60120000329","Mont Kiara Pavilion",7136,3732,60.1,"Tier 3: Joint Loan Needed",0
"LEAD-10331","Siti Zulkifli #331","+60150000332","Subang Parksuites",7247,3789,60.1,"Tier 3: Joint Loan Needed",0
"LEAD-10334","Syed Rosli #334","+60180000335","Mont Kiara Pavilion",7358,3846,60.1,"Tier 3: Joint Loan Needed",0
"LEAD-10337","Azman Kumar #337","+60130000338","Subang Parksuites",7469,3903,60.1,"Tier 3: Joint Loan Needed",0
"LEAD-10340","Muhammad Faizal #340","+60160000341","Mont Kiara Pavilion",7580,3960,60,"Tier 3: Joint Loan Needed",0
"LEAD-10343","Wong Hassan #343","+60190000344","Subang Parksuites",7691,4017,60,"Tier 3: Joint Loan Needed",0
"LEAD-10346","Mohd Subramaniam #346","+60140000347","Mont Kiara Pavilion",7802,4074,60,"Tier 3: Joint Loan Needed",0
"LEAD-10349","Kevin Goh #349","+60170000350","Subang Parksuites",7913,4131,60,"Tier 3: Joint Loan Needed",0
"LEAD-10352","Razif Hariz #352","+60120000353","Mont Kiara Pavilion",8024,4188,60,"Tier 2: Qualified Bank Loan",106
"LEAD-10355","Chong Wei Lun #355","+60150000356","Subang Parksuites",8135,4245,60,"Tier 2: Qualified Bank Loan",294
"LEAD-10358","Hafiz Ibrahim #358","+60180000359","Mont Kiara Pavilion",8246,4302,60,"Tier 2: Qualified Bank Loan",482
"LEAD-10361","Ahmad Chen #361","+60130000362","Subang Parksuites",8357,4359,60,"Tier 2: Qualified Bank Loan",671
"LEAD-10364","Tan Nordin #364","+60160000365","Mont Kiara Pavilion",8468,4416,59.9,"Tier 2: Qualified Bank Loan",859
"LEAD-10367","Farhan Osman #367","+60190000368","Subang Parksuites",8579,4473,59.9,"Tier 2: Qualified Bank Loan",1048
"LEAD-10370","Jason Aini #370","+60140000371","Mont Kiara Pavilion",8690,1030,13.6,"Tier 1: Pre-Approved LPPSA/Bank",701236
"LEAD-10373","Amir Razif #373","+60170000374","Subang Parksuites",8801,1087,14.2,"Tier 1: Pre-Approved LPPSA/Bank",701424
"LEAD-10376","Devi Lee #376","+60120000377","Mont Kiara Pavilion",8912,1144,14.8,"Tier 1: Pre-Approved LPPSA/Bank",701613
"LEAD-10379","Grace Zulkifli #379","+60150000380","Subang Parksuites",9023,1201,15.3,"Tier 1: Pre-Approved LPPSA/Bank",701801
"LEAD-10382","Nurul Rosli #382","+60180000383","Mont Kiara Pavilion",9134,1258,15.8,"Tier 1: Pre-Approved LPPSA/Bank",701990
"LEAD-10385","Santhi Kumar #385","+60130000386","Subang Parksuites",9245,1315,16.3,"Tier 1: Pre-Approved LPPSA/Bank",702178
"LEAD-10388","Sarah Faizal #388","+60160000389","Mont Kiara Pavilion",9356,1372,16.9,"Tier 1: Pre-Approved LPPSA/Bank",702366
"LEAD-10391","Siti Hassan #391","+60190000392","Subang Parksuites",9467,1429,17.4,"Tier 1: Pre-Approved LPPSA/Bank",702555
"LEAD-10394","Syed Subramaniam #394","+60140000395","Mont Kiara Pavilion",9578,1486,17.8,"Tier 1: Pre-Approved LPPSA/Bank",702743
"LEAD-10397","Azman Goh #397","+60170000398","Subang Parksuites",9689,1543,18.3,"Tier 1: Pre-Approved LPPSA/Bank",702932
"LEAD-10400","Muhammad Hariz #400","+60120000401","Mont Kiara Pavilion",9800,1600,18.8,"Tier 1: Pre-Approved LPPSA/Bank",703120
"LEAD-10403","Wong Wei Lun #403","+60150000404","Subang Parksuites",9911,1657,19.2,"Tier 1: Pre-Approved LPPSA/Bank",703308
"LEAD-10406","Mohd Ibrahim #406","+60180000407","Mont Kiara Pavilion",10022,1714,19.7,"Tier 1: Pre-Approved LPPSA/Bank",703497
"LEAD-10409","Kevin Chen #409","+60130000410","Subang Parksuites",10133,1771,20.1,"Tier 1: Pre-Approved LPPSA/Bank",703685
"LEAD-10412","Razif Nordin #412","+60160000413","Mont Kiara Pavilion",10244,1828,20.5,"Tier 1: Pre-Approved LPPSA/Bank",703874
"LEAD-10415","Chong Osman #415","+60190000416","Subang Parksuites",10355,1885,20.9,"Tier 1: Pre-Approved LPPSA/Bank",704062
"LEAD-10418","Hafiz Aini #418","+60140000419","Mont Kiara Pavilion",10466,1942,21.3,"Tier 1: Pre-Approved LPPSA/Bank",704250
"LEAD-10421","Ahmad Razif #421","+60170000422","Subang Parksuites",10577,1999,21.7,"Tier 1: Pre-Approved LPPSA/Bank",704439
"LEAD-10424","Tan Lee #424","+60120000425","Mont Kiara Pavilion",10688,2056,22.1,"Tier 1: Pre-Approved LPPSA/Bank",704627
"LEAD-10427","Farhan Zulkifli #427","+60150000428","Subang Parksuites",10799,2113,22.5,"Tier 1: Pre-Approved LPPSA/Bank",704816
"LEAD-10430","Jason Rosli #430","+60180000431","Mont Kiara Pavilion",10910,2170,22.9,"Tier 1: Pre-Approved LPPSA/Bank",705004
"LEAD-10433","Amir Kumar #433","+60130000434","Subang Parksuites",11021,2227,23.2,"Tier 1: Pre-Approved LPPSA/Bank",705192
"LEAD-10436","Devi Faizal #436","+60160000437","Mont Kiara Pavilion",11132,2284,23.6,"Tier 1: Pre-Approved LPPSA/Bank",705381
"LEAD-10439","Grace Hassan #439","+60190000440","Subang Parksuites",11243,2341,23.9,"Tier 1: Pre-Approved LPPSA/Bank",705569
"LEAD-10442","Nurul Subramaniam #442","+60140000443","Mont Kiara Pavilion",11354,2398,24.3,"Tier 1: Pre-Approved LPPSA/Bank",705758
"LEAD-10445","Santhi Goh #445","+60170000446","Subang Parksuites",11465,2455,24.6,"Tier 1: Pre-Approved LPPSA/Bank",705946
"LEAD-10448","Sarah Hariz #448","+60120000449","Mont Kiara Pavilion",11576,2512,24.9,"Tier 1: Pre-Approved LPPSA/Bank",706134
"LEAD-10451","Siti Wei Lun #451","+60150000452","Subang Parksuites",11687,2569,25.3,"Tier 1: Pre-Approved LPPSA/Bank",706323
"LEAD-10454","Syed Ibrahim #454","+60180000455","Mont Kiara Pavilion",11798,2626,25.6,"Tier 1: Pre-Approved LPPSA/Bank",706511
"LEAD-10457","Azman Chen #457","+60130000458","Subang Parksuites",11909,2683,25.9,"Tier 1: Pre-Approved LPPSA/Bank",706700
"LEAD-10460","Muhammad Nordin #460","+60160000461","Mont Kiara Pavilion",3520,2740,89.5,"Tier 4: High Risk DSR",0
"LEAD-10463","Wong Osman #463","+60190000464","Subang Parksuites",3631,2797,88.5,"Tier 4: High Risk DSR",0
"LEAD-10466","Mohd Aini #466","+60140000467","Mont Kiara Pavilion",3742,2854,87.7,"Tier 4: High Risk DSR",0
"LEAD-10469","Kevin Razif #469","+60170000470","Subang Parksuites",3853,2911,86.8,"Tier 4: High Risk DSR",0
"LEAD-10472","Razif Lee #472","+60120000473","Mont Kiara Pavilion",3964,2968,86.1,"Tier 4: High Risk DSR",0
"LEAD-10475","Chong Zulkifli #475","+60150000476","Subang Parksuites",4075,3025,85.3,"Tier 4: High Risk DSR",0
"LEAD-10478","Hafiz Rosli #478","+60180000479","Mont Kiara Pavilion",4186,3082,84.6,"Tier 4: High Risk DSR",0
"LEAD-10481","Ahmad Kumar #481","+60130000482","Subang Parksuites",4297,3139,84,"Tier 4: High Risk DSR",0
"LEAD-10484","Tan Faizal #484","+60160000485","Mont Kiara Pavilion",4408,3196,83.3,"Tier 4: High Risk DSR",0
"LEAD-10487","Farhan Hassan #487","+60190000488","Subang Parksuites",4519,3253,82.7,"Tier 4: High Risk DSR",0
"LEAD-10490","Jason Subramaniam #490","+60140000491","Mont Kiara Pavilion",4630,3310,82.2,"Tier 4: High Risk DSR",0
"LEAD-10493","Amir Goh #493","+60170000494","Subang Parksuites",4741,3367,81.6,"Tier 4: High Risk DSR",0
"LEAD-10496","Devi Hariz #496","+60120000497","Mont Kiara Pavilion",4852,3424,81.1,"Tier 4: High Risk DSR",0
"LEAD-10499","Grace Wei Lun #499","+60150000500","Subang Parksuites",4963,3481,80.6,"Tier 4: High Risk DSR",0
"LEAD-10502","Nurul Ibrahim #502","+60180000503","Mont Kiara Pavilion",5074,3538,80.1,"Tier 4: High Risk DSR",0
"LEAD-10505","Santhi Chen #505","+60130000506","Subang Parksuites",5185,3595,79.7,"Tier 4: High Risk DSR",0
"LEAD-10508","Sarah Nordin #508","+60160000509","Mont Kiara Pavilion",5296,3652,79.3,"Tier 4: High Risk DSR",0
"LEAD-10511","Siti Osman #511","+60190000512","Subang Parksuites",5407,3709,78.8,"Tier 4: High Risk DSR",0
"LEAD-10514","Syed Aini #514","+60140000515","Mont Kiara Pavilion",5518,3766,78.4,"Tier 4: High Risk DSR",0
"LEAD-10517","Azman Razif #517","+60170000518","Subang Parksuites",5629,3823,78.1,"Tier 4: High Risk DSR",0
"LEAD-10520","Muhammad Lee #520","+60120000521","Mont Kiara Pavilion",5740,3880,77.7,"Tier 4: High Risk DSR",0
"LEAD-10523","Wong Zulkifli #523","+60150000524","Subang Parksuites",5851,3937,77.3,"Tier 4: High Risk DSR",0
"LEAD-10526","Mohd Rosli #526","+60180000527","Mont Kiara Pavilion",5962,3994,77,"Tier 4: High Risk DSR",0
"LEAD-10529","Kevin Kumar #529","+60130000530","Subang Parksuites",6073,4051,76.7,"Tier 4: High Risk DSR",0
"LEAD-10532","Razif Faizal #532","+60160000533","Mont Kiara Pavilion",6184,4108,76.4,"Tier 4: High Risk DSR",0
"LEAD-10535","Chong Hassan #535","+60190000536","Subang Parksuites",6295,4165,76.1,"Tier 4: High Risk DSR",0
"LEAD-10538","Hafiz Subramaniam #538","+60140000539","Mont Kiara Pavilion",6406,4222,75.8,"Tier 4: High Risk DSR",0
"LEAD-10541","Ahmad Goh #541","+60170000542","Subang Parksuites",6517,4279,75.5,"Tier 4: High Risk DSR",0
"LEAD-10544","Tan Hariz #544","+60120000545","Mont Kiara Pavilion",6628,4336,75.2,"Tier 4: High Risk DSR",0
"LEAD-10547","Farhan Wei Lun #547","+60150000548","Subang Parksuites",6739,4393,74.9,"Tier 3: Joint Loan Needed",0
"LEAD-10550","Jason Ibrahim #550","+60180000551","Mont Kiara Pavilion",6850,4450,74.7,"Tier 3: Joint Loan Needed",0
"LEAD-10553","Amir Chen #553","+60130000554","Subang Parksuites",6961,1007,16.6,"Tier 1: Pre-Approved LPPSA/Bank",525328
"LEAD-10556","Devi Nordin #556","+60160000557","Mont Kiara Pavilion",7072,1064,17.3,"Tier 1: Pre-Approved LPPSA/Bank",525517
"LEAD-10559","Grace Osman #559","+60190000560","Subang Parksuites",7183,1121,17.9,"Tier 1: Pre-Approved LPPSA/Bank",525705
"LEAD-10562","Nurul Aini #562","+60140000563","Mont Kiara Pavilion",7294,1178,18.6,"Tier 1: Pre-Approved LPPSA/Bank",525894
"LEAD-10565","Santhi Razif #565","+60170000566","Subang Parksuites",7405,1235,19.2,"Tier 1: Pre-Approved LPPSA/Bank",526082
"LEAD-10568","Sarah Lee #568","+60120000569","Mont Kiara Pavilion",7516,1292,19.8,"Tier 1: Pre-Approved LPPSA/Bank",526270
"LEAD-10571","Siti Zulkifli #571","+60150000572","Subang Parksuites",7627,1349,20.3,"Tier 1: Pre-Approved LPPSA/Bank",526459
"LEAD-10574","Syed Rosli #574","+60180000575","Mont Kiara Pavilion",7738,1406,20.9,"Tier 1: Pre-Approved LPPSA/Bank",526647
"LEAD-10577","Azman Kumar #577","+60130000578","Subang Parksuites",7849,1463,21.4,"Tier 1: Pre-Approved LPPSA/Bank",526836
"LEAD-10580","Muhammad Faizal #580","+60160000581","Mont Kiara Pavilion",7960,1520,21.9,"Tier 1: Pre-Approved LPPSA/Bank",527024
"LEAD-10583","Wong Hassan #583","+60190000584","Subang Parksuites",8071,1577,22.5,"Tier 1: Pre-Approved LPPSA/Bank",527212
"LEAD-10586","Mohd Subramaniam #586","+60140000587","Mont Kiara Pavilion",8182,1634,23,"Tier 1: Pre-Approved LPPSA/Bank",527401
"LEAD-10589","Kevin Goh #589","+60170000590","Subang Parksuites",8293,1691,23.4,"Tier 1: Pre-Approved LPPSA/Bank",527589
"LEAD-10592","Razif Hariz #592","+60120000593","Mont Kiara Pavilion",8404,1748,23.9,"Tier 1: Pre-Approved LPPSA/Bank",527778
"LEAD-10595","Chong Wei Lun #595","+60150000596","Subang Parksuites",8515,1805,24.4,"Tier 1: Pre-Approved LPPSA/Bank",527966
"LEAD-10598","Hafiz Ibrahim #598","+60180000599","Mont Kiara Pavilion",8626,1862,24.8,"Tier 1: Pre-Approved LPPSA/Bank",528154
"LEAD-10601","Ahmad Chen #601","+60130000602","Subang Parksuites",8737,1919,25.2,"Tier 1: Pre-Approved LPPSA/Bank",528343
"LEAD-10604","Tan Nordin #604","+60160000605","Mont Kiara Pavilion",8848,1976,25.7,"Tier 1: Pre-Approved LPPSA/Bank",528531
"LEAD-10607","Farhan Osman #607","+60190000608","Subang Parksuites",8959,2033,26.1,"Tier 1: Pre-Approved LPPSA/Bank",528720
"LEAD-10610","Jason Aini #610","+60140000611","Mont Kiara Pavilion",9070,2090,26.5,"Tier 1: Pre-Approved LPPSA/Bank",528908
"LEAD-10613","Amir Razif #613","+60170000614","Subang Parksuites",9181,2147,26.9,"Tier 1: Pre-Approved LPPSA/Bank",529096
"LEAD-10616","Devi Lee #616","+60120000617","Mont Kiara Pavilion",9292,2204,27.3,"Tier 1: Pre-Approved LPPSA/Bank",529285
"LEAD-10619","Grace Zulkifli #619","+60150000620","Subang Parksuites",9403,2261,27.6,"Tier 1: Pre-Approved LPPSA/Bank",529473
"LEAD-10622","Nurul Rosli #622","+60180000623","Mont Kiara Pavilion",9514,2318,28,"Tier 1: Pre-Approved LPPSA/Bank",529662
"LEAD-10625","Santhi Kumar #625","+60130000626","Subang Parksuites",9625,2375,28.4,"Tier 1: Pre-Approved LPPSA/Bank",529850
"LEAD-10628","Sarah Faizal #628","+60160000629","Mont Kiara Pavilion",9736,2432,28.7,"Tier 1: Pre-Approved LPPSA/Bank",530038
"LEAD-10631","Siti Hassan #631","+60190000632","Subang Parksuites",9847,2489,29.1,"Tier 1: Pre-Approved LPPSA/Bank",530227
"LEAD-10634","Syed Subramaniam #634","+60140000635","Mont Kiara Pavilion",9958,2546,29.4,"Tier 1: Pre-Approved LPPSA/Bank",530415
"LEAD-10637","Azman Goh #637","+60170000638","Subang Parksuites",10069,2603,29.7,"Tier 1: Pre-Approved LPPSA/Bank",530604
"LEAD-10640","Muhammad Hariz #640","+60120000641","Mont Kiara Pavilion",10180,2660,30,"Tier 1: Pre-Approved LPPSA/Bank",530792
"LEAD-10643","Wong Wei Lun #643","+60150000644","Subang Parksuites",10291,2717,30.3,"Tier 1: Pre-Approved LPPSA/Bank",530980
"LEAD-10646","Mohd Ibrahim #646","+60180000647","Mont Kiara Pavilion",10402,2774,30.7,"Tier 1: Pre-Approved LPPSA/Bank",531169
"LEAD-10649","Kevin Chen #649","+60130000650","Subang Parksuites",10513,2831,31,"Tier 1: Pre-Approved LPPSA/Bank",531357
"LEAD-10652","Razif Nordin #652","+60160000653","Mont Kiara Pavilion",10624,2888,31.2,"Tier 1: Pre-Approved LPPSA/Bank",531546
"LEAD-10655","Chong Osman #655","+60190000656","Subang Parksuites",10735,2945,31.5,"Tier 1: Pre-Approved LPPSA/Bank",531734
"LEAD-10658","Hafiz Aini #658","+60140000659","Mont Kiara Pavilion",10846,3002,31.8,"Tier 1: Pre-Approved LPPSA/Bank",531922
"LEAD-10661","Ahmad Razif #661","+60170000662","Subang Parksuites",10957,3059,32.1,"Tier 1: Pre-Approved LPPSA/Bank",532111
"LEAD-10664","Tan Lee #664","+60120000665","Mont Kiara Pavilion",11068,3116,32.4,"Tier 1: Pre-Approved LPPSA/Bank",532299
"LEAD-10667","Farhan Zulkifli #667","+60150000668","Subang Parksuites",11179,3173,32.6,"Tier 1: Pre-Approved LPPSA/Bank",532488
"LEAD-10670","Jason Rosli #670","+60180000671","Mont Kiara Pavilion",11290,3230,32.9,"Tier 1: Pre-Approved LPPSA/Bank",532676
"LEAD-10673","Amir Kumar #673","+60130000674","Subang Parksuites",11401,3287,33.1,"Tier 1: Pre-Approved LPPSA/Bank",532864
"LEAD-10676","Devi Faizal #676","+60160000677","Mont Kiara Pavilion",11512,3344,33.4,"Tier 1: Pre-Approved LPPSA/Bank",533053
"LEAD-10679","Grace Hassan #679","+60190000680","Subang Parksuites",11623,3401,33.6,"Tier 1: Pre-Approved LPPSA/Bank",533241
"LEAD-10682","Nurul Subramaniam #682","+60140000683","Mont Kiara Pavilion",11734,3458,33.9,"Tier 1: Pre-Approved LPPSA/Bank",533430
"LEAD-10685","Santhi Goh #685","+60170000686","Subang Parksuites",11845,3515,34.1,"Tier 1: Pre-Approved LPPSA/Bank",533618
"LEAD-10688","Sarah Hariz #688","+60120000689","Mont Kiara Pavilion",11956,3572,34.3,"Tier 1: Pre-Approved LPPSA/Bank",533806
"LEAD-10691","Siti Wei Lun #691","+60150000692","Subang Parksuites",3567,3629,116.9,"Tier 4: High Risk DSR",0
"LEAD-10694","Syed Ibrahim #694","+60180000695","Mont Kiara Pavilion",3678,3686,115.2,"Tier 4: High Risk DSR",0
"LEAD-10697","Azman Chen #697","+60130000698","Subang Parksuites",3789,3743,113.5,"Tier 4: High Risk DSR",0
"LEAD-10700","Muhammad Nordin #700","+60160000701","Mont Kiara Pavilion",3900,3800,112,"Tier 4: High Risk DSR",0
"LEAD-10703","Wong Osman #703","+60190000704","Subang Parksuites",4011,3857,110.5,"Tier 4: High Risk DSR",0
"LEAD-10706","Mohd Aini #706","+60140000707","Mont Kiara Pavilion",4122,3914,109.1,"Tier 4: High Risk DSR",0
"LEAD-10709","Kevin Razif #709","+60170000710","Subang Parksuites",4233,3971,107.8,"Tier 4: High Risk DSR",0
"LEAD-10712","Razif Lee #712","+60120000713","Mont Kiara Pavilion",4344,4028,106.6,"Tier 4: High Risk DSR",0
"LEAD-10715","Chong Zulkifli #715","+60150000716","Subang Parksuites",4455,4085,105.4,"Tier 4: High Risk DSR",0
"LEAD-10718","Hafiz Rosli #718","+60180000719","Mont Kiara Pavilion",4566,4142,104.3,"Tier 4: High Risk DSR",0
"LEAD-10721","Ahmad Kumar #721","+60130000722","Subang Parksuites",4677,4199,103.2,"Tier 4: High Risk DSR",0
"LEAD-10724","Tan Faizal #724","+60160000725","Mont Kiara Pavilion",4788,4256,102.2,"Tier 4: High Risk DSR",0
"LEAD-10727","Farhan Hassan #727","+60190000728","Subang Parksuites",4899,4313,101.2,"Tier 4: High Risk DSR",0
"LEAD-10730","Jason Subramaniam #730","+60140000731","Mont Kiara Pavilion",5010,4370,100.3,"Tier 4: High Risk DSR",0
"LEAD-10733","Amir Goh #733","+60170000734","Subang Parksuites",5121,4427,99.4,"Tier 4: High Risk DSR",0
"LEAD-10736","Devi Hariz #736","+60120000737","Mont Kiara Pavilion",5232,4484,98.5,"Tier 4: High Risk DSR",0
"LEAD-10739","Grace Wei Lun #739","+60150000740","Subang Parksuites",5343,1041,22.4,"Tier 2: Qualified Bank Loan",349609
"LEAD-10742","Nurul Ibrahim #742","+60180000743","Mont Kiara Pavilion",5454,1098,23.1,"Tier 2: Qualified Bank Loan",349798
"LEAD-10745","Santhi Chen #745","+60130000746","Subang Parksuites",5565,1155,23.9,"Tier 2: Qualified Bank Loan",349986
"LEAD-10748","Sarah Nordin #748","+60160000749","Mont Kiara Pavilion",5676,1212,24.5,"Tier 2: Qualified Bank Loan",350174
"LEAD-10751","Siti Osman #751","+60190000752","Subang Parksuites",5787,1269,25.2,"Tier 2: Qualified Bank Loan",350363
"LEAD-10754","Syed Aini #754","+60140000755","Mont Kiara Pavilion",5898,1326,25.8,"Tier 2: Qualified Bank Loan",350551
"LEAD-10757","Azman Razif #757","+60170000758","Subang Parksuites",6009,1383,26.5,"Tier 2: Qualified Bank Loan",350740
"LEAD-10760","Muhammad Lee #760","+60120000761","Mont Kiara Pavilion",6120,1440,27,"Tier 2: Qualified Bank Loan",350928
"LEAD-10763","Wong Zulkifli #763","+60150000764","Subang Parksuites",6231,1497,27.6,"Tier 2: Qualified Bank Loan",351116
"LEAD-10766","Mohd Rosli #766","+60180000767","Mont Kiara Pavilion",6342,1554,28.2,"Tier 2: Qualified Bank Loan",351305
"LEAD-10769","Kevin Kumar #769","+60130000770","Subang Parksuites",6453,1611,28.7,"Tier 2: Qualified Bank Loan",351493
"LEAD-10772","Razif Faizal #772","+60160000773","Mont Kiara Pavilion",6564,1668,29.2,"Tier 1: Pre-Approved LPPSA/Bank",351682
"LEAD-10775","Chong Hassan #775","+60190000776","Subang Parksuites",6675,1725,29.7,"Tier 1: Pre-Approved LPPSA/Bank",351870
"LEAD-10778","Hafiz Subramaniam #778","+60140000779","Mont Kiara Pavilion",6786,1782,30.2,"Tier 1: Pre-Approved LPPSA/Bank",352058
"LEAD-10781","Ahmad Goh #781","+60170000782","Subang Parksuites",6897,1839,30.6,"Tier 1: Pre-Approved LPPSA/Bank",352247
"LEAD-10784","Tan Hariz #784","+60120000785","Mont Kiara Pavilion",7008,1896,31.1,"Tier 1: Pre-Approved LPPSA/Bank",352435
"LEAD-10787","Farhan Wei Lun #787","+60150000788","Subang Parksuites",7119,1953,31.5,"Tier 1: Pre-Approved LPPSA/Bank",352624
"LEAD-10790","Jason Ibrahim #790","+60180000791","Mont Kiara Pavilion",7230,2010,32,"Tier 1: Pre-Approved LPPSA/Bank",352812
"LEAD-10793","Amir Chen #793","+60130000794","Subang Parksuites",7341,2067,32.4,"Tier 1: Pre-Approved LPPSA/Bank",353000
"LEAD-10796","Devi Nordin #796","+60160000797","Mont Kiara Pavilion",7452,2124,32.8,"Tier 1: Pre-Approved LPPSA/Bank",353189
"LEAD-10799","Grace Osman #799","+60190000800","Subang Parksuites",7563,2181,33.1,"Tier 1: Pre-Approved LPPSA/Bank",353377
"LEAD-10802","Nurul Aini #802","+60140000803","Mont Kiara Pavilion",7674,2238,33.5,"Tier 1: Pre-Approved LPPSA/Bank",353566
"LEAD-10805","Santhi Razif #805","+60170000806","Subang Parksuites",7785,2295,33.9,"Tier 1: Pre-Approved LPPSA/Bank",353754
"LEAD-10808","Sarah Lee #808","+60120000809","Mont Kiara Pavilion",7896,2352,34.2,"Tier 1: Pre-Approved LPPSA/Bank",353942
"LEAD-10811","Siti Zulkifli #811","+60150000812","Subang Parksuites",8007,2409,34.6,"Tier 1: Pre-Approved LPPSA/Bank",354131
"LEAD-10814","Syed Rosli #814","+60180000815","Mont Kiara Pavilion",8118,2466,34.9,"Tier 1: Pre-Approved LPPSA/Bank",354319
"LEAD-10817","Azman Kumar #817","+60130000818","Subang Parksuites",8229,2523,35.2,"Tier 1: Pre-Approved LPPSA/Bank",354508
"LEAD-10820","Muhammad Faizal #820","+60160000821","Mont Kiara Pavilion",8340,2580,35.6,"Tier 1: Pre-Approved LPPSA/Bank",354696
"LEAD-10823","Wong Hassan #823","+60190000824","Subang Parksuites",8451,2637,35.9,"Tier 1: Pre-Approved LPPSA/Bank",354884
"LEAD-10826","Mohd Subramaniam #826","+60140000827","Mont Kiara Pavilion",8562,2694,36.2,"Tier 1: Pre-Approved LPPSA/Bank",355073
"LEAD-10829","Kevin Goh #829","+60170000830","Subang Parksuites",8673,2751,36.5,"Tier 1: Pre-Approved LPPSA/Bank",355261
"LEAD-10832","Razif Hariz #832","+60120000833","Mont Kiara Pavilion",8784,2808,36.7,"Tier 1: Pre-Approved LPPSA/Bank",355450
"LEAD-10835","Chong Wei Lun #835","+60150000836","Subang Parksuites",8895,2865,37,"Tier 1: Pre-Approved LPPSA/Bank",355638
"LEAD-10838","Hafiz Ibrahim #838","+60180000839","Mont Kiara Pavilion",9006,2922,37.3,"Tier 1: Pre-Approved LPPSA/Bank",355826
"LEAD-10841","Ahmad Chen #841","+60130000842","Subang Parksuites",9117,2979,37.6,"Tier 1: Pre-Approved LPPSA/Bank",356015
"LEAD-10844","Tan Nordin #844","+60160000845","Mont Kiara Pavilion",9228,3036,37.8,"Tier 1: Pre-Approved LPPSA/Bank",356203
"LEAD-10847","Farhan Osman #847","+60190000848","Subang Parksuites",9339,3093,38.1,"Tier 1: Pre-Approved LPPSA/Bank",356392
"LEAD-10850","Jason Aini #850","+60140000851","Mont Kiara Pavilion",9450,3150,38.3,"Tier 1: Pre-Approved LPPSA/Bank",356580
"LEAD-10853","Amir Razif #853","+60170000854","Subang Parksuites",9561,3207,38.6,"Tier 1: Pre-Approved LPPSA/Bank",356768
"LEAD-10856","Devi Lee #856","+60120000857","Mont Kiara Pavilion",9672,3264,38.8,"Tier 1: Pre-Approved LPPSA/Bank",356957
"LEAD-10859","Grace Zulkifli #859","+60150000860","Subang Parksuites",9783,3321,39,"Tier 1: Pre-Approved LPPSA/Bank",357145
"LEAD-10862","Nurul Rosli #862","+60180000863","Mont Kiara Pavilion",9894,3378,39.2,"Tier 1: Pre-Approved LPPSA/Bank",357334
"LEAD-10865","Santhi Kumar #865","+60130000866","Subang Parksuites",10005,3435,39.5,"Tier 1: Pre-Approved LPPSA/Bank",357522
"LEAD-10868","Sarah Faizal #868","+60160000869","Mont Kiara Pavilion",10116,3492,39.7,"Tier 1: Pre-Approved LPPSA/Bank",357710
"LEAD-10871","Siti Hassan #871","+60190000872","Subang Parksuites",10227,3549,39.9,"Tier 1: Pre-Approved LPPSA/Bank",357899
"LEAD-10874","Syed Subramaniam #874","+60140000875","Mont Kiara Pavilion",10338,3606,40.1,"Tier 1: Pre-Approved LPPSA/Bank",358087
"LEAD-10877","Azman Goh #877","+60170000878","Subang Parksuites",10449,3663,40.3,"Tier 1: Pre-Approved LPPSA/Bank",358276
"LEAD-10880","Muhammad Hariz #880","+60120000881","Mont Kiara Pavilion",10560,3720,40.5,"Tier 1: Pre-Approved LPPSA/Bank",358464
"LEAD-10883","Wong Wei Lun #883","+60150000884","Subang Parksuites",10671,3777,40.7,"Tier 1: Pre-Approved LPPSA/Bank",358652
"LEAD-10886","Mohd Ibrahim #886","+60180000887","Mont Kiara Pavilion",10782,3834,40.9,"Tier 1: Pre-Approved LPPSA/Bank",358841
"LEAD-10889","Kevin Chen #889","+60130000890","Subang Parksuites",10893,3891,41.1,"Tier 1: Pre-Approved LPPSA/Bank",359029
"LEAD-10892","Razif Nordin #892","+60160000893","Mont Kiara Pavilion",11004,3948,41.2,"Tier 1: Pre-Approved LPPSA/Bank",359218
"LEAD-10895","Chong Osman #895","+60190000896","Subang Parksuites",11115,4005,41.4,"Tier 1: Pre-Approved LPPSA/Bank",359406
"LEAD-10898","Hafiz Aini #898","+60140000899","Mont Kiara Pavilion",11226,4062,41.6,"Tier 1: Pre-Approved LPPSA/Bank",359594
"LEAD-10901","Ahmad Razif #901","+60170000902","Subang Parksuites",11337,4119,41.8,"Tier 1: Pre-Approved LPPSA/Bank",359783
"LEAD-10904","Tan Lee #904","+60120000905","Mont Kiara Pavilion",11448,4176,41.9,"Tier 1: Pre-Approved LPPSA/Bank",359971
"LEAD-10907","Farhan Zulkifli #907","+60150000908","Subang Parksuites",11559,4233,42.1,"Tier 1: Pre-Approved LPPSA/Bank",360160
"LEAD-10910","Jason Rosli #910","+60180000911","Mont Kiara Pavilion",11670,4290,42.3,"Tier 1: Pre-Approved LPPSA/Bank",360348
"LEAD-10913","Amir Kumar #913","+60130000914","Subang Parksuites",11781,4347,42.4,"Tier 1: Pre-Approved LPPSA/Bank",360536
"LEAD-10916","Devi Faizal #916","+60160000917","Mont Kiara Pavilion",11892,4404,42.6,"Tier 1: Pre-Approved LPPSA/Bank",360725
"LEAD-10919","Grace Hassan #919","+60190000920","Subang Parksuites",3503,4461,146.4,"Tier 4: High Risk DSR",0
"LEAD-10922","Nurul Subramaniam #922","+60140000923","Mont Kiara Pavilion",3614,1018,32.4,"Tier 3: Joint Loan Needed",173702
"LEAD-10925","Santhi Goh #925","+60170000926","Subang Parksuites",3725,1075,33.2,"Tier 3: Joint Loan Needed",173890
"LEAD-10928","Sarah Hariz #928","+60120000929","Mont Kiara Pavilion",3836,1132,33.9,"Tier 3: Joint Loan Needed",174078
"LEAD-10931","Siti Wei Lun #931","+60150000932","Subang Parksuites",3947,1189,34.6,"Tier 3: Joint Loan Needed",174267
"LEAD-10934","Syed Ibrahim #934","+60180000935","Mont Kiara Pavilion",4058,1246,35.3,"Tier 3: Joint Loan Needed",174455
"LEAD-10937","Azman Chen #937","+60130000938","Subang Parksuites",4169,1303,35.9,"Tier 3: Joint Loan Needed",174644
"LEAD-10940","Muhammad Nordin #940","+60160000941","Mont Kiara Pavilion",4280,1360,36.5,"Tier 3: Joint Loan Needed",174832
"LEAD-10943","Wong Osman #943","+60190000944","Subang Parksuites",4391,1417,37.1,"Tier 3: Joint Loan Needed",175020
"LEAD-10946","Mohd Aini #946","+60140000947","Mont Kiara Pavilion",4502,1474,37.6,"Tier 2: Qualified Bank Loan",175209
"LEAD-10949","Kevin Razif #949","+60170000950","Subang Parksuites",4613,1531,38.1,"Tier 2: Qualified Bank Loan",175397
"LEAD-10952","Razif Lee #952","+60120000953","Mont Kiara Pavilion",4724,1588,38.6,"Tier 2: Qualified Bank Loan",175586
"LEAD-10955","Chong Zulkifli #955","+60150000956","Subang Parksuites",4835,1645,39.1,"Tier 2: Qualified Bank Loan",175774
"LEAD-10958","Hafiz Rosli #958","+60180000959","Mont Kiara Pavilion",4946,1702,39.6,"Tier 2: Qualified Bank Loan",175962
"LEAD-10961","Ahmad Kumar #961","+60130000962","Subang Parksuites",5057,1759,40,"Tier 2: Qualified Bank Loan",176151
"LEAD-10964","Tan Faizal #964","+60160000965","Mont Kiara Pavilion",5168,1816,40.4,"Tier 2: Qualified Bank Loan",176339
"LEAD-10967","Farhan Hassan #967","+60190000968","Subang Parksuites",5279,1873,40.8,"Tier 2: Qualified Bank Loan",176528
"LEAD-10970","Jason Subramaniam #970","+60140000971","Mont Kiara Pavilion",5390,1930,41.2,"Tier 2: Qualified Bank Loan",176716
"LEAD-10973","Amir Goh #973","+60170000974","Subang Parksuites",5501,1987,41.5,"Tier 2: Qualified Bank Loan",176904
"LEAD-10976","Devi Hariz #976","+60120000977","Mont Kiara Pavilion",5612,2044,41.9,"Tier 2: Qualified Bank Loan",177093
"LEAD-10979","Grace Wei Lun #979","+60150000980","Subang Parksuites",5723,2101,42.2,"Tier 2: Qualified Bank Loan",177281
"LEAD-10982","Nurul Ibrahim #982","+60180000983","Mont Kiara Pavilion",5834,2158,42.5,"Tier 2: Qualified Bank Loan",177470
"LEAD-10985","Santhi Chen #985","+60130000986","Subang Parksuites",5945,2215,42.8,"Tier 2: Qualified Bank Loan",177658
"LEAD-10988","Sarah Nordin #988","+60160000989","Mont Kiara Pavilion",6056,2272,43.1,"Tier 2: Qualified Bank Loan",177846
"LEAD-10991","Siti Osman #991","+60190000992","Subang Parksuites",6167,2329,43.4,"Tier 2: Qualified Bank Loan",178035
"LEAD-10994","Syed Aini #994","+60140000995","Mont Kiara Pavilion",6278,2386,43.7,"Tier 2: Qualified Bank Loan",178223
"LEAD-10997","Azman Razif #997","+60170000998","Subang Parksuites",6389,2443,44,"Tier 2: Qualified Bank Loan",178412
"LEAD-11000","Muhammad Lee #1000","+60120001001","Mont Kiara Pavilion",6500,2500,44.2,"Tier 1: Pre-Approved LPPSA/Bank",178600
"LEAD-11003","Wong Zulkifli #1003","+60150001004","Subang Parksuites",6611,2557,44.5,"Tier 1: Pre-Approved LPPSA/Bank",178788
"LEAD-11006","Mohd Rosli #1006","+60180001007","Mont Kiara Pavilion",6722,2614,44.7,"Tier 1: Pre-Approved LPPSA/Bank",178977
"LEAD-11009","Kevin Kumar #1009","+60130001010","Subang Parksuites",6833,2671,44.9,"Tier 1: Pre-Approved LPPSA/Bank",179165
"LEAD-11012","Razif Faizal #1012","+60160001013","Mont Kiara Pavilion",6944,2728,45.2,"Tier 2: Qualified Bank Loan",179354
"LEAD-11015","Chong Hassan #1015","+60190001016","Subang Parksuites",7055,2785,45.4,"Tier 2: Qualified Bank Loan",179542
"LEAD-11018","Hafiz Subramaniam #1018","+60140001019","Mont Kiara Pavilion",7166,2842,45.6,"Tier 2: Qualified Bank Loan",179730
"LEAD-11021","Ahmad Goh #1021","+60170001022","Subang Parksuites",7277,2899,45.8,"Tier 2: Qualified Bank Loan",179919
"LEAD-11024","Tan Hariz #1024","+60120001025","Mont Kiara Pavilion",7388,2956,46,"Tier 2: Qualified Bank Loan",180107
"LEAD-11027","Farhan Wei Lun #1027","+60150001028","Subang Parksuites",7499,3013,46.2,"Tier 2: Qualified Bank Loan",180296
"LEAD-11030","Jason Ibrahim #1030","+60180001031","Mont Kiara Pavilion",7610,3070,46.4,"Tier 2: Qualified Bank Loan",180484
"LEAD-11033","Amir Chen #1033","+60130001034","Subang Parksuites",7721,3127,46.6,"Tier 2: Qualified Bank Loan",180672
"LEAD-11036","Devi Nordin #1036","+60160001037","Mont Kiara Pavilion",7832,3184,46.7,"Tier 2: Qualified Bank Loan",180861
"LEAD-11039","Grace Osman #1039","+60190001040","Subang Parksuites",7943,3241,46.9,"Tier 2: Qualified Bank Loan",181049
"LEAD-11042","Nurul Aini #1042","+60140001043","Mont Kiara Pavilion",8054,3298,47.1,"Tier 2: Qualified Bank Loan",181238
"LEAD-11045","Santhi Razif #1045","+60170001046","Subang Parksuites",8165,3355,47.2,"Tier 2: Qualified Bank Loan",181426
"LEAD-11048","Sarah Lee #1048","+60120001049","Mont Kiara Pavilion",8276,3412,47.4,"Tier 2: Qualified Bank Loan",181614
"LEAD-11051","Siti Zulkifli #1051","+60150001052","Subang Parksuites",8387,3469,47.5,"Tier 2: Qualified Bank Loan",181803
"LEAD-11054","Syed Rosli #1054","+60180001055","Mont Kiara Pavilion",8498,3526,47.7,"Tier 2: Qualified Bank Loan",181991
"LEAD-11057","Azman Kumar #1057","+60130001058","Subang Parksuites",8609,3583,47.8,"Tier 2: Qualified Bank Loan",182180
"LEAD-11060","Muhammad Faizal #1060","+60160001061","Mont Kiara Pavilion",8720,3640,48,"Tier 2: Qualified Bank Loan",182368
"LEAD-11063","Wong Hassan #1063","+60190001064","Subang Parksuites",8831,3697,48.1,"Tier 2: Qualified Bank Loan",182556
"LEAD-11066","Mohd Subramaniam #1066","+60140001067","Mont Kiara Pavilion",8942,3754,48.3,"Tier 2: Qualified Bank Loan",182745
"LEAD-11069","Kevin Goh #1069","+60170001070","Subang Parksuites",9053,3811,48.4,"Tier 2: Qualified Bank Loan",182933
"LEAD-11072","Razif Hariz #1072","+60120001073","Mont Kiara Pavilion",9164,3868,48.5,"Tier 2: Qualified Bank Loan",183122
"LEAD-11075","Chong Wei Lun #1075","+60150001076","Subang Parksuites",9275,3925,48.6,"Tier 2: Qualified Bank Loan",183310
"LEAD-11078","Hafiz Ibrahim #1078","+60180001079","Mont Kiara Pavilion",9386,3982,48.8,"Tier 2: Qualified Bank Loan",183498
"LEAD-11081","Ahmad Chen #1081","+60130001082","Subang Parksuites",9497,4039,48.9,"Tier 2: Qualified Bank Loan",183687
"LEAD-11084","Tan Nordin #1084","+60160001085","Mont Kiara Pavilion",9608,4096,49,"Tier 2: Qualified Bank Loan",183875
"LEAD-11087","Farhan Osman #1087","+60190001088","Subang Parksuites",9719,4153,49.1,"Tier 2: Qualified Bank Loan",184064
"LEAD-11090","Jason Aini #1090","+60140001091","Mont Kiara Pavilion",9830,4210,49.2,"Tier 2: Qualified Bank Loan",184252
"LEAD-11093","Amir Razif #1093","+60170001094","Subang Parksuites",9941,4267,49.3,"Tier 2: Qualified Bank Loan",184440
"LEAD-11096","Devi Lee #1096","+60120001097","Mont Kiara Pavilion",10052,4324,49.4,"Tier 2: Qualified Bank Loan",184629
"LEAD-11099","Grace Zulkifli #1099","+60150001100","Subang Parksuites",10163,4381,49.5,"Tier 2: Qualified Bank Loan",184817
"LEAD-11102","Nurul Rosli #1102","+60180001103","Mont Kiara Pavilion",10274,4438,49.7,"Tier 2: Qualified Bank Loan",185006
"LEAD-11105","Santhi Kumar #1105","+60130001106","Subang Parksuites",10385,4495,49.8,"Tier 2: Qualified Bank Loan",185194
"LEAD-11108","Sarah Faizal #1108","+60160001109","Mont Kiara Pavilion",10496,1052,11.5,"Tier 1: Pre-Approved LPPSA/Bank",885382
"LEAD-11111","Siti Hassan #1111","+60190001112","Subang Parksuites",10607,1109,12,"Tier 1: Pre-Approved LPPSA/Bank",885571
"LEAD-11114","Syed Subramaniam #1114","+60140001115","Mont Kiara Pavilion",10718,1166,12.5,"Tier 1: Pre-Approved LPPSA/Bank",885759
"LEAD-11117","Azman Goh #1117","+60170001118","Subang Parksuites",10829,1223,13,"Tier 1: Pre-Approved LPPSA/Bank",885948
"LEAD-11120","Muhammad Hariz #1120","+60120001121","Mont Kiara Pavilion",10940,1280,13.4,"Tier 1: Pre-Approved LPPSA/Bank",886136
"LEAD-11123","Wong Wei Lun #1123","+60150001124","Subang Parksuites",11051,1337,13.9,"Tier 1: Pre-Approved LPPSA/Bank",886324
"LEAD-11126","Mohd Ibrahim #1126","+60180001127","Mont Kiara Pavilion",11162,1394,14.4,"Tier 1: Pre-Approved LPPSA/Bank",886513
"LEAD-11129","Kevin Chen #1129","+60130001130","Subang Parksuites",11273,1451,14.8,"Tier 1: Pre-Approved LPPSA/Bank",886701
"LEAD-11132","Razif Nordin #1132","+60160001133","Mont Kiara Pavilion",11384,1508,15.2,"Tier 1: Pre-Approved LPPSA/Bank",886890
"LEAD-11135","Chong Osman #1135","+60190001136","Subang Parksuites",11495,1565,15.6,"Tier 1: Pre-Approved LPPSA/Bank",887078
"LEAD-11138","Hafiz Aini #1138","+60140001139","Mont Kiara Pavilion",11606,1622,16.1,"Tier 1: Pre-Approved LPPSA/Bank",887266
"LEAD-11141","Ahmad Razif #1141","+60170001142","Subang Parksuites",11717,1679,16.5,"Tier 1: Pre-Approved LPPSA/Bank",887455
"LEAD-11144","Tan Lee #1144","+60120001145","Mont Kiara Pavilion",11828,1736,16.9,"Tier 1: Pre-Approved LPPSA/Bank",887643
"LEAD-11147","Farhan Zulkifli #1147","+60150001148","Subang Parksuites",11939,1793,17.3,"Tier 1: Pre-Approved LPPSA/Bank",887832
"LEAD-11150","Jason Rosli #1150","+60180001151","Mont Kiara Pavilion",3550,1850,59.9,"Tier 3: Joint Loan Needed",620
"LEAD-11153","Amir Kumar #1153","+60130001154","Subang Parksuites",3661,1907,59.9,"Tier 3: Joint Loan Needed",808
"LEAD-11156","Devi Faizal #1156","+60160001157","Mont Kiara Pavilion",3772,1964,59.8,"Tier 3: Joint Loan Needed",997
"LEAD-11159","Grace Hassan #1159","+60190001160","Subang Parksuites",3883,2021,59.8,"Tier 3: Joint Loan Needed",1185
"LEAD-11162","Nurul Subramaniam #1162","+60140001163","Mont Kiara Pavilion",3994,2078,59.8,"Tier 3: Joint Loan Needed",1374
"LEAD-11165","Santhi Goh #1165","+60170001166","Subang Parksuites",4105,2135,59.8,"Tier 3: Joint Loan Needed",1562
"LEAD-11168","Sarah Hariz #1168","+60120001169","Mont Kiara Pavilion",4216,2192,59.8,"Tier 3: Joint Loan Needed",1750
"LEAD-11171","Siti Wei Lun #1171","+60150001172","Subang Parksuites",4327,2249,59.7,"Tier 3: Joint Loan Needed",1939
"LEAD-11174","Syed Ibrahim #1174","+60180001175","Mont Kiara Pavilion",4438,2306,59.7,"Tier 3: Joint Loan Needed",2127
"LEAD-11177","Azman Chen #1177","+60130001178","Subang Parksuites",4549,2363,59.7,"Tier 2: Qualified Bank Loan",2316
"LEAD-11180","Muhammad Nordin #1180","+60160001181","Mont Kiara Pavilion",4660,2420,59.7,"Tier 2: Qualified Bank Loan",2504
"LEAD-11183","Wong Osman #1183","+60190001184","Subang Parksuites",4771,2477,59.7,"Tier 2: Qualified Bank Loan",2692
"LEAD-11186","Mohd Aini #1186","+60140001187","Mont Kiara Pavilion",4882,2534,59.7,"Tier 2: Qualified Bank Loan",2881
"LEAD-11189","Kevin Razif #1189","+60170001190","Subang Parksuites",4993,2591,59.6,"Tier 2: Qualified Bank Loan",3069
"LEAD-11192","Razif Lee #1192","+60120001193","Mont Kiara Pavilion",5104,2648,59.6,"Tier 2: Qualified Bank Loan",3258
"LEAD-11195","Chong Zulkifli #1195","+60150001196","Subang Parksuites",5215,2705,59.6,"Tier 2: Qualified Bank Loan",3446
"LEAD-11198","Hafiz Rosli #1198","+60180001199","Mont Kiara Pavilion",5326,2762,59.6,"Tier 2: Qualified Bank Loan",3634
"LEAD-11201","Ahmad Kumar #1201","+60130001202","Subang Parksuites",5437,2819,59.6,"Tier 2: Qualified Bank Loan",3823
"LEAD-11204","Tan Faizal #1204","+60160001205","Mont Kiara Pavilion",5548,2876,59.6,"Tier 2: Qualified Bank Loan",4011
"LEAD-11207","Farhan Hassan #1207","+60190001208","Subang Parksuites",5659,2933,59.6,"Tier 2: Qualified Bank Loan",4200
"LEAD-11210","Jason Subramaniam #1210","+60140001211","Mont Kiara Pavilion",5770,2990,59.6,"Tier 2: Qualified Bank Loan",4388
"LEAD-11213","Amir Goh #1213","+60170001214","Subang Parksuites",5881,3047,59.6,"Tier 2: Qualified Bank Loan",4576
"LEAD-11216","Devi Hariz #1216","+60120001217","Mont Kiara Pavilion",5992,3104,59.5,"Tier 2: Qualified Bank Loan",4765
"LEAD-11219","Grace Wei Lun #1219","+60150001220","Subang Parksuites",6103,3161,59.5,"Tier 2: Qualified Bank Loan",4953
"LEAD-11222","Nurul Ibrahim #1222","+60180001223","Mont Kiara Pavilion",6214,3218,59.5,"Tier 2: Qualified Bank Loan",5142
"LEAD-11225","Santhi Chen #1225","+60130001226","Subang Parksuites",6325,3275,59.5,"Tier 2: Qualified Bank Loan",5330
"LEAD-11228","Sarah Nordin #1228","+60160001229","Mont Kiara Pavilion",6436,3332,59.5,"Tier 2: Qualified Bank Loan",5518
"LEAD-11231","Siti Osman #1231","+60190001232","Subang Parksuites",6547,3389,59.5,"Tier 2: Qualified Bank Loan",5707
"LEAD-11234","Syed Aini #1234","+60140001235","Mont Kiara Pavilion",6658,3446,59.5,"Tier 2: Qualified Bank Loan",5895
"LEAD-11237","Azman Razif #1237","+60170001238","Subang Parksuites",6769,3503,59.5,"Tier 2: Qualified Bank Loan",6084
"LEAD-11240","Muhammad Lee #1240","+60120001241","Mont Kiara Pavilion",6880,3560,59.5,"Tier 2: Qualified Bank Loan",6272
"LEAD-11243","Wong Zulkifli #1243","+60150001244","Subang Parksuites",6991,3617,59.5,"Tier 2: Qualified Bank Loan",6460
"LEAD-11246","Mohd Rosli #1246","+60180001247","Mont Kiara Pavilion",7102,3674,59.5,"Tier 2: Qualified Bank Loan",6649
"LEAD-11249","Kevin Kumar #1249","+60130001250","Subang Parksuites",7213,3731,59.5,"Tier 2: Qualified Bank Loan",6837
"LEAD-11252","Razif Faizal #1252","+60160001253","Mont Kiara Pavilion",7324,3788,59.4,"Tier 2: Qualified Bank Loan",7026
"LEAD-11255","Chong Hassan #1255","+60190001256","Subang Parksuites",7435,3845,59.4,"Tier 2: Qualified Bank Loan",7214
"LEAD-11258","Hafiz Subramaniam #1258","+60140001259","Mont Kiara Pavilion",7546,3902,59.4,"Tier 2: Qualified Bank Loan",7402
"LEAD-11261","Ahmad Goh #1261","+60170001262","Subang Parksuites",7657,3959,59.4,"Tier 2: Qualified Bank Loan",7591
"LEAD-11264","Tan Hariz #1264","+60120001265","Mont Kiara Pavilion",7768,4016,59.4,"Tier 2: Qualified Bank Loan",7779
"LEAD-11267","Farhan Wei Lun #1267","+60150001268","Subang Parksuites",7879,4073,59.4,"Tier 2: Qualified Bank Loan",7968
"LEAD-11270","Jason Ibrahim #1270","+60180001271","Mont Kiara Pavilion",7990,4130,59.4,"Tier 2: Qualified Bank Loan",8156
"LEAD-11273","Amir Chen #1273","+60130001274","Subang Parksuites",8101,4187,59.4,"Tier 2: Qualified Bank Loan",8344
"LEAD-11276","Devi Nordin #1276","+60160001277","Mont Kiara Pavilion",8212,4244,59.4,"Tier 2: Qualified Bank Loan",8533
"LEAD-11279","Grace Osman #1279","+60190001280","Subang Parksuites",8323,4301,59.4,"Tier 2: Qualified Bank Loan",8721
"LEAD-11282","Nurul Aini #1282","+60140001283","Mont Kiara Pavilion",8434,4358,59.4,"Tier 2: Qualified Bank Loan",8910
"LEAD-11285","Santhi Razif #1285","+60170001286","Subang Parksuites",8545,4415,59.4,"Tier 2: Qualified Bank Loan",9098
"LEAD-11288","Sarah Lee #1288","+60120001289","Mont Kiara Pavilion",8656,4472,59.4,"Tier 2: Qualified Bank Loan",9286
"LEAD-11291","Siti Zulkifli #1291","+60150001292","Subang Parksuites",8767,1029,13.5,"Tier 1: Pre-Approved LPPSA/Bank",709475
"LEAD-11294","Syed Rosli #1294","+60180001295","Mont Kiara Pavilion",8878,1086,14.1,"Tier 1: Pre-Approved LPPSA/Bank",709663
"LEAD-11297","Azman Kumar #1297","+60130001298","Subang Parksuites",8989,1143,14.6,"Tier 1: Pre-Approved LPPSA/Bank",709852
"LEAD-11300","Muhammad Faizal #1300","+60160001301","Mont Kiara Pavilion",9100,1200,15.2,"Tier 1: Pre-Approved LPPSA/Bank",710040
"LEAD-11303","Wong Hassan #1303","+60190001304","Subang Parksuites",9211,1257,15.7,"Tier 1: Pre-Approved LPPSA/Bank",710228
"LEAD-11306","Mohd Subramaniam #1306","+60140001307","Mont Kiara Pavilion",9322,1314,16.2,"Tier 1: Pre-Approved LPPSA/Bank",710417
"LEAD-11309","Kevin Goh #1309","+60170001310","Subang Parksuites",9433,1371,16.7,"Tier 1: Pre-Approved LPPSA/Bank",710605
"LEAD-11312","Razif Hariz #1312","+60120001313","Mont Kiara Pavilion",9544,1428,17.2,"Tier 1: Pre-Approved LPPSA/Bank",710794
"LEAD-11315","Chong Wei Lun #1315","+60150001316","Subang Parksuites",9655,1485,17.7,"Tier 1: Pre-Approved LPPSA/Bank",710982
"LEAD-11318","Hafiz Ibrahim #1318","+60180001319","Mont Kiara Pavilion",9766,1542,18.1,"Tier 1: Pre-Approved LPPSA/Bank",711170
"LEAD-11321","Ahmad Chen #1321","+60130001322","Subang Parksuites",9877,1599,18.6,"Tier 1: Pre-Approved LPPSA/Bank",711359
"LEAD-11324","Tan Nordin #1324","+60160001325","Mont Kiara Pavilion",9988,1656,19.1,"Tier 1: Pre-Approved LPPSA/Bank",711547
"LEAD-11327","Farhan Osman #1327","+60190001328","Subang Parksuites",10099,1713,19.5,"Tier 1: Pre-Approved LPPSA/Bank",711736
"LEAD-11330","Jason Aini #1330","+60140001331","Mont Kiara Pavilion",10210,1770,19.9,"Tier 1: Pre-Approved LPPSA/Bank",711924
"LEAD-11333","Amir Razif #1333","+60170001334","Subang Parksuites",10321,1827,20.3,"Tier 1: Pre-Approved LPPSA/Bank",712112
"LEAD-11336","Devi Lee #1336","+60120001337","Mont Kiara Pavilion",10432,1884,20.8,"Tier 1: Pre-Approved LPPSA/Bank",712301
"LEAD-11339","Grace Zulkifli #1339","+60150001340","Subang Parksuites",10543,1941,21.2,"Tier 1: Pre-Approved LPPSA/Bank",712489
"LEAD-11342","Nurul Rosli #1342","+60180001343","Mont Kiara Pavilion",10654,1998,21.6,"Tier 1: Pre-Approved LPPSA/Bank",712678
"LEAD-11345","Santhi Kumar #1345","+60130001346","Subang Parksuites",10765,2055,21.9,"Tier 1: Pre-Approved LPPSA/Bank",712866
"LEAD-11348","Sarah Faizal #1348","+60160001349","Mont Kiara Pavilion",10876,2112,22.3,"Tier 1: Pre-Approved LPPSA/Bank",713054
"LEAD-11351","Siti Hassan #1351","+60190001352","Subang Parksuites",10987,2169,22.7,"Tier 1: Pre-Approved LPPSA/Bank",713243
"LEAD-11354","Syed Subramaniam #1354","+60140001355","Mont Kiara Pavilion",11098,2226,23.1,"Tier 1: Pre-Approved LPPSA/Bank",713431
"LEAD-11357","Azman Goh #1357","+60170001358","Subang Parksuites",11209,2283,23.4,"Tier 1: Pre-Approved LPPSA/Bank",713620
"LEAD-11360","Muhammad Hariz #1360","+60120001361","Mont Kiara Pavilion",11320,2340,23.8,"Tier 1: Pre-Approved LPPSA/Bank",713808
"LEAD-11363","Wong Wei Lun #1363","+60150001364","Subang Parksuites",11431,2397,24.1,"Tier 1: Pre-Approved LPPSA/Bank",713996
"LEAD-11366","Mohd Ibrahim #1366","+60180001367","Mont Kiara Pavilion",11542,2454,24.4,"Tier 1: Pre-Approved LPPSA/Bank",714185
"LEAD-11369","Kevin Chen #1369","+60130001370","Subang Parksuites",11653,2511,24.8,"Tier 1: Pre-Approved LPPSA/Bank",714373
"LEAD-11372","Razif Nordin #1372","+60160001373","Mont Kiara Pavilion",11764,2568,25.1,"Tier 1: Pre-Approved LPPSA/Bank",714562
"LEAD-11375","Chong Osman #1375","+60190001376","Subang Parksuites",11875,2625,25.4,"Tier 1: Pre-Approved LPPSA/Bank",714750
"LEAD-11378","Hafiz Aini #1378","+60140001379","Mont Kiara Pavilion",11986,2682,25.7,"Tier 1: Pre-Approved LPPSA/Bank",714938
"LEAD-11381","Ahmad Razif #1381","+60170001382","Subang Parksuites",3597,2739,87.5,"Tier 4: High Risk DSR",0
"LEAD-11384","Tan Lee #1384","+60120001385","Mont Kiara Pavilion",3708,2796,86.7,"Tier 4: High Risk DSR",0
"LEAD-11387","Farhan Zulkifli #1387","+60150001388","Subang Parksuites",3819,2853,85.9,"Tier 4: High Risk DSR",0
"LEAD-11390","Jason Rosli #1390","+60180001391","Mont Kiara Pavilion",3930,2910,85.1,"Tier 4: High Risk DSR",0
"LEAD-11393","Amir Kumar #1393","+60130001394","Subang Parksuites",4041,2967,84.4,"Tier 4: High Risk DSR",0
"LEAD-11396","Devi Faizal #1396","+60160001397","Mont Kiara Pavilion",4152,3024,83.7,"Tier 4: High Risk DSR",0
"LEAD-11399","Grace Hassan #1399","+60190001400","Subang Parksuites",4263,3081,83.1,"Tier 4: High Risk DSR",0
"LEAD-11402","Nurul Subramaniam #1402","+60140001403","Mont Kiara Pavilion",4374,3138,82.5,"Tier 4: High Risk DSR",0
"LEAD-11405","Santhi Goh #1405","+60170001406","Subang Parksuites",4485,3195,81.9,"Tier 4: High Risk DSR",0
"LEAD-11408","Sarah Hariz #1408","+60120001409","Mont Kiara Pavilion",4596,3252,81.3,"Tier 4: High Risk DSR",0
"LEAD-11411","Siti Wei Lun #1411","+60150001412","Subang Parksuites",4707,3309,80.8,"Tier 4: High Risk DSR",0
"LEAD-11414","Syed Ibrahim #1414","+60180001415","Mont Kiara Pavilion",4818,3366,80.3,"Tier 4: High Risk DSR",0
"LEAD-11417","Azman Chen #1417","+60130001418","Subang Parksuites",4929,3423,79.8,"Tier 4: High Risk DSR",0
"LEAD-11420","Muhammad Nordin #1420","+60160001421","Mont Kiara Pavilion",5040,3480,79.4,"Tier 4: High Risk DSR",0
"LEAD-11423","Wong Osman #1423","+60190001424","Subang Parksuites",5151,3537,78.9,"Tier 4: High Risk DSR",0
"LEAD-11426","Mohd Aini #1426","+60140001427","Mont Kiara Pavilion",5262,3594,78.5,"Tier 4: High Risk DSR",0
"LEAD-11429","Kevin Razif #1429","+60170001430","Subang Parksuites",5373,3651,78.1,"Tier 4: High Risk DSR",0
"LEAD-11432","Razif Lee #1432","+60120001433","Mont Kiara Pavilion",5484,3708,77.7,"Tier 4: High Risk DSR",0
"LEAD-11435","Chong Zulkifli #1435","+60150001436","Subang Parksuites",5595,3765,77.3,"Tier 4: High Risk DSR",0
"LEAD-11438","Hafiz Rosli #1438","+60180001439","Mont Kiara Pavilion",5706,3822,77,"Tier 4: High Risk DSR",0
"LEAD-11441","Ahmad Kumar #1441","+60130001442","Subang Parksuites",5817,3879,76.6,"Tier 4: High Risk DSR",0
"LEAD-11444","Tan Faizal #1444","+60160001445","Mont Kiara Pavilion",5928,3936,76.3,"Tier 4: High Risk DSR",0
"LEAD-11447","Farhan Hassan #1447","+60190001448","Subang Parksuites",6039,3993,76,"Tier 4: High Risk DSR",0
"LEAD-11450","Jason Subramaniam #1450","+60140001451","Mont Kiara Pavilion",6150,4050,75.7,"Tier 4: High Risk DSR",0
"LEAD-11453","Amir Goh #1453","+60170001454","Subang Parksuites",6261,4107,75.4,"Tier 4: High Risk DSR",0
"LEAD-11456","Devi Hariz #1456","+60120001457","Mont Kiara Pavilion",6372,4164,75.1,"Tier 4: High Risk DSR",0
"LEAD-11459","Grace Wei Lun #1459","+60150001460","Subang Parksuites",6483,4221,74.8,"Tier 3: Joint Loan Needed",0
"LEAD-11462","Nurul Ibrahim #1462","+60180001463","Mont Kiara Pavilion",6594,4278,74.6,"Tier 3: Joint Loan Needed",0
"LEAD-11465","Santhi Chen #1465","+60130001466","Subang Parksuites",6705,4335,74.3,"Tier 3: Joint Loan Needed",0
"LEAD-11468","Sarah Nordin #1468","+60160001469","Mont Kiara Pavilion",6816,4392,74.1,"Tier 3: Joint Loan Needed",0
"LEAD-11471","Siti Osman #1471","+60190001472","Subang Parksuites",6927,4449,73.8,"Tier 3: Joint Loan Needed",0
"LEAD-11474","Syed Aini #1474","+60140001475","Mont Kiara Pavilion",7038,1006,16.4,"Tier 1: Pre-Approved LPPSA/Bank",533567
"LEAD-11477","Azman Razif #1477","+60170001478","Subang Parksuites",7149,1063,17.1,"Tier 1: Pre-Approved LPPSA/Bank",533756
"LEAD-11480","Muhammad Lee #1480","+60120001481","Mont Kiara Pavilion",7260,1120,17.7,"Tier 1: Pre-Approved LPPSA/Bank",533944
"LEAD-11483","Wong Zulkifli #1483","+60150001484","Subang Parksuites",7371,1177,18.4,"Tier 1: Pre-Approved LPPSA/Bank",534132
"LEAD-11486","Mohd Rosli #1486","+60180001487","Mont Kiara Pavilion",7482,1234,19,"Tier 1: Pre-Approved LPPSA/Bank",534321
"LEAD-11489","Kevin Kumar #1489","+60130001490","Subang Parksuites",7593,1291,19.5,"Tier 1: Pre-Approved LPPSA/Bank",534509
"LEAD-11492","Razif Faizal #1492","+60160001493","Mont Kiara Pavilion",7704,1348,20.1,"Tier 1: Pre-Approved LPPSA/Bank",534698
"LEAD-11495","Chong Hassan #1495","+60190001496","Subang Parksuites",7815,1405,20.7,"Tier 1: Pre-Approved LPPSA/Bank",534886
"LEAD-11498","Hafiz Subramaniam #1498","+60140001499","Mont Kiara Pavilion",7926,1462,21.2,"Tier 1: Pre-Approved LPPSA/Bank",535074
"LEAD-11501","Ahmad Goh #1501","+60170001502","Subang Parksuites",8037,1519,21.7,"Tier 1: Pre-Approved LPPSA/Bank",535263
"LEAD-11504","Tan Hariz #1504","+60120001505","Mont Kiara Pavilion",8148,1576,22.2,"Tier 1: Pre-Approved LPPSA/Bank",535451
"LEAD-11507","Farhan Wei Lun #1507","+60150001508","Subang Parksuites",8259,1633,22.7,"Tier 1: Pre-Approved LPPSA/Bank",535640
"LEAD-11510","Jason Ibrahim #1510","+60180001511","Mont Kiara Pavilion",8370,1690,23.2,"Tier 1: Pre-Approved LPPSA/Bank",535828
"LEAD-11513","Amir Chen #1513","+60130001514","Subang Parksuites",8481,1747,23.7,"Tier 1: Pre-Approved LPPSA/Bank",536016
"LEAD-11516","Devi Nordin #1516","+60160001517","Mont Kiara Pavilion",8592,1804,24.1,"Tier 1: Pre-Approved LPPSA/Bank",536205
"LEAD-11519","Grace Osman #1519","+60190001520","Subang Parksuites",8703,1861,24.6,"Tier 1: Pre-Approved LPPSA/Bank",536393
"LEAD-11522","Nurul Aini #1522","+60140001523","Mont Kiara Pavilion",8814,1918,25,"Tier 1: Pre-Approved LPPSA/Bank",536582
"LEAD-11525","Santhi Razif #1525","+60170001526","Subang Parksuites",8925,1975,25.4,"Tier 1: Pre-Approved LPPSA/Bank",536770
"LEAD-11528","Sarah Lee #1528","+60120001529","Mont Kiara Pavilion",9036,2032,25.8,"Tier 1: Pre-Approved LPPSA/Bank",536958
"LEAD-11531","Siti Zulkifli #1531","+60150001532","Subang Parksuites",9147,2089,26.3,"Tier 1: Pre-Approved LPPSA/Bank",537147
"LEAD-11534","Syed Rosli #1534","+60180001535","Mont Kiara Pavilion",9258,2146,26.6,"Tier 1: Pre-Approved LPPSA/Bank",537335
"LEAD-11537","Azman Kumar #1537","+60130001538","Subang Parksuites",9369,2203,27,"Tier 1: Pre-Approved LPPSA/Bank",537524
"LEAD-11540","Muhammad Faizal #1540","+60160001541","Mont Kiara Pavilion",9480,2260,27.4,"Tier 1: Pre-Approved LPPSA/Bank",537712
"LEAD-11543","Wong Hassan #1543","+60190001544","Subang Parksuites",9591,2317,27.8,"Tier 1: Pre-Approved LPPSA/Bank",537900
"LEAD-11546","Mohd Subramaniam #1546","+60140001547","Mont Kiara Pavilion",9702,2374,28.1,"Tier 1: Pre-Approved LPPSA/Bank",538089
"LEAD-11549","Kevin Goh #1549","+60170001550","Subang Parksuites",9813,2431,28.5,"Tier 1: Pre-Approved LPPSA/Bank",538277
"LEAD-11552","Razif Hariz #1552","+60120001553","Mont Kiara Pavilion",9924,2488,28.8,"Tier 1: Pre-Approved LPPSA/Bank",538466
"LEAD-11555","Chong Wei Lun #1555","+60150001556","Subang Parksuites",10035,2545,29.2,"Tier 1: Pre-Approved LPPSA/Bank",538654
"LEAD-11558","Hafiz Ibrahim #1558","+60180001559","Mont Kiara Pavilion",10146,2602,29.5,"Tier 1: Pre-Approved LPPSA/Bank",538842
"LEAD-11561","Ahmad Chen #1561","+60130001562","Subang Parksuites",10257,2659,29.8,"Tier 1: Pre-Approved LPPSA/Bank",539031
"LEAD-11564","Tan Nordin #1564","+60160001565","Mont Kiara Pavilion",10368,2716,30.1,"Tier 1: Pre-Approved LPPSA/Bank",539219
"LEAD-11567","Farhan Osman #1567","+60190001568","Subang Parksuites",10479,2773,30.4,"Tier 1: Pre-Approved LPPSA/Bank",539408
"LEAD-11570","Jason Aini #1570","+60140001571","Mont Kiara Pavilion",10590,2830,30.7,"Tier 1: Pre-Approved LPPSA/Bank",539596
"LEAD-11573","Amir Razif #1573","+60170001574","Subang Parksuites",10701,2887,31,"Tier 1: Pre-Approved LPPSA/Bank",539784
"LEAD-11576","Devi Lee #1576","+60120001577","Mont Kiara Pavilion",10812,2944,31.3,"Tier 1: Pre-Approved LPPSA/Bank",539973
"LEAD-11579","Grace Zulkifli #1579","+60150001580","Subang Parksuites",10923,3001,31.6,"Tier 1: Pre-Approved LPPSA/Bank",540161
"LEAD-11582","Nurul Rosli #1582","+60180001583","Mont Kiara Pavilion",11034,3058,31.9,"Tier 1: Pre-Approved LPPSA/Bank",540350
"LEAD-11585","Santhi Kumar #1585","+60130001586","Subang Parksuites",11145,3115,32.1,"Tier 1: Pre-Approved LPPSA/Bank",540538
"LEAD-11588","Sarah Faizal #1588","+60160001589","Mont Kiara Pavilion",11256,3172,32.4,"Tier 1: Pre-Approved LPPSA/Bank",540726
"LEAD-11591","Siti Hassan #1591","+60190001592","Subang Parksuites",11367,3229,32.7,"Tier 1: Pre-Approved LPPSA/Bank",540915
"LEAD-11594","Syed Subramaniam #1594","+60140001595","Mont Kiara Pavilion",11478,3286,32.9,"Tier 1: Pre-Approved LPPSA/Bank",541103
"LEAD-11597","Azman Goh #1597","+60170001598","Subang Parksuites",11589,3343,33.2,"Tier 1: Pre-Approved LPPSA/Bank",541292
"LEAD-11600","Muhammad Hariz #1600","+60120001601","Mont Kiara Pavilion",11700,3400,33.4,"Tier 1: Pre-Approved LPPSA/Bank",541480
"LEAD-11603","Wong Wei Lun #1603","+60150001604","Subang Parksuites",11811,3457,33.6,"Tier 1: Pre-Approved LPPSA/Bank",541668
"LEAD-11606","Mohd Ibrahim #1606","+60180001607","Mont Kiara Pavilion",11922,3514,33.9,"Tier 1: Pre-Approved LPPSA/Bank",541857
"LEAD-11609","Kevin Chen #1609","+60130001610","Subang Parksuites",3533,3571,116.2,"Tier 4: High Risk DSR",0
"LEAD-11612","Razif Nordin #1612","+60160001613","Mont Kiara Pavilion",3644,3628,114.4,"Tier 4: High Risk DSR",0
"LEAD-11615","Chong Osman #1615","+60190001616","Subang Parksuites",3755,3685,112.8,"Tier 4: High Risk DSR",0
"LEAD-11618","Hafiz Aini #1618","+60140001619","Mont Kiara Pavilion",3866,3742,111.3,"Tier 4: High Risk DSR",0
"LEAD-11621","Ahmad Razif #1621","+60170001622","Subang Parksuites",3977,3799,109.8,"Tier 4: High Risk DSR",0
"LEAD-11624","Tan Lee #1624","+60120001625","Mont Kiara Pavilion",4088,3856,108.4,"Tier 4: High Risk DSR",0
"LEAD-11627","Farhan Zulkifli #1627","+60150001628","Subang Parksuites",4199,3913,107.1,"Tier 4: High Risk DSR",0
"LEAD-11630","Jason Rosli #1630","+60180001631","Mont Kiara Pavilion",4310,3970,105.9,"Tier 4: High Risk DSR",0
"LEAD-11633","Amir Kumar #1633","+60130001634","Subang Parksuites",4421,4027,104.7,"Tier 4: High Risk DSR",0
"LEAD-11636","Devi Faizal #1636","+60160001637","Mont Kiara Pavilion",4532,4084,103.6,"Tier 4: High Risk DSR",0
"LEAD-11639","Grace Hassan #1639","+60190001640","Subang Parksuites",4643,4141,102.5,"Tier 4: High Risk DSR",0
"LEAD-11642","Nurul Subramaniam #1642","+60140001643","Mont Kiara Pavilion",4754,4198,101.5,"Tier 4: High Risk DSR",0
"LEAD-11645","Santhi Goh #1645","+60170001646","Subang Parksuites",4865,4255,100.5,"Tier 4: High Risk DSR",0
"LEAD-11648","Sarah Hariz #1648","+60120001649","Mont Kiara Pavilion",4976,4312,99.6,"Tier 4: High Risk DSR",0
"LEAD-11651","Siti Wei Lun #1651","+60150001652","Subang Parksuites",5087,4369,98.7,"Tier 4: High Risk DSR",0
"LEAD-11654","Syed Ibrahim #1654","+60180001655","Mont Kiara Pavilion",5198,4426,97.9,"Tier 4: High Risk DSR",0
"LEAD-11657","Azman Chen #1657","+60130001658","Subang Parksuites",5309,4483,97.1,"Tier 4: High Risk DSR",0
"LEAD-11660","Muhammad Nordin #1660","+60160001661","Mont Kiara Pavilion",5420,1040,22.1,"Tier 2: Qualified Bank Loan",357848
"LEAD-11663","Wong Osman #1663","+60190001664","Subang Parksuites",5531,1097,22.8,"Tier 2: Qualified Bank Loan",358036
"LEAD-11666","Mohd Aini #1666","+60140001667","Mont Kiara Pavilion",5642,1154,23.5,"Tier 2: Qualified Bank Loan",358225
"LEAD-11669","Kevin Razif #1669","+60170001670","Subang Parksuites",5753,1211,24.2,"Tier 2: Qualified Bank Loan",358413
"LEAD-11672","Razif Lee #1672","+60120001673","Mont Kiara Pavilion",5864,1268,24.9,"Tier 2: Qualified Bank Loan",358602
"LEAD-11675","Chong Zulkifli #1675","+60150001676","Subang Parksuites",5975,1325,25.5,"Tier 2: Qualified Bank Loan",358790
"LEAD-11678","Hafiz Rosli #1678","+60180001679","Mont Kiara Pavilion",6086,1382,26.1,"Tier 2: Qualified Bank Loan",358978
"LEAD-11681","Ahmad Kumar #1681","+60130001682","Subang Parksuites",6197,1439,26.7,"Tier 2: Qualified Bank Loan",359167
"LEAD-11684","Tan Faizal #1684","+60160001685","Mont Kiara Pavilion",6308,1496,27.3,"Tier 2: Qualified Bank Loan",359355
"LEAD-11687","Farhan Hassan #1687","+60190001688","Subang Parksuites",6419,1553,27.8,"Tier 2: Qualified Bank Loan",359544
"LEAD-11690","Jason Subramaniam #1690","+60140001691","Mont Kiara Pavilion",6530,1610,28.3,"Tier 1: Pre-Approved LPPSA/Bank",359732
"LEAD-11693","Amir Goh #1693","+60170001694","Subang Parksuites",6641,1667,28.9,"Tier 1: Pre-Approved LPPSA/Bank",359920
"LEAD-11696","Devi Hariz #1696","+60120001697","Mont Kiara Pavilion",6752,1724,29.3,"Tier 1: Pre-Approved LPPSA/Bank",360109
"LEAD-11699","Grace Wei Lun #1699","+60150001700","Subang Parksuites",6863,1781,29.8,"Tier 1: Pre-Approved LPPSA/Bank",360297
"LEAD-11702","Nurul Ibrahim #1702","+60180001703","Mont Kiara Pavilion",6974,1838,30.3,"Tier 1: Pre-Approved LPPSA/Bank",360486
"LEAD-11705","Santhi Chen #1705","+60130001706","Subang Parksuites",7085,1895,30.7,"Tier 1: Pre-Approved LPPSA/Bank",360674
"LEAD-11708","Sarah Nordin #1708","+60160001709","Mont Kiara Pavilion",7196,1952,31.2,"Tier 1: Pre-Approved LPPSA/Bank",360862
"LEAD-11711","Siti Osman #1711","+60190001712","Subang Parksuites",7307,2009,31.6,"Tier 1: Pre-Approved LPPSA/Bank",361051
"LEAD-11714","Syed Aini #1714","+60140001715","Mont Kiara Pavilion",7418,2066,32,"Tier 1: Pre-Approved LPPSA/Bank",361239
"LEAD-11717","Azman Razif #1717","+60170001718","Subang Parksuites",7529,2123,32.4,"Tier 1: Pre-Approved LPPSA/Bank",361428
"LEAD-11720","Muhammad Lee #1720","+60120001721","Mont Kiara Pavilion",7640,2180,32.8,"Tier 1: Pre-Approved LPPSA/Bank",361616
"LEAD-11723","Wong Zulkifli #1723","+60150001724","Subang Parksuites",7751,2237,33.2,"Tier 1: Pre-Approved LPPSA/Bank",361804
"LEAD-11726","Mohd Rosli #1726","+60180001727","Mont Kiara Pavilion",7862,2294,33.5,"Tier 1: Pre-Approved LPPSA/Bank",361993
"LEAD-11729","Kevin Kumar #1729","+60130001730","Subang Parksuites",7973,2351,33.9,"Tier 1: Pre-Approved LPPSA/Bank",362181
"LEAD-11732","Razif Faizal #1732","+60160001733","Mont Kiara Pavilion",8084,2408,34.2,"Tier 1: Pre-Approved LPPSA/Bank",362370
"LEAD-11735","Chong Hassan #1735","+60190001736","Subang Parksuites",8195,2465,34.6,"Tier 1: Pre-Approved LPPSA/Bank",362558
"LEAD-11738","Hafiz Subramaniam #1738","+60140001739","Mont Kiara Pavilion",8306,2522,34.9,"Tier 1: Pre-Approved LPPSA/Bank",362746
"LEAD-11741","Ahmad Goh #1741","+60170001742","Subang Parksuites",8417,2579,35.2,"Tier 1: Pre-Approved LPPSA/Bank",362935
"LEAD-11744","Tan Hariz #1744","+60120001745","Mont Kiara Pavilion",8528,2636,35.5,"Tier 1: Pre-Approved LPPSA/Bank",363123
"LEAD-11747","Farhan Wei Lun #1747","+60150001748","Subang Parksuites",8639,2693,35.8,"Tier 1: Pre-Approved LPPSA/Bank",363312
"LEAD-11750","Jason Ibrahim #1750","+60180001751","Mont Kiara Pavilion",8750,2750,36.1,"Tier 1: Pre-Approved LPPSA/Bank",363500
"LEAD-11753","Amir Chen #1753","+60130001754","Subang Parksuites",8861,2807,36.4,"Tier 1: Pre-Approved LPPSA/Bank",363688
"LEAD-11756","Devi Nordin #1756","+60160001757","Mont Kiara Pavilion",8972,2864,36.7,"Tier 1: Pre-Approved LPPSA/Bank",363877
"LEAD-11759","Grace Osman #1759","+60190001760","Subang Parksuites",9083,2921,37,"Tier 1: Pre-Approved LPPSA/Bank",364065
"LEAD-11762","Nurul Aini #1762","+60140001763","Mont Kiara Pavilion",9194,2978,37.2,"Tier 1: Pre-Approved LPPSA/Bank",364254
"LEAD-11765","Santhi Razif #1765","+60170001766","Subang Parksuites",9305,3035,37.5,"Tier 1: Pre-Approved LPPSA/Bank",364442
"LEAD-11768","Sarah Lee #1768","+60120001769","Mont Kiara Pavilion",9416,3092,37.7,"Tier 1: Pre-Approved LPPSA/Bank",364630
"LEAD-11771","Siti Zulkifli #1771","+60150001772","Subang Parksuites",9527,3149,38,"Tier 1: Pre-Approved LPPSA/Bank",364819
"LEAD-11774","Syed Rosli #1774","+60180001775","Mont Kiara Pavilion",9638,3206,38.2,"Tier 1: Pre-Approved LPPSA/Bank",365007
"LEAD-11777","Azman Kumar #1777","+60130001778","Subang Parksuites",9749,3263,38.5,"Tier 1: Pre-Approved LPPSA/Bank",365196
"LEAD-11780","Muhammad Faizal #1780","+60160001781","Mont Kiara Pavilion",9860,3320,38.7,"Tier 1: Pre-Approved LPPSA/Bank",365384
"LEAD-11783","Wong Hassan #1783","+60190001784","Subang Parksuites",9971,3377,38.9,"Tier 1: Pre-Approved LPPSA/Bank",365572
"LEAD-11786","Mohd Subramaniam #1786","+60140001787","Mont Kiara Pavilion",10082,3434,39.2,"Tier 1: Pre-Approved LPPSA/Bank",365761
"LEAD-11789","Kevin Goh #1789","+60170001790","Subang Parksuites",10193,3491,39.4,"Tier 1: Pre-Approved LPPSA/Bank",365949
"LEAD-11792","Razif Hariz #1792","+60120001793","Mont Kiara Pavilion",10304,3548,39.6,"Tier 1: Pre-Approved LPPSA/Bank",366138
"LEAD-11795","Chong Wei Lun #1795","+60150001796","Subang Parksuites",10415,3605,39.8,"Tier 1: Pre-Approved LPPSA/Bank",366326
"LEAD-11798","Hafiz Ibrahim #1798","+60180001799","Mont Kiara Pavilion",10526,3662,40,"Tier 1: Pre-Approved LPPSA/Bank",366514
"LEAD-11801","Ahmad Chen #1801","+60130001802","Subang Parksuites",10637,3719,40.2,"Tier 1: Pre-Approved LPPSA/Bank",366703
"LEAD-11804","Tan Nordin #1804","+60160001805","Mont Kiara Pavilion",10748,3776,40.4,"Tier 1: Pre-Approved LPPSA/Bank",366891
"LEAD-11807","Farhan Osman #1807","+60190001808","Subang Parksuites",10859,3833,40.6,"Tier 1: Pre-Approved LPPSA/Bank",367080
"LEAD-11810","Jason Aini #1810","+60140001811","Mont Kiara Pavilion",10970,3890,40.8,"Tier 1: Pre-Approved LPPSA/Bank",367268
"LEAD-11813","Amir Razif #1813","+60170001814","Subang Parksuites",11081,3947,40.9,"Tier 1: Pre-Approved LPPSA/Bank",367456
"LEAD-11816","Devi Lee #1816","+60120001817","Mont Kiara Pavilion",11192,4004,41.1,"Tier 1: Pre-Approved LPPSA/Bank",367645
"LEAD-11819","Grace Zulkifli #1819","+60150001820","Subang Parksuites",11303,4061,41.3,"Tier 1: Pre-Approved LPPSA/Bank",367833
"LEAD-11822","Nurul Rosli #1822","+60180001823","Mont Kiara Pavilion",11414,4118,41.5,"Tier 1: Pre-Approved LPPSA/Bank",368022
"LEAD-11825","Santhi Kumar #1825","+60130001826","Subang Parksuites",11525,4175,41.6,"Tier 1: Pre-Approved LPPSA/Bank",368210
"LEAD-11828","Sarah Faizal #1828","+60160001829","Mont Kiara Pavilion",11636,4232,41.8,"Tier 1: Pre-Approved LPPSA/Bank",368398
"LEAD-11831","Siti Hassan #1831","+60190001832","Subang Parksuites",11747,4289,42,"Tier 1: Pre-Approved LPPSA/Bank",368587
"LEAD-11834","Syed Subramaniam #1834","+60140001835","Mont Kiara Pavilion",11858,4346,42.1,"Tier 1: Pre-Approved LPPSA/Bank",368775
"LEAD-11837","Azman Goh #1837","+60170001838","Subang Parksuites",11969,4403,42.3,"Tier 1: Pre-Approved LPPSA/Bank",368964
"LEAD-11840","Muhammad Hariz #1840","+60120001841","Mont Kiara Pavilion",3580,4460,143.2,"Tier 4: High Risk DSR",0
"LEAD-11843","Wong Wei Lun #1843","+60150001844","Subang Parksuites",3691,1017,31.7,"Tier 3: Joint Loan Needed",181940
"LEAD-11846","Mohd Ibrahim #1846","+60180001847","Mont Kiara Pavilion",3802,1074,32.5,"Tier 3: Joint Loan Needed",182129
"LEAD-11849","Kevin Chen #1849","+60130001850","Subang Parksuites",3913,1131,33.2,"Tier 3: Joint Loan Needed",182317
"LEAD-11852","Razif Nordin #1852","+60160001853","Mont Kiara Pavilion",4024,1188,33.9,"Tier 3: Joint Loan Needed",182506
"LEAD-11855","Chong Osman #1855","+60190001856","Subang Parksuites",4135,1245,34.6,"Tier 3: Joint Loan Needed",182694
"LEAD-11858","Hafiz Aini #1858","+60140001859","Mont Kiara Pavilion",4246,1302,35.2,"Tier 3: Joint Loan Needed",182882
"LEAD-11861","Ahmad Razif #1861","+60170001862","Subang Parksuites",4357,1359,35.9,"Tier 3: Joint Loan Needed",183071
"LEAD-11864","Tan Lee #1864","+60120001865","Mont Kiara Pavilion",4468,1416,36.4,"Tier 3: Joint Loan Needed",183259
"LEAD-11867","Farhan Zulkifli #1867","+60150001868","Subang Parksuites",4579,1473,37,"Tier 2: Qualified Bank Loan",183448
"LEAD-11870","Jason Rosli #1870","+60180001871","Mont Kiara Pavilion",4690,1530,37.5,"Tier 2: Qualified Bank Loan",183636
"LEAD-11873","Amir Kumar #1873","+60130001874","Subang Parksuites",4801,1587,38,"Tier 2: Qualified Bank Loan",183824
"LEAD-11876","Devi Faizal #1876","+60160001877","Mont Kiara Pavilion",4912,1644,38.5,"Tier 2: Qualified Bank Loan",184013
"LEAD-11879","Grace Hassan #1879","+60190001880","Subang Parksuites",5023,1701,38.9,"Tier 2: Qualified Bank Loan",184201
"LEAD-11882","Nurul Subramaniam #1882","+60140001883","Mont Kiara Pavilion",5134,1758,39.4,"Tier 2: Qualified Bank Loan",184390
"LEAD-11885","Santhi Goh #1885","+60170001886","Subang Parksuites",5245,1815,39.8,"Tier 2: Qualified Bank Loan",184578
"LEAD-11888","Sarah Hariz #1888","+60120001889","Mont Kiara Pavilion",5356,1872,40.2,"Tier 2: Qualified Bank Loan",184766
"LEAD-11891","Siti Wei Lun #1891","+60150001892","Subang Parksuites",5467,1929,40.6,"Tier 2: Qualified Bank Loan",184955
"LEAD-11894","Syed Ibrahim #1894","+60180001895","Mont Kiara Pavilion",5578,1986,40.9,"Tier 2: Qualified Bank Loan",185143
"LEAD-11897","Azman Chen #1897","+60130001898","Subang Parksuites",5689,2043,41.3,"Tier 2: Qualified Bank Loan",185332
"LEAD-11900","Muhammad Nordin #1900","+60160001901","Mont Kiara Pavilion",5800,2100,41.6,"Tier 2: Qualified Bank Loan",185520
"LEAD-11903","Wong Osman #1903","+60190001904","Subang Parksuites",5911,2157,41.9,"Tier 2: Qualified Bank Loan",185708
"LEAD-11906","Mohd Aini #1906","+60140001907","Mont Kiara Pavilion",6022,2214,42.3,"Tier 2: Qualified Bank Loan",185897
"LEAD-11909","Kevin Razif #1909","+60170001910","Subang Parksuites",6133,2271,42.6,"Tier 2: Qualified Bank Loan",186085
"LEAD-11912","Razif Lee #1912","+60120001913","Mont Kiara Pavilion",6244,2328,42.9,"Tier 2: Qualified Bank Loan",186274
"LEAD-11915","Chong Zulkifli #1915","+60150001916","Subang Parksuites",6355,2385,43.1,"Tier 2: Qualified Bank Loan",186462
"LEAD-11918","Hafiz Rosli #1918","+60180001919","Mont Kiara Pavilion",6466,2442,43.4,"Tier 2: Qualified Bank Loan",186650
"LEAD-11921","Ahmad Kumar #1921","+60130001922","Subang Parksuites",6577,2499,43.7,"Tier 1: Pre-Approved LPPSA/Bank",186839
"LEAD-11924","Tan Faizal #1924","+60160001925","Mont Kiara Pavilion",6688,2556,43.9,"Tier 1: Pre-Approved LPPSA/Bank",187027
"LEAD-11927","Farhan Hassan #1927","+60190001928","Subang Parksuites",6799,2613,44.2,"Tier 1: Pre-Approved LPPSA/Bank",187216
"LEAD-11930","Jason Subramaniam #1930","+60140001931","Mont Kiara Pavilion",6910,2670,44.4,"Tier 1: Pre-Approved LPPSA/Bank",187404
"LEAD-11933","Amir Goh #1933","+60170001934","Subang Parksuites",7021,2727,44.6,"Tier 1: Pre-Approved LPPSA/Bank",187592
"LEAD-11936","Devi Hariz #1936","+60120001937","Mont Kiara Pavilion",7132,2784,44.9,"Tier 1: Pre-Approved LPPSA/Bank",187781
"LEAD-11939","Grace Wei Lun #1939","+60150001940","Subang Parksuites",7243,2841,45.1,"Tier 2: Qualified Bank Loan",187969
"LEAD-11942","Nurul Ibrahim #1942","+60180001943","Mont Kiara Pavilion",7354,2898,45.3,"Tier 2: Qualified Bank Loan",188158
"LEAD-11945","Santhi Chen #1945","+60130001946","Subang Parksuites",7465,2955,45.5,"Tier 2: Qualified Bank Loan",188346
"LEAD-11948","Sarah Nordin #1948","+60160001949","Mont Kiara Pavilion",7576,3012,45.7,"Tier 2: Qualified Bank Loan",188534
"LEAD-11951","Siti Osman #1951","+60190001952","Subang Parksuites",7687,3069,45.9,"Tier 2: Qualified Bank Loan",188723
"LEAD-11954","Syed Aini #1954","+60140001955","Mont Kiara Pavilion",7798,3126,46.1,"Tier 2: Qualified Bank Loan",188911
"LEAD-11957","Azman Razif #1957","+60170001958","Subang Parksuites",7909,3183,46.3,"Tier 2: Qualified Bank Loan",189100
"LEAD-11960","Muhammad Lee #1960","+60120001961","Mont Kiara Pavilion",8020,3240,46.4,"Tier 2: Qualified Bank Loan",189288
"LEAD-11963","Wong Zulkifli #1963","+60150001964","Subang Parksuites",8131,3297,46.6,"Tier 2: Qualified Bank Loan",189476
"LEAD-11966","Mohd Rosli #1966","+60180001967","Mont Kiara Pavilion",8242,3354,46.8,"Tier 2: Qualified Bank Loan",189665
"LEAD-11969","Kevin Kumar #1969","+60130001970","Subang Parksuites",8353,3411,46.9,"Tier 2: Qualified Bank Loan",189853
"LEAD-11972","Razif Faizal #1972","+60160001973","Mont Kiara Pavilion",8464,3468,47.1,"Tier 2: Qualified Bank Loan",190042
"LEAD-11975","Chong Hassan #1975","+60190001976","Subang Parksuites",8575,3525,47.3,"Tier 2: Qualified Bank Loan",190230
"LEAD-11978","Hafiz Subramaniam #1978","+60140001979","Mont Kiara Pavilion",8686,3582,47.4,"Tier 2: Qualified Bank Loan",190418
"LEAD-11981","Ahmad Goh #1981","+60170001982","Subang Parksuites",8797,3639,47.5,"Tier 2: Qualified Bank Loan",190607
"LEAD-11984","Tan Hariz #1984","+60120001985","Mont Kiara Pavilion",8908,3696,47.7,"Tier 2: Qualified Bank Loan",190795
"LEAD-11987","Farhan Wei Lun #1987","+60150001988","Subang Parksuites",9019,3753,47.8,"Tier 2: Qualified Bank Loan",190984
"LEAD-11990","Jason Ibrahim #1990","+60180001991","Mont Kiara Pavilion",9130,3810,48,"Tier 2: Qualified Bank Loan",191172
"LEAD-11993","Amir Chen #1993","+60130001994","Subang Parksuites",9241,3867,48.1,"Tier 2: Qualified Bank Loan",191360
"LEAD-11996","Devi Nordin #1996","+60160001997","Mont Kiara Pavilion",9352,3924,48.2,"Tier 2: Qualified Bank Loan",191549
"LEAD-11999","Grace Osman #1999","+60190002000","Subang Parksuites",9463,3981,48.4,"Tier 2: Qualified Bank Loan",191737
"LEAD-12002","Nurul Aini #2002","+60140002003","Mont Kiara Pavilion",9574,4038,48.5,"Tier 2: Qualified Bank Loan",191926
"LEAD-12005","Santhi Razif #2005","+60170002006","Subang Parksuites",9685,4095,48.6,"Tier 2: Qualified Bank Loan",192114
"LEAD-12008","Sarah Lee #2008","+60120002009","Mont Kiara Pavilion",9796,4152,48.7,"Tier 2: Qualified Bank Loan",192302
"LEAD-12011","Siti Zulkifli #2011","+60150002012","Subang Parksuites",9907,4209,48.8,"Tier 2: Qualified Bank Loan",192491
"LEAD-12014","Syed Rosli #2014","+60180002015","Mont Kiara Pavilion",10018,4266,48.9,"Tier 2: Qualified Bank Loan",192679
"LEAD-12017","Azman Kumar #2017","+60130002018","Subang Parksuites",10129,4323,49.1,"Tier 2: Qualified Bank Loan",192868
"LEAD-12020","Muhammad Faizal #2020","+60160002021","Mont Kiara Pavilion",10240,4380,49.2,"Tier 2: Qualified Bank Loan",193056
"LEAD-12023","Wong Hassan #2023","+60190002024","Subang Parksuites",10351,4437,49.3,"Tier 2: Qualified Bank Loan",193244
"LEAD-12026","Mohd Subramaniam #2026","+60140002027","Mont Kiara Pavilion",10462,4494,49.4,"Tier 2: Qualified Bank Loan",193433
"LEAD-12029","Kevin Goh #2029","+60170002030","Subang Parksuites",10573,1051,11.4,"Tier 1: Pre-Approved LPPSA/Bank",893621
"LEAD-12032","Razif Hariz #2032","+60120002033","Mont Kiara Pavilion",10684,1108,11.9,"Tier 1: Pre-Approved LPPSA/Bank",893810
"LEAD-12035","Chong Wei Lun #2035","+60150002036","Subang Parksuites",10795,1165,12.4,"Tier 1: Pre-Approved LPPSA/Bank",893998
"LEAD-12038","Hafiz Ibrahim #2038","+60180002039","Mont Kiara Pavilion",10906,1222,12.9,"Tier 1: Pre-Approved LPPSA/Bank",894186
"LEAD-12041","Ahmad Chen #2041","+60130002042","Subang Parksuites",11017,1279,13.3,"Tier 1: Pre-Approved LPPSA/Bank",894375
"LEAD-12044","Tan Nordin #2044","+60160002045","Mont Kiara Pavilion",11128,1336,13.8,"Tier 1: Pre-Approved LPPSA/Bank",894563
"LEAD-12047","Farhan Osman #2047","+60190002048","Subang Parksuites",11239,1393,14.2,"Tier 1: Pre-Approved LPPSA/Bank",894752
"LEAD-12050","Jason Aini #2050","+60140002051","Mont Kiara Pavilion",11350,1450,14.7,"Tier 1: Pre-Approved LPPSA/Bank",894940
"LEAD-12053","Amir Razif #2053","+60170002054","Subang Parksuites",11461,1507,15.1,"Tier 1: Pre-Approved LPPSA/Bank",895128
"LEAD-12056","Devi Lee #2056","+60120002057","Mont Kiara Pavilion",11572,1564,15.5,"Tier 1: Pre-Approved LPPSA/Bank",895317
"LEAD-12059","Grace Zulkifli #2059","+60150002060","Subang Parksuites",11683,1621,15.9,"Tier 1: Pre-Approved LPPSA/Bank",895505
"LEAD-12062","Nurul Rosli #2062","+60180002063","Mont Kiara Pavilion",11794,1678,16.4,"Tier 1: Pre-Approved LPPSA/Bank",895694
"LEAD-12065","Santhi Kumar #2065","+60130002066","Subang Parksuites",11905,1735,16.8,"Tier 1: Pre-Approved LPPSA/Bank",895882
"LEAD-12068","Sarah Faizal #2068","+60160002069","Mont Kiara Pavilion",3516,1792,58.6,"Tier 3: Joint Loan Needed",8670
"LEAD-12071","Siti Hassan #2071","+60190002072","Subang Parksuites",3627,1849,58.6,"Tier 3: Joint Loan Needed",8859
"LEAD-12074","Syed Subramaniam #2074","+60140002075","Mont Kiara Pavilion",3738,1906,58.6,"Tier 3: Joint Loan Needed",9047
"LEAD-12077","Azman Goh #2077","+60170002078","Subang Parksuites",3849,1963,58.6,"Tier 3: Joint Loan Needed",9236
"LEAD-12080","Muhammad Hariz #2080","+60120002081","Mont Kiara Pavilion",3960,2020,58.6,"Tier 3: Joint Loan Needed",9424
"LEAD-12083","Wong Wei Lun #2083","+60150002084","Subang Parksuites",4071,2077,58.6,"Tier 3: Joint Loan Needed",9612
"LEAD-12086","Mohd Ibrahim #2086","+60180002087","Mont Kiara Pavilion",4182,2134,58.7,"Tier 3: Joint Loan Needed",9801
"LEAD-12089","Kevin Chen #2089","+60130002090","Subang Parksuites",4293,2191,58.7,"Tier 3: Joint Loan Needed",9989
"LEAD-12092","Razif Nordin #2092","+60160002093","Mont Kiara Pavilion",4404,2248,58.7,"Tier 3: Joint Loan Needed",10178
"LEAD-12095","Chong Osman #2095","+60190002096","Subang Parksuites",4515,2305,58.7,"Tier 2: Qualified Bank Loan",10366
"LEAD-12098","Hafiz Aini #2098","+60140002099","Mont Kiara Pavilion",4626,2362,58.7,"Tier 2: Qualified Bank Loan",10554
"LEAD-12101","Ahmad Razif #2101","+60170002102","Subang Parksuites",4737,2419,58.7,"Tier 2: Qualified Bank Loan",10743
"LEAD-12104","Tan Lee #2104","+60120002105","Mont Kiara Pavilion",4848,2476,58.7,"Tier 2: Qualified Bank Loan",10931
"LEAD-12107","Farhan Zulkifli #2107","+60150002108","Subang Parksuites",4959,2533,58.7,"Tier 2: Qualified Bank Loan",11120
"LEAD-12110","Jason Rosli #2110","+60180002111","Mont Kiara Pavilion",5070,2590,58.7,"Tier 2: Qualified Bank Loan",11308
"LEAD-12113","Amir Kumar #2113","+60130002114","Subang Parksuites",5181,2647,58.7,"Tier 2: Qualified Bank Loan",11496
"LEAD-12116","Devi Faizal #2116","+60160002117","Mont Kiara Pavilion",5292,2704,58.7,"Tier 2: Qualified Bank Loan",11685
"LEAD-12119","Grace Hassan #2119","+60190002120","Subang Parksuites",5403,2761,58.7,"Tier 2: Qualified Bank Loan",11873
"LEAD-12122","Nurul Subramaniam #2122","+60140002123","Mont Kiara Pavilion",5514,2818,58.7,"Tier 2: Qualified Bank Loan",12062
"LEAD-12125","Santhi Goh #2125","+60170002126","Subang Parksuites",5625,2875,58.7,"Tier 2: Qualified Bank Loan",12250
"LEAD-12128","Sarah Hariz #2128","+60120002129","Mont Kiara Pavilion",5736,2932,58.8,"Tier 2: Qualified Bank Loan",12438
"LEAD-12131","Siti Wei Lun #2131","+60150002132","Subang Parksuites",5847,2989,58.8,"Tier 2: Qualified Bank Loan",12627
"LEAD-12134","Syed Ibrahim #2134","+60180002135","Mont Kiara Pavilion",5958,3046,58.8,"Tier 2: Qualified Bank Loan",12815
"LEAD-12137","Azman Chen #2137","+60130002138","Subang Parksuites",6069,3103,58.8,"Tier 2: Qualified Bank Loan",13004
"LEAD-12140","Muhammad Nordin #2140","+60160002141","Mont Kiara Pavilion",6180,3160,58.8,"Tier 2: Qualified Bank Loan",13192
"LEAD-12143","Wong Osman #2143","+60190002144","Subang Parksuites",6291,3217,58.8,"Tier 2: Qualified Bank Loan",13380
"LEAD-12146","Mohd Aini #2146","+60140002147","Mont Kiara Pavilion",6402,3274,58.8,"Tier 2: Qualified Bank Loan",13569
"LEAD-12149","Kevin Razif #2149","+60170002150","Subang Parksuites",6513,3331,58.8,"Tier 2: Qualified Bank Loan",13757
"LEAD-12152","Razif Lee #2152","+60120002153","Mont Kiara Pavilion",6624,3388,58.8,"Tier 2: Qualified Bank Loan",13946
"LEAD-12155","Chong Zulkifli #2155","+60150002156","Subang Parksuites",6735,3445,58.8,"Tier 2: Qualified Bank Loan",14134
"LEAD-12158","Hafiz Rosli #2158","+60180002159","Mont Kiara Pavilion",6846,3502,58.8,"Tier 2: Qualified Bank Loan",14322
"LEAD-12161","Ahmad Kumar #2161","+60130002162","Subang Parksuites",6957,3559,58.8,"Tier 2: Qualified Bank Loan",14511
"LEAD-12164","Tan Faizal #2164","+60160002165","Mont Kiara Pavilion",7068,3616,58.8,"Tier 2: Qualified Bank Loan",14699
"LEAD-12167","Farhan Hassan #2167","+60190002168","Subang Parksuites",7179,3673,58.8,"Tier 2: Qualified Bank Loan",14888
"LEAD-12170","Jason Subramaniam #2170","+60140002171","Mont Kiara Pavilion",7290,3730,58.8,"Tier 2: Qualified Bank Loan",15076
"LEAD-12173","Amir Goh #2173","+60170002174","Subang Parksuites",7401,3787,58.8,"Tier 2: Qualified Bank Loan",15264
"LEAD-12176","Devi Hariz #2176","+60120002177","Mont Kiara Pavilion",7512,3844,58.8,"Tier 2: Qualified Bank Loan",15453
"LEAD-12179","Grace Wei Lun #2179","+60150002180","Subang Parksuites",7623,3901,58.8,"Tier 2: Qualified Bank Loan",15641
"LEAD-12182","Nurul Ibrahim #2182","+60180002183","Mont Kiara Pavilion",7734,3958,58.8,"Tier 2: Qualified Bank Loan",15830
"LEAD-12185","Santhi Chen #2185","+60130002186","Subang Parksuites",7845,4015,58.8,"Tier 2: Qualified Bank Loan",16018
"LEAD-12188","Sarah Nordin #2188","+60160002189","Mont Kiara Pavilion",7956,4072,58.8,"Tier 2: Qualified Bank Loan",16206
"LEAD-12191","Siti Osman #2191","+60190002192","Subang Parksuites",8067,4129,58.8,"Tier 2: Qualified Bank Loan",16395
"LEAD-12194","Syed Aini #2194","+60140002195","Mont Kiara Pavilion",8178,4186,58.8,"Tier 2: Qualified Bank Loan",16583
"LEAD-12197","Azman Razif #2197","+60170002198","Subang Parksuites",8289,4243,58.8,"Tier 2: Qualified Bank Loan",16772
"LEAD-12200","Muhammad Lee #2200","+60120002201","Mont Kiara Pavilion",8400,4300,58.8,"Tier 2: Qualified Bank Loan",16960
"LEAD-12203","Wong Zulkifli #2203","+60150002204","Subang Parksuites",8511,4357,58.8,"Tier 2: Qualified Bank Loan",17148
"LEAD-12206","Mohd Rosli #2206","+60180002207","Mont Kiara Pavilion",8622,4414,58.8,"Tier 2: Qualified Bank Loan",17337
"LEAD-12209","Kevin Kumar #2209","+60130002210","Subang Parksuites",8733,4471,58.8,"Tier 2: Qualified Bank Loan",17525
"LEAD-12212","Razif Faizal #2212","+60160002213","Mont Kiara Pavilion",8844,1028,13.4,"Tier 1: Pre-Approved LPPSA/Bank",717714
"LEAD-12215","Chong Hassan #2215","+60190002216","Subang Parksuites",8955,1085,13.9,"Tier 1: Pre-Approved LPPSA/Bank",717902
"LEAD-12218","Hafiz Subramaniam #2218","+60140002219","Mont Kiara Pavilion",9066,1142,14.5,"Tier 1: Pre-Approved LPPSA/Bank",718090
"LEAD-12221","Ahmad Goh #2221","+60170002222","Subang Parksuites",9177,1199,15,"Tier 1: Pre-Approved LPPSA/Bank",718279
"LEAD-12224","Tan Hariz #2224","+60120002225","Mont Kiara Pavilion",9288,1256,15.5,"Tier 1: Pre-Approved LPPSA/Bank",718467
"LEAD-12227","Farhan Wei Lun #2227","+60150002228","Subang Parksuites",9399,1313,16.1,"Tier 1: Pre-Approved LPPSA/Bank",718656
"LEAD-12230","Jason Ibrahim #2230","+60180002231","Mont Kiara Pavilion",9510,1370,16.6,"Tier 1: Pre-Approved LPPSA/Bank",718844
"LEAD-12233","Amir Chen #2233","+60130002234","Subang Parksuites",9621,1427,17,"Tier 1: Pre-Approved LPPSA/Bank",719032
"LEAD-12236","Devi Nordin #2236","+60160002237","Mont Kiara Pavilion",9732,1484,17.5,"Tier 1: Pre-Approved LPPSA/Bank",719221
"LEAD-12239","Grace Osman #2239","+60190002240","Subang Parksuites",9843,1541,18,"Tier 1: Pre-Approved LPPSA/Bank",719409
"LEAD-12242","Nurul Aini #2242","+60140002243","Mont Kiara Pavilion",9954,1598,18.5,"Tier 1: Pre-Approved LPPSA/Bank",719598
"LEAD-12245","Santhi Razif #2245","+60170002246","Subang Parksuites",10065,1655,18.9,"Tier 1: Pre-Approved LPPSA/Bank",719786
"LEAD-12248","Sarah Lee #2248","+60120002249","Mont Kiara Pavilion",10176,1712,19.3,"Tier 1: Pre-Approved LPPSA/Bank",719974
"LEAD-12251","Siti Zulkifli #2251","+60150002252","Subang Parksuites",10287,1769,19.8,"Tier 1: Pre-Approved LPPSA/Bank",720163
"LEAD-12254","Syed Rosli #2254","+60180002255","Mont Kiara Pavilion",10398,1826,20.2,"Tier 1: Pre-Approved LPPSA/Bank",720351
"LEAD-12257","Azman Kumar #2257","+60130002258","Subang Parksuites",10509,1883,20.6,"Tier 1: Pre-Approved LPPSA/Bank",720540
"LEAD-12260","Muhammad Faizal #2260","+60160002261","Mont Kiara Pavilion",10620,1940,21,"Tier 1: Pre-Approved LPPSA/Bank",720728
"LEAD-12263","Wong Hassan #2263","+60190002264","Subang Parksuites",10731,1997,21.4,"Tier 1: Pre-Approved LPPSA/Bank",720916
"LEAD-12266","Mohd Subramaniam #2266","+60140002267","Mont Kiara Pavilion",10842,2054,21.8,"Tier 1: Pre-Approved LPPSA/Bank",721105
"LEAD-12269","Kevin Goh #2269","+60170002270","Subang Parksuites",10953,2111,22.2,"Tier 1: Pre-Approved LPPSA/Bank",721293
"LEAD-12272","Razif Hariz #2272","+60120002273","Mont Kiara Pavilion",11064,2168,22.5,"Tier 1: Pre-Approved LPPSA/Bank",721482
"LEAD-12275","Chong Wei Lun #2275","+60150002276","Subang Parksuites",11175,2225,22.9,"Tier 1: Pre-Approved LPPSA/Bank",721670
"LEAD-12278","Hafiz Ibrahim #2278","+60180002279","Mont Kiara Pavilion",11286,2282,23.2,"Tier 1: Pre-Approved LPPSA/Bank",721858
"LEAD-12281","Ahmad Chen #2281","+60130002282","Subang Parksuites",11397,2339,23.6,"Tier 1: Pre-Approved LPPSA/Bank",722047
"LEAD-12284","Tan Nordin #2284","+60160002285","Mont Kiara Pavilion",11508,2396,23.9,"Tier 1: Pre-Approved LPPSA/Bank",722235
"LEAD-12287","Farhan Osman #2287","+60190002288","Subang Parksuites",11619,2453,24.3,"Tier 1: Pre-Approved LPPSA/Bank",722424
"LEAD-12290","Jason Aini #2290","+60140002291","Mont Kiara Pavilion",11730,2510,24.6,"Tier 1: Pre-Approved LPPSA/Bank",722612
"LEAD-12293","Amir Razif #2293","+60170002294","Subang Parksuites",11841,2567,24.9,"Tier 1: Pre-Approved LPPSA/Bank",722800
"LEAD-12296","Devi Lee #2296","+60120002297","Mont Kiara Pavilion",11952,2624,25.2,"Tier 1: Pre-Approved LPPSA/Bank",722989
"LEAD-12299","Grace Zulkifli #2299","+60150002300","Subang Parksuites",3563,2681,86.5,"Tier 4: High Risk DSR",0
"LEAD-12302","Nurul Rosli #2302","+60180002303","Mont Kiara Pavilion",3674,2738,85.7,"Tier 4: High Risk DSR",0
"LEAD-12305","Santhi Kumar #2305","+60130002306","Subang Parksuites",3785,2795,84.9,"Tier 4: High Risk DSR",0
"LEAD-12308","Sarah Faizal #2308","+60160002309","Mont Kiara Pavilion",3896,2852,84.1,"Tier 4: High Risk DSR",0
"LEAD-12311","Siti Hassan #2311","+60190002312","Subang Parksuites",4007,2909,83.4,"Tier 4: High Risk DSR",0
"LEAD-12314","Syed Subramaniam #2314","+60140002315","Mont Kiara Pavilion",4118,2966,82.8,"Tier 4: High Risk DSR",0
"LEAD-12317","Azman Goh #2317","+60170002318","Subang Parksuites",4229,3023,82.2,"Tier 4: High Risk DSR",0
"LEAD-12320","Muhammad Hariz #2320","+60120002321","Mont Kiara Pavilion",4340,3080,81.6,"Tier 4: High Risk DSR",0
"LEAD-12323","Wong Wei Lun #2323","+60150002324","Subang Parksuites",4451,3137,81,"Tier 4: High Risk DSR",0
"LEAD-12326","Mohd Ibrahim #2326","+60180002327","Mont Kiara Pavilion",4562,3194,80.5,"Tier 4: High Risk DSR",0
"LEAD-12329","Kevin Chen #2329","+60130002330","Subang Parksuites",4673,3251,80,"Tier 4: High Risk DSR",0
"LEAD-12332","Razif Nordin #2332","+60160002333","Mont Kiara Pavilion",4784,3308,79.5,"Tier 4: High Risk DSR",0
"LEAD-12335","Chong Osman #2335","+60190002336","Subang Parksuites",4895,3365,79,"Tier 4: High Risk DSR",0
"LEAD-12338","Hafiz Aini #2338","+60140002339","Mont Kiara Pavilion",5006,3422,78.6,"Tier 4: High Risk DSR",0
"LEAD-12341","Ahmad Razif #2341","+60170002342","Subang Parksuites",5117,3479,78.1,"Tier 4: High Risk DSR",0
"LEAD-12344","Tan Lee #2344","+60120002345","Mont Kiara Pavilion",5228,3536,77.7,"Tier 4: High Risk DSR",0
"LEAD-12347","Farhan Zulkifli #2347","+60150002348","Subang Parksuites",5339,3593,77.4,"Tier 4: High Risk DSR",0
"LEAD-12350","Jason Rosli #2350","+60180002351","Mont Kiara Pavilion",5450,3650,77,"Tier 4: High Risk DSR",0
"LEAD-12353","Amir Kumar #2353","+60130002354","Subang Parksuites",5561,3707,76.6,"Tier 4: High Risk DSR",0
"LEAD-12356","Devi Faizal #2356","+60160002357","Mont Kiara Pavilion",5672,3764,76.3,"Tier 4: High Risk DSR",0
"LEAD-12359","Grace Hassan #2359","+60190002360","Subang Parksuites",5783,3821,75.9,"Tier 4: High Risk DSR",0
"LEAD-12362","Nurul Subramaniam #2362","+60140002363","Mont Kiara Pavilion",5894,3878,75.6,"Tier 4: High Risk DSR",0
"LEAD-12365","Santhi Goh #2365","+60170002366","Subang Parksuites",6005,3935,75.3,"Tier 4: High Risk DSR",0
"LEAD-12368","Sarah Hariz #2368","+60120002369","Mont Kiara Pavilion",6116,3992,75,"Tier 4: High Risk DSR",0
"LEAD-12371","Siti Wei Lun #2371","+60150002372","Subang Parksuites",6227,4049,74.7,"Tier 3: Joint Loan Needed",0
"LEAD-12374","Syed Ibrahim #2374","+60180002375","Mont Kiara Pavilion",6338,4106,74.5,"Tier 3: Joint Loan Needed",0
"LEAD-12377","Azman Chen #2377","+60130002378","Subang Parksuites",6449,4163,74.2,"Tier 3: Joint Loan Needed",0
"LEAD-12380","Muhammad Nordin #2380","+60160002381","Mont Kiara Pavilion",6560,4220,73.9,"Tier 3: Joint Loan Needed",0
"LEAD-12383","Wong Osman #2383","+60190002384","Subang Parksuites",6671,4277,73.7,"Tier 3: Joint Loan Needed",0
"LEAD-12386","Mohd Aini #2386","+60140002387","Mont Kiara Pavilion",6782,4334,73.5,"Tier 3: Joint Loan Needed",0
"LEAD-12389","Kevin Razif #2389","+60170002390","Subang Parksuites",6893,4391,73.2,"Tier 3: Joint Loan Needed",0
"LEAD-12392","Razif Lee #2392","+60120002393","Mont Kiara Pavilion",7004,4448,73,"Tier 3: Joint Loan Needed",0
"LEAD-12395","Chong Zulkifli #2395","+60150002396","Subang Parksuites",7115,1005,16.2,"Tier 1: Pre-Approved LPPSA/Bank",541806
"LEAD-12398","Hafiz Rosli #2398","+60180002399","Mont Kiara Pavilion",7226,1062,16.9,"Tier 1: Pre-Approved LPPSA/Bank",541994
"LEAD-12401","Ahmad Kumar #2401","+60130002402","Subang Parksuites",7337,1119,17.5,"Tier 1: Pre-Approved LPPSA/Bank",542183
"LEAD-12404","Tan Faizal #2404","+60160002405","Mont Kiara Pavilion",7448,1176,18.1,"Tier 1: Pre-Approved LPPSA/Bank",542371
"LEAD-12407","Farhan Hassan #2407","+60190002408","Subang Parksuites",7559,1233,18.7,"Tier 1: Pre-Approved LPPSA/Bank",542560
"LEAD-12410","Jason Subramaniam #2410","+60140002411","Mont Kiara Pavilion",7670,1290,19.3,"Tier 1: Pre-Approved LPPSA/Bank",542748
"LEAD-12413","Amir Goh #2413","+60170002414","Subang Parksuites",7781,1347,19.9,"Tier 1: Pre-Approved LPPSA/Bank",542936
"LEAD-12416","Devi Hariz #2416","+60120002417","Mont Kiara Pavilion",7892,1404,20.4,"Tier 1: Pre-Approved LPPSA/Bank",543125
"LEAD-12419","Grace Wei Lun #2419","+60150002420","Subang Parksuites",8003,1461,21,"Tier 1: Pre-Approved LPPSA/Bank",543313
"LEAD-12422","Nurul Ibrahim #2422","+60180002423","Mont Kiara Pavilion",8114,1518,21.5,"Tier 1: Pre-Approved LPPSA/Bank",543502
"LEAD-12425","Santhi Chen #2425","+60130002426","Subang Parksuites",8225,1575,22,"Tier 1: Pre-Approved LPPSA/Bank",543690
"LEAD-12428","Sarah Nordin #2428","+60160002429","Mont Kiara Pavilion",8336,1632,22.5,"Tier 1: Pre-Approved LPPSA/Bank",543878
"LEAD-12431","Siti Osman #2431","+60190002432","Subang Parksuites",8447,1689,23,"Tier 1: Pre-Approved LPPSA/Bank",544067
"LEAD-12434","Syed Aini #2434","+60140002435","Mont Kiara Pavilion",8558,1746,23.5,"Tier 1: Pre-Approved LPPSA/Bank",544255
"LEAD-12437","Azman Razif #2437","+60170002438","Subang Parksuites",8669,1803,23.9,"Tier 1: Pre-Approved LPPSA/Bank",544444
"LEAD-12440","Muhammad Lee #2440","+60120002441","Mont Kiara Pavilion",8780,1860,24.4,"Tier 1: Pre-Approved LPPSA/Bank",544632
"LEAD-12443","Wong Zulkifli #2443","+60150002444","Subang Parksuites",8891,1917,24.8,"Tier 1: Pre-Approved LPPSA/Bank",544820
"LEAD-12446","Mohd Rosli #2446","+60180002447","Mont Kiara Pavilion",9002,1974,25.2,"Tier 1: Pre-Approved LPPSA/Bank",545009
"LEAD-12449","Kevin Kumar #2449","+60130002450","Subang Parksuites",9113,2031,25.6,"Tier 1: Pre-Approved LPPSA/Bank",545197
"LEAD-12452","Razif Faizal #2452","+60160002453","Mont Kiara Pavilion",9224,2088,26,"Tier 1: Pre-Approved LPPSA/Bank",545386
"LEAD-12455","Chong Hassan #2455","+60190002456","Subang Parksuites",9335,2145,26.4,"Tier 1: Pre-Approved LPPSA/Bank",545574
"LEAD-12458","Hafiz Subramaniam #2458","+60140002459","Mont Kiara Pavilion",9446,2202,26.8,"Tier 1: Pre-Approved LPPSA/Bank",545762
"LEAD-12461","Ahmad Goh #2461","+60170002462","Subang Parksuites",9557,2259,27.2,"Tier 1: Pre-Approved LPPSA/Bank",545951
"LEAD-12464","Tan Hariz #2464","+60120002465","Mont Kiara Pavilion",9668,2316,27.5,"Tier 1: Pre-Approved LPPSA/Bank",546139
"LEAD-12467","Farhan Wei Lun #2467","+60150002468","Subang Parksuites",9779,2373,27.9,"Tier 1: Pre-Approved LPPSA/Bank",546328
"LEAD-12470","Jason Ibrahim #2470","+60180002471","Mont Kiara Pavilion",9890,2430,28.2,"Tier 1: Pre-Approved LPPSA/Bank",546516
"LEAD-12473","Amir Chen #2473","+60130002474","Subang Parksuites",10001,2487,28.6,"Tier 1: Pre-Approved LPPSA/Bank",546704
"LEAD-12476","Devi Nordin #2476","+60160002477","Mont Kiara Pavilion",10112,2544,28.9,"Tier 1: Pre-Approved LPPSA/Bank",546893
"LEAD-12479","Grace Osman #2479","+60190002480","Subang Parksuites",10223,2601,29.2,"Tier 1: Pre-Approved LPPSA/Bank",547081
"LEAD-12482","Nurul Aini #2482","+60140002483","Mont Kiara Pavilion",10334,2658,29.6,"Tier 1: Pre-Approved LPPSA/Bank",547270
"LEAD-12485","Santhi Razif #2485","+60170002486","Subang Parksuites",10445,2715,29.9,"Tier 1: Pre-Approved LPPSA/Bank",547458
"LEAD-12488","Sarah Lee #2488","+60120002489","Mont Kiara Pavilion",10556,2772,30.2,"Tier 1: Pre-Approved LPPSA/Bank",547646
"LEAD-12491","Siti Zulkifli #2491","+60150002492","Subang Parksuites",10667,2829,30.5,"Tier 1: Pre-Approved LPPSA/Bank",547835
"LEAD-12494","Syed Rosli #2494","+60180002495","Mont Kiara Pavilion",10778,2886,30.8,"Tier 1: Pre-Approved LPPSA/Bank",548023
"LEAD-12497","Azman Kumar #2497","+60130002498","Subang Parksuites",10889,2943,31.1,"Tier 1: Pre-Approved LPPSA/Bank",548212
"LEAD-12500","Muhammad Faizal #2500","+60160002501","Mont Kiara Pavilion",11000,3000,31.3,"Tier 1: Pre-Approved LPPSA/Bank",548400
"LEAD-12503","Wong Hassan #2503","+60190002504","Subang Parksuites",11111,3057,31.6,"Tier 1: Pre-Approved LPPSA/Bank",548588
"LEAD-12506","Mohd Subramaniam #2506","+60140002507","Mont Kiara Pavilion",11222,3114,31.9,"Tier 1: Pre-Approved LPPSA/Bank",548777
"LEAD-12509","Kevin Goh #2509","+60170002510","Subang Parksuites",11333,3171,32.2,"Tier 1: Pre-Approved LPPSA/Bank",548965
"LEAD-12512","Razif Hariz #2512","+60120002513","Mont Kiara Pavilion",11444,3228,32.4,"Tier 1: Pre-Approved LPPSA/Bank",549154
"LEAD-12515","Chong Wei Lun #2515","+60150002516","Subang Parksuites",11555,3285,32.7,"Tier 1: Pre-Approved LPPSA/Bank",549342
"LEAD-12518","Hafiz Ibrahim #2518","+60180002519","Mont Kiara Pavilion",11666,3342,32.9,"Tier 1: Pre-Approved LPPSA/Bank",549530
"LEAD-12521","Ahmad Chen #2521","+60130002522","Subang Parksuites",11777,3399,33.2,"Tier 1: Pre-Approved LPPSA/Bank",549719
"LEAD-12524","Tan Nordin #2524","+60160002525","Mont Kiara Pavilion",11888,3456,33.4,"Tier 1: Pre-Approved LPPSA/Bank",549907
"LEAD-12527","Farhan Osman #2527","+60190002528","Subang Parksuites",11999,3513,33.7,"Tier 1: Pre-Approved LPPSA/Bank",550096
"LEAD-12530","Jason Aini #2530","+60140002531","Mont Kiara Pavilion",3610,3570,113.7,"Tier 4: High Risk DSR",0
"LEAD-12533","Amir Razif #2533","+60170002534","Subang Parksuites",3721,3627,112,"Tier 4: High Risk DSR",0
"LEAD-12536","Devi Lee #2536","+60120002537","Mont Kiara Pavilion",3832,3684,110.5,"Tier 4: High Risk DSR",0
"LEAD-12539","Grace Zulkifli #2539","+60150002540","Subang Parksuites",3943,3741,109.1,"Tier 4: High Risk DSR",0
"LEAD-12542","Nurul Rosli #2542","+60180002543","Mont Kiara Pavilion",4054,3798,107.7,"Tier 4: High Risk DSR",0
"LEAD-12545","Santhi Kumar #2545","+60130002546","Subang Parksuites",4165,3855,106.4,"Tier 4: High Risk DSR",0
"LEAD-12548","Sarah Faizal #2548","+60160002549","Mont Kiara Pavilion",4276,3912,105.2,"Tier 4: High Risk DSR",0
"LEAD-12551","Siti Hassan #2551","+60190002552","Subang Parksuites",4387,3969,104,"Tier 4: High Risk DSR",0
"LEAD-12554","Syed Subramaniam #2554","+60140002555","Mont Kiara Pavilion",4498,4026,102.9,"Tier 4: High Risk DSR",0
"LEAD-12557","Azman Goh #2557","+60170002558","Subang Parksuites",4609,4083,101.8,"Tier 4: High Risk DSR",0
"LEAD-12560","Muhammad Hariz #2560","+60120002561","Mont Kiara Pavilion",4720,4140,100.8,"Tier 4: High Risk DSR",0
"LEAD-12563","Wong Wei Lun #2563","+60150002564","Subang Parksuites",4831,4197,99.9,"Tier 4: High Risk DSR",0
"LEAD-12566","Mohd Ibrahim #2566","+60180002567","Mont Kiara Pavilion",4942,4254,98.9,"Tier 4: High Risk DSR",0
"LEAD-12569","Kevin Chen #2569","+60130002570","Subang Parksuites",5053,4311,98.1,"Tier 4: High Risk DSR",0
"LEAD-12572","Razif Nordin #2572","+60160002573","Mont Kiara Pavilion",5164,4368,97.2,"Tier 4: High Risk DSR",0
"LEAD-12575","Chong Osman #2575","+60190002576","Subang Parksuites",5275,4425,96.4,"Tier 4: High Risk DSR",0
"LEAD-12578","Hafiz Aini #2578","+60140002579","Mont Kiara Pavilion",5386,4482,95.7,"Tier 4: High Risk DSR",0
"LEAD-12581","Ahmad Razif #2581","+60170002582","Subang Parksuites",5497,1039,21.7,"Tier 2: Qualified Bank Loan",366087
"LEAD-12584","Tan Lee #2584","+60120002585","Mont Kiara Pavilion",5608,1096,22.5,"Tier 2: Qualified Bank Loan",366275
"LEAD-12587","Farhan Zulkifli #2587","+60150002588","Subang Parksuites",5719,1153,23.2,"Tier 2: Qualified Bank Loan",366464
"LEAD-12590","Jason Rosli #2590","+60180002591","Mont Kiara Pavilion",5830,1210,23.9,"Tier 2: Qualified Bank Loan",366652
"LEAD-12593","Amir Kumar #2593","+60130002594","Subang Parksuites",5941,1267,24.5,"Tier 2: Qualified Bank Loan",366840
"LEAD-12596","Devi Faizal #2596","+60160002597","Mont Kiara Pavilion",6052,1324,25.1,"Tier 2: Qualified Bank Loan",367029
"LEAD-12599","Grace Hassan #2599","+60190002600","Subang Parksuites",6163,1381,25.8,"Tier 2: Qualified Bank Loan",367217
"LEAD-12602","Nurul Subramaniam #2602","+60140002603","Mont Kiara Pavilion",6274,1438,26.3,"Tier 2: Qualified Bank Loan",367406
"LEAD-12605","Santhi Goh #2605","+60170002606","Subang Parksuites",6385,1495,26.9,"Tier 2: Qualified Bank Loan",367594
"LEAD-12608","Sarah Hariz #2608","+60120002609","Mont Kiara Pavilion",6496,1552,27.5,"Tier 2: Qualified Bank Loan",367782
"LEAD-12611","Siti Wei Lun #2611","+60150002612","Subang Parksuites",6607,1609,28,"Tier 1: Pre-Approved LPPSA/Bank",367971
"LEAD-12614","Syed Ibrahim #2614","+60180002615","Mont Kiara Pavilion",6718,1666,28.5,"Tier 1: Pre-Approved LPPSA/Bank",368159
"LEAD-12617","Azman Chen #2617","+60130002618","Subang Parksuites",6829,1723,29,"Tier 1: Pre-Approved LPPSA/Bank",368348
"LEAD-12620","Muhammad Nordin #2620","+60160002621","Mont Kiara Pavilion",6940,1780,29.5,"Tier 1: Pre-Approved LPPSA/Bank",368536
"LEAD-12623","Wong Osman #2623","+60190002624","Subang Parksuites",7051,1837,29.9,"Tier 1: Pre-Approved LPPSA/Bank",368724
"LEAD-12626","Mohd Aini #2626","+60140002627","Mont Kiara Pavilion",7162,1894,30.4,"Tier 1: Pre-Approved LPPSA/Bank",368913
"LEAD-12629","Kevin Razif #2629","+60170002630","Subang Parksuites",7273,1951,30.8,"Tier 1: Pre-Approved LPPSA/Bank",369101
"LEAD-12632","Razif Lee #2632","+60120002633","Mont Kiara Pavilion",7384,2008,31.3,"Tier 1: Pre-Approved LPPSA/Bank",369290
"LEAD-12635","Chong Zulkifli #2635","+60150002636","Subang Parksuites",7495,2065,31.7,"Tier 1: Pre-Approved LPPSA/Bank",369478
"LEAD-12638","Hafiz Rosli #2638","+60180002639","Mont Kiara Pavilion",7606,2122,32.1,"Tier 1: Pre-Approved LPPSA/Bank",369666
"LEAD-12641","Ahmad Kumar #2641","+60130002642","Subang Parksuites",7717,2179,32.5,"Tier 1: Pre-Approved LPPSA/Bank",369855
"LEAD-12644","Tan Faizal #2644","+60160002645","Mont Kiara Pavilion",7828,2236,32.8,"Tier 1: Pre-Approved LPPSA/Bank",370043
"LEAD-12647","Farhan Hassan #2647","+60190002648","Subang Parksuites",7939,2293,33.2,"Tier 1: Pre-Approved LPPSA/Bank",370232
"LEAD-12650","Jason Subramaniam #2650","+60140002651","Mont Kiara Pavilion",8050,2350,33.6,"Tier 1: Pre-Approved LPPSA/Bank",370420
"LEAD-12653","Amir Goh #2653","+60170002654","Subang Parksuites",8161,2407,33.9,"Tier 1: Pre-Approved LPPSA/Bank",370608
"LEAD-12656","Devi Hariz #2656","+60120002657","Mont Kiara Pavilion",8272,2464,34.2,"Tier 1: Pre-Approved LPPSA/Bank",370797
"LEAD-12659","Grace Wei Lun #2659","+60150002660","Subang Parksuites",8383,2521,34.6,"Tier 1: Pre-Approved LPPSA/Bank",370985
"LEAD-12662","Nurul Ibrahim #2662","+60180002663","Mont Kiara Pavilion",8494,2578,34.9,"Tier 1: Pre-Approved LPPSA/Bank",371174
"LEAD-12665","Santhi Chen #2665","+60130002666","Subang Parksuites",8605,2635,35.2,"Tier 1: Pre-Approved LPPSA/Bank",371362
"LEAD-12668","Sarah Nordin #2668","+60160002669","Mont Kiara Pavilion",8716,2692,35.5,"Tier 1: Pre-Approved LPPSA/Bank",371550
"LEAD-12671","Siti Osman #2671","+60190002672","Subang Parksuites",8827,2749,35.8,"Tier 1: Pre-Approved LPPSA/Bank",371739
"LEAD-12674","Syed Aini #2674","+60140002675","Mont Kiara Pavilion",8938,2806,36.1,"Tier 1: Pre-Approved LPPSA/Bank",371927
"LEAD-12677","Azman Razif #2677","+60170002678","Subang Parksuites",9049,2863,36.4,"Tier 1: Pre-Approved LPPSA/Bank",372116
"LEAD-12680","Muhammad Lee #2680","+60120002681","Mont Kiara Pavilion",9160,2920,36.6,"Tier 1: Pre-Approved LPPSA/Bank",372304
"LEAD-12683","Wong Zulkifli #2683","+60150002684","Subang Parksuites",9271,2977,36.9,"Tier 1: Pre-Approved LPPSA/Bank",372492
"LEAD-12686","Mohd Rosli #2686","+60180002687","Mont Kiara Pavilion",9382,3034,37.2,"Tier 1: Pre-Approved LPPSA/Bank",372681
"LEAD-12689","Kevin Kumar #2689","+60130002690","Subang Parksuites",9493,3091,37.4,"Tier 1: Pre-Approved LPPSA/Bank",372869
"LEAD-12692","Razif Faizal #2692","+60160002693","Mont Kiara Pavilion",9604,3148,37.7,"Tier 1: Pre-Approved LPPSA/Bank",373058
"LEAD-12695","Chong Hassan #2695","+60190002696","Subang Parksuites",9715,3205,37.9,"Tier 1: Pre-Approved LPPSA/Bank",373246
"LEAD-12698","Hafiz Subramaniam #2698","+60140002699","Mont Kiara Pavilion",9826,3262,38.2,"Tier 1: Pre-Approved LPPSA/Bank",373434
"LEAD-12701","Ahmad Goh #2701","+60170002702","Subang Parksuites",9937,3319,38.4,"Tier 1: Pre-Approved LPPSA/Bank",373623
"LEAD-12704","Tan Hariz #2704","+60120002705","Mont Kiara Pavilion",10048,3376,38.6,"Tier 1: Pre-Approved LPPSA/Bank",373811
"LEAD-12707","Farhan Wei Lun #2707","+60150002708","Subang Parksuites",10159,3433,38.8,"Tier 1: Pre-Approved LPPSA/Bank",374000
"LEAD-12710","Jason Ibrahim #2710","+60180002711","Mont Kiara Pavilion",10270,3490,39.1,"Tier 1: Pre-Approved LPPSA/Bank",374188
"LEAD-12713","Amir Chen #2713","+60130002714","Subang Parksuites",10381,3547,39.3,"Tier 1: Pre-Approved LPPSA/Bank",374376
"LEAD-12716","Devi Nordin #2716","+60160002717","Mont Kiara Pavilion",10492,3604,39.5,"Tier 1: Pre-Approved LPPSA/Bank",374565
"LEAD-12719","Grace Osman #2719","+60190002720","Subang Parksuites",10603,3661,39.7,"Tier 1: Pre-Approved LPPSA/Bank",374753
"LEAD-12722","Nurul Aini #2722","+60140002723","Mont Kiara Pavilion",10714,3718,39.9,"Tier 1: Pre-Approved LPPSA/Bank",374942
"LEAD-12725","Santhi Razif #2725","+60170002726","Subang Parksuites",10825,3775,40.1,"Tier 1: Pre-Approved LPPSA/Bank",375130
"LEAD-12728","Sarah Lee #2728","+60120002729","Mont Kiara Pavilion",10936,3832,40.3,"Tier 1: Pre-Approved LPPSA/Bank",375318
"LEAD-12731","Siti Zulkifli #2731","+60150002732","Subang Parksuites",11047,3889,40.5,"Tier 1: Pre-Approved LPPSA/Bank",375507
"LEAD-12734","Syed Rosli #2734","+60180002735","Mont Kiara Pavilion",11158,3946,40.6,"Tier 1: Pre-Approved LPPSA/Bank",375695
"LEAD-12737","Azman Kumar #2737","+60130002738","Subang Parksuites",11269,4003,40.8,"Tier 1: Pre-Approved LPPSA/Bank",375884
"LEAD-12740","Muhammad Faizal #2740","+60160002741","Mont Kiara Pavilion",11380,4060,41,"Tier 1: Pre-Approved LPPSA/Bank",376072
"LEAD-12743","Wong Hassan #2743","+60190002744","Subang Parksuites",11491,4117,41.2,"Tier 1: Pre-Approved LPPSA/Bank",376260
"LEAD-12746","Mohd Subramaniam #2746","+60140002747","Mont Kiara Pavilion",11602,4174,41.4,"Tier 1: Pre-Approved LPPSA/Bank",376449
"LEAD-12749","Kevin Goh #2749","+60170002750","Subang Parksuites",11713,4231,41.5,"Tier 1: Pre-Approved LPPSA/Bank",376637
"LEAD-12752","Razif Hariz #2752","+60120002753","Mont Kiara Pavilion",11824,4288,41.7,"Tier 1: Pre-Approved LPPSA/Bank",376826
"LEAD-12755","Chong Wei Lun #2755","+60150002756","Subang Parksuites",11935,4345,41.8,"Tier 1: Pre-Approved LPPSA/Bank",377014
"LEAD-12758","Hafiz Ibrahim #2758","+60180002759","Mont Kiara Pavilion",3546,4402,142.7,"Tier 4: High Risk DSR",0
"LEAD-12761","Ahmad Chen #2761","+60130002762","Subang Parksuites",3657,4459,140.2,"Tier 4: High Risk DSR",0
"LEAD-12764","Tan Nordin #2764","+60160002765","Mont Kiara Pavilion",3768,1016,31,"Tier 3: Joint Loan Needed",190179
"LEAD-12767","Farhan Osman #2767","+60190002768","Subang Parksuites",3879,1073,31.8,"Tier 3: Joint Loan Needed",190368
"LEAD-12770","Jason Aini #2770","+60140002771","Mont Kiara Pavilion",3990,1130,32.6,"Tier 3: Joint Loan Needed",190556
"LEAD-12773","Amir Razif #2773","+60170002774","Subang Parksuites",4101,1187,33.3,"Tier 3: Joint Loan Needed",190744
"LEAD-12776","Devi Lee #2776","+60120002777","Mont Kiara Pavilion",4212,1244,33.9,"Tier 3: Joint Loan Needed",190933
"LEAD-12779","Grace Zulkifli #2779","+60150002780","Subang Parksuites",4323,1301,34.6,"Tier 3: Joint Loan Needed",191121
"LEAD-12782","Nurul Rosli #2782","+60180002783","Mont Kiara Pavilion",4434,1358,35.2,"Tier 3: Joint Loan Needed",191310
"LEAD-12785","Santhi Kumar #2785","+60130002786","Subang Parksuites",4545,1415,35.8,"Tier 2: Qualified Bank Loan",191498
"LEAD-12788","Sarah Faizal #2788","+60160002789","Mont Kiara Pavilion",4656,1472,36.3,"Tier 2: Qualified Bank Loan",191686
"LEAD-12791","Siti Hassan #2791","+60190002792","Subang Parksuites",4767,1529,36.9,"Tier 2: Qualified Bank Loan",191875
"LEAD-12794","Syed Subramaniam #2794","+60140002795","Mont Kiara Pavilion",4878,1586,37.4,"Tier 2: Qualified Bank Loan",192063
"LEAD-12797","Azman Goh #2797","+60170002798","Subang Parksuites",4989,1643,37.9,"Tier 2: Qualified Bank Loan",192252
"LEAD-12800","Muhammad Hariz #2800","+60120002801","Mont Kiara Pavilion",5100,1700,38.3,"Tier 2: Qualified Bank Loan",192440
"LEAD-12803","Wong Wei Lun #2803","+60150002804","Subang Parksuites",5211,1757,38.8,"Tier 2: Qualified Bank Loan",192628
"LEAD-12806","Mohd Ibrahim #2806","+60180002807","Mont Kiara Pavilion",5322,1814,39.2,"Tier 2: Qualified Bank Loan",192817
"LEAD-12809","Kevin Chen #2809","+60130002810","Subang Parksuites",5433,1871,39.6,"Tier 2: Qualified Bank Loan",193005
"LEAD-12812","Razif Nordin #2812","+60160002813","Mont Kiara Pavilion",5544,1928,40,"Tier 2: Qualified Bank Loan",193194
"LEAD-12815","Chong Osman #2815","+60190002816","Subang Parksuites",5655,1985,40.3,"Tier 2: Qualified Bank Loan",193382
"LEAD-12818","Hafiz Aini #2818","+60140002819","Mont Kiara Pavilion",5766,2042,40.7,"Tier 2: Qualified Bank Loan",193570
"LEAD-12821","Ahmad Razif #2821","+60170002822","Subang Parksuites",5877,2099,41.1,"Tier 2: Qualified Bank Loan",193759
"LEAD-12824","Tan Lee #2824","+60120002825","Mont Kiara Pavilion",5988,2156,41.4,"Tier 2: Qualified Bank Loan",193947
"LEAD-12827","Farhan Zulkifli #2827","+60150002828","Subang Parksuites",6099,2213,41.7,"Tier 2: Qualified Bank Loan",194136
"LEAD-12830","Jason Rosli #2830","+60180002831","Mont Kiara Pavilion",6210,2270,42,"Tier 2: Qualified Bank Loan",194324
"LEAD-12833","Amir Kumar #2833","+60130002834","Subang Parksuites",6321,2327,42.3,"Tier 2: Qualified Bank Loan",194512
"LEAD-12836","Devi Faizal #2836","+60160002837","Mont Kiara Pavilion",6432,2384,42.6,"Tier 2: Qualified Bank Loan",194701
"LEAD-12839","Grace Hassan #2839","+60190002840","Subang Parksuites",6543,2441,42.9,"Tier 1: Pre-Approved LPPSA/Bank",194889
"LEAD-12842","Nurul Subramaniam #2842","+60140002843","Mont Kiara Pavilion",6654,2498,43.2,"Tier 1: Pre-Approved LPPSA/Bank",195078
"LEAD-12845","Santhi Goh #2845","+60170002846","Subang Parksuites",6765,2555,43.4,"Tier 1: Pre-Approved LPPSA/Bank",195266
"LEAD-12848","Sarah Hariz #2848","+60120002849","Mont Kiara Pavilion",6876,2612,43.7,"Tier 1: Pre-Approved LPPSA/Bank",195454
"LEAD-12851","Siti Wei Lun #2851","+60150002852","Subang Parksuites",6987,2669,43.9,"Tier 1: Pre-Approved LPPSA/Bank",195643
"LEAD-12854","Syed Ibrahim #2854","+60180002855","Mont Kiara Pavilion",7098,2726,44.1,"Tier 1: Pre-Approved LPPSA/Bank",195831
"LEAD-12857","Azman Chen #2857","+60130002858","Subang Parksuites",7209,2783,44.4,"Tier 1: Pre-Approved LPPSA/Bank",196020
"LEAD-12860","Muhammad Nordin #2860","+60160002861","Mont Kiara Pavilion",7320,2840,44.6,"Tier 1: Pre-Approved LPPSA/Bank",196208
"LEAD-12863","Wong Osman #2863","+60190002864","Subang Parksuites",7431,2897,44.8,"Tier 1: Pre-Approved LPPSA/Bank",196396
"LEAD-12866","Mohd Aini #2866","+60140002867","Mont Kiara Pavilion",7542,2954,45,"Tier 2: Qualified Bank Loan",196585
"LEAD-12869","Kevin Razif #2869","+60170002870","Subang Parksuites",7653,3011,45.2,"Tier 2: Qualified Bank Loan",196773
"LEAD-12872","Razif Lee #2872","+60120002873","Mont Kiara Pavilion",7764,3068,45.4,"Tier 2: Qualified Bank Loan",196962
"LEAD-12875","Chong Zulkifli #2875","+60150002876","Subang Parksuites",7875,3125,45.6,"Tier 2: Qualified Bank Loan",197150
"LEAD-12878","Hafiz Rosli #2878","+60180002879","Mont Kiara Pavilion",7986,3182,45.8,"Tier 2: Qualified Bank Loan",197338
"LEAD-12881","Ahmad Kumar #2881","+60130002882","Subang Parksuites",8097,3239,46,"Tier 2: Qualified Bank Loan",197527
"LEAD-12884","Tan Faizal #2884","+60160002885","Mont Kiara Pavilion",8208,3296,46.2,"Tier 2: Qualified Bank Loan",197715
"LEAD-12887","Farhan Hassan #2887","+60190002888","Subang Parksuites",8319,3353,46.3,"Tier 2: Qualified Bank Loan",197904
"LEAD-12890","Jason Subramaniam #2890","+60140002891","Mont Kiara Pavilion",8430,3410,46.5,"Tier 2: Qualified Bank Loan",198092
"LEAD-12893","Amir Goh #2893","+60170002894","Subang Parksuites",8541,3467,46.7,"Tier 2: Qualified Bank Loan",198280
"LEAD-12896","Devi Hariz #2896","+60120002897","Mont Kiara Pavilion",8652,3524,46.8,"Tier 2: Qualified Bank Loan",198469
"LEAD-12899","Grace Wei Lun #2899","+60150002900","Subang Parksuites",8763,3581,47,"Tier 2: Qualified Bank Loan",198657
"LEAD-12902","Nurul Ibrahim #2902","+60180002903","Mont Kiara Pavilion",8874,3638,47.1,"Tier 2: Qualified Bank Loan",198846
"LEAD-12905","Santhi Chen #2905","+60130002906","Subang Parksuites",8985,3695,47.3,"Tier 2: Qualified Bank Loan",199034
"LEAD-12908","Sarah Nordin #2908","+60160002909","Mont Kiara Pavilion",9096,3752,47.4,"Tier 2: Qualified Bank Loan",199222
"LEAD-12911","Siti Osman #2911","+60190002912","Subang Parksuites",9207,3809,47.6,"Tier 2: Qualified Bank Loan",199411
"LEAD-12914","Syed Aini #2914","+60140002915","Mont Kiara Pavilion",9318,3866,47.7,"Tier 2: Qualified Bank Loan",199599
"LEAD-12917","Azman Razif #2917","+60170002918","Subang Parksuites",9429,3923,47.8,"Tier 2: Qualified Bank Loan",199788
"LEAD-12920","Muhammad Lee #2920","+60120002921","Mont Kiara Pavilion",9540,3980,48,"Tier 2: Qualified Bank Loan",199976
"LEAD-12923","Wong Zulkifli #2923","+60150002924","Subang Parksuites",9651,4037,48.1,"Tier 2: Qualified Bank Loan",200164
"LEAD-12926","Mohd Rosli #2926","+60180002927","Mont Kiara Pavilion",9762,4094,48.2,"Tier 2: Qualified Bank Loan",200353
"LEAD-12929","Kevin Kumar #2929","+60130002930","Subang Parksuites",9873,4151,48.3,"Tier 2: Qualified Bank Loan",200541
"LEAD-12932","Razif Faizal #2932","+60160002933","Mont Kiara Pavilion",9984,4208,48.4,"Tier 2: Qualified Bank Loan",200730
"LEAD-12935","Chong Hassan #2935","+60190002936","Subang Parksuites",10095,4265,48.6,"Tier 2: Qualified Bank Loan",200918
"LEAD-12938","Hafiz Subramaniam #2938","+60140002939","Mont Kiara Pavilion",10206,4322,48.7,"Tier 2: Qualified Bank Loan",201106
"LEAD-12941","Ahmad Goh #2941","+60170002942","Subang Parksuites",10317,4379,48.8,"Tier 2: Qualified Bank Loan",201295
"LEAD-12944","Tan Hariz #2944","+60120002945","Mont Kiara Pavilion",10428,4436,48.9,"Tier 2: Qualified Bank Loan",201483
"LEAD-12947","Farhan Wei Lun #2947","+60150002948","Subang Parksuites",10539,4493,49,"Tier 2: Qualified Bank Loan",201672
"LEAD-12950","Jason Ibrahim #2950","+60180002951","Mont Kiara Pavilion",10650,1050,11.3,"Tier 1: Pre-Approved LPPSA/Bank",901860
"LEAD-12953","Amir Chen #2953","+60130002954","Subang Parksuites",10761,1107,11.8,"Tier 1: Pre-Approved LPPSA/Bank",902048
"LEAD-12956","Devi Nordin #2956","+60160002957","Mont Kiara Pavilion",10872,1164,12.3,"Tier 1: Pre-Approved LPPSA/Bank",902237
"LEAD-12959","Grace Osman #2959","+60190002960","Subang Parksuites",10983,1221,12.8,"Tier 1: Pre-Approved LPPSA/Bank",902425
"LEAD-12962","Nurul Aini #2962","+60140002963","Mont Kiara Pavilion",11094,1278,13.2,"Tier 1: Pre-Approved LPPSA/Bank",902614
"LEAD-12965","Santhi Razif #2965","+60170002966","Subang Parksuites",11205,1335,13.7,"Tier 1: Pre-Approved LPPSA/Bank",902802
"LEAD-12968","Sarah Lee #2968","+60120002969","Mont Kiara Pavilion",11316,1392,14.1,"Tier 1: Pre-Approved LPPSA/Bank",902990
"LEAD-12971","Siti Zulkifli #2971","+60150002972","Subang Parksuites",11427,1449,14.6,"Tier 1: Pre-Approved LPPSA/Bank",903179
"LEAD-12974","Syed Rosli #2974","+60180002975","Mont Kiara Pavilion",11538,1506,15,"Tier 1: Pre-Approved LPPSA/Bank",903367
"LEAD-12977","Azman Kumar #2977","+60130002978","Subang Parksuites",11649,1563,15.4,"Tier 1: Pre-Approved LPPSA/Bank",903556
"LEAD-12980","Muhammad Faizal #2980","+60160002981","Mont Kiara Pavilion",11760,1620,15.8,"Tier 1: Pre-Approved LPPSA/Bank",903744
"LEAD-12983","Wong Hassan #2983","+60190002984","Subang Parksuites",11871,1677,16.2,"Tier 1: Pre-Approved LPPSA/Bank",903932
"LEAD-12986","Mohd Subramaniam #2986","+60140002987","Mont Kiara Pavilion",11982,1734,16.6,"Tier 1: Pre-Approved LPPSA/Bank",904121
"LEAD-12989","Kevin Goh #2989","+60170002990","Subang Parksuites",3593,1791,57.3,"Tier 3: Joint Loan Needed",16909
"LEAD-12992","Razif Hariz #2992","+60120002993","Mont Kiara Pavilion",3704,1848,57.3,"Tier 3: Joint Loan Needed",17098
"LEAD-12995","Chong Wei Lun #2995","+60150002996","Subang Parksuites",3815,1905,57.4,"Tier 3: Joint Loan Needed",17286
"LEAD-12998","Hafiz Ibrahim #2998","+60180002999","Mont Kiara Pavilion",3926,1962,57.4,"Tier 3: Joint Loan Needed",17474
"LEAD-13001","Ahmad Chen #3001","+60130003002","Subang Parksuites",4037,2019,57.5,"Tier 3: Joint Loan Needed",17663
"LEAD-13004","Tan Nordin #3004","+60160003005","Mont Kiara Pavilion",4148,2076,57.5,"Tier 3: Joint Loan Needed",17851
"LEAD-13007","Farhan Osman #3007","+60190003008","Subang Parksuites",4259,2133,57.6,"Tier 3: Joint Loan Needed",18040
"LEAD-13010","Jason Aini #3010","+60140003011","Mont Kiara Pavilion",4370,2190,57.6,"Tier 3: Joint Loan Needed",18228
"LEAD-13013","Amir Razif #3013","+60170003014","Subang Parksuites",4481,2247,57.6,"Tier 3: Joint Loan Needed",18416
"LEAD-13016","Devi Lee #3016","+60120003017","Mont Kiara Pavilion",4592,2304,57.7,"Tier 2: Qualified Bank Loan",18605
"LEAD-13019","Grace Zulkifli #3019","+60150003020","Subang Parksuites",4703,2361,57.7,"Tier 2: Qualified Bank Loan",18793
"LEAD-13022","Nurul Rosli #3022","+60180003023","Mont Kiara Pavilion",4814,2418,57.7,"Tier 2: Qualified Bank Loan",18982
"LEAD-13025","Santhi Kumar #3025","+60130003026","Subang Parksuites",4925,2475,57.8,"Tier 2: Qualified Bank Loan",19170
"LEAD-13028","Sarah Faizal #3028","+60160003029","Mont Kiara Pavilion",5036,2532,57.8,"Tier 2: Qualified Bank Loan",19358
"LEAD-13031","Siti Hassan #3031","+60190003032","Subang Parksuites",5147,2589,57.8,"Tier 2: Qualified Bank Loan",19547
"LEAD-13034","Syed Subramaniam #3034","+60140003035","Mont Kiara Pavilion",5258,2646,57.8,"Tier 2: Qualified Bank Loan",19735
"LEAD-13037","Azman Goh #3037","+60170003038","Subang Parksuites",5369,2703,57.9,"Tier 2: Qualified Bank Loan",19924
"LEAD-13040","Muhammad Hariz #3040","+60120003041","Mont Kiara Pavilion",5480,2760,57.9,"Tier 2: Qualified Bank Loan",20112
"LEAD-13043","Wong Wei Lun #3043","+60150003044","Subang Parksuites",5591,2817,57.9,"Tier 2: Qualified Bank Loan",20300
"LEAD-13046","Mohd Ibrahim #3046","+60180003047","Mont Kiara Pavilion",5702,2874,57.9,"Tier 2: Qualified Bank Loan",20489
"LEAD-13049","Kevin Chen #3049","+60130003050","Subang Parksuites",5813,2931,58,"Tier 2: Qualified Bank Loan",20677
"LEAD-13052","Razif Nordin #3052","+60160003053","Mont Kiara Pavilion",5924,2988,58,"Tier 2: Qualified Bank Loan",20866
"LEAD-13055","Chong Osman #3055","+60190003056","Subang Parksuites",6035,3045,58,"Tier 2: Qualified Bank Loan",21054
"LEAD-13058","Hafiz Aini #3058","+60140003059","Mont Kiara Pavilion",6146,3102,58,"Tier 2: Qualified Bank Loan",21242
"LEAD-13061","Ahmad Razif #3061","+60170003062","Subang Parksuites",6257,3159,58,"Tier 2: Qualified Bank Loan",21431
"LEAD-13064","Tan Lee #3064","+60120003065","Mont Kiara Pavilion",6368,3216,58,"Tier 2: Qualified Bank Loan",21619
"LEAD-13067","Farhan Zulkifli #3067","+60150003068","Subang Parksuites",6479,3273,58.1,"Tier 2: Qualified Bank Loan",21808
"LEAD-13070","Jason Rosli #3070","+60180003071","Mont Kiara Pavilion",6590,3330,58.1,"Tier 2: Qualified Bank Loan",21996
"LEAD-13073","Amir Kumar #3073","+60130003074","Subang Parksuites",6701,3387,58.1,"Tier 2: Qualified Bank Loan",22184
"LEAD-13076","Devi Faizal #3076","+60160003077","Mont Kiara Pavilion",6812,3444,58.1,"Tier 2: Qualified Bank Loan",22373
"LEAD-13079","Grace Hassan #3079","+60190003080","Subang Parksuites",6923,3501,58.1,"Tier 2: Qualified Bank Loan",22561
"LEAD-13082","Nurul Subramaniam #3082","+60140003083","Mont Kiara Pavilion",7034,3558,58.1,"Tier 2: Qualified Bank Loan",22750
"LEAD-13085","Santhi Goh #3085","+60170003086","Subang Parksuites",7145,3615,58.2,"Tier 2: Qualified Bank Loan",22938
"LEAD-13088","Sarah Hariz #3088","+60120003089","Mont Kiara Pavilion",7256,3672,58.2,"Tier 2: Qualified Bank Loan",23126
"LEAD-13091","Siti Wei Lun #3091","+60150003092","Subang Parksuites",7367,3729,58.2,"Tier 2: Qualified Bank Loan",23315
"LEAD-13094","Syed Ibrahim #3094","+60180003095","Mont Kiara Pavilion",7478,3786,58.2,"Tier 2: Qualified Bank Loan",23503
"LEAD-13097","Azman Chen #3097","+60130003098","Subang Parksuites",7589,3843,58.2,"Tier 2: Qualified Bank Loan",23692
"LEAD-13100","Muhammad Nordin #3100","+60160003101","Mont Kiara Pavilion",7700,3900,58.2,"Tier 2: Qualified Bank Loan",23880
"LEAD-13103","Wong Osman #3103","+60190003104","Subang Parksuites",7811,3957,58.2,"Tier 2: Qualified Bank Loan",24068
"LEAD-13106","Mohd Aini #3106","+60140003107","Mont Kiara Pavilion",7922,4014,58.2,"Tier 2: Qualified Bank Loan",24257
"LEAD-13109","Kevin Razif #3109","+60170003110","Subang Parksuites",8033,4071,58.3,"Tier 2: Qualified Bank Loan",24445
"LEAD-13112","Razif Lee #3112","+60120003113","Mont Kiara Pavilion",8144,4128,58.3,"Tier 2: Qualified Bank Loan",24634
"LEAD-13115","Chong Zulkifli #3115","+60150003116","Subang Parksuites",8255,4185,58.3,"Tier 2: Qualified Bank Loan",24822
"LEAD-13118","Hafiz Rosli #3118","+60180003119","Mont Kiara Pavilion",8366,4242,58.3,"Tier 2: Qualified Bank Loan",25010
"LEAD-13121","Ahmad Kumar #3121","+60130003122","Subang Parksuites",8477,4299,58.3,"Tier 2: Qualified Bank Loan",25199
"LEAD-13124","Tan Faizal #3124","+60160003125","Mont Kiara Pavilion",8588,4356,58.3,"Tier 2: Qualified Bank Loan",25387
"LEAD-13127","Farhan Hassan #3127","+60190003128","Subang Parksuites",8699,4413,58.3,"Tier 2: Qualified Bank Loan",25576
"LEAD-13130","Jason Subramaniam #3130","+60140003131","Mont Kiara Pavilion",8810,4470,58.3,"Tier 2: Qualified Bank Loan",25764
"LEAD-13133","Amir Goh #3133","+60170003134","Subang Parksuites",8921,1027,13.2,"Tier 1: Pre-Approved LPPSA/Bank",725952
"LEAD-13136","Devi Hariz #3136","+60120003137","Mont Kiara Pavilion",9032,1084,13.8,"Tier 1: Pre-Approved LPPSA/Bank",726141
"LEAD-13139","Grace Wei Lun #3139","+60150003140","Subang Parksuites",9143,1141,14.3,"Tier 1: Pre-Approved LPPSA/Bank",726329
"LEAD-13142","Nurul Ibrahim #3142","+60180003143","Mont Kiara Pavilion",9254,1198,14.9,"Tier 1: Pre-Approved LPPSA/Bank",726518
"LEAD-13145","Santhi Chen #3145","+60130003146","Subang Parksuites",9365,1255,15.4,"Tier 1: Pre-Approved LPPSA/Bank",726706
"LEAD-13148","Sarah Nordin #3148","+60160003149","Mont Kiara Pavilion",9476,1312,15.9,"Tier 1: Pre-Approved LPPSA/Bank",726894
"LEAD-13151","Siti Osman #3151","+60190003152","Subang Parksuites",9587,1369,16.4,"Tier 1: Pre-Approved LPPSA/Bank",727083
"LEAD-13154","Syed Aini #3154","+60140003155","Mont Kiara Pavilion",9698,1426,16.9,"Tier 1: Pre-Approved LPPSA/Bank",727271
"LEAD-13157","Azman Razif #3157","+60170003158","Subang Parksuites",9809,1483,17.4,"Tier 1: Pre-Approved LPPSA/Bank",727460
"LEAD-13160","Muhammad Lee #3160","+60120003161","Mont Kiara Pavilion",9920,1540,17.8,"Tier 1: Pre-Approved LPPSA/Bank",727648
"LEAD-13163","Wong Zulkifli #3163","+60150003164","Subang Parksuites",10031,1597,18.3,"Tier 1: Pre-Approved LPPSA/Bank",727836
"LEAD-13166","Mohd Rosli #3166","+60180003167","Mont Kiara Pavilion",10142,1654,18.7,"Tier 1: Pre-Approved LPPSA/Bank",728025
"LEAD-13169","Kevin Kumar #3169","+60130003170","Subang Parksuites",10253,1711,19.2,"Tier 1: Pre-Approved LPPSA/Bank",728213
"LEAD-13172","Razif Faizal #3172","+60160003173","Mont Kiara Pavilion",10364,1768,19.6,"Tier 1: Pre-Approved LPPSA/Bank",728402
"LEAD-13175","Chong Hassan #3175","+60190003176","Subang Parksuites",10475,1825,20,"Tier 1: Pre-Approved LPPSA/Bank",728590
"LEAD-13178","Hafiz Subramaniam #3178","+60140003179","Mont Kiara Pavilion",10586,1882,20.4,"Tier 1: Pre-Approved LPPSA/Bank",728778
"LEAD-13181","Ahmad Goh #3181","+60170003182","Subang Parksuites",10697,1939,20.8,"Tier 1: Pre-Approved LPPSA/Bank",728967
"LEAD-13184","Tan Hariz #3184","+60120003185","Mont Kiara Pavilion",10808,1996,21.2,"Tier 1: Pre-Approved LPPSA/Bank",729155
"LEAD-13187","Farhan Wei Lun #3187","+60150003188","Subang Parksuites",10919,2053,21.6,"Tier 1: Pre-Approved LPPSA/Bank",729344
"LEAD-13190","Jason Ibrahim #3190","+60180003191","Mont Kiara Pavilion",11030,2110,22,"Tier 1: Pre-Approved LPPSA/Bank",729532
"LEAD-13193","Amir Chen #3193","+60130003194","Subang Parksuites",11141,2167,22.4,"Tier 1: Pre-Approved LPPSA/Bank",729720
"LEAD-13196","Devi Nordin #3196","+60160003197","Mont Kiara Pavilion",11252,2224,22.7,"Tier 1: Pre-Approved LPPSA/Bank",729909
"LEAD-13199","Grace Osman #3199","+60190003200","Subang Parksuites",11363,2281,23.1,"Tier 1: Pre-Approved LPPSA/Bank",730097
"LEAD-13202","Nurul Aini #3202","+60140003203","Mont Kiara Pavilion",11474,2338,23.4,"Tier 1: Pre-Approved LPPSA/Bank",730286
"LEAD-13205","Santhi Razif #3205","+60170003206","Subang Parksuites",11585,2395,23.8,"Tier 1: Pre-Approved LPPSA/Bank",730474
"LEAD-13208","Sarah Lee #3208","+60120003209","Mont Kiara Pavilion",11696,2452,24.1,"Tier 1: Pre-Approved LPPSA/Bank",730662
"LEAD-13211","Siti Zulkifli #3211","+60150003212","Subang Parksuites",11807,2509,24.4,"Tier 1: Pre-Approved LPPSA/Bank",730851
"LEAD-13214","Syed Rosli #3214","+60180003215","Mont Kiara Pavilion",11918,2566,24.7,"Tier 1: Pre-Approved LPPSA/Bank",731039
"LEAD-13217","Azman Kumar #3217","+60130003218","Subang Parksuites",3529,2623,85.4,"Tier 4: High Risk DSR",0
"LEAD-13220","Muhammad Faizal #3220","+60160003221","Mont Kiara Pavilion",3640,2680,84.6,"Tier 4: High Risk DSR",0
"LEAD-13223","Wong Hassan #3223","+60190003224","Subang Parksuites",3751,2737,83.9,"Tier 4: High Risk DSR",0
"LEAD-13226","Mohd Subramaniam #3226","+60140003227","Mont Kiara Pavilion",3862,2794,83.2,"Tier 4: High Risk DSR",0
"LEAD-13229","Kevin Goh #3229","+60170003230","Subang Parksuites",3973,2851,82.5,"Tier 4: High Risk DSR",0
"LEAD-13232","Razif Hariz #3232","+60120003233","Mont Kiara Pavilion",4084,2908,81.8,"Tier 4: High Risk DSR",0
"LEAD-13235","Chong Wei Lun #3235","+60150003236","Subang Parksuites",4195,2965,81.2,"Tier 4: High Risk DSR",0
"LEAD-13238","Hafiz Ibrahim #3238","+60180003239","Mont Kiara Pavilion",4306,3022,80.7,"Tier 4: High Risk DSR",0
"LEAD-13241","Ahmad Chen #3241","+60130003242","Subang Parksuites",4417,3079,80.1,"Tier 4: High Risk DSR",0
"LEAD-13244","Tan Nordin #3244","+60160003245","Mont Kiara Pavilion",4528,3136,79.6,"Tier 4: High Risk DSR",0
"LEAD-13247","Farhan Osman #3247","+60190003248","Subang Parksuites",4639,3193,79.1,"Tier 4: High Risk DSR",0
"LEAD-13250","Jason Aini #3250","+60140003251","Mont Kiara Pavilion",4750,3250,78.6,"Tier 4: High Risk DSR",0
"LEAD-13253","Amir Razif #3253","+60170003254","Subang Parksuites",4861,3307,78.2,"Tier 4: High Risk DSR",0
"LEAD-13256","Devi Lee #3256","+60120003257","Mont Kiara Pavilion",4972,3364,77.8,"Tier 4: High Risk DSR",0
"LEAD-13259","Grace Zulkifli #3259","+60150003260","Subang Parksuites",5083,3421,77.4,"Tier 4: High Risk DSR",0
"LEAD-13262","Nurul Rosli #3262","+60180003263","Mont Kiara Pavilion",5194,3478,77,"Tier 4: High Risk DSR",0
"LEAD-13265","Santhi Kumar #3265","+60130003266","Subang Parksuites",5305,3535,76.6,"Tier 4: High Risk DSR",0
"LEAD-13268","Sarah Faizal #3268","+60160003269","Mont Kiara Pavilion",5416,3592,76.2,"Tier 4: High Risk DSR",0
"LEAD-13271","Siti Hassan #3271","+60190003272","Subang Parksuites",5527,3649,75.9,"Tier 4: High Risk DSR",0
"LEAD-13274","Syed Subramaniam #3274","+60140003275","Mont Kiara Pavilion",5638,3706,75.6,"Tier 4: High Risk DSR",0
"LEAD-13277","Azman Goh #3277","+60170003278","Subang Parksuites",5749,3763,75.2,"Tier 4: High Risk DSR",0
"LEAD-13280","Muhammad Hariz #3280","+60120003281","Mont Kiara Pavilion",5860,3820,74.9,"Tier 3: Joint Loan Needed",0
"LEAD-13283","Wong Wei Lun #3283","+60150003284","Subang Parksuites",5971,3877,74.6,"Tier 3: Joint Loan Needed",0
"LEAD-13286","Mohd Ibrahim #3286","+60180003287","Mont Kiara Pavilion",6082,3934,74.3,"Tier 3: Joint Loan Needed",0
"LEAD-13289","Kevin Chen #3289","+60130003290","Subang Parksuites",6193,3991,74.1,"Tier 3: Joint Loan Needed",0
"LEAD-13292","Razif Nordin #3292","+60160003293","Mont Kiara Pavilion",6304,4048,73.8,"Tier 3: Joint Loan Needed",0
"LEAD-13295","Chong Osman #3295","+60190003296","Subang Parksuites",6415,4105,73.6,"Tier 3: Joint Loan Needed",0
"LEAD-13298","Hafiz Aini #3298","+60140003299","Mont Kiara Pavilion",6526,4162,73.3,"Tier 3: Joint Loan Needed",0
"LEAD-13301","Ahmad Razif #3301","+60170003302","Subang Parksuites",6637,4219,73.1,"Tier 3: Joint Loan Needed",0
"LEAD-13304","Tan Lee #3304","+60120003305","Mont Kiara Pavilion",6748,4276,72.8,"Tier 3: Joint Loan Needed",0
"LEAD-13307","Farhan Zulkifli #3307","+60150003308","Subang Parksuites",6859,4333,72.6,"Tier 3: Joint Loan Needed",0
"LEAD-13310","Jason Rosli #3310","+60180003311","Mont Kiara Pavilion",6970,4390,72.4,"Tier 3: Joint Loan Needed",0
"LEAD-13313","Amir Kumar #3313","+60130003314","Subang Parksuites",7081,4447,72.2,"Tier 3: Joint Loan Needed",0
"LEAD-13316","Devi Faizal #3316","+60160003317","Mont Kiara Pavilion",7192,1004,16,"Tier 1: Pre-Approved LPPSA/Bank",550045
"LEAD-13319","Grace Hassan #3319","+60190003320","Subang Parksuites",7303,1061,16.7,"Tier 1: Pre-Approved LPPSA/Bank",550233
"LEAD-13322","Nurul Subramaniam #3322","+60140003323","Mont Kiara Pavilion",7414,1118,17.3,"Tier 1: Pre-Approved LPPSA/Bank",550422
"LEAD-13325","Santhi Goh #3325","+60170003326","Subang Parksuites",7525,1175,17.9,"Tier 1: Pre-Approved LPPSA/Bank",550610
"LEAD-13328","Sarah Hariz #3328","+60120003329","Mont Kiara Pavilion",7636,1232,18.5,"Tier 1: Pre-Approved LPPSA/Bank",550798
"LEAD-13331","Siti Wei Lun #3331","+60150003332","Subang Parksuites",7747,1289,19.1,"Tier 1: Pre-Approved LPPSA/Bank",550987
"LEAD-13334","Syed Ibrahim #3334","+60180003335","Mont Kiara Pavilion",7858,1346,19.7,"Tier 1: Pre-Approved LPPSA/Bank",551175
"LEAD-13337","Azman Chen #3337","+60130003338","Subang Parksuites",7969,1403,20.2,"Tier 1: Pre-Approved LPPSA/Bank",551364
"LEAD-13340","Muhammad Nordin #3340","+60160003341","Mont Kiara Pavilion",8080,1460,20.8,"Tier 1: Pre-Approved LPPSA/Bank",551552
"LEAD-13343","Wong Osman #3343","+60190003344","Subang Parksuites",8191,1517,21.3,"Tier 1: Pre-Approved LPPSA/Bank",551740
"LEAD-13346","Mohd Aini #3346","+60140003347","Mont Kiara Pavilion",8302,1574,21.8,"Tier 1: Pre-Approved LPPSA/Bank",551929
"LEAD-13349","Kevin Razif #3349","+60170003350","Subang Parksuites",8413,1631,22.3,"Tier 1: Pre-Approved LPPSA/Bank",552117
"LEAD-13352","Razif Lee #3352","+60120003353","Mont Kiara Pavilion",8524,1688,22.8,"Tier 1: Pre-Approved LPPSA/Bank",552306
"LEAD-13355","Chong Zulkifli #3355","+60150003356","Subang Parksuites",8635,1745,23.2,"Tier 1: Pre-Approved LPPSA/Bank",552494
"LEAD-13358","Hafiz Rosli #3358","+60180003359","Mont Kiara Pavilion",8746,1802,23.7,"Tier 1: Pre-Approved LPPSA/Bank",552682
"LEAD-13361","Ahmad Kumar #3361","+60130003362","Subang Parksuites",8857,1859,24.1,"Tier 1: Pre-Approved LPPSA/Bank",552871
"LEAD-13364","Tan Faizal #3364","+60160003365","Mont Kiara Pavilion",8968,1916,24.6,"Tier 1: Pre-Approved LPPSA/Bank",553059
"LEAD-13367","Farhan Hassan #3367","+60190003368","Subang Parksuites",9079,1973,25,"Tier 1: Pre-Approved LPPSA/Bank",553248
"LEAD-13370","Jason Subramaniam #3370","+60140003371","Mont Kiara Pavilion",9190,2030,25.4,"Tier 1: Pre-Approved LPPSA/Bank",553436
"LEAD-13373","Amir Goh #3373","+60170003374","Subang Parksuites",9301,2087,25.8,"Tier 1: Pre-Approved LPPSA/Bank",553624
"LEAD-13376","Devi Hariz #3376","+60120003377","Mont Kiara Pavilion",9412,2144,26.2,"Tier 1: Pre-Approved LPPSA/Bank",553813
"LEAD-13379","Grace Wei Lun #3379","+60150003380","Subang Parksuites",9523,2201,26.6,"Tier 1: Pre-Approved LPPSA/Bank",554001
"LEAD-13382","Nurul Ibrahim #3382","+60180003383","Mont Kiara Pavilion",9634,2258,26.9,"Tier 1: Pre-Approved LPPSA/Bank",554190
"LEAD-13385","Santhi Chen #3385","+60130003386","Subang Parksuites",9745,2315,27.3,"Tier 1: Pre-Approved LPPSA/Bank",554378
"LEAD-13388","Sarah Nordin #3388","+60160003389","Mont Kiara Pavilion",9856,2372,27.7,"Tier 1: Pre-Approved LPPSA/Bank",554566
"LEAD-13391","Siti Osman #3391","+60190003392","Subang Parksuites",9967,2429,28,"Tier 1: Pre-Approved LPPSA/Bank",554755
"LEAD-13394","Syed Aini #3394","+60140003395","Mont Kiara Pavilion",10078,2486,28.4,"Tier 1: Pre-Approved LPPSA/Bank",554943
"LEAD-13397","Azman Razif #3397","+60170003398","Subang Parksuites",10189,2543,28.7,"Tier 1: Pre-Approved LPPSA/Bank",555132
"LEAD-13400","Muhammad Lee #3400","+60120003401","Mont Kiara Pavilion",10300,2600,29,"Tier 1: Pre-Approved LPPSA/Bank",555320
"LEAD-13403","Wong Zulkifli #3403","+60150003404","Subang Parksuites",10411,2657,29.3,"Tier 1: Pre-Approved LPPSA/Bank",555508
"LEAD-13406","Mohd Rosli #3406","+60180003407","Mont Kiara Pavilion",10522,2714,29.6,"Tier 1: Pre-Approved LPPSA/Bank",555697
"LEAD-13409","Kevin Kumar #3409","+60130003410","Subang Parksuites",10633,2771,30,"Tier 1: Pre-Approved LPPSA/Bank",555885
"LEAD-13412","Razif Faizal #3412","+60160003413","Mont Kiara Pavilion",10744,2828,30.3,"Tier 1: Pre-Approved LPPSA/Bank",556074
"LEAD-13415","Chong Hassan #3415","+60190003416","Subang Parksuites",10855,2885,30.5,"Tier 1: Pre-Approved LPPSA/Bank",556262
"LEAD-13418","Hafiz Subramaniam #3418","+60140003419","Mont Kiara Pavilion",10966,2942,30.8,"Tier 1: Pre-Approved LPPSA/Bank",556450
"LEAD-13421","Ahmad Goh #3421","+60170003422","Subang Parksuites",11077,2999,31.1,"Tier 1: Pre-Approved LPPSA/Bank",556639
"LEAD-13424","Tan Hariz #3424","+60120003425","Mont Kiara Pavilion",11188,3056,31.4,"Tier 1: Pre-Approved LPPSA/Bank",556827
"LEAD-13427","Farhan Wei Lun #3427","+60150003428","Subang Parksuites",11299,3113,31.7,"Tier 1: Pre-Approved LPPSA/Bank",557016
"LEAD-13430","Jason Ibrahim #3430","+60180003431","Mont Kiara Pavilion",11410,3170,31.9,"Tier 1: Pre-Approved LPPSA/Bank",557204
"LEAD-13433","Amir Chen #3433","+60130003434","Subang Parksuites",11521,3227,32.2,"Tier 1: Pre-Approved LPPSA/Bank",557392
"LEAD-13436","Devi Nordin #3436","+60160003437","Mont Kiara Pavilion",11632,3284,32.5,"Tier 1: Pre-Approved LPPSA/Bank",557581
"LEAD-13439","Grace Osman #3439","+60190003440","Subang Parksuites",11743,3341,32.7,"Tier 1: Pre-Approved LPPSA/Bank",557769
"LEAD-13442","Nurul Aini #3442","+60140003443","Mont Kiara Pavilion",11854,3398,32.9,"Tier 1: Pre-Approved LPPSA/Bank",557958
"LEAD-13445","Santhi Razif #3445","+60170003446","Subang Parksuites",11965,3455,33.2,"Tier 1: Pre-Approved LPPSA/Bank",558146
"LEAD-13448","Sarah Lee #3448","+60120003449","Mont Kiara Pavilion",3576,3512,112.9,"Tier 4: High Risk DSR",0
"LEAD-13451","Siti Zulkifli #3451","+60150003452","Subang Parksuites",3687,3569,111.3,"Tier 4: High Risk DSR",0
"LEAD-13454","Syed Rosli #3454","+60180003455","Mont Kiara Pavilion",3798,3626,109.7,"Tier 4: High Risk DSR",0
"LEAD-13457","Azman Kumar #3457","+60130003458","Subang Parksuites",3909,3683,108.3,"Tier 4: High Risk DSR",0
"LEAD-13460","Muhammad Faizal #3460","+60160003461","Mont Kiara Pavilion",4020,3740,106.9,"Tier 4: High Risk DSR",0
"LEAD-13463","Wong Hassan #3463","+60190003464","Subang Parksuites",4131,3797,105.6,"Tier 4: High Risk DSR",0
"LEAD-13466","Mohd Subramaniam #3466","+60140003467","Mont Kiara Pavilion",4242,3854,104.4,"Tier 4: High Risk DSR",0
"LEAD-13469","Kevin Goh #3469","+60170003470","Subang Parksuites",4353,3911,103.3,"Tier 4: High Risk DSR",0
"LEAD-13472","Razif Hariz #3472","+60120003473","Mont Kiara Pavilion",4464,3968,102.2,"Tier 4: High Risk DSR",0
"LEAD-13475","Chong Wei Lun #3475","+60150003476","Subang Parksuites",4575,4025,101.1,"Tier 4: High Risk DSR",0
"LEAD-13478","Hafiz Ibrahim #3478","+60180003479","Mont Kiara Pavilion",4686,4082,100.1,"Tier 4: High Risk DSR",0
"LEAD-13481","Ahmad Chen #3481","+60130003482","Subang Parksuites",4797,4139,99.2,"Tier 4: High Risk DSR",0
"LEAD-13484","Tan Nordin #3484","+60160003485","Mont Kiara Pavilion",4908,4196,98.3,"Tier 4: High Risk DSR",0
"LEAD-13487","Farhan Osman #3487","+60190003488","Subang Parksuites",5019,4253,97.4,"Tier 4: High Risk DSR",0
"LEAD-13490","Jason Aini #3490","+60140003491","Mont Kiara Pavilion",5130,4310,96.6,"Tier 4: High Risk DSR",0
"LEAD-13493","Amir Razif #3493","+60170003494","Subang Parksuites",5241,4367,95.8,"Tier 4: High Risk DSR",0
"LEAD-13496","Devi Lee #3496","+60120003497","Mont Kiara Pavilion",5352,4424,95,"Tier 4: High Risk DSR",0
"LEAD-13499","Grace Zulkifli #3499","+60150003500","Subang Parksuites",5463,4481,94.3,"Tier 4: High Risk DSR",0
"LEAD-13502","Nurul Rosli #3502","+60180003503","Mont Kiara Pavilion",5574,1038,21.4,"Tier 2: Qualified Bank Loan",374326
"LEAD-13505","Santhi Kumar #3505","+60130003506","Subang Parksuites",5685,1095,22.1,"Tier 2: Qualified Bank Loan",374514
"LEAD-13508","Sarah Faizal #3508","+60160003509","Mont Kiara Pavilion",5796,1152,22.8,"Tier 2: Qualified Bank Loan",374702
"LEAD-13511","Siti Hassan #3511","+60190003512","Subang Parksuites",5907,1209,23.5,"Tier 2: Qualified Bank Loan",374891
"LEAD-13514","Syed Subramaniam #3514","+60140003515","Mont Kiara Pavilion",6018,1266,24.2,"Tier 2: Qualified Bank Loan",375079
"LEAD-13517","Azman Goh #3517","+60170003518","Subang Parksuites",6129,1323,24.8,"Tier 2: Qualified Bank Loan",375268
"LEAD-13520","Muhammad Hariz #3520","+60120003521","Mont Kiara Pavilion",6240,1380,25.4,"Tier 2: Qualified Bank Loan",375456
"LEAD-13523","Wong Wei Lun #3523","+60150003524","Subang Parksuites",6351,1437,26,"Tier 2: Qualified Bank Loan",375644
"LEAD-13526","Mohd Ibrahim #3526","+60180003527","Mont Kiara Pavilion",6462,1494,26.6,"Tier 2: Qualified Bank Loan",375833
"LEAD-13529","Kevin Chen #3529","+60130003530","Subang Parksuites",6573,1551,27.1,"Tier 1: Pre-Approved LPPSA/Bank",376021
"LEAD-13532","Razif Nordin #3532","+60160003533","Mont Kiara Pavilion",6684,1608,27.7,"Tier 1: Pre-Approved LPPSA/Bank",376210
"LEAD-13535","Chong Osman #3535","+60190003536","Subang Parksuites",6795,1665,28.2,"Tier 1: Pre-Approved LPPSA/Bank",376398
"LEAD-13538","Hafiz Aini #3538","+60140003539","Mont Kiara Pavilion",6906,1722,28.7,"Tier 1: Pre-Approved LPPSA/Bank",376586
"LEAD-13541","Ahmad Razif #3541","+60170003542","Subang Parksuites",7017,1779,29.1,"Tier 1: Pre-Approved LPPSA/Bank",376775
"LEAD-13544","Tan Lee #3544","+60120003545","Mont Kiara Pavilion",7128,1836,29.6,"Tier 1: Pre-Approved LPPSA/Bank",376963
"LEAD-13547","Farhan Zulkifli #3547","+60150003548","Subang Parksuites",7239,1893,30.1,"Tier 1: Pre-Approved LPPSA/Bank",377152
"LEAD-13550","Jason Rosli #3550","+60180003551","Mont Kiara Pavilion",7350,1950,30.5,"Tier 1: Pre-Approved LPPSA/Bank",377340
"LEAD-13553","Amir Kumar #3553","+60130003554","Subang Parksuites",7461,2007,30.9,"Tier 1: Pre-Approved LPPSA/Bank",377528
"LEAD-13556","Devi Faizal #3556","+60160003557","Mont Kiara Pavilion",7572,2064,31.3,"Tier 1: Pre-Approved LPPSA/Bank",377717
"LEAD-13559","Grace Hassan #3559","+60190003560","Subang Parksuites",7683,2121,31.7,"Tier 1: Pre-Approved LPPSA/Bank",377905
"LEAD-13562","Nurul Subramaniam #3562","+60140003563","Mont Kiara Pavilion",7794,2178,32.1,"Tier 1: Pre-Approved LPPSA/Bank",378094
"LEAD-13565","Santhi Goh #3565","+60170003566","Subang Parksuites",7905,2235,32.5,"Tier 1: Pre-Approved LPPSA/Bank",378282
"LEAD-13568","Sarah Hariz #3568","+60120003569","Mont Kiara Pavilion",8016,2292,32.9,"Tier 1: Pre-Approved LPPSA/Bank",378470
"LEAD-13571","Siti Wei Lun #3571","+60150003572","Subang Parksuites",8127,2349,33.2,"Tier 1: Pre-Approved LPPSA/Bank",378659
"LEAD-13574","Syed Ibrahim #3574","+60180003575","Mont Kiara Pavilion",8238,2406,33.6,"Tier 1: Pre-Approved LPPSA/Bank",378847
"LEAD-13577","Azman Chen #3577","+60130003578","Subang Parksuites",8349,2463,33.9,"Tier 1: Pre-Approved LPPSA/Bank",379036
"LEAD-13580","Muhammad Nordin #3580","+60160003581","Mont Kiara Pavilion",8460,2520,34.2,"Tier 1: Pre-Approved LPPSA/Bank",379224
"LEAD-13583","Wong Osman #3583","+60190003584","Subang Parksuites",8571,2577,34.6,"Tier 1: Pre-Approved LPPSA/Bank",379412
"LEAD-13586","Mohd Aini #3586","+60140003587","Mont Kiara Pavilion",8682,2634,34.9,"Tier 1: Pre-Approved LPPSA/Bank",379601
"LEAD-13589","Kevin Razif #3589","+60170003590","Subang Parksuites",8793,2691,35.2,"Tier 1: Pre-Approved LPPSA/Bank",379789
"LEAD-13592","Razif Lee #3592","+60120003593","Mont Kiara Pavilion",8904,2748,35.5,"Tier 1: Pre-Approved LPPSA/Bank",379978
"LEAD-13595","Chong Zulkifli #3595","+60150003596","Subang Parksuites",9015,2805,35.8,"Tier 1: Pre-Approved LPPSA/Bank",380166
"LEAD-13598","Hafiz Rosli #3598","+60180003599","Mont Kiara Pavilion",9126,2862,36,"Tier 1: Pre-Approved LPPSA/Bank",380354
"LEAD-13601","Ahmad Kumar #3601","+60130003602","Subang Parksuites",9237,2919,36.3,"Tier 1: Pre-Approved LPPSA/Bank",380543
"LEAD-13604","Tan Faizal #3604","+60160003605","Mont Kiara Pavilion",9348,2976,36.6,"Tier 1: Pre-Approved LPPSA/Bank",380731
"LEAD-13607","Farhan Hassan #3607","+60190003608","Subang Parksuites",9459,3033,36.9,"Tier 1: Pre-Approved LPPSA/Bank",380920
"LEAD-13610","Jason Subramaniam #3610","+60140003611","Mont Kiara Pavilion",9570,3090,37.1,"Tier 1: Pre-Approved LPPSA/Bank",381108
"LEAD-13613","Amir Goh #3613","+60170003614","Subang Parksuites",9681,3147,37.4,"Tier 1: Pre-Approved LPPSA/Bank",381296
"LEAD-13616","Devi Hariz #3616","+60120003617","Mont Kiara Pavilion",9792,3204,37.6,"Tier 1: Pre-Approved LPPSA/Bank",381485
"LEAD-13619","Grace Wei Lun #3619","+60150003620","Subang Parksuites",9903,3261,37.8,"Tier 1: Pre-Approved LPPSA/Bank",381673
"LEAD-13622","Nurul Ibrahim #3622","+60180003623","Mont Kiara Pavilion",10014,3318,38.1,"Tier 1: Pre-Approved LPPSA/Bank",381862
"LEAD-13625","Santhi Chen #3625","+60130003626","Subang Parksuites",10125,3375,38.3,"Tier 1: Pre-Approved LPPSA/Bank",382050
"LEAD-13628","Sarah Nordin #3628","+60160003629","Mont Kiara Pavilion",10236,3432,38.5,"Tier 1: Pre-Approved LPPSA/Bank",382238
"LEAD-13631","Siti Osman #3631","+60190003632","Subang Parksuites",10347,3489,38.8,"Tier 1: Pre-Approved LPPSA/Bank",382427
"LEAD-13634","Syed Aini #3634","+60140003635","Mont Kiara Pavilion",10458,3546,39,"Tier 1: Pre-Approved LPPSA/Bank",382615
"LEAD-13637","Azman Razif #3637","+60170003638","Subang Parksuites",10569,3603,39.2,"Tier 1: Pre-Approved LPPSA/Bank",382804
"LEAD-13640","Muhammad Lee #3640","+60120003641","Mont Kiara Pavilion",10680,3660,39.4,"Tier 1: Pre-Approved LPPSA/Bank",382992
"LEAD-13643","Wong Zulkifli #3643","+60150003644","Subang Parksuites",10791,3717,39.6,"Tier 1: Pre-Approved LPPSA/Bank",383180
"LEAD-13646","Mohd Rosli #3646","+60180003647","Mont Kiara Pavilion",10902,3774,39.8,"Tier 1: Pre-Approved LPPSA/Bank",383369
"LEAD-13649","Kevin Kumar #3649","+60130003650","Subang Parksuites",11013,3831,40,"Tier 1: Pre-Approved LPPSA/Bank",383557
"LEAD-13652","Razif Faizal #3652","+60160003653","Mont Kiara Pavilion",11124,3888,40.2,"Tier 1: Pre-Approved LPPSA/Bank",383746
"LEAD-13655","Chong Hassan #3655","+60190003656","Subang Parksuites",11235,3945,40.4,"Tier 1: Pre-Approved LPPSA/Bank",383934
"LEAD-13658","Hafiz Subramaniam #3658","+60140003659","Mont Kiara Pavilion",11346,4002,40.5,"Tier 1: Pre-Approved LPPSA/Bank",384122
"LEAD-13661","Ahmad Goh #3661","+60170003662","Subang Parksuites",11457,4059,40.7,"Tier 1: Pre-Approved LPPSA/Bank",384311
"LEAD-13664","Tan Hariz #3664","+60120003665","Mont Kiara Pavilion",11568,4116,40.9,"Tier 1: Pre-Approved LPPSA/Bank",384499
"LEAD-13667","Farhan Wei Lun #3667","+60150003668","Subang Parksuites",11679,4173,41.1,"Tier 1: Pre-Approved LPPSA/Bank",384688
"LEAD-13670","Jason Ibrahim #3670","+60180003671","Mont Kiara Pavilion",11790,4230,41.2,"Tier 1: Pre-Approved LPPSA/Bank",384876
"LEAD-13673","Amir Chen #3673","+60130003674","Subang Parksuites",11901,4287,41.4,"Tier 1: Pre-Approved LPPSA/Bank",385064
"LEAD-13676","Devi Nordin #3676","+60160003677","Mont Kiara Pavilion",3512,4344,142.2,"Tier 4: High Risk DSR",0
"LEAD-13679","Grace Osman #3679","+60190003680","Subang Parksuites",3623,4401,139.6,"Tier 4: High Risk DSR",0
"LEAD-13682","Nurul Aini #3682","+60140003683","Mont Kiara Pavilion",3734,4458,137.2,"Tier 4: High Risk DSR",0
"LEAD-13685","Santhi Razif #3685","+60170003686","Subang Parksuites",3845,1015,30.3,"Tier 3: Joint Loan Needed",198418
"LEAD-13688","Sarah Lee #3688","+60120003689","Mont Kiara Pavilion",3956,1072,31.1,"Tier 3: Joint Loan Needed",198606
"LEAD-13691","Siti Zulkifli #3691","+60150003692","Subang Parksuites",4067,1129,31.9,"Tier 3: Joint Loan Needed",198795
"LEAD-13694","Syed Rosli #3694","+60180003695","Mont Kiara Pavilion",4178,1186,32.6,"Tier 3: Joint Loan Needed",198983
"LEAD-13697","Azman Kumar #3697","+60130003698","Subang Parksuites",4289,1243,33.3,"Tier 3: Joint Loan Needed",199172
"LEAD-13700","Muhammad Faizal #3700","+60160003701","Mont Kiara Pavilion",4400,1300,34,"Tier 3: Joint Loan Needed",199360
"LEAD-13703","Wong Hassan #3703","+60190003704","Subang Parksuites",4511,1357,34.6,"Tier 2: Qualified Bank Loan",199548
"LEAD-13706","Mohd Subramaniam #3706","+60140003707","Mont Kiara Pavilion",4622,1414,35.2,"Tier 2: Qualified Bank Loan",199737
"LEAD-13709","Kevin Goh #3709","+60170003710","Subang Parksuites",4733,1471,35.7,"Tier 2: Qualified Bank Loan",199925
"LEAD-13712","Razif Hariz #3712","+60120003713","Mont Kiara Pavilion",4844,1528,36.3,"Tier 2: Qualified Bank Loan",200114
"LEAD-13715","Chong Wei Lun #3715","+60150003716","Subang Parksuites",4955,1585,36.8,"Tier 2: Qualified Bank Loan",200302
"LEAD-13718","Hafiz Ibrahim #3718","+60180003719","Mont Kiara Pavilion",5066,1642,37.3,"Tier 2: Qualified Bank Loan",200490
"LEAD-13721","Ahmad Chen #3721","+60130003722","Subang Parksuites",5177,1699,37.7,"Tier 2: Qualified Bank Loan",200679
"LEAD-13724","Tan Nordin #3724","+60160003725","Mont Kiara Pavilion",5288,1756,38.2,"Tier 2: Qualified Bank Loan",200867
"LEAD-13727","Farhan Osman #3727","+60190003728","Subang Parksuites",5399,1813,38.6,"Tier 2: Qualified Bank Loan",201056
"LEAD-13730","Jason Aini #3730","+60140003731","Mont Kiara Pavilion",5510,1870,39,"Tier 2: Qualified Bank Loan",201244
"LEAD-13733","Amir Razif #3733","+60170003734","Subang Parksuites",5621,1927,39.4,"Tier 2: Qualified Bank Loan",201432
"LEAD-13736","Devi Lee #3736","+60120003737","Mont Kiara Pavilion",5732,1984,39.8,"Tier 2: Qualified Bank Loan",201621
"LEAD-13739","Grace Zulkifli #3739","+60150003740","Subang Parksuites",5843,2041,40.2,"Tier 2: Qualified Bank Loan",201809
"LEAD-13742","Nurul Rosli #3742","+60180003743","Mont Kiara Pavilion",5954,2098,40.5,"Tier 2: Qualified Bank Loan",201998
"LEAD-13745","Santhi Kumar #3745","+60130003746","Subang Parksuites",6065,2155,40.8,"Tier 2: Qualified Bank Loan",202186
"LEAD-13748","Sarah Faizal #3748","+60160003749","Mont Kiara Pavilion",6176,2212,41.2,"Tier 2: Qualified Bank Loan",202374
"LEAD-13751","Siti Hassan #3751","+60190003752","Subang Parksuites",6287,2269,41.5,"Tier 2: Qualified Bank Loan",202563
"LEAD-13754","Syed Subramaniam #3754","+60140003755","Mont Kiara Pavilion",6398,2326,41.8,"Tier 2: Qualified Bank Loan",202751
"LEAD-13757","Azman Goh #3757","+60170003758","Subang Parksuites",6509,2383,42.1,"Tier 1: Pre-Approved LPPSA/Bank",202940
"LEAD-13760","Muhammad Hariz #3760","+60120003761","Mont Kiara Pavilion",6620,2440,42.4,"Tier 1: Pre-Approved LPPSA/Bank",203128
"LEAD-13763","Wong Wei Lun #3763","+60150003764","Subang Parksuites",6731,2497,42.6,"Tier 1: Pre-Approved LPPSA/Bank",203316
"LEAD-13766","Mohd Ibrahim #3766","+60180003767","Mont Kiara Pavilion",6842,2554,42.9,"Tier 1: Pre-Approved LPPSA/Bank",203505
"LEAD-13769","Kevin Chen #3769","+60130003770","Subang Parksuites",6953,2611,43.2,"Tier 1: Pre-Approved LPPSA/Bank",203693
"LEAD-13772","Razif Nordin #3772","+60160003773","Mont Kiara Pavilion",7064,2668,43.4,"Tier 1: Pre-Approved LPPSA/Bank",203882
"LEAD-13775","Chong Osman #3775","+60190003776","Subang Parksuites",7175,2725,43.7,"Tier 1: Pre-Approved LPPSA/Bank",204070
"LEAD-13778","Hafiz Aini #3778","+60140003779","Mont Kiara Pavilion",7286,2782,43.9,"Tier 1: Pre-Approved LPPSA/Bank",204258
"LEAD-13781","Ahmad Razif #3781","+60170003782","Subang Parksuites",7397,2839,44.1,"Tier 1: Pre-Approved LPPSA/Bank",204447
"LEAD-13784","Tan Lee #3784","+60120003785","Mont Kiara Pavilion",7508,2896,44.3,"Tier 1: Pre-Approved LPPSA/Bank",204635
"LEAD-13787","Farhan Zulkifli #3787","+60150003788","Subang Parksuites",7619,2953,44.5,"Tier 1: Pre-Approved LPPSA/Bank",204824
"LEAD-13790","Jason Rosli #3790","+60180003791","Mont Kiara Pavilion",7730,3010,44.8,"Tier 1: Pre-Approved LPPSA/Bank",205012
"LEAD-13793","Amir Kumar #3793","+60130003794","Subang Parksuites",7841,3067,45,"Tier 1: Pre-Approved LPPSA/Bank",205200
"LEAD-13796","Devi Faizal #3796","+60160003797","Mont Kiara Pavilion",7952,3124,45.2,"Tier 2: Qualified Bank Loan",205389
"LEAD-13799","Grace Hassan #3799","+60190003800","Subang Parksuites",8063,3181,45.3,"Tier 2: Qualified Bank Loan",205577
"LEAD-13802","Nurul Subramaniam #3802","+60140003803","Mont Kiara Pavilion",8174,3238,45.5,"Tier 2: Qualified Bank Loan",205766
"LEAD-13805","Santhi Goh #3805","+60170003806","Subang Parksuites",8285,3295,45.7,"Tier 2: Qualified Bank Loan",205954
"LEAD-13808","Sarah Hariz #3808","+60120003809","Mont Kiara Pavilion",8396,3352,45.9,"Tier 2: Qualified Bank Loan",206142
"LEAD-13811","Siti Wei Lun #3811","+60150003812","Subang Parksuites",8507,3409,46.1,"Tier 2: Qualified Bank Loan",206331
"LEAD-13814","Syed Ibrahim #3814","+60180003815","Mont Kiara Pavilion",8618,3466,46.2,"Tier 2: Qualified Bank Loan",206519
"LEAD-13817","Azman Chen #3817","+60130003818","Subang Parksuites",8729,3523,46.4,"Tier 2: Qualified Bank Loan",206708
"LEAD-13820","Muhammad Nordin #3820","+60160003821","Mont Kiara Pavilion",8840,3580,46.5,"Tier 2: Qualified Bank Loan",206896
"LEAD-13823","Wong Osman #3823","+60190003824","Subang Parksuites",8951,3637,46.7,"Tier 2: Qualified Bank Loan",207084
"LEAD-13826","Mohd Aini #3826","+60140003827","Mont Kiara Pavilion",9062,3694,46.9,"Tier 2: Qualified Bank Loan",207273
"LEAD-13829","Kevin Razif #3829","+60170003830","Subang Parksuites",9173,3751,47,"Tier 2: Qualified Bank Loan",207461
"LEAD-13832","Razif Lee #3832","+60120003833","Mont Kiara Pavilion",9284,3808,47.1,"Tier 2: Qualified Bank Loan",207650
"LEAD-13835","Chong Zulkifli #3835","+60150003836","Subang Parksuites",9395,3865,47.3,"Tier 2: Qualified Bank Loan",207838
"LEAD-13838","Hafiz Rosli #3838","+60180003839","Mont Kiara Pavilion",9506,3922,47.4,"Tier 2: Qualified Bank Loan",208026
"LEAD-13841","Ahmad Kumar #3841","+60130003842","Subang Parksuites",9617,3979,47.6,"Tier 2: Qualified Bank Loan",208215
"LEAD-13844","Tan Faizal #3844","+60160003845","Mont Kiara Pavilion",9728,4036,47.7,"Tier 2: Qualified Bank Loan",208403
"LEAD-13847","Farhan Hassan #3847","+60190003848","Subang Parksuites",9839,4093,47.8,"Tier 2: Qualified Bank Loan",208592
"LEAD-13850","Jason Subramaniam #3850","+60140003851","Mont Kiara Pavilion",9950,4150,47.9,"Tier 2: Qualified Bank Loan",208780
"LEAD-13853","Amir Goh #3853","+60170003854","Subang Parksuites",10061,4207,48.1,"Tier 2: Qualified Bank Loan",208968
"LEAD-13856","Devi Hariz #3856","+60120003857","Mont Kiara Pavilion",10172,4264,48.2,"Tier 2: Qualified Bank Loan",209157
"LEAD-13859","Grace Wei Lun #3859","+60150003860","Subang Parksuites",10283,4321,48.3,"Tier 2: Qualified Bank Loan",209345
"LEAD-13862","Nurul Ibrahim #3862","+60180003863","Mont Kiara Pavilion",10394,4378,48.4,"Tier 2: Qualified Bank Loan",209534
"LEAD-13865","Santhi Chen #3865","+60130003866","Subang Parksuites",10505,4435,48.5,"Tier 2: Qualified Bank Loan",209722
"LEAD-13868","Sarah Nordin #3868","+60160003869","Mont Kiara Pavilion",10616,4492,48.6,"Tier 2: Qualified Bank Loan",209910
"LEAD-13871","Siti Osman #3871","+60190003872","Subang Parksuites",10727,1049,11.2,"Tier 1: Pre-Approved LPPSA/Bank",910099
"LEAD-13874","Syed Aini #3874","+60140003875","Mont Kiara Pavilion",10838,1106,11.7,"Tier 1: Pre-Approved LPPSA/Bank",910287
"LEAD-13877","Azman Razif #3877","+60170003878","Subang Parksuites",10949,1163,12.2,"Tier 1: Pre-Approved LPPSA/Bank",910476
"LEAD-13880","Muhammad Lee #3880","+60120003881","Mont Kiara Pavilion",11060,1220,12.7,"Tier 1: Pre-Approved LPPSA/Bank",910664
"LEAD-13883","Wong Zulkifli #3883","+60150003884","Subang Parksuites",11171,1277,13.1,"Tier 1: Pre-Approved LPPSA/Bank",910852
"LEAD-13886","Mohd Rosli #3886","+60180003887","Mont Kiara Pavilion",11282,1334,13.6,"Tier 1: Pre-Approved LPPSA/Bank",911041
"LEAD-13889","Kevin Kumar #3889","+60130003890","Subang Parksuites",11393,1391,14,"Tier 1: Pre-Approved LPPSA/Bank",911229
"LEAD-13892","Razif Faizal #3892","+60160003893","Mont Kiara Pavilion",11504,1448,14.5,"Tier 1: Pre-Approved LPPSA/Bank",911418
"LEAD-13895","Chong Hassan #3895","+60190003896","Subang Parksuites",11615,1505,14.9,"Tier 1: Pre-Approved LPPSA/Bank",911606
"LEAD-13898","Hafiz Subramaniam #3898","+60140003899","Mont Kiara Pavilion",11726,1562,15.3,"Tier 1: Pre-Approved LPPSA/Bank",911794
"LEAD-13901","Ahmad Goh #3901","+60170003902","Subang Parksuites",11837,1619,15.7,"Tier 1: Pre-Approved LPPSA/Bank",911983
"LEAD-13904","Tan Hariz #3904","+60120003905","Mont Kiara Pavilion",11948,1676,16.1,"Tier 1: Pre-Approved LPPSA/Bank",912171
"LEAD-13907","Farhan Wei Lun #3907","+60150003908","Subang Parksuites",3559,1733,56,"Tier 3: Joint Loan Needed",24960
"LEAD-13910","Jason Ibrahim #3910","+60180003911","Mont Kiara Pavilion",3670,1790,56.1,"Tier 3: Joint Loan Needed",25148
"LEAD-13913","Amir Chen #3913","+60130003914","Subang Parksuites",3781,1847,56.1,"Tier 3: Joint Loan Needed",25336
"LEAD-13916","Devi Nordin #3916","+60160003917","Mont Kiara Pavilion",3892,1904,56.2,"Tier 3: Joint Loan Needed",25525
"LEAD-13919","Grace Osman #3919","+60190003920","Subang Parksuites",4003,1961,56.3,"Tier 3: Joint Loan Needed",25713
"LEAD-13922","Nurul Aini #3922","+60140003923","Mont Kiara Pavilion",4114,2018,56.4,"Tier 3: Joint Loan Needed",25902
"LEAD-13925","Santhi Razif #3925","+60170003926","Subang Parksuites",4225,2075,56.5,"Tier 3: Joint Loan Needed",26090
"LEAD-13928","Sarah Lee #3928","+60120003929","Mont Kiara Pavilion",4336,2132,56.5,"Tier 3: Joint Loan Needed",26278
"LEAD-13931","Siti Zulkifli #3931","+60150003932","Subang Parksuites",4447,2189,56.6,"Tier 3: Joint Loan Needed",26467
"LEAD-13934","Syed Rosli #3934","+60180003935","Mont Kiara Pavilion",4558,2246,56.6,"Tier 2: Qualified Bank Loan",26655
"LEAD-13937","Azman Kumar #3937","+60130003938","Subang Parksuites",4669,2303,56.7,"Tier 2: Qualified Bank Loan",26844
"LEAD-13940","Muhammad Faizal #3940","+60160003941","Mont Kiara Pavilion",4780,2360,56.7,"Tier 2: Qualified Bank Loan",27032
"LEAD-13943","Wong Hassan #3943","+60190003944","Subang Parksuites",4891,2417,56.8,"Tier 2: Qualified Bank Loan",27220
"LEAD-13946","Mohd Subramaniam #3946","+60140003947","Mont Kiara Pavilion",5002,2474,56.9,"Tier 2: Qualified Bank Loan",27409
"LEAD-13949","Kevin Goh #3949","+60170003950","Subang Parksuites",5113,2531,56.9,"Tier 2: Qualified Bank Loan",27597
"LEAD-13952","Razif Hariz #3952","+60120003953","Mont Kiara Pavilion",5224,2588,56.9,"Tier 2: Qualified Bank Loan",27786
"LEAD-13955","Chong Wei Lun #3955","+60150003956","Subang Parksuites",5335,2645,57,"Tier 2: Qualified Bank Loan",27974
"LEAD-13958","Hafiz Ibrahim #3958","+60180003959","Mont Kiara Pavilion",5446,2702,57,"Tier 2: Qualified Bank Loan",28162
"LEAD-13961","Ahmad Chen #3961","+60130003962","Subang Parksuites",5557,2759,57.1,"Tier 2: Qualified Bank Loan",28351
"LEAD-13964","Tan Nordin #3964","+60160003965","Mont Kiara Pavilion",5668,2816,57.1,"Tier 2: Qualified Bank Loan",28539
"LEAD-13967","Farhan Osman #3967","+60190003968","Subang Parksuites",5779,2873,57.1,"Tier 2: Qualified Bank Loan",28728
"LEAD-13970","Jason Aini #3970","+60140003971","Mont Kiara Pavilion",5890,2930,57.2,"Tier 2: Qualified Bank Loan",28916
"LEAD-13973","Amir Razif #3973","+60170003974","Subang Parksuites",6001,2987,57.2,"Tier 2: Qualified Bank Loan",29104
"LEAD-13976","Devi Lee #3976","+60120003977","Mont Kiara Pavilion",6112,3044,57.2,"Tier 2: Qualified Bank Loan",29293
"LEAD-13979","Grace Zulkifli #3979","+60150003980","Subang Parksuites",6223,3101,57.3,"Tier 2: Qualified Bank Loan",29481
"LEAD-13982","Nurul Rosli #3982","+60180003983","Mont Kiara Pavilion",6334,3158,57.3,"Tier 2: Qualified Bank Loan",29670
"LEAD-13985","Santhi Kumar #3985","+60130003986","Subang Parksuites",6445,3215,57.3,"Tier 2: Qualified Bank Loan",29858
"LEAD-13988","Sarah Faizal #3988","+60160003989","Mont Kiara Pavilion",6556,3272,57.4,"Tier 2: Qualified Bank Loan",30046
"LEAD-13991","Siti Hassan #3991","+60190003992","Subang Parksuites",6667,3329,57.4,"Tier 2: Qualified Bank Loan",30235
"LEAD-13994","Syed Subramaniam #3994","+60140003995","Mont Kiara Pavilion",6778,3386,57.4,"Tier 2: Qualified Bank Loan",30423
"LEAD-13997","Azman Goh #3997","+60170003998","Subang Parksuites",6889,3443,57.4,"Tier 2: Qualified Bank Loan",30612
"LEAD-14000","Muhammad Hariz #4000","+60120004001","Mont Kiara Pavilion",7000,3500,57.5,"Tier 2: Qualified Bank Loan",30800
"LEAD-14003","Wong Wei Lun #4003","+60150004004","Subang Parksuites",7111,3557,57.5,"Tier 2: Qualified Bank Loan",30988
"LEAD-14006","Mohd Ibrahim #4006","+60180004007","Mont Kiara Pavilion",7222,3614,57.5,"Tier 2: Qualified Bank Loan",31177
"LEAD-14009","Kevin Chen #4009","+60130004010","Subang Parksuites",7333,3671,57.5,"Tier 2: Qualified Bank Loan",31365
"LEAD-14012","Razif Nordin #4012","+60160004013","Mont Kiara Pavilion",7444,3728,57.6,"Tier 2: Qualified Bank Loan",31554
"LEAD-14015","Chong Osman #4015","+60190004016","Subang Parksuites",7555,3785,57.6,"Tier 2: Qualified Bank Loan",31742
"LEAD-14018","Hafiz Aini #4018","+60140004019","Mont Kiara Pavilion",7666,3842,57.6,"Tier 2: Qualified Bank Loan",31930
"LEAD-14021","Ahmad Razif #4021","+60170004022","Subang Parksuites",7777,3899,57.6,"Tier 2: Qualified Bank Loan",32119
"LEAD-14024","Tan Lee #4024","+60120004025","Mont Kiara Pavilion",7888,3956,57.6,"Tier 2: Qualified Bank Loan",32307
"LEAD-14027","Farhan Zulkifli #4027","+60150004028","Subang Parksuites",7999,4013,57.7,"Tier 2: Qualified Bank Loan",32496
"LEAD-14030","Jason Rosli #4030","+60180004031","Mont Kiara Pavilion",8110,4070,57.7,"Tier 2: Qualified Bank Loan",32684
"LEAD-14033","Amir Kumar #4033","+60130004034","Subang Parksuites",8221,4127,57.7,"Tier 2: Qualified Bank Loan",32872
"LEAD-14036","Devi Faizal #4036","+60160004037","Mont Kiara Pavilion",8332,4184,57.7,"Tier 2: Qualified Bank Loan",33061
"LEAD-14039","Grace Hassan #4039","+60190004040","Subang Parksuites",8443,4241,57.7,"Tier 2: Qualified Bank Loan",33249
"LEAD-14042","Nurul Subramaniam #4042","+60140004043","Mont Kiara Pavilion",8554,4298,57.8,"Tier 2: Qualified Bank Loan",33438
"LEAD-14045","Santhi Goh #4045","+60170004046","Subang Parksuites",8665,4355,57.8,"Tier 2: Qualified Bank Loan",33626
"LEAD-14048","Sarah Hariz #4048","+60120004049","Mont Kiara Pavilion",8776,4412,57.8,"Tier 2: Qualified Bank Loan",33814
"LEAD-14051","Siti Wei Lun #4051","+60150004052","Subang Parksuites",8887,4469,57.8,"Tier 2: Qualified Bank Loan",34003
"LEAD-14054","Syed Ibrahim #4054","+60180004055","Mont Kiara Pavilion",8998,1026,13.1,"Tier 1: Pre-Approved LPPSA/Bank",734191
"LEAD-14057","Azman Chen #4057","+60130004058","Subang Parksuites",9109,1083,13.7,"Tier 1: Pre-Approved LPPSA/Bank",734380
"LEAD-14060","Muhammad Nordin #4060","+60160004061","Mont Kiara Pavilion",9220,1140,14.2,"Tier 1: Pre-Approved LPPSA/Bank",734568
"LEAD-14063","Wong Osman #4063","+60190004064","Subang Parksuites",9331,1197,14.7,"Tier 1: Pre-Approved LPPSA/Bank",734756
"LEAD-14066","Mohd Aini #4066","+60140004067","Mont Kiara Pavilion",9442,1254,15.3,"Tier 1: Pre-Approved LPPSA/Bank",734945
"LEAD-14069","Kevin Razif #4069","+60170004070","Subang Parksuites",9553,1311,15.8,"Tier 1: Pre-Approved LPPSA/Bank",735133
"LEAD-14072","Razif Lee #4072","+60120004073","Mont Kiara Pavilion",9664,1368,16.3,"Tier 1: Pre-Approved LPPSA/Bank",735322
"LEAD-14075","Chong Zulkifli #4075","+60150004076","Subang Parksuites",9775,1425,16.8,"Tier 1: Pre-Approved LPPSA/Bank",735510
"LEAD-14078","Hafiz Rosli #4078","+60180004079","Mont Kiara Pavilion",9886,1482,17.2,"Tier 1: Pre-Approved LPPSA/Bank",735698
"LEAD-14081","Ahmad Kumar #4081","+60130004082","Subang Parksuites",9997,1539,17.7,"Tier 1: Pre-Approved LPPSA/Bank",735887
"LEAD-14084","Tan Faizal #4084","+60160004085","Mont Kiara Pavilion",10108,1596,18.1,"Tier 1: Pre-Approved LPPSA/Bank",736075
"LEAD-14087","Farhan Hassan #4087","+60190004088","Subang Parksuites",10219,1653,18.6,"Tier 1: Pre-Approved LPPSA/Bank",736264
"LEAD-14090","Jason Subramaniam #4090","+60140004091","Mont Kiara Pavilion",10330,1710,19,"Tier 1: Pre-Approved LPPSA/Bank",736452
"LEAD-14093","Amir Goh #4093","+60170004094","Subang Parksuites",10441,1767,19.5,"Tier 1: Pre-Approved LPPSA/Bank",736640
"LEAD-14096","Devi Hariz #4096","+60120004097","Mont Kiara Pavilion",10552,1824,19.9,"Tier 1: Pre-Approved LPPSA/Bank",736829
"LEAD-14099","Grace Wei Lun #4099","+60150004100","Subang Parksuites",10663,1881,20.3,"Tier 1: Pre-Approved LPPSA/Bank",737017
"LEAD-14102","Nurul Ibrahim #4102","+60180004103","Mont Kiara Pavilion",10774,1938,20.7,"Tier 1: Pre-Approved LPPSA/Bank",737206
"LEAD-14105","Santhi Chen #4105","+60130004106","Subang Parksuites",10885,1995,21.1,"Tier 1: Pre-Approved LPPSA/Bank",737394
"LEAD-14108","Sarah Nordin #4108","+60160004109","Mont Kiara Pavilion",10996,2052,21.4,"Tier 1: Pre-Approved LPPSA/Bank",737582
"LEAD-14111","Siti Osman #4111","+60190004112","Subang Parksuites",11107,2109,21.8,"Tier 1: Pre-Approved LPPSA/Bank",737771
"LEAD-14114","Syed Aini #4114","+60140004115","Mont Kiara Pavilion",11218,2166,22.2,"Tier 1: Pre-Approved LPPSA/Bank",737959
"LEAD-14117","Azman Razif #4117","+60170004118","Subang Parksuites",11329,2223,22.6,"Tier 1: Pre-Approved LPPSA/Bank",738148
"LEAD-14120","Muhammad Lee #4120","+60120004121","Mont Kiara Pavilion",11440,2280,22.9,"Tier 1: Pre-Approved LPPSA/Bank",738336
"LEAD-14123","Wong Zulkifli #4123","+60150004124","Subang Parksuites",11551,2337,23.3,"Tier 1: Pre-Approved LPPSA/Bank",738524
"LEAD-14126","Mohd Rosli #4126","+60180004127","Mont Kiara Pavilion",11662,2394,23.6,"Tier 1: Pre-Approved LPPSA/Bank",738713
"LEAD-14129","Kevin Kumar #4129","+60130004130","Subang Parksuites",11773,2451,23.9,"Tier 1: Pre-Approved LPPSA/Bank",738901
"LEAD-14132","Razif Faizal #4132","+60160004133","Mont Kiara Pavilion",11884,2508,24.3,"Tier 1: Pre-Approved LPPSA/Bank",739090
"LEAD-14135","Chong Hassan #4135","+60190004136","Subang Parksuites",11995,2565,24.6,"Tier 1: Pre-Approved LPPSA/Bank",739278
"LEAD-14138","Hafiz Subramaniam #4138","+60140004139","Mont Kiara Pavilion",3606,2622,83.6,"Tier 4: High Risk DSR",0
"LEAD-14141","Ahmad Goh #4141","+60170004142","Subang Parksuites",3717,2679,82.8,"Tier 4: High Risk DSR",0
"LEAD-14144","Tan Hariz #4144","+60120004145","Mont Kiara Pavilion",3828,2736,82.2,"Tier 4: High Risk DSR",0
"LEAD-14147","Farhan Wei Lun #4147","+60150004148","Subang Parksuites",3939,2793,81.5,"Tier 4: High Risk DSR",0
"LEAD-14150","Jason Ibrahim #4150","+60180004151","Mont Kiara Pavilion",4050,2850,80.9,"Tier 4: High Risk DSR",0
"LEAD-14153","Amir Chen #4153","+60130004154","Subang Parksuites",4161,2907,80.3,"Tier 4: High Risk DSR",0
"LEAD-14156","Devi Nordin #4156","+60160004157","Mont Kiara Pavilion",4272,2964,79.7,"Tier 4: High Risk DSR",0
"LEAD-14159","Grace Osman #4159","+60190004160","Subang Parksuites",4383,3021,79.2,"Tier 4: High Risk DSR",0
"LEAD-14162","Nurul Aini #4162","+60140004163","Mont Kiara Pavilion",4494,3078,78.7,"Tier 4: High Risk DSR",0
"LEAD-14165","Santhi Razif #4165","+60170004166","Subang Parksuites",4605,3135,78.3,"Tier 4: High Risk DSR",0
"LEAD-14168","Sarah Lee #4168","+60120004169","Mont Kiara Pavilion",4716,3192,77.8,"Tier 4: High Risk DSR",0
"LEAD-14171","Siti Zulkifli #4171","+60150004172","Subang Parksuites",4827,3249,77.4,"Tier 4: High Risk DSR",0
"LEAD-14174","Syed Rosli #4174","+60180004175","Mont Kiara Pavilion",4938,3306,77,"Tier 4: High Risk DSR",0
"LEAD-14177","Azman Kumar #4177","+60130004178","Subang Parksuites",5049,3363,76.6,"Tier 4: High Risk DSR",0
"LEAD-14180","Muhammad Faizal #4180","+60160004181","Mont Kiara Pavilion",5160,3420,76.2,"Tier 4: High Risk DSR",0
"LEAD-14183","Wong Hassan #4183","+60190004184","Subang Parksuites",5271,3477,75.8,"Tier 4: High Risk DSR",0
"LEAD-14186","Mohd Subramaniam #4186","+60140004187","Mont Kiara Pavilion",5382,3534,75.5,"Tier 4: High Risk DSR",0
"LEAD-14189","Kevin Goh #4189","+60170004190","Subang Parksuites",5493,3591,75.1,"Tier 4: High Risk DSR",0
"LEAD-14192","Razif Hariz #4192","+60120004193","Mont Kiara Pavilion",5604,3648,74.8,"Tier 3: Joint Loan Needed",0
"LEAD-14195","Chong Wei Lun #4195","+60150004196","Subang Parksuites",5715,3705,74.5,"Tier 3: Joint Loan Needed",0
"LEAD-14198","Hafiz Ibrahim #4198","+60180004199","Mont Kiara Pavilion",5826,3762,74.2,"Tier 3: Joint Loan Needed",0
"LEAD-14201","Ahmad Chen #4201","+60130004202","Subang Parksuites",5937,3819,73.9,"Tier 3: Joint Loan Needed",0
"LEAD-14204","Tan Nordin #4204","+60160004205","Mont Kiara Pavilion",6048,3876,73.7,"Tier 3: Joint Loan Needed",0
"LEAD-14207","Farhan Osman #4207","+60190004208","Subang Parksuites",6159,3933,73.4,"Tier 3: Joint Loan Needed",0
"LEAD-14210","Jason Aini #4210","+60140004211","Mont Kiara Pavilion",6270,3990,73.1,"Tier 3: Joint Loan Needed",0
"LEAD-14213","Amir Razif #4213","+60170004214","Subang Parksuites",6381,4047,72.9,"Tier 3: Joint Loan Needed",0
"LEAD-14216","Devi Lee #4216","+60120004217","Mont Kiara Pavilion",6492,4104,72.7,"Tier 3: Joint Loan Needed",0
"LEAD-14219","Grace Zulkifli #4219","+60150004220","Subang Parksuites",6603,4161,72.4,"Tier 3: Joint Loan Needed",0
"LEAD-14222","Nurul Rosli #4222","+60180004223","Mont Kiara Pavilion",6714,4218,72.2,"Tier 3: Joint Loan Needed",0
"LEAD-14225","Santhi Kumar #4225","+60130004226","Subang Parksuites",6825,4275,72,"Tier 3: Joint Loan Needed",0
"LEAD-14228","Sarah Faizal #4228","+60160004229","Mont Kiara Pavilion",6936,4332,71.8,"Tier 3: Joint Loan Needed",0
"LEAD-14231","Siti Hassan #4231","+60190004232","Subang Parksuites",7047,4389,71.6,"Tier 3: Joint Loan Needed",0
"LEAD-14234","Syed Subramaniam #4234","+60140004235","Mont Kiara Pavilion",7158,4446,71.4,"Tier 3: Joint Loan Needed",0
"LEAD-14237","Azman Goh #4237","+60170004238","Subang Parksuites",7269,1003,15.9,"Tier 1: Pre-Approved LPPSA/Bank",558284
"LEAD-14240","Muhammad Hariz #4240","+60120004241","Mont Kiara Pavilion",7380,1060,16.5,"Tier 1: Pre-Approved LPPSA/Bank",558472
"LEAD-14243","Wong Wei Lun #4243","+60150004244","Subang Parksuites",7491,1117,17.1,"Tier 1: Pre-Approved LPPSA/Bank",558660
"LEAD-14246","Mohd Ibrahim #4246","+60180004247","Mont Kiara Pavilion",7602,1174,17.8,"Tier 1: Pre-Approved LPPSA/Bank",558849
"LEAD-14249","Kevin Chen #4249","+60130004250","Subang Parksuites",7713,1231,18.3,"Tier 1: Pre-Approved LPPSA/Bank",559037
"LEAD-14252","Razif Nordin #4252","+60160004253","Mont Kiara Pavilion",7824,1288,18.9,"Tier 1: Pre-Approved LPPSA/Bank",559226
"LEAD-14255","Chong Osman #4255","+60190004256","Subang Parksuites",7935,1345,19.5,"Tier 1: Pre-Approved LPPSA/Bank",559414
"LEAD-14258","Hafiz Aini #4258","+60140004259","Mont Kiara Pavilion",8046,1402,20,"Tier 1: Pre-Approved LPPSA/Bank",559602
"LEAD-14261","Ahmad Razif #4261","+60170004262","Subang Parksuites",8157,1459,20.6,"Tier 1: Pre-Approved LPPSA/Bank",559791
"LEAD-14264","Tan Lee #4264","+60120004265","Mont Kiara Pavilion",8268,1516,21.1,"Tier 1: Pre-Approved LPPSA/Bank",559979
"LEAD-14267","Farhan Zulkifli #4267","+60150004268","Subang Parksuites",8379,1573,21.6,"Tier 1: Pre-Approved LPPSA/Bank",560168
"LEAD-14270","Jason Rosli #4270","+60180004271","Mont Kiara Pavilion",8490,1630,22.1,"Tier 1: Pre-Approved LPPSA/Bank",560356
"LEAD-14273","Amir Kumar #4273","+60130004274","Subang Parksuites",8601,1687,22.5,"Tier 1: Pre-Approved LPPSA/Bank",560544
"LEAD-14276","Devi Faizal #4276","+60160004277","Mont Kiara Pavilion",8712,1744,23,"Tier 1: Pre-Approved LPPSA/Bank",560733
"LEAD-14279","Grace Hassan #4279","+60190004280","Subang Parksuites",8823,1801,23.5,"Tier 1: Pre-Approved LPPSA/Bank",560921
"LEAD-14282","Nurul Subramaniam #4282","+60140004283","Mont Kiara Pavilion",8934,1858,23.9,"Tier 1: Pre-Approved LPPSA/Bank",561110
"LEAD-14285","Santhi Goh #4285","+60170004286","Subang Parksuites",9045,1915,24.3,"Tier 1: Pre-Approved LPPSA/Bank",561298
"LEAD-14288","Sarah Hariz #4288","+60120004289","Mont Kiara Pavilion",9156,1972,24.8,"Tier 1: Pre-Approved LPPSA/Bank",561486
"LEAD-14291","Siti Wei Lun #4291","+60150004292","Subang Parksuites",9267,2029,25.2,"Tier 1: Pre-Approved LPPSA/Bank",561675
"LEAD-14294","Syed Ibrahim #4294","+60180004295","Mont Kiara Pavilion",9378,2086,25.6,"Tier 1: Pre-Approved LPPSA/Bank",561863
"LEAD-14297","Azman Chen #4297","+60130004298","Subang Parksuites",9489,2143,26,"Tier 1: Pre-Approved LPPSA/Bank",562052
"LEAD-14300","Muhammad Nordin #4300","+60160004301","Mont Kiara Pavilion",9600,2200,26.3,"Tier 1: Pre-Approved LPPSA/Bank",562240
"LEAD-14303","Wong Osman #4303","+60190004304","Subang Parksuites",9711,2257,26.7,"Tier 1: Pre-Approved LPPSA/Bank",562428
"LEAD-14306","Mohd Aini #4306","+60140004307","Mont Kiara Pavilion",9822,2314,27.1,"Tier 1: Pre-Approved LPPSA/Bank",562617
"LEAD-14309","Kevin Razif #4309","+60170004310","Subang Parksuites",9933,2371,27.4,"Tier 1: Pre-Approved LPPSA/Bank",562805
"LEAD-14312","Razif Lee #4312","+60120004313","Mont Kiara Pavilion",10044,2428,27.8,"Tier 1: Pre-Approved LPPSA/Bank",562994
"LEAD-14315","Chong Zulkifli #4315","+60150004316","Subang Parksuites",10155,2485,28.1,"Tier 1: Pre-Approved LPPSA/Bank",563182
"LEAD-14318","Hafiz Rosli #4318","+60180004319","Mont Kiara Pavilion",10266,2542,28.5,"Tier 1: Pre-Approved LPPSA/Bank",563370
"LEAD-14321","Ahmad Kumar #4321","+60130004322","Subang Parksuites",10377,2599,28.8,"Tier 1: Pre-Approved LPPSA/Bank",563559
"LEAD-14324","Tan Faizal #4324","+60160004325","Mont Kiara Pavilion",10488,2656,29.1,"Tier 1: Pre-Approved LPPSA/Bank",563747
"LEAD-14327","Farhan Hassan #4327","+60190004328","Subang Parksuites",10599,2713,29.4,"Tier 1: Pre-Approved LPPSA/Bank",563936
"LEAD-14330","Jason Subramaniam #4330","+60140004331","Mont Kiara Pavilion",10710,2770,29.7,"Tier 1: Pre-Approved LPPSA/Bank",564124
"LEAD-14333","Amir Goh #4333","+60170004334","Subang Parksuites",10821,2827,30,"Tier 1: Pre-Approved LPPSA/Bank",564312
"LEAD-14336","Devi Hariz #4336","+60120004337","Mont Kiara Pavilion",10932,2884,30.3,"Tier 1: Pre-Approved LPPSA/Bank",564501
"LEAD-14339","Grace Wei Lun #4339","+60150004340","Subang Parksuites",11043,2941,30.6,"Tier 1: Pre-Approved LPPSA/Bank",564689
"LEAD-14342","Nurul Ibrahim #4342","+60180004343","Mont Kiara Pavilion",11154,2998,30.9,"Tier 1: Pre-Approved LPPSA/Bank",564878
"LEAD-14345","Santhi Chen #4345","+60130004346","Subang Parksuites",11265,3055,31.2,"Tier 1: Pre-Approved LPPSA/Bank",565066
"LEAD-14348","Sarah Nordin #4348","+60160004349","Mont Kiara Pavilion",11376,3112,31.4,"Tier 1: Pre-Approved LPPSA/Bank",565254
"LEAD-14351","Siti Osman #4351","+60190004352","Subang Parksuites",11487,3169,31.7,"Tier 1: Pre-Approved LPPSA/Bank",565443
"LEAD-14354","Syed Aini #4354","+60140004355","Mont Kiara Pavilion",11598,3226,32,"Tier 1: Pre-Approved LPPSA/Bank",565631
"LEAD-14357","Azman Razif #4357","+60170004358","Subang Parksuites",11709,3283,32.2,"Tier 1: Pre-Approved LPPSA/Bank",565820
"LEAD-14360","Muhammad Lee #4360","+60120004361","Mont Kiara Pavilion",11820,3340,32.5,"Tier 1: Pre-Approved LPPSA/Bank",566008
"LEAD-14363","Wong Zulkifli #4363","+60150004364","Subang Parksuites",11931,3397,32.7,"Tier 1: Pre-Approved LPPSA/Bank",566196
"LEAD-14366","Mohd Rosli #4366","+60180004367","Mont Kiara Pavilion",3542,3454,112.1,"Tier 4: High Risk DSR",0
"LEAD-14369","Kevin Kumar #4369","+60130004370","Subang Parksuites",3653,3511,110.5,"Tier 4: High Risk DSR",0
"LEAD-14372","Razif Faizal #4372","+60160004373","Mont Kiara Pavilion",3764,3568,109,"Tier 4: High Risk DSR",0
"LEAD-14375","Chong Hassan #4375","+60190004376","Subang Parksuites",3875,3625,107.5,"Tier 4: High Risk DSR",0
"LEAD-14378","Hafiz Subramaniam #4378","+60140004379","Mont Kiara Pavilion",3986,3682,106.2,"Tier 4: High Risk DSR",0
"LEAD-14381","Ahmad Goh #4381","+60170004382","Subang Parksuites",4097,3739,104.9,"Tier 4: High Risk DSR",0
"LEAD-14384","Tan Hariz #4384","+60120004385","Mont Kiara Pavilion",4208,3796,103.7,"Tier 4: High Risk DSR",0
"LEAD-14387","Farhan Wei Lun #4387","+60150004388","Subang Parksuites",4319,3853,102.5,"Tier 4: High Risk DSR",0
"LEAD-14390","Jason Ibrahim #4390","+60180004391","Mont Kiara Pavilion",4430,3910,101.5,"Tier 4: High Risk DSR",0
"LEAD-14393","Amir Chen #4393","+60130004394","Subang Parksuites",4541,3967,100.4,"Tier 4: High Risk DSR",0
"LEAD-14396","Devi Nordin #4396","+60160004397","Mont Kiara Pavilion",4652,4024,99.4,"Tier 4: High Risk DSR",0
"LEAD-14399","Grace Osman #4399","+60190004400","Subang Parksuites",4763,4081,98.5,"Tier 4: High Risk DSR",0
"LEAD-14402","Nurul Aini #4402","+60140004403","Mont Kiara Pavilion",4874,4138,97.6,"Tier 4: High Risk DSR",0
"LEAD-14405","Santhi Razif #4405","+60170004406","Subang Parksuites",4985,4195,96.7,"Tier 4: High Risk DSR",0
"LEAD-14408","Sarah Lee #4408","+60120004409","Mont Kiara Pavilion",5096,4252,95.9,"Tier 4: High Risk DSR",0
"LEAD-14411","Siti Zulkifli #4411","+60150004412","Subang Parksuites",5207,4309,95.1,"Tier 4: High Risk DSR",0
"LEAD-14414","Syed Rosli #4414","+60180004415","Mont Kiara Pavilion",5318,4366,94.4,"Tier 4: High Risk DSR",0
"LEAD-14417","Azman Kumar #4417","+60130004418","Subang Parksuites",5429,4423,93.6,"Tier 4: High Risk DSR",0
"LEAD-14420","Muhammad Faizal #4420","+60160004421","Mont Kiara Pavilion",5540,4480,92.9,"Tier 4: High Risk DSR",0
"LEAD-14423","Wong Hassan #4423","+60190004424","Subang Parksuites",5651,1037,21.1,"Tier 2: Qualified Bank Loan",382564
"LEAD-14426","Mohd Subramaniam #4426","+60140004427","Mont Kiara Pavilion",5762,1094,21.8,"Tier 2: Qualified Bank Loan",382753
"LEAD-14429","Kevin Goh #4429","+60170004430","Subang Parksuites",5873,1151,22.5,"Tier 2: Qualified Bank Loan",382941
"LEAD-14432","Razif Hariz #4432","+60120004433","Mont Kiara Pavilion",5984,1208,23.2,"Tier 2: Qualified Bank Loan",383130
"LEAD-14435","Chong Wei Lun #4435","+60150004436","Subang Parksuites",6095,1265,23.9,"Tier 2: Qualified Bank Loan",383318
"LEAD-14438","Hafiz Ibrahim #4438","+60180004439","Mont Kiara Pavilion",6206,1322,24.5,"Tier 2: Qualified Bank Loan",383506
"LEAD-14441","Ahmad Chen #4441","+60130004442","Subang Parksuites",6317,1379,25.1,"Tier 2: Qualified Bank Loan",383695
"LEAD-14444","Tan Nordin #4444","+60160004445","Mont Kiara Pavilion",6428,1436,25.7,"Tier 2: Qualified Bank Loan",383883
"LEAD-14447","Farhan Osman #4447","+60190004448","Subang Parksuites",6539,1493,26.2,"Tier 1: Pre-Approved LPPSA/Bank",384072
"LEAD-14450","Jason Aini #4450","+60140004451","Mont Kiara Pavilion",6650,1550,26.8,"Tier 1: Pre-Approved LPPSA/Bank",384260
"LEAD-14453","Amir Razif #4453","+60170004454","Subang Parksuites",6761,1607,27.3,"Tier 1: Pre-Approved LPPSA/Bank",384448
"LEAD-14456","Devi Lee #4456","+60120004457","Mont Kiara Pavilion",6872,1664,27.8,"Tier 1: Pre-Approved LPPSA/Bank",384637
"LEAD-14459","Grace Zulkifli #4459","+60150004460","Subang Parksuites",6983,1721,28.3,"Tier 1: Pre-Approved LPPSA/Bank",384825
"LEAD-14462","Nurul Rosli #4462","+60180004463","Mont Kiara Pavilion",7094,1778,28.8,"Tier 1: Pre-Approved LPPSA/Bank",385014
"LEAD-14465","Santhi Kumar #4465","+60130004466","Subang Parksuites",7205,1835,29.3,"Tier 1: Pre-Approved LPPSA/Bank",385202
"LEAD-14468","Sarah Faizal #4468","+60160004469","Mont Kiara Pavilion",7316,1892,29.7,"Tier 1: Pre-Approved LPPSA/Bank",385390
"LEAD-14471","Siti Hassan #4471","+60190004472","Subang Parksuites",7427,1949,30.2,"Tier 1: Pre-Approved LPPSA/Bank",385579
"LEAD-14474","Syed Subramaniam #4474","+60140004475","Mont Kiara Pavilion",7538,2006,30.6,"Tier 1: Pre-Approved LPPSA/Bank",385767
"LEAD-14477","Azman Goh #4477","+60170004478","Subang Parksuites",7649,2063,31,"Tier 1: Pre-Approved LPPSA/Bank",385956
"LEAD-14480","Muhammad Hariz #4480","+60120004481","Mont Kiara Pavilion",7760,2120,31.4,"Tier 1: Pre-Approved LPPSA/Bank",386144
"LEAD-14483","Wong Wei Lun #4483","+60150004484","Subang Parksuites",7871,2177,31.8,"Tier 1: Pre-Approved LPPSA/Bank",386332
"LEAD-14486","Mohd Ibrahim #4486","+60180004487","Mont Kiara Pavilion",7982,2234,32.2,"Tier 1: Pre-Approved LPPSA/Bank",386521
"LEAD-14489","Kevin Chen #4489","+60130004490","Subang Parksuites",8093,2291,32.5,"Tier 1: Pre-Approved LPPSA/Bank",386709
"LEAD-14492","Razif Nordin #4492","+60160004493","Mont Kiara Pavilion",8204,2348,32.9,"Tier 1: Pre-Approved LPPSA/Bank",386898
"LEAD-14495","Chong Osman #4495","+60190004496","Subang Parksuites",8315,2405,33.2,"Tier 1: Pre-Approved LPPSA/Bank",387086
"LEAD-14498","Hafiz Aini #4498","+60140004499","Mont Kiara Pavilion",8426,2462,33.6,"Tier 1: Pre-Approved LPPSA/Bank",387274
"LEAD-14501","Ahmad Razif #4501","+60170004502","Subang Parksuites",8537,2519,33.9,"Tier 1: Pre-Approved LPPSA/Bank",387463
"LEAD-14504","Tan Lee #4504","+60120004505","Mont Kiara Pavilion",8648,2576,34.2,"Tier 1: Pre-Approved LPPSA/Bank",387651
"LEAD-14507","Farhan Zulkifli #4507","+60150004508","Subang Parksuites",8759,2633,34.6,"Tier 1: Pre-Approved LPPSA/Bank",387840
"LEAD-14510","Jason Rosli #4510","+60180004511","Mont Kiara Pavilion",8870,2690,34.9,"Tier 1: Pre-Approved LPPSA/Bank",388028
"LEAD-14513","Amir Kumar #4513","+60130004514","Subang Parksuites",8981,2747,35.2,"Tier 1: Pre-Approved LPPSA/Bank",388216
"LEAD-14516","Devi Faizal #4516","+60160004517","Mont Kiara Pavilion",9092,2804,35.4,"Tier 1: Pre-Approved LPPSA/Bank",388405
"LEAD-14519","Grace Hassan #4519","+60190004520","Subang Parksuites",9203,2861,35.7,"Tier 1: Pre-Approved LPPSA/Bank",388593
"LEAD-14522","Nurul Subramaniam #4522","+60140004523","Mont Kiara Pavilion",9314,2918,36,"Tier 1: Pre-Approved LPPSA/Bank",388782
"LEAD-14525","Santhi Goh #4525","+60170004526","Subang Parksuites",9425,2975,36.3,"Tier 1: Pre-Approved LPPSA/Bank",388970
"LEAD-14528","Sarah Hariz #4528","+60120004529","Mont Kiara Pavilion",9536,3032,36.5,"Tier 1: Pre-Approved LPPSA/Bank",389158
"LEAD-14531","Siti Wei Lun #4531","+60150004532","Subang Parksuites",9647,3089,36.8,"Tier 1: Pre-Approved LPPSA/Bank",389347
"LEAD-14534","Syed Ibrahim #4534","+60180004535","Mont Kiara Pavilion",9758,3146,37.1,"Tier 1: Pre-Approved LPPSA/Bank",389535
"LEAD-14537","Azman Chen #4537","+60130004538","Subang Parksuites",9869,3203,37.3,"Tier 1: Pre-Approved LPPSA/Bank",389724
"LEAD-14540","Muhammad Nordin #4540","+60160004541","Mont Kiara Pavilion",9980,3260,37.5,"Tier 1: Pre-Approved LPPSA/Bank",389912
"LEAD-14543","Wong Osman #4543","+60190004544","Subang Parksuites",10091,3317,37.8,"Tier 1: Pre-Approved LPPSA/Bank",390100
"LEAD-14546","Mohd Aini #4546","+60140004547","Mont Kiara Pavilion",10202,3374,38,"Tier 1: Pre-Approved LPPSA/Bank",390289
"LEAD-14549","Kevin Razif #4549","+60170004550","Subang Parksuites",10313,3431,38.2,"Tier 1: Pre-Approved LPPSA/Bank",390477
"LEAD-14552","Razif Lee #4552","+60120004553","Mont Kiara Pavilion",10424,3488,38.5,"Tier 1: Pre-Approved LPPSA/Bank",390666
"LEAD-14555","Chong Zulkifli #4555","+60150004556","Subang Parksuites",10535,3545,38.7,"Tier 1: Pre-Approved LPPSA/Bank",390854
"LEAD-14558","Hafiz Rosli #4558","+60180004559","Mont Kiara Pavilion",10646,3602,38.9,"Tier 1: Pre-Approved LPPSA/Bank",391042
"LEAD-14561","Ahmad Kumar #4561","+60130004562","Subang Parksuites",10757,3659,39.1,"Tier 1: Pre-Approved LPPSA/Bank",391231
"LEAD-14564","Tan Faizal #4564","+60160004565","Mont Kiara Pavilion",10868,3716,39.3,"Tier 1: Pre-Approved LPPSA/Bank",391419
"LEAD-14567","Farhan Hassan #4567","+60190004568","Subang Parksuites",10979,3773,39.5,"Tier 1: Pre-Approved LPPSA/Bank",391608
"LEAD-14570","Jason Subramaniam #4570","+60140004571","Mont Kiara Pavilion",11090,3830,39.7,"Tier 1: Pre-Approved LPPSA/Bank",391796
"LEAD-14573","Amir Goh #4573","+60170004574","Subang Parksuites",11201,3887,39.9,"Tier 1: Pre-Approved LPPSA/Bank",391984
"LEAD-14576","Devi Hariz #4576","+60120004577","Mont Kiara Pavilion",11312,3944,40.1,"Tier 1: Pre-Approved LPPSA/Bank",392173
"LEAD-14579","Grace Wei Lun #4579","+60150004580","Subang Parksuites",11423,4001,40.3,"Tier 1: Pre-Approved LPPSA/Bank",392361
"LEAD-14582","Nurul Ibrahim #4582","+60180004583","Mont Kiara Pavilion",11534,4058,40.4,"Tier 1: Pre-Approved LPPSA/Bank",392550
"LEAD-14585","Santhi Chen #4585","+60130004586","Subang Parksuites",11645,4115,40.6,"Tier 1: Pre-Approved LPPSA/Bank",392738
"LEAD-14588","Sarah Nordin #4588","+60160004589","Mont Kiara Pavilion",11756,4172,40.8,"Tier 1: Pre-Approved LPPSA/Bank",392926
"LEAD-14591","Siti Osman #4591","+60190004592","Subang Parksuites",11867,4229,41,"Tier 1: Pre-Approved LPPSA/Bank",393115
"LEAD-14594","Syed Aini #4594","+60140004595","Mont Kiara Pavilion",11978,4286,41.1,"Tier 1: Pre-Approved LPPSA/Bank",393303
"LEAD-14597","Azman Razif #4597","+60170004598","Subang Parksuites",3589,4343,139.1,"Tier 4: High Risk DSR",0
"LEAD-14600","Muhammad Lee #4600","+60120004601","Mont Kiara Pavilion",3700,4400,136.7,"Tier 4: High Risk DSR",0
"LEAD-14603","Wong Zulkifli #4603","+60150004604","Subang Parksuites",3811,4457,134.4,"Tier 4: High Risk DSR",0
"LEAD-14606","Mohd Rosli #4606","+60180004607","Mont Kiara Pavilion",3922,1014,29.7,"Tier 3: Joint Loan Needed",206657
"LEAD-14609","Kevin Kumar #4609","+60130004610","Subang Parksuites",4033,1071,30.5,"Tier 3: Joint Loan Needed",206845
"LEAD-14612","Razif Faizal #4612","+60160004613","Mont Kiara Pavilion",4144,1128,31.3,"Tier 3: Joint Loan Needed",207034
"LEAD-14615","Chong Hassan #4615","+60190004616","Subang Parksuites",4255,1185,32,"Tier 3: Joint Loan Needed",207222
"LEAD-14618","Hafiz Subramaniam #4618","+60140004619","Mont Kiara Pavilion",4366,1242,32.7,"Tier 3: Joint Loan Needed",207410
"LEAD-14621","Ahmad Goh #4621","+60170004622","Subang Parksuites",4477,1299,33.4,"Tier 3: Joint Loan Needed",207599
"LEAD-14624","Tan Hariz #4624","+60120004625","Mont Kiara Pavilion",4588,1356,34,"Tier 2: Qualified Bank Loan",207787
"LEAD-14627","Farhan Wei Lun #4627","+60150004628","Subang Parksuites",4699,1413,34.6,"Tier 2: Qualified Bank Loan",207976
"LEAD-14630","Jason Ibrahim #4630","+60180004631","Mont Kiara Pavilion",4810,1470,35.1,"Tier 2: Qualified Bank Loan",208164
"LEAD-14633","Amir Chen #4633","+60130004634","Subang Parksuites",4921,1527,35.7,"Tier 2: Qualified Bank Loan",208352
"LEAD-14636","Devi Nordin #4636","+60160004637","Mont Kiara Pavilion",5032,1584,36.2,"Tier 2: Qualified Bank Loan",208541
"LEAD-14639","Grace Osman #4639","+60190004640","Subang Parksuites",5143,1641,36.7,"Tier 2: Qualified Bank Loan",208729
"LEAD-14642","Nurul Aini #4642","+60140004643","Mont Kiara Pavilion",5254,1698,37.1,"Tier 2: Qualified Bank Loan",208918
"LEAD-14645","Santhi Razif #4645","+60170004646","Subang Parksuites",5365,1755,37.6,"Tier 2: Qualified Bank Loan",209106
"LEAD-14648","Sarah Lee #4648","+60120004649","Mont Kiara Pavilion",5476,1812,38,"Tier 2: Qualified Bank Loan",209294
"LEAD-14651","Siti Zulkifli #4651","+60150004652","Subang Parksuites",5587,1869,38.5,"Tier 2: Qualified Bank Loan",209483
"LEAD-14654","Syed Rosli #4654","+60180004655","Mont Kiara Pavilion",5698,1926,38.9,"Tier 2: Qualified Bank Loan",209671
"LEAD-14657","Azman Kumar #4657","+60130004658","Subang Parksuites",5809,1983,39.2,"Tier 2: Qualified Bank Loan",209860
"LEAD-14660","Muhammad Faizal #4660","+60160004661","Mont Kiara Pavilion",5920,2040,39.6,"Tier 2: Qualified Bank Loan",210048
"LEAD-14663","Wong Hassan #4663","+60190004664","Subang Parksuites",6031,2097,40,"Tier 2: Qualified Bank Loan",210236
"LEAD-14666","Mohd Subramaniam #4666","+60140004667","Mont Kiara Pavilion",6142,2154,40.3,"Tier 2: Qualified Bank Loan",210425
"LEAD-14669","Kevin Goh #4669","+60170004670","Subang Parksuites",6253,2211,40.6,"Tier 2: Qualified Bank Loan",210613
"LEAD-14672","Razif Hariz #4672","+60120004673","Mont Kiara Pavilion",6364,2268,41,"Tier 2: Qualified Bank Loan",210802
"LEAD-14675","Chong Wei Lun #4675","+60150004676","Subang Parksuites",6475,2325,41.3,"Tier 2: Qualified Bank Loan",210990
"LEAD-14678","Hafiz Ibrahim #4678","+60180004679","Mont Kiara Pavilion",6586,2382,41.6,"Tier 1: Pre-Approved LPPSA/Bank",211178
"LEAD-14681","Ahmad Chen #4681","+60130004682","Subang Parksuites",6697,2439,41.9,"Tier 1: Pre-Approved LPPSA/Bank",211367
"LEAD-14684","Tan Nordin #4684","+60160004685","Mont Kiara Pavilion",6808,2496,42.1,"Tier 1: Pre-Approved LPPSA/Bank",211555
"LEAD-14687","Farhan Osman #4687","+60190004688","Subang Parksuites",6919,2553,42.4,"Tier 1: Pre-Approved LPPSA/Bank",211744
"LEAD-14690","Jason Aini #4690","+60140004691","Mont Kiara Pavilion",7030,2610,42.7,"Tier 1: Pre-Approved LPPSA/Bank",211932
"LEAD-14693","Amir Razif #4693","+60170004694","Subang Parksuites",7141,2667,42.9,"Tier 1: Pre-Approved LPPSA/Bank",212120
"LEAD-14696","Devi Lee #4696","+60120004697","Mont Kiara Pavilion",7252,2724,43.2,"Tier 1: Pre-Approved LPPSA/Bank",212309
"LEAD-14699","Grace Zulkifli #4699","+60150004700","Subang Parksuites",7363,2781,43.4,"Tier 1: Pre-Approved LPPSA/Bank",212497
"LEAD-14702","Nurul Rosli #4702","+60180004703","Mont Kiara Pavilion",7474,2838,43.6,"Tier 1: Pre-Approved LPPSA/Bank",212686
"LEAD-14705","Santhi Kumar #4705","+60130004706","Subang Parksuites",7585,2895,43.9,"Tier 1: Pre-Approved LPPSA/Bank",212874
"LEAD-14708","Sarah Faizal #4708","+60160004709","Mont Kiara Pavilion",7696,2952,44.1,"Tier 1: Pre-Approved LPPSA/Bank",213062
"LEAD-14711","Siti Hassan #4711","+60190004712","Subang Parksuites",7807,3009,44.3,"Tier 1: Pre-Approved LPPSA/Bank",213251
"LEAD-14714","Syed Subramaniam #4714","+60140004715","Mont Kiara Pavilion",7918,3066,44.5,"Tier 1: Pre-Approved LPPSA/Bank",213439
"LEAD-14717","Azman Goh #4717","+60170004718","Subang Parksuites",8029,3123,44.7,"Tier 1: Pre-Approved LPPSA/Bank",213628
"LEAD-14720","Muhammad Hariz #4720","+60120004721","Mont Kiara Pavilion",8140,3180,44.9,"Tier 1: Pre-Approved LPPSA/Bank",213816
"LEAD-14723","Wong Wei Lun #4723","+60150004724","Subang Parksuites",8251,3237,45.1,"Tier 2: Qualified Bank Loan",214004
"LEAD-14726","Mohd Ibrahim #4726","+60180004727","Mont Kiara Pavilion",8362,3294,45.3,"Tier 2: Qualified Bank Loan",214193
"LEAD-14729","Kevin Chen #4729","+60130004730","Subang Parksuites",8473,3351,45.5,"Tier 2: Qualified Bank Loan",214381
"LEAD-14732","Razif Nordin #4732","+60160004733","Mont Kiara Pavilion",8584,3408,45.6,"Tier 2: Qualified Bank Loan",214570
"LEAD-14735","Chong Osman #4735","+60190004736","Subang Parksuites",8695,3465,45.8,"Tier 2: Qualified Bank Loan",214758
"LEAD-14738","Hafiz Aini #4738","+60140004739","Mont Kiara Pavilion",8806,3522,46,"Tier 2: Qualified Bank Loan",214946
"LEAD-14741","Ahmad Razif #4741","+60170004742","Subang Parksuites",8917,3579,46.1,"Tier 2: Qualified Bank Loan",215135
"LEAD-14744","Tan Lee #4744","+60120004745","Mont Kiara Pavilion",9028,3636,46.3,"Tier 2: Qualified Bank Loan",215323
"LEAD-14747","Farhan Zulkifli #4747","+60150004748","Subang Parksuites",9139,3693,46.4,"Tier 2: Qualified Bank Loan",215512
"LEAD-14750","Jason Rosli #4750","+60180004751","Mont Kiara Pavilion",9250,3750,46.6,"Tier 2: Qualified Bank Loan",215700
"LEAD-14753","Amir Kumar #4753","+60130004754","Subang Parksuites",9361,3807,46.7,"Tier 2: Qualified Bank Loan",215888
"LEAD-14756","Devi Faizal #4756","+60160004757","Mont Kiara Pavilion",9472,3864,46.9,"Tier 2: Qualified Bank Loan",216077
"LEAD-14759","Grace Hassan #4759","+60190004760","Subang Parksuites",9583,3921,47,"Tier 2: Qualified Bank Loan",216265
"LEAD-14762","Nurul Subramaniam #4762","+60140004763","Mont Kiara Pavilion",9694,3978,47.2,"Tier 2: Qualified Bank Loan",216454
"LEAD-14765","Santhi Goh #4765","+60170004766","Subang Parksuites",9805,4035,47.3,"Tier 2: Qualified Bank Loan",216642
"LEAD-14768","Sarah Hariz #4768","+60120004769","Mont Kiara Pavilion",9916,4092,47.4,"Tier 2: Qualified Bank Loan",216830
"LEAD-14771","Siti Wei Lun #4771","+60150004772","Subang Parksuites",10027,4149,47.6,"Tier 2: Qualified Bank Loan",217019
"LEAD-14774","Syed Ibrahim #4774","+60180004775","Mont Kiara Pavilion",10138,4206,47.7,"Tier 2: Qualified Bank Loan",217207
"LEAD-14777","Azman Chen #4777","+60130004778","Subang Parksuites",10249,4263,47.8,"Tier 2: Qualified Bank Loan",217396
"LEAD-14780","Muhammad Nordin #4780","+60160004781","Mont Kiara Pavilion",10360,4320,47.9,"Tier 2: Qualified Bank Loan",217584
"LEAD-14783","Wong Osman #4783","+60190004784","Subang Parksuites",10471,4377,48,"Tier 2: Qualified Bank Loan",217772
"LEAD-14786","Mohd Aini #4786","+60140004787","Mont Kiara Pavilion",10582,4434,48.2,"Tier 2: Qualified Bank Loan",217961
"LEAD-14789","Kevin Razif #4789","+60170004790","Subang Parksuites",10693,4491,48.3,"Tier 2: Qualified Bank Loan",218149
"LEAD-14792","Razif Lee #4792","+60120004793","Mont Kiara Pavilion",10804,1048,11.1,"Tier 1: Pre-Approved LPPSA/Bank",918338
"LEAD-14795","Chong Zulkifli #4795","+60150004796","Subang Parksuites",10915,1105,11.6,"Tier 1: Pre-Approved LPPSA/Bank",918526
"LEAD-14798","Hafiz Rosli #4798","+60180004799","Mont Kiara Pavilion",11026,1162,12.1,"Tier 1: Pre-Approved LPPSA/Bank",918714
"LEAD-14801","Ahmad Kumar #4801","+60130004802","Subang Parksuites",11137,1219,12.6,"Tier 1: Pre-Approved LPPSA/Bank",918903
"LEAD-14804","Tan Faizal #4804","+60160004805","Mont Kiara Pavilion",11248,1276,13,"Tier 1: Pre-Approved LPPSA/Bank",919091
"LEAD-14807","Farhan Hassan #4807","+60190004808","Subang Parksuites",11359,1333,13.5,"Tier 1: Pre-Approved LPPSA/Bank",919280
"LEAD-14810","Jason Subramaniam #4810","+60140004811","Mont Kiara Pavilion",11470,1390,13.9,"Tier 1: Pre-Approved LPPSA/Bank",919468
"LEAD-14813","Amir Goh #4813","+60170004814","Subang Parksuites",11581,1447,14.4,"Tier 1: Pre-Approved LPPSA/Bank",919656
"LEAD-14816","Devi Hariz #4816","+60120004817","Mont Kiara Pavilion",11692,1504,14.8,"Tier 1: Pre-Approved LPPSA/Bank",919845
"LEAD-14819","Grace Wei Lun #4819","+60150004820","Subang Parksuites",11803,1561,15.2,"Tier 1: Pre-Approved LPPSA/Bank",920033
"LEAD-14822","Nurul Ibrahim #4822","+60180004823","Mont Kiara Pavilion",11914,1618,15.6,"Tier 1: Pre-Approved LPPSA/Bank",920222
"LEAD-14825","Santhi Chen #4825","+60130004826","Subang Parksuites",3525,1675,54.6,"Tier 3: Joint Loan Needed",33010
"LEAD-14828","Sarah Nordin #4828","+60160004829","Mont Kiara Pavilion",3636,1732,54.8,"Tier 3: Joint Loan Needed",33198
"LEAD-14831","Siti Osman #4831","+60190004832","Subang Parksuites",3747,1789,54.9,"Tier 3: Joint Loan Needed",33387
"LEAD-14834","Syed Aini #4834","+60140004835","Mont Kiara Pavilion",3858,1846,55,"Tier 3: Joint Loan Needed",33575
"LEAD-14837","Azman Razif #4837","+60170004838","Subang Parksuites",3969,1903,55.1,"Tier 3: Joint Loan Needed",33764
"LEAD-14840","Muhammad Lee #4840","+60120004841","Mont Kiara Pavilion",4080,1960,55.2,"Tier 3: Joint Loan Needed",33952
"LEAD-14843","Wong Zulkifli #4843","+60150004844","Subang Parksuites",4191,2017,55.3,"Tier 3: Joint Loan Needed",34140
"LEAD-14846","Mohd Rosli #4846","+60180004847","Mont Kiara Pavilion",4302,2074,55.4,"Tier 3: Joint Loan Needed",34329
"LEAD-14849","Kevin Kumar #4849","+60130004850","Subang Parksuites",4413,2131,55.5,"Tier 3: Joint Loan Needed",34517
"LEAD-14852","Razif Faizal #4852","+60160004853","Mont Kiara Pavilion",4524,2188,55.6,"Tier 2: Qualified Bank Loan",34706
"LEAD-14855","Chong Hassan #4855","+60190004856","Subang Parksuites",4635,2245,55.7,"Tier 2: Qualified Bank Loan",34894
"LEAD-14858","Hafiz Subramaniam #4858","+60140004859","Mont Kiara Pavilion",4746,2302,55.8,"Tier 2: Qualified Bank Loan",35082
"LEAD-14861","Ahmad Goh #4861","+60170004862","Subang Parksuites",4857,2359,55.8,"Tier 2: Qualified Bank Loan",35271
"LEAD-14864","Tan Hariz #4864","+60120004865","Mont Kiara Pavilion",4968,2416,55.9,"Tier 2: Qualified Bank Loan",35459
"LEAD-14867","Farhan Wei Lun #4867","+60150004868","Subang Parksuites",5079,2473,56,"Tier 2: Qualified Bank Loan",35648
"LEAD-14870","Jason Ibrahim #4870","+60180004871","Mont Kiara Pavilion",5190,2530,56,"Tier 2: Qualified Bank Loan",35836
"LEAD-14873","Amir Chen #4873","+60130004874","Subang Parksuites",5301,2587,56.1,"Tier 2: Qualified Bank Loan",36024
"LEAD-14876","Devi Nordin #4876","+60160004877","Mont Kiara Pavilion",5412,2644,56.2,"Tier 2: Qualified Bank Loan",36213
"LEAD-14879","Grace Osman #4879","+60190004880","Subang Parksuites",5523,2701,56.2,"Tier 2: Qualified Bank Loan",36401
"LEAD-14882","Nurul Aini #4882","+60140004883","Mont Kiara Pavilion",5634,2758,56.3,"Tier 2: Qualified Bank Loan",36590
"LEAD-14885","Santhi Razif #4885","+60170004886","Subang Parksuites",5745,2815,56.3,"Tier 2: Qualified Bank Loan",36778
"LEAD-14888","Sarah Lee #4888","+60120004889","Mont Kiara Pavilion",5856,2872,56.4,"Tier 2: Qualified Bank Loan",36966
"LEAD-14891","Siti Zulkifli #4891","+60150004892","Subang Parksuites",5967,2929,56.4,"Tier 2: Qualified Bank Loan",37155
"LEAD-14894","Syed Rosli #4894","+60180004895","Mont Kiara Pavilion",6078,2986,56.5,"Tier 2: Qualified Bank Loan",37343
"LEAD-14897","Azman Kumar #4897","+60130004898","Subang Parksuites",6189,3043,56.5,"Tier 2: Qualified Bank Loan",37532
"LEAD-14900","Muhammad Faizal #4900","+60160004901","Mont Kiara Pavilion",6300,3100,56.6,"Tier 2: Qualified Bank Loan",37720
"LEAD-14903","Wong Hassan #4903","+60190004904","Subang Parksuites",6411,3157,56.6,"Tier 2: Qualified Bank Loan",37908
"LEAD-14906","Mohd Subramaniam #4906","+60140004907","Mont Kiara Pavilion",6522,3214,56.6,"Tier 2: Qualified Bank Loan",38097
"LEAD-14909","Kevin Goh #4909","+60170004910","Subang Parksuites",6633,3271,56.7,"Tier 2: Qualified Bank Loan",38285
"LEAD-14912","Razif Hariz #4912","+60120004913","Mont Kiara Pavilion",6744,3328,56.7,"Tier 2: Qualified Bank Loan",38474
"LEAD-14915","Chong Wei Lun #4915","+60150004916","Subang Parksuites",6855,3385,56.8,"Tier 2: Qualified Bank Loan",38662
"LEAD-14918","Hafiz Ibrahim #4918","+60180004919","Mont Kiara Pavilion",6966,3442,56.8,"Tier 2: Qualified Bank Loan",38850
"LEAD-14921","Ahmad Chen #4921","+60130004922","Subang Parksuites",7077,3499,56.8,"Tier 2: Qualified Bank Loan",39039
"LEAD-14924","Tan Nordin #4924","+60160004925","Mont Kiara Pavilion",7188,3556,56.9,"Tier 2: Qualified Bank Loan",39227
"LEAD-14927","Farhan Osman #4927","+60190004928","Subang Parksuites",7299,3613,56.9,"Tier 2: Qualified Bank Loan",39416
"LEAD-14930","Jason Aini #4930","+60140004931","Mont Kiara Pavilion",7410,3670,56.9,"Tier 2: Qualified Bank Loan",39604
"LEAD-14933","Amir Razif #4933","+60170004934","Subang Parksuites",7521,3727,57,"Tier 2: Qualified Bank Loan",39792
"LEAD-14936","Devi Lee #4936","+60120004937","Mont Kiara Pavilion",7632,3784,57,"Tier 2: Qualified Bank Loan",39981
"LEAD-14939","Grace Zulkifli #4939","+60150004940","Subang Parksuites",7743,3841,57,"Tier 2: Qualified Bank Loan",40169
"LEAD-14942","Nurul Rosli #4942","+60180004943","Mont Kiara Pavilion",7854,3898,57,"Tier 2: Qualified Bank Loan",40358
"LEAD-14945","Santhi Kumar #4945","+60130004946","Subang Parksuites",7965,3955,57.1,"Tier 2: Qualified Bank Loan",40546
"LEAD-14948","Sarah Faizal #4948","+60160004949","Mont Kiara Pavilion",8076,4012,57.1,"Tier 2: Qualified Bank Loan",40734
"LEAD-14951","Siti Hassan #4951","+60190004952","Subang Parksuites",8187,4069,57.1,"Tier 2: Qualified Bank Loan",40923
"LEAD-14954","Syed Subramaniam #4954","+60140004955","Mont Kiara Pavilion",8298,4126,57.2,"Tier 2: Qualified Bank Loan",41111
"LEAD-14957","Azman Goh #4957","+60170004958","Subang Parksuites",8409,4183,57.2,"Tier 2: Qualified Bank Loan",41300
"LEAD-14960","Muhammad Hariz #4960","+60120004961","Mont Kiara Pavilion",8520,4240,57.2,"Tier 2: Qualified Bank Loan",41488
"LEAD-14963","Wong Wei Lun #4963","+60150004964","Subang Parksuites",8631,4297,57.2,"Tier 2: Qualified Bank Loan",41676
"LEAD-14966","Mohd Ibrahim #4966","+60180004967","Mont Kiara Pavilion",8742,4354,57.2,"Tier 2: Qualified Bank Loan",41865
"LEAD-14969","Kevin Chen #4969","+60130004970","Subang Parksuites",8853,4411,57.3,"Tier 2: Qualified Bank Loan",42053
"LEAD-14972","Razif Nordin #4972","+60160004973","Mont Kiara Pavilion",8964,4468,57.3,"Tier 2: Qualified Bank Loan",42242
"LEAD-14975","Chong Osman #4975","+60190004976","Subang Parksuites",9075,1025,13,"Tier 1: Pre-Approved LPPSA/Bank",742430
"LEAD-14978","Hafiz Aini #4978","+60140004979","Mont Kiara Pavilion",9186,1082,13.5,"Tier 1: Pre-Approved LPPSA/Bank",742618
"LEAD-14981","Ahmad Razif #4981","+60170004982","Subang Parksuites",9297,1139,14.1,"Tier 1: Pre-Approved LPPSA/Bank",742807
"LEAD-14984","Tan Lee #4984","+60120004985","Mont Kiara Pavilion",9408,1196,14.6,"Tier 1: Pre-Approved LPPSA/Bank",742995
"LEAD-14987","Farhan Zulkifli #4987","+60150004988","Subang Parksuites",9519,1253,15.1,"Tier 1: Pre-Approved LPPSA/Bank",743184
"LEAD-14990","Jason Rosli #4990","+60180004991","Mont Kiara Pavilion",9630,1310,15.6,"Tier 1: Pre-Approved LPPSA/Bank",743372
"LEAD-14993","Amir Kumar #4993","+60130004994","Subang Parksuites",9741,1367,16.1,"Tier 1: Pre-Approved LPPSA/Bank",743560
"LEAD-14996","Devi Faizal #4996","+60160004997","Mont Kiara Pavilion",9852,1424,16.6,"Tier 1: Pre-Approved LPPSA/Bank",743749
"LEAD-14999","Grace Hassan #4999","+60190005000","Subang Parksuites",9963,1481,17.1,"Tier 1: Pre-Approved LPPSA/Bank",743937
"LEAD-15002","Nurul Subramaniam #5002","+60140005003","Mont Kiara Pavilion",10074,1538,17.5,"Tier 1: Pre-Approved LPPSA/Bank",744126
"LEAD-15005","Santhi Goh #5005","+60170005006","Subang Parksuites",10185,1595,18,"Tier 1: Pre-Approved LPPSA/Bank",744314
"LEAD-15008","Sarah Hariz #5008","+60120005009","Mont Kiara Pavilion",10296,1652,18.4,"Tier 1: Pre-Approved LPPSA/Bank",744502
"LEAD-15011","Siti Wei Lun #5011","+60150005012","Subang Parksuites",10407,1709,18.9,"Tier 1: Pre-Approved LPPSA/Bank",744691
"LEAD-15014","Syed Ibrahim #5014","+60180005015","Mont Kiara Pavilion",10518,1766,19.3,"Tier 1: Pre-Approved LPPSA/Bank",744879
"LEAD-15017","Azman Chen #5017","+60130005018","Subang Parksuites",10629,1823,19.7,"Tier 1: Pre-Approved LPPSA/Bank",745068
"LEAD-15020","Muhammad Nordin #5020","+60160005021","Mont Kiara Pavilion",10740,1880,20.1,"Tier 1: Pre-Approved LPPSA/Bank",745256
"LEAD-15023","Wong Osman #5023","+60190005024","Subang Parksuites",10851,1937,20.5,"Tier 1: Pre-Approved LPPSA/Bank",745444
"LEAD-15026","Mohd Aini #5026","+60140005027","Mont Kiara Pavilion",10962,1994,20.9,"Tier 1: Pre-Approved LPPSA/Bank",745633
"LEAD-15029","Kevin Razif #5029","+60170005030","Subang Parksuites",11073,2051,21.3,"Tier 1: Pre-Approved LPPSA/Bank",745821
"LEAD-15032","Razif Lee #5032","+60120005033","Mont Kiara Pavilion",11184,2108,21.7,"Tier 1: Pre-Approved LPPSA/Bank",746010
"LEAD-15035","Chong Zulkifli #5035","+60150005036","Subang Parksuites",11295,2165,22,"Tier 1: Pre-Approved LPPSA/Bank",746198
"LEAD-15038","Hafiz Rosli #5038","+60180005039","Mont Kiara Pavilion",11406,2222,22.4,"Tier 1: Pre-Approved LPPSA/Bank",746386
"LEAD-15041","Ahmad Kumar #5041","+60130005042","Subang Parksuites",11517,2279,22.7,"Tier 1: Pre-Approved LPPSA/Bank",746575
"LEAD-15044","Tan Faizal #5044","+60160005045","Mont Kiara Pavilion",11628,2336,23.1,"Tier 1: Pre-Approved LPPSA/Bank",746763
"LEAD-15047","Farhan Hassan #5047","+60190005048","Subang Parksuites",11739,2393,23.4,"Tier 1: Pre-Approved LPPSA/Bank",746952
"LEAD-15050","Jason Subramaniam #5050","+60140005051","Mont Kiara Pavilion",11850,2450,23.8,"Tier 1: Pre-Approved LPPSA/Bank",747140
"LEAD-15053","Amir Goh #5053","+60170005054","Subang Parksuites",11961,2507,24.1,"Tier 1: Pre-Approved LPPSA/Bank",747328
"LEAD-15056","Devi Hariz #5056","+60120005057","Mont Kiara Pavilion",3572,2564,82.5,"Tier 4: High Risk DSR",0
"LEAD-15059","Grace Wei Lun #5059","+60150005060","Subang Parksuites",3683,2621,81.8,"Tier 4: High Risk DSR",0
"LEAD-15062","Nurul Ibrahim #5062","+60180005063","Mont Kiara Pavilion",3794,2678,81.1,"Tier 4: High Risk DSR",0
"LEAD-15065","Santhi Chen #5065","+60130005066","Subang Parksuites",3905,2735,80.5,"Tier 4: High Risk DSR",0
"LEAD-15068","Sarah Nordin #5068","+60160005069","Mont Kiara Pavilion",4016,2792,79.9,"Tier 4: High Risk DSR",0
"LEAD-15071","Siti Osman #5071","+60190005072","Subang Parksuites",4127,2849,79.3,"Tier 4: High Risk DSR",0
"LEAD-15074","Syed Aini #5074","+60140005075","Mont Kiara Pavilion",4238,2906,78.8,"Tier 4: High Risk DSR",0
"LEAD-15077","Azman Razif #5077","+60170005078","Subang Parksuites",4349,2963,78.3,"Tier 4: High Risk DSR",0
"LEAD-15080","Muhammad Lee #5080","+60120005081","Mont Kiara Pavilion",4460,3020,77.8,"Tier 4: High Risk DSR",0
"LEAD-15083","Wong Zulkifli #5083","+60150005084","Subang Parksuites",4571,3077,77.4,"Tier 4: High Risk DSR",0
"LEAD-15086","Mohd Rosli #5086","+60180005087","Mont Kiara Pavilion",4682,3134,76.9,"Tier 4: High Risk DSR",0
"LEAD-15089","Kevin Kumar #5089","+60130005090","Subang Parksuites",4793,3191,76.5,"Tier 4: High Risk DSR",0
"LEAD-15092","Razif Faizal #5092","+60160005093","Mont Kiara Pavilion",4904,3248,76.1,"Tier 4: High Risk DSR",0
"LEAD-15095","Chong Hassan #5095","+60190005096","Subang Parksuites",5015,3305,75.7,"Tier 4: High Risk DSR",0
"LEAD-15098","Hafiz Subramaniam #5098","+60140005099","Mont Kiara Pavilion",5126,3362,75.4,"Tier 4: High Risk DSR",0
"LEAD-15101","Ahmad Goh #5101","+60170005102","Subang Parksuites",5237,3419,75,"Tier 4: High Risk DSR",0
"LEAD-15104","Tan Hariz #5104","+60120005105","Mont Kiara Pavilion",5348,3476,74.7,"Tier 3: Joint Loan Needed",0
"LEAD-15107","Farhan Wei Lun #5107","+60150005108","Subang Parksuites",5459,3533,74.4,"Tier 3: Joint Loan Needed",0
"LEAD-15110","Jason Ibrahim #5110","+60180005111","Mont Kiara Pavilion",5570,3590,74.1,"Tier 3: Joint Loan Needed",0
"LEAD-15113","Amir Chen #5113","+60130005114","Subang Parksuites",5681,3647,73.8,"Tier 3: Joint Loan Needed",0
"LEAD-15116","Devi Nordin #5116","+60160005117","Mont Kiara Pavilion",5792,3704,73.5,"Tier 3: Joint Loan Needed",0
"LEAD-15119","Grace Osman #5119","+60190005120","Subang Parksuites",5903,3761,73.2,"Tier 3: Joint Loan Needed",0
"LEAD-15122","Nurul Aini #5122","+60140005123","Mont Kiara Pavilion",6014,3818,73,"Tier 3: Joint Loan Needed",0
"LEAD-15125","Santhi Razif #5125","+60170005126","Subang Parksuites",6125,3875,72.7,"Tier 3: Joint Loan Needed",0
"LEAD-15128","Sarah Lee #5128","+60120005129","Mont Kiara Pavilion",6236,3932,72.5,"Tier 3: Joint Loan Needed",0
"LEAD-15131","Siti Zulkifli #5131","+60150005132","Subang Parksuites",6347,3989,72.2,"Tier 3: Joint Loan Needed",0
"LEAD-15134","Syed Rosli #5134","+60180005135","Mont Kiara Pavilion",6458,4046,72,"Tier 3: Joint Loan Needed",0
"LEAD-15137","Azman Kumar #5137","+60130005138","Subang Parksuites",6569,4103,71.8,"Tier 3: Joint Loan Needed",0
"LEAD-15140","Muhammad Faizal #5140","+60160005141","Mont Kiara Pavilion",6680,4160,71.6,"Tier 3: Joint Loan Needed",0
"LEAD-15143","Wong Hassan #5143","+60190005144","Subang Parksuites",6791,4217,71.4,"Tier 3: Joint Loan Needed",0
"LEAD-15146","Mohd Subramaniam #5146","+60140005147","Mont Kiara Pavilion",6902,4274,71.2,"Tier 3: Joint Loan Needed",0
"LEAD-15149","Kevin Goh #5149","+60170005150","Subang Parksuites",7013,4331,71,"Tier 3: Joint Loan Needed",0
"LEAD-15152","Razif Hariz #5152","+60120005153","Mont Kiara Pavilion",7124,4388,70.8,"Tier 3: Joint Loan Needed",0
"LEAD-15155","Chong Wei Lun #5155","+60150005156","Subang Parksuites",7235,4445,70.6,"Tier 3: Joint Loan Needed",0
"LEAD-15158","Hafiz Ibrahim #5158","+60180005159","Mont Kiara Pavilion",7346,1002,15.7,"Tier 1: Pre-Approved LPPSA/Bank",566522
"LEAD-15161","Ahmad Chen #5161","+60130005162","Subang Parksuites",7457,1059,16.3,"Tier 1: Pre-Approved LPPSA/Bank",566711
"LEAD-15164","Tan Nordin #5164","+60160005165","Mont Kiara Pavilion",7568,1116,16.9,"Tier 1: Pre-Approved LPPSA/Bank",566899
"LEAD-15167","Farhan Osman #5167","+60190005168","Subang Parksuites",7679,1173,17.6,"Tier 1: Pre-Approved LPPSA/Bank",567088
"LEAD-15170","Jason Aini #5170","+60140005171","Mont Kiara Pavilion",7790,1230,18.1,"Tier 1: Pre-Approved LPPSA/Bank",567276
"LEAD-15173","Amir Razif #5173","+60170005174","Subang Parksuites",7901,1287,18.7,"Tier 1: Pre-Approved LPPSA/Bank",567464
"LEAD-15176","Devi Lee #5176","+60120005177","Mont Kiara Pavilion",8012,1344,19.3,"Tier 1: Pre-Approved LPPSA/Bank",567653
"LEAD-15179","Grace Zulkifli #5179","+60150005180","Subang Parksuites",8123,1401,19.8,"Tier 1: Pre-Approved LPPSA/Bank",567841
"LEAD-15182","Nurul Rosli #5182","+60180005183","Mont Kiara Pavilion",8234,1458,20.4,"Tier 1: Pre-Approved LPPSA/Bank",568030
"LEAD-15185","Santhi Kumar #5185","+60130005186","Subang Parksuites",8345,1515,20.9,"Tier 1: Pre-Approved LPPSA/Bank",568218
"LEAD-15188","Sarah Faizal #5188","+60160005189","Mont Kiara Pavilion",8456,1572,21.4,"Tier 1: Pre-Approved LPPSA/Bank",568406
"LEAD-15191","Siti Hassan #5191","+60190005192","Subang Parksuites",8567,1629,21.9,"Tier 1: Pre-Approved LPPSA/Bank",568595
"LEAD-15194","Syed Subramaniam #5194","+60140005195","Mont Kiara Pavilion",8678,1686,22.3,"Tier 1: Pre-Approved LPPSA/Bank",568783
"LEAD-15197","Azman Goh #5197","+60170005198","Subang Parksuites",8789,1743,22.8,"Tier 1: Pre-Approved LPPSA/Bank",568972
"LEAD-15200","Muhammad Hariz #5200","+60120005201","Mont Kiara Pavilion",8900,1800,23.2,"Tier 1: Pre-Approved LPPSA/Bank",569160
"LEAD-15203","Wong Wei Lun #5203","+60150005204","Subang Parksuites",9011,1857,23.7,"Tier 1: Pre-Approved LPPSA/Bank",569348
"LEAD-15206","Mohd Ibrahim #5206","+60180005207","Mont Kiara Pavilion",9122,1914,24.1,"Tier 1: Pre-Approved LPPSA/Bank",569537
"LEAD-15209","Kevin Chen #5209","+60130005210","Subang Parksuites",9233,1971,24.5,"Tier 1: Pre-Approved LPPSA/Bank",569725
"LEAD-15212","Razif Nordin #5212","+60160005213","Mont Kiara Pavilion",9344,2028,24.9,"Tier 1: Pre-Approved LPPSA/Bank",569914
"LEAD-15215","Chong Osman #5215","+60190005216","Subang Parksuites",9455,2085,25.3,"Tier 1: Pre-Approved LPPSA/Bank",570102
"LEAD-15218","Hafiz Aini #5218","+60140005219","Mont Kiara Pavilion",9566,2142,25.7,"Tier 1: Pre-Approved LPPSA/Bank",570290
"LEAD-15221","Ahmad Razif #5221","+60170005222","Subang Parksuites",9677,2199,26.1,"Tier 1: Pre-Approved LPPSA/Bank",570479
"LEAD-15224","Tan Lee #5224","+60120005225","Mont Kiara Pavilion",9788,2256,26.5,"Tier 1: Pre-Approved LPPSA/Bank",570667
"LEAD-15227","Farhan Zulkifli #5227","+60150005228","Subang Parksuites",9899,2313,26.9,"Tier 1: Pre-Approved LPPSA/Bank",570856
"LEAD-15230","Jason Rosli #5230","+60180005231","Mont Kiara Pavilion",10010,2370,27.2,"Tier 1: Pre-Approved LPPSA/Bank",571044
"LEAD-15233","Amir Kumar #5233","+60130005234","Subang Parksuites",10121,2427,27.6,"Tier 1: Pre-Approved LPPSA/Bank",571232
"LEAD-15236","Devi Faizal #5236","+60160005237","Mont Kiara Pavilion",10232,2484,27.9,"Tier 1: Pre-Approved LPPSA/Bank",571421
"LEAD-15239","Grace Hassan #5239","+60190005240","Subang Parksuites",10343,2541,28.2,"Tier 1: Pre-Approved LPPSA/Bank",571609
"LEAD-15242","Nurul Subramaniam #5242","+60140005243","Mont Kiara Pavilion",10454,2598,28.6,"Tier 1: Pre-Approved LPPSA/Bank",571798
"LEAD-15245","Santhi Goh #5245","+60170005246","Subang Parksuites",10565,2655,28.9,"Tier 1: Pre-Approved LPPSA/Bank",571986
"LEAD-15248","Sarah Hariz #5248","+60120005249","Mont Kiara Pavilion",10676,2712,29.2,"Tier 1: Pre-Approved LPPSA/Bank",572174
"LEAD-15251","Siti Wei Lun #5251","+60150005252","Subang Parksuites",10787,2769,29.5,"Tier 1: Pre-Approved LPPSA/Bank",572363
"LEAD-15254","Syed Ibrahim #5254","+60180005255","Mont Kiara Pavilion",10898,2826,29.8,"Tier 1: Pre-Approved LPPSA/Bank",572551
"LEAD-15257","Azman Chen #5257","+60130005258","Subang Parksuites",11009,2883,30.1,"Tier 1: Pre-Approved LPPSA/Bank",572740
"LEAD-15260","Muhammad Nordin #5260","+60160005261","Mont Kiara Pavilion",11120,2940,30.4,"Tier 1: Pre-Approved LPPSA/Bank",572928
"LEAD-15263","Wong Osman #5263","+60190005264","Subang Parksuites",11231,2997,30.7,"Tier 1: Pre-Approved LPPSA/Bank",573116
"LEAD-15266","Mohd Aini #5266","+60140005267","Mont Kiara Pavilion",11342,3054,30.9,"Tier 1: Pre-Approved LPPSA/Bank",573305
"LEAD-15269","Kevin Razif #5269","+60170005270","Subang Parksuites",11453,3111,31.2,"Tier 1: Pre-Approved LPPSA/Bank",573493
"LEAD-15272","Razif Lee #5272","+60120005273","Mont Kiara Pavilion",11564,3168,31.5,"Tier 1: Pre-Approved LPPSA/Bank",573682
"LEAD-15275","Chong Zulkifli #5275","+60150005276","Subang Parksuites",11675,3225,31.8,"Tier 1: Pre-Approved LPPSA/Bank",573870
"LEAD-15278","Hafiz Rosli #5278","+60180005279","Mont Kiara Pavilion",11786,3282,32,"Tier 1: Pre-Approved LPPSA/Bank",574058
"LEAD-15281","Ahmad Kumar #5281","+60130005282","Subang Parksuites",11897,3339,32.3,"Tier 1: Pre-Approved LPPSA/Bank",574247
"LEAD-15284","Tan Faizal #5284","+60160005285","Mont Kiara Pavilion",3508,3396,111.3,"Tier 4: High Risk DSR",0
"LEAD-15287","Farhan Hassan #5287","+60190005288","Subang Parksuites",3619,3453,109.7,"Tier 4: High Risk DSR",0
"LEAD-15290","Jason Subramaniam #5290","+60140005291","Mont Kiara Pavilion",3730,3510,108.2,"Tier 4: High Risk DSR",0
"LEAD-15293","Amir Goh #5293","+60170005294","Subang Parksuites",3841,3567,106.7,"Tier 4: High Risk DSR",0
"LEAD-15296","Devi Hariz #5296","+60120005297","Mont Kiara Pavilion",3952,3624,105.4,"Tier 4: High Risk DSR",0
"LEAD-15299","Grace Wei Lun #5299","+60150005300","Subang Parksuites",4063,3681,104.1,"Tier 4: High Risk DSR",0
"LEAD-15302","Nurul Ibrahim #5302","+60180005303","Mont Kiara Pavilion",4174,3738,102.9,"Tier 4: High Risk DSR",0
"LEAD-15305","Santhi Chen #5305","+60130005306","Subang Parksuites",4285,3795,101.8,"Tier 4: High Risk DSR",0
"LEAD-15308","Sarah Nordin #5308","+60160005309","Mont Kiara Pavilion",4396,3852,100.7,"Tier 4: High Risk DSR",0
"LEAD-15311","Siti Osman #5311","+60190005312","Subang Parksuites",4507,3909,99.7,"Tier 4: High Risk DSR",0
"LEAD-15314","Syed Aini #5314","+60140005315","Mont Kiara Pavilion",4618,3966,98.7,"Tier 4: High Risk DSR",0
"LEAD-15317","Azman Razif #5317","+60170005318","Subang Parksuites",4729,4023,97.8,"Tier 4: High Risk DSR",0
"LEAD-15320","Muhammad Lee #5320","+60120005321","Mont Kiara Pavilion",4840,4080,96.9,"Tier 4: High Risk DSR",0
"LEAD-15323","Wong Zulkifli #5323","+60150005324","Subang Parksuites",4951,4137,96,"Tier 4: High Risk DSR",0
"LEAD-15326","Mohd Rosli #5326","+60180005327","Mont Kiara Pavilion",5062,4194,95.2,"Tier 4: High Risk DSR",0
"LEAD-15329","Kevin Kumar #5329","+60130005330","Subang Parksuites",5173,4251,94.5,"Tier 4: High Risk DSR",0
"LEAD-15332","Razif Faizal #5332","+60160005333","Mont Kiara Pavilion",5284,4308,93.7,"Tier 4: High Risk DSR",0
"LEAD-15335","Chong Hassan #5335","+60190005336","Subang Parksuites",5395,4365,93,"Tier 4: High Risk DSR",0
"LEAD-15338","Hafiz Subramaniam #5338","+60140005339","Mont Kiara Pavilion",5506,4422,92.3,"Tier 4: High Risk DSR",0
"LEAD-15341","Ahmad Goh #5341","+60170005342","Subang Parksuites",5617,4479,91.7,"Tier 4: High Risk DSR",0
"LEAD-15344","Tan Hariz #5344","+60120005345","Mont Kiara Pavilion",5728,1036,20.8,"Tier 2: Qualified Bank Loan",390803
"LEAD-15347","Farhan Wei Lun #5347","+60150005348","Subang Parksuites",5839,1093,21.5,"Tier 2: Qualified Bank Loan",390992
"LEAD-15350","Jason Ibrahim #5350","+60180005351","Mont Kiara Pavilion",5950,1150,22.2,"Tier 2: Qualified Bank Loan",391180
"LEAD-15353","Amir Chen #5353","+60130005354","Subang Parksuites",6061,1207,22.9,"Tier 2: Qualified Bank Loan",391368
"LEAD-15356","Devi Nordin #5356","+60160005357","Mont Kiara Pavilion",6172,1264,23.5,"Tier 2: Qualified Bank Loan",391557
"LEAD-15359","Grace Osman #5359","+60190005360","Subang Parksuites",6283,1321,24.2,"Tier 2: Qualified Bank Loan",391745
"LEAD-15362","Nurul Aini #5362","+60140005363","Mont Kiara Pavilion",6394,1378,24.8,"Tier 2: Qualified Bank Loan",391934
"LEAD-15365","Santhi Razif #5365","+60170005366","Subang Parksuites",6505,1435,25.4,"Tier 1: Pre-Approved LPPSA/Bank",392122
"LEAD-15368","Sarah Lee #5368","+60120005369","Mont Kiara Pavilion",6616,1492,25.9,"Tier 1: Pre-Approved LPPSA/Bank",392310
"LEAD-15371","Siti Zulkifli #5371","+60150005372","Subang Parksuites",6727,1549,26.5,"Tier 1: Pre-Approved LPPSA/Bank",392499
"LEAD-15374","Syed Rosli #5374","+60180005375","Mont Kiara Pavilion",6838,1606,27,"Tier 1: Pre-Approved LPPSA/Bank",392687
"LEAD-15377","Azman Kumar #5377","+60130005378","Subang Parksuites",6949,1663,27.5,"Tier 1: Pre-Approved LPPSA/Bank",392876
"LEAD-15380","Muhammad Faizal #5380","+60160005381","Mont Kiara Pavilion",7060,1720,28,"Tier 1: Pre-Approved LPPSA/Bank",393064
"LEAD-15383","Wong Hassan #5383","+60190005384","Subang Parksuites",7171,1777,28.5,"Tier 1: Pre-Approved LPPSA/Bank",393252
"LEAD-15386","Mohd Subramaniam #5386","+60140005387","Mont Kiara Pavilion",7282,1834,28.9,"Tier 1: Pre-Approved LPPSA/Bank",393441
"LEAD-15389","Kevin Goh #5389","+60170005390","Subang Parksuites",7393,1891,29.4,"Tier 1: Pre-Approved LPPSA/Bank",393629
"LEAD-15392","Razif Hariz #5392","+60120005393","Mont Kiara Pavilion",7504,1948,29.8,"Tier 1: Pre-Approved LPPSA/Bank",393818
"LEAD-15395","Chong Wei Lun #5395","+60150005396","Subang Parksuites",7615,2005,30.3,"Tier 1: Pre-Approved LPPSA/Bank",394006
"LEAD-15398","Hafiz Ibrahim #5398","+60180005399","Mont Kiara Pavilion",7726,2062,30.7,"Tier 1: Pre-Approved LPPSA/Bank",394194
"LEAD-15401","Ahmad Chen #5401","+60130005402","Subang Parksuites",7837,2119,31.1,"Tier 1: Pre-Approved LPPSA/Bank",394383
"LEAD-15404","Tan Nordin #5404","+60160005405","Mont Kiara Pavilion",7948,2176,31.5,"Tier 1: Pre-Approved LPPSA/Bank",394571
"LEAD-15407","Farhan Osman #5407","+60190005408","Subang Parksuites",8059,2233,31.8,"Tier 1: Pre-Approved LPPSA/Bank",394760
"LEAD-15410","Jason Aini #5410","+60140005411","Mont Kiara Pavilion",8170,2290,32.2,"Tier 1: Pre-Approved LPPSA/Bank",394948
"LEAD-15413","Amir Razif #5413","+60170005414","Subang Parksuites",8281,2347,32.6,"Tier 1: Pre-Approved LPPSA/Bank",395136
"LEAD-15416","Devi Lee #5416","+60120005417","Mont Kiara Pavilion",8392,2404,32.9,"Tier 1: Pre-Approved LPPSA/Bank",395325
"LEAD-15419","Grace Zulkifli #5419","+60150005420","Subang Parksuites",8503,2461,33.3,"Tier 1: Pre-Approved LPPSA/Bank",395513
"LEAD-15422","Nurul Rosli #5422","+60180005423","Mont Kiara Pavilion",8614,2518,33.6,"Tier 1: Pre-Approved LPPSA/Bank",395702
"LEAD-15425","Santhi Kumar #5425","+60130005426","Subang Parksuites",8725,2575,33.9,"Tier 1: Pre-Approved LPPSA/Bank",395890
"LEAD-15428","Sarah Faizal #5428","+60160005429","Mont Kiara Pavilion",8836,2632,34.2,"Tier 1: Pre-Approved LPPSA/Bank",396078
"LEAD-15431","Siti Hassan #5431","+60190005432","Subang Parksuites",8947,2689,34.5,"Tier 1: Pre-Approved LPPSA/Bank",396267
"LEAD-15434","Syed Subramaniam #5434","+60140005435","Mont Kiara Pavilion",9058,2746,34.8,"Tier 1: Pre-Approved LPPSA/Bank",396455
"LEAD-15437","Azman Goh #5437","+60170005438","Subang Parksuites",9169,2803,35.1,"Tier 1: Pre-Approved LPPSA/Bank",396644
"LEAD-15440","Muhammad Hariz #5440","+60120005441","Mont Kiara Pavilion",9280,2860,35.4,"Tier 1: Pre-Approved LPPSA/Bank",396832
"LEAD-15443","Wong Wei Lun #5443","+60150005444","Subang Parksuites",9391,2917,35.7,"Tier 1: Pre-Approved LPPSA/Bank",397020
"LEAD-15446","Mohd Ibrahim #5446","+60180005447","Mont Kiara Pavilion",9502,2974,36,"Tier 1: Pre-Approved LPPSA/Bank",397209
"LEAD-15449","Kevin Chen #5449","+60130005450","Subang Parksuites",9613,3031,36.2,"Tier 1: Pre-Approved LPPSA/Bank",397397
"LEAD-15452","Razif Nordin #5452","+60160005453","Mont Kiara Pavilion",9724,3088,36.5,"Tier 1: Pre-Approved LPPSA/Bank",397586
"LEAD-15455","Chong Osman #5455","+60190005456","Subang Parksuites",9835,3145,36.8,"Tier 1: Pre-Approved LPPSA/Bank",397774
"LEAD-15458","Hafiz Aini #5458","+60140005459","Mont Kiara Pavilion",9946,3202,37,"Tier 1: Pre-Approved LPPSA/Bank",397962
"LEAD-15461","Ahmad Razif #5461","+60170005462","Subang Parksuites",10057,3259,37.2,"Tier 1: Pre-Approved LPPSA/Bank",398151
"LEAD-15464","Tan Lee #5464","+60120005465","Mont Kiara Pavilion",10168,3316,37.5,"Tier 1: Pre-Approved LPPSA/Bank",398339
"LEAD-15467","Farhan Zulkifli #5467","+60150005468","Subang Parksuites",10279,3373,37.7,"Tier 1: Pre-Approved LPPSA/Bank",398528
"LEAD-15470","Jason Rosli #5470","+60180005471","Mont Kiara Pavilion",10390,3430,37.9,"Tier 1: Pre-Approved LPPSA/Bank",398716
"LEAD-15473","Amir Kumar #5473","+60130005474","Subang Parksuites",10501,3487,38.2,"Tier 1: Pre-Approved LPPSA/Bank",398904
"LEAD-15476","Devi Faizal #5476","+60160005477","Mont Kiara Pavilion",10612,3544,38.4,"Tier 1: Pre-Approved LPPSA/Bank",399093
"LEAD-15479","Grace Hassan #5479","+60190005480","Subang Parksuites",10723,3601,38.6,"Tier 1: Pre-Approved LPPSA/Bank",399281
"LEAD-15482","Nurul Subramaniam #5482","+60140005483","Mont Kiara Pavilion",10834,3658,38.8,"Tier 1: Pre-Approved LPPSA/Bank",399470
"LEAD-15485","Santhi Goh #5485","+60170005486","Subang Parksuites",10945,3715,39,"Tier 1: Pre-Approved LPPSA/Bank",399658
"LEAD-15488","Sarah Hariz #5488","+60120005489","Mont Kiara Pavilion",11056,3772,39.2,"Tier 1: Pre-Approved LPPSA/Bank",399846
"LEAD-15491","Siti Wei Lun #5491","+60150005492","Subang Parksuites",11167,3829,39.4,"Tier 1: Pre-Approved LPPSA/Bank",400035
"LEAD-15494","Syed Ibrahim #5494","+60180005495","Mont Kiara Pavilion",11278,3886,39.6,"Tier 1: Pre-Approved LPPSA/Bank",400223
"LEAD-15497","Azman Chen #5497","+60130005498","Subang Parksuites",11389,3943,39.8,"Tier 1: Pre-Approved LPPSA/Bank",400412
"LEAD-15500","Muhammad Nordin #5500","+60160005501","Mont Kiara Pavilion",11500,4000,40,"Tier 1: Pre-Approved LPPSA/Bank",400600
"LEAD-15503","Wong Osman #5503","+60190005504","Subang Parksuites",11611,4057,40.2,"Tier 1: Pre-Approved LPPSA/Bank",400788
"LEAD-15506","Mohd Aini #5506","+60140005507","Mont Kiara Pavilion",11722,4114,40.3,"Tier 1: Pre-Approved LPPSA/Bank",400977
"LEAD-15509","Kevin Razif #5509","+60170005510","Subang Parksuites",11833,4171,40.5,"Tier 1: Pre-Approved LPPSA/Bank",401165
"LEAD-15512","Razif Lee #5512","+60120005513","Mont Kiara Pavilion",11944,4228,40.7,"Tier 1: Pre-Approved LPPSA/Bank",401354
"LEAD-15515","Chong Zulkifli #5515","+60150005516","Subang Parksuites",3555,4285,138.5,"Tier 4: High Risk DSR",0
"LEAD-15518","Hafiz Rosli #5518","+60180005519","Mont Kiara Pavilion",3666,4342,136.1,"Tier 4: High Risk DSR",0
"LEAD-15521","Ahmad Kumar #5521","+60130005522","Subang Parksuites",3777,4399,133.9,"Tier 4: High Risk DSR",0
"LEAD-15524","Tan Faizal #5524","+60160005525","Mont Kiara Pavilion",3888,4456,131.7,"Tier 4: High Risk DSR",0
"LEAD-15527","Farhan Hassan #5527","+60190005528","Subang Parksuites",3999,1013,29.1,"Tier 3: Joint Loan Needed",214896
"LEAD-15530","Jason Subramaniam #5530","+60140005531","Mont Kiara Pavilion",4110,1070,29.9,"Tier 3: Joint Loan Needed",215084
"LEAD-15533","Amir Goh #5533","+60170005534","Subang Parksuites",4221,1127,30.7,"Tier 3: Joint Loan Needed",215272
"LEAD-15536","Devi Hariz #5536","+60120005537","Mont Kiara Pavilion",4332,1184,31.4,"Tier 3: Joint Loan Needed",215461
"LEAD-15539","Grace Wei Lun #5539","+60150005540","Subang Parksuites",4443,1241,32.1,"Tier 3: Joint Loan Needed",215649
"LEAD-15542","Nurul Ibrahim #5542","+60180005543","Mont Kiara Pavilion",4554,1298,32.8,"Tier 2: Qualified Bank Loan",215838
"LEAD-15545","Santhi Chen #5545","+60130005546","Subang Parksuites",4665,1355,33.4,"Tier 2: Qualified Bank Loan",216026
"LEAD-15548","Sarah Nordin #5548","+60160005549","Mont Kiara Pavilion",4776,1412,34,"Tier 2: Qualified Bank Loan",216214
"LEAD-15551","Siti Osman #5551","+60190005552","Subang Parksuites",4887,1469,34.6,"Tier 2: Qualified Bank Loan",216403
"LEAD-15554","Syed Aini #5554","+60140005555","Mont Kiara Pavilion",4998,1526,35.1,"Tier 2: Qualified Bank Loan",216591
"LEAD-15557","Azman Razif #5557","+60170005558","Subang Parksuites",5109,1583,35.6,"Tier 2: Qualified Bank Loan",216780
"LEAD-15560","Muhammad Lee #5560","+60120005561","Mont Kiara Pavilion",5220,1640,36.1,"Tier 2: Qualified Bank Loan",216968
"LEAD-15563","Wong Zulkifli #5563","+60150005564","Subang Parksuites",5331,1697,36.6,"Tier 2: Qualified Bank Loan",217156
"LEAD-15566","Mohd Rosli #5566","+60180005567","Mont Kiara Pavilion",5442,1754,37,"Tier 2: Qualified Bank Loan",217345
"LEAD-15569","Kevin Kumar #5569","+60130005570","Subang Parksuites",5553,1811,37.5,"Tier 2: Qualified Bank Loan",217533
"LEAD-15572","Razif Faizal #5572","+60160005573","Mont Kiara Pavilion",5664,1868,37.9,"Tier 2: Qualified Bank Loan",217722
"LEAD-15575","Chong Hassan #5575","+60190005576","Subang Parksuites",5775,1925,38.3,"Tier 2: Qualified Bank Loan",217910
"LEAD-15578","Hafiz Subramaniam #5578","+60140005579","Mont Kiara Pavilion",5886,1982,38.7,"Tier 2: Qualified Bank Loan",218098
"LEAD-15581","Ahmad Goh #5581","+60170005582","Subang Parksuites",5997,2039,39.1,"Tier 2: Qualified Bank Loan",218287
"LEAD-15584","Tan Hariz #5584","+60120005585","Mont Kiara Pavilion",6108,2096,39.4,"Tier 2: Qualified Bank Loan",218475
"LEAD-15587","Farhan Wei Lun #5587","+60150005588","Subang Parksuites",6219,2153,39.8,"Tier 2: Qualified Bank Loan",218664
"LEAD-15590","Jason Ibrahim #5590","+60180005591","Mont Kiara Pavilion",6330,2210,40.1,"Tier 2: Qualified Bank Loan",218852
"LEAD-15593","Amir Chen #5593","+60130005594","Subang Parksuites",6441,2267,40.5,"Tier 2: Qualified Bank Loan",219040
"LEAD-15596","Devi Nordin #5596","+60160005597","Mont Kiara Pavilion",6552,2324,40.8,"Tier 1: Pre-Approved LPPSA/Bank",219229
"LEAD-15599","Grace Osman #5599","+60190005600","Subang Parksuites",6663,2381,41.1,"Tier 1: Pre-Approved LPPSA/Bank",219417
"LEAD-15602","Nurul Aini #5602","+60140005603","Mont Kiara Pavilion",6774,2438,41.4,"Tier 1: Pre-Approved LPPSA/Bank",219606
"LEAD-15605","Santhi Razif #5605","+60170005606","Subang Parksuites",6885,2495,41.7,"Tier 1: Pre-Approved LPPSA/Bank",219794
"LEAD-15608","Sarah Lee #5608","+60120005609","Mont Kiara Pavilion",6996,2552,41.9,"Tier 1: Pre-Approved LPPSA/Bank",219982
"LEAD-15611","Siti Zulkifli #5611","+60150005612","Subang Parksuites",7107,2609,42.2,"Tier 1: Pre-Approved LPPSA/Bank",220171
"LEAD-15614","Syed Rosli #5614","+60180005615","Mont Kiara Pavilion",7218,2666,42.5,"Tier 1: Pre-Approved LPPSA/Bank",220359
"LEAD-15617","Azman Kumar #5617","+60130005618","Subang Parksuites",7329,2723,42.7,"Tier 1: Pre-Approved LPPSA/Bank",220548
"LEAD-15620","Muhammad Faizal #5620","+60160005621","Mont Kiara Pavilion",7440,2780,42.9,"Tier 1: Pre-Approved LPPSA/Bank",220736
"LEAD-15623","Wong Hassan #5623","+60190005624","Subang Parksuites",7551,2837,43.2,"Tier 1: Pre-Approved LPPSA/Bank",220924
"LEAD-15626","Mohd Subramaniam #5626","+60140005627","Mont Kiara Pavilion",7662,2894,43.4,"Tier 1: Pre-Approved LPPSA/Bank",221113
"LEAD-15629","Kevin Goh #5629","+60170005630","Subang Parksuites",7773,2951,43.6,"Tier 1: Pre-Approved LPPSA/Bank",221301
"LEAD-15632","Razif Hariz #5632","+60120005633","Mont Kiara Pavilion",7884,3008,43.9,"Tier 1: Pre-Approved LPPSA/Bank",221490
"LEAD-15635","Chong Wei Lun #5635","+60150005636","Subang Parksuites",7995,3065,44.1,"Tier 1: Pre-Approved LPPSA/Bank",221678
"LEAD-15638","Hafiz Ibrahim #5638","+60180005639","Mont Kiara Pavilion",8106,3122,44.3,"Tier 1: Pre-Approved LPPSA/Bank",221866
"LEAD-15641","Ahmad Chen #5641","+60130005642","Subang Parksuites",8217,3179,44.5,"Tier 1: Pre-Approved LPPSA/Bank",222055
"LEAD-15644","Tan Nordin #5644","+60160005645","Mont Kiara Pavilion",8328,3236,44.7,"Tier 1: Pre-Approved LPPSA/Bank",222243
"LEAD-15647","Farhan Osman #5647","+60190005648","Subang Parksuites",8439,3293,44.9,"Tier 1: Pre-Approved LPPSA/Bank",222432
"LEAD-15650","Jason Aini #5650","+60140005651","Mont Kiara Pavilion",8550,3350,45,"Tier 2: Qualified Bank Loan",222620
"LEAD-15653","Amir Razif #5653","+60170005654","Subang Parksuites",8661,3407,45.2,"Tier 2: Qualified Bank Loan",222808
"LEAD-15656","Devi Lee #5656","+60120005657","Mont Kiara Pavilion",8772,3464,45.4,"Tier 2: Qualified Bank Loan",222997
"LEAD-15659","Grace Zulkifli #5659","+60150005660","Subang Parksuites",8883,3521,45.6,"Tier 2: Qualified Bank Loan",223185
"LEAD-15662","Nurul Rosli #5662","+60180005663","Mont Kiara Pavilion",8994,3578,45.7,"Tier 2: Qualified Bank Loan",223374
"LEAD-15665","Santhi Kumar #5665","+60130005666","Subang Parksuites",9105,3635,45.9,"Tier 2: Qualified Bank Loan",223562
"LEAD-15668","Sarah Faizal #5668","+60160005669","Mont Kiara Pavilion",9216,3692,46,"Tier 2: Qualified Bank Loan",223750
"LEAD-15671","Siti Hassan #5671","+60190005672","Subang Parksuites",9327,3749,46.2,"Tier 2: Qualified Bank Loan",223939
"LEAD-15674","Syed Subramaniam #5674","+60140005675","Mont Kiara Pavilion",9438,3806,46.4,"Tier 2: Qualified Bank Loan",224127
"LEAD-15677","Azman Goh #5677","+60170005678","Subang Parksuites",9549,3863,46.5,"Tier 2: Qualified Bank Loan",224316
"LEAD-15680","Muhammad Hariz #5680","+60120005681","Mont Kiara Pavilion",9660,3920,46.6,"Tier 2: Qualified Bank Loan",224504
"LEAD-15683","Wong Wei Lun #5683","+60150005684","Subang Parksuites",9771,3977,46.8,"Tier 2: Qualified Bank Loan",224692
"LEAD-15686","Mohd Ibrahim #5686","+60180005687","Mont Kiara Pavilion",9882,4034,46.9,"Tier 2: Qualified Bank Loan",224881
"LEAD-15689","Kevin Chen #5689","+60130005690","Subang Parksuites",9993,4091,47.1,"Tier 2: Qualified Bank Loan",225069
"LEAD-15692","Razif Nordin #5692","+60160005693","Mont Kiara Pavilion",10104,4148,47.2,"Tier 2: Qualified Bank Loan",225258
"LEAD-15695","Chong Osman #5695","+60190005696","Subang Parksuites",10215,4205,47.3,"Tier 2: Qualified Bank Loan",225446
"LEAD-15698","Hafiz Aini #5698","+60140005699","Mont Kiara Pavilion",10326,4262,47.4,"Tier 2: Qualified Bank Loan",225634
"LEAD-15701","Ahmad Razif #5701","+60170005702","Subang Parksuites",10437,4319,47.6,"Tier 2: Qualified Bank Loan",225823
"LEAD-15704","Tan Lee #5704","+60120005705","Mont Kiara Pavilion",10548,4376,47.7,"Tier 2: Qualified Bank Loan",226011
"LEAD-15707","Farhan Zulkifli #5707","+60150005708","Subang Parksuites",10659,4433,47.8,"Tier 2: Qualified Bank Loan",226200
"LEAD-15710","Jason Rosli #5710","+60180005711","Mont Kiara Pavilion",10770,4490,47.9,"Tier 2: Qualified Bank Loan",226388
"LEAD-15713","Amir Kumar #5713","+60130005714","Subang Parksuites",10881,1047,11.1,"Tier 1: Pre-Approved LPPSA/Bank",926576
"LEAD-15716","Devi Faizal #5716","+60160005717","Mont Kiara Pavilion",10992,1104,11.5,"Tier 1: Pre-Approved LPPSA/Bank",926765
"LEAD-15719","Grace Hassan #5719","+60190005720","Subang Parksuites",11103,1161,12,"Tier 1: Pre-Approved LPPSA/Bank",926953
"LEAD-15722","Nurul Subramaniam #5722","+60140005723","Mont Kiara Pavilion",11214,1218,12.5,"Tier 1: Pre-Approved LPPSA/Bank",927142
"LEAD-15725","Santhi Goh #5725","+60170005726","Subang Parksuites",11325,1275,12.9,"Tier 1: Pre-Approved LPPSA/Bank",927330
"LEAD-15728","Sarah Hariz #5728","+60120005729","Mont Kiara Pavilion",11436,1332,13.4,"Tier 1: Pre-Approved LPPSA/Bank",927518
"LEAD-15731","Siti Wei Lun #5731","+60150005732","Subang Parksuites",11547,1389,13.8,"Tier 1: Pre-Approved LPPSA/Bank",927707
"LEAD-15734","Syed Ibrahim #5734","+60180005735","Mont Kiara Pavilion",11658,1446,14.3,"Tier 1: Pre-Approved LPPSA/Bank",927895
"LEAD-15737","Azman Chen #5737","+60130005738","Subang Parksuites",11769,1503,14.7,"Tier 1: Pre-Approved LPPSA/Bank",928084
"LEAD-15740","Muhammad Nordin #5740","+60160005741","Mont Kiara Pavilion",11880,1560,15.1,"Tier 1: Pre-Approved LPPSA/Bank",928272
"LEAD-15743","Wong Osman #5743","+60190005744","Subang Parksuites",11991,1617,15.5,"Tier 1: Pre-Approved LPPSA/Bank",928460
"LEAD-15746","Mohd Aini #5746","+60140005747","Mont Kiara Pavilion",3602,1674,53.4,"Tier 3: Joint Loan Needed",41249
"LEAD-15749","Kevin Razif #5749","+60170005750","Subang Parksuites",3713,1731,53.6,"Tier 3: Joint Loan Needed",41437
"LEAD-15752","Razif Lee #5752","+60120005753","Mont Kiara Pavilion",3824,1788,53.7,"Tier 3: Joint Loan Needed",41626
"LEAD-15755","Chong Zulkifli #5755","+60150005756","Subang Parksuites",3935,1845,53.9,"Tier 3: Joint Loan Needed",41814
"LEAD-15758","Hafiz Rosli #5758","+60180005759","Mont Kiara Pavilion",4046,1902,54,"Tier 3: Joint Loan Needed",42002
"LEAD-15761","Ahmad Kumar #5761","+60130005762","Subang Parksuites",4157,1959,54.2,"Tier 3: Joint Loan Needed",42191
"LEAD-15764","Tan Faizal #5764","+60160005765","Mont Kiara Pavilion",4268,2016,54.3,"Tier 3: Joint Loan Needed",42379
"LEAD-15767","Farhan Hassan #5767","+60190005768","Subang Parksuites",4379,2073,54.4,"Tier 3: Joint Loan Needed",42568
"LEAD-15770","Jason Subramaniam #5770","+60140005771","Mont Kiara Pavilion",4490,2130,54.5,"Tier 3: Joint Loan Needed",42756
"LEAD-15773","Amir Goh #5773","+60170005774","Subang Parksuites",4601,2187,54.6,"Tier 2: Qualified Bank Loan",42944
"LEAD-15776","Devi Hariz #5776","+60120005777","Mont Kiara Pavilion",4712,2244,54.7,"Tier 2: Qualified Bank Loan",43133
"LEAD-15779","Grace Wei Lun #5779","+60150005780","Subang Parksuites",4823,2301,54.8,"Tier 2: Qualified Bank Loan",43321
"LEAD-15782","Nurul Ibrahim #5782","+60180005783","Mont Kiara Pavilion",4934,2358,54.9,"Tier 2: Qualified Bank Loan",43510
"LEAD-15785","Santhi Chen #5785","+60130005786","Subang Parksuites",5045,2415,55,"Tier 2: Qualified Bank Loan",43698
"LEAD-15788","Sarah Nordin #5788","+60160005789","Mont Kiara Pavilion",5156,2472,55.1,"Tier 2: Qualified Bank Loan",43886
"LEAD-15791","Siti Osman #5791","+60190005792","Subang Parksuites",5267,2529,55.2,"Tier 2: Qualified Bank Loan",44075
"LEAD-15794","Syed Aini #5794","+60140005795","Mont Kiara Pavilion",5378,2586,55.3,"Tier 2: Qualified Bank Loan",44263
"LEAD-15797","Azman Razif #5797","+60170005798","Subang Parksuites",5489,2643,55.3,"Tier 2: Qualified Bank Loan",44452
"LEAD-15800","Muhammad Lee #5800","+60120005801","Mont Kiara Pavilion",5600,2700,55.4,"Tier 2: Qualified Bank Loan",44640
"LEAD-15803","Wong Zulkifli #5803","+60150005804","Subang Parksuites",5711,2757,55.5,"Tier 2: Qualified Bank Loan",44828
"LEAD-15806","Mohd Rosli #5806","+60180005807","Mont Kiara Pavilion",5822,2814,55.6,"Tier 2: Qualified Bank Loan",45017
"LEAD-15809","Kevin Kumar #5809","+60130005810","Subang Parksuites",5933,2871,55.6,"Tier 2: Qualified Bank Loan",45205
"LEAD-15812","Razif Faizal #5812","+60160005813","Mont Kiara Pavilion",6044,2928,55.7,"Tier 2: Qualified Bank Loan",45394
"LEAD-15815","Chong Hassan #5815","+60190005816","Subang Parksuites",6155,2985,55.7,"Tier 2: Qualified Bank Loan",45582
"LEAD-15818","Hafiz Subramaniam #5818","+60140005819","Mont Kiara Pavilion",6266,3042,55.8,"Tier 2: Qualified Bank Loan",45770
"LEAD-15821","Ahmad Goh #5821","+60170005822","Subang Parksuites",6377,3099,55.9,"Tier 2: Qualified Bank Loan",45959
"LEAD-15824","Tan Hariz #5824","+60120005825","Mont Kiara Pavilion",6488,3156,55.9,"Tier 2: Qualified Bank Loan",46147
"LEAD-15827","Farhan Wei Lun #5827","+60150005828","Subang Parksuites",6599,3213,56,"Tier 2: Qualified Bank Loan",46336
"LEAD-15830","Jason Ibrahim #5830","+60180005831","Mont Kiara Pavilion",6710,3270,56,"Tier 2: Qualified Bank Loan",46524
"LEAD-15833","Amir Chen #5833","+60130005834","Subang Parksuites",6821,3327,56.1,"Tier 2: Qualified Bank Loan",46712
"LEAD-15836","Devi Nordin #5836","+60160005837","Mont Kiara Pavilion",6932,3384,56.1,"Tier 2: Qualified Bank Loan",46901
"LEAD-15839","Grace Osman #5839","+60190005840","Subang Parksuites",7043,3441,56.2,"Tier 2: Qualified Bank Loan",47089
"LEAD-15842","Nurul Aini #5842","+60140005843","Mont Kiara Pavilion",7154,3498,56.2,"Tier 2: Qualified Bank Loan",47278
"LEAD-15845","Santhi Razif #5845","+60170005846","Subang Parksuites",7265,3555,56.2,"Tier 2: Qualified Bank Loan",47466
"LEAD-15848","Sarah Lee #5848","+60120005849","Mont Kiara Pavilion",7376,3612,56.3,"Tier 2: Qualified Bank Loan",47654
"LEAD-15851","Siti Zulkifli #5851","+60150005852","Subang Parksuites",7487,3669,56.3,"Tier 2: Qualified Bank Loan",47843
"LEAD-15854","Syed Rosli #5854","+60180005855","Mont Kiara Pavilion",7598,3726,56.4,"Tier 2: Qualified Bank Loan",48031
"LEAD-15857","Azman Kumar #5857","+60130005858","Subang Parksuites",7709,3783,56.4,"Tier 2: Qualified Bank Loan",48220
"LEAD-15860","Muhammad Faizal #5860","+60160005861","Mont Kiara Pavilion",7820,3840,56.4,"Tier 2: Qualified Bank Loan",48408
"LEAD-15863","Wong Hassan #5863","+60190005864","Subang Parksuites",7931,3897,56.5,"Tier 2: Qualified Bank Loan",48596
"LEAD-15866","Mohd Subramaniam #5866","+60140005867","Mont Kiara Pavilion",8042,3954,56.5,"Tier 2: Qualified Bank Loan",48785
"LEAD-15869","Kevin Goh #5869","+60170005870","Subang Parksuites",8153,4011,56.5,"Tier 2: Qualified Bank Loan",48973
"LEAD-15872","Razif Hariz #5872","+60120005873","Mont Kiara Pavilion",8264,4068,56.6,"Tier 2: Qualified Bank Loan",49162
"LEAD-15875","Chong Wei Lun #5875","+60150005876","Subang Parksuites",8375,4125,56.6,"Tier 2: Qualified Bank Loan",49350
"LEAD-15878","Hafiz Ibrahim #5878","+60180005879","Mont Kiara Pavilion",8486,4182,56.6,"Tier 2: Qualified Bank Loan",49538
"LEAD-15881","Ahmad Chen #5881","+60130005882","Subang Parksuites",8597,4239,56.7,"Tier 2: Qualified Bank Loan",49727
"LEAD-15884","Tan Nordin #5884","+60160005885","Mont Kiara Pavilion",8708,4296,56.7,"Tier 2: Qualified Bank Loan",49915
"LEAD-15887","Farhan Osman #5887","+60190005888","Subang Parksuites",8819,4353,56.7,"Tier 2: Qualified Bank Loan",50104
"LEAD-15890","Jason Aini #5890","+60140005891","Mont Kiara Pavilion",8930,4410,56.8,"Tier 2: Qualified Bank Loan",50292
"LEAD-15893","Amir Razif #5893","+60170005894","Subang Parksuites",9041,4467,56.8,"Tier 2: Qualified Bank Loan",50480
"LEAD-15896","Devi Lee #5896","+60120005897","Mont Kiara Pavilion",9152,1024,12.9,"Tier 1: Pre-Approved LPPSA/Bank",750669
"LEAD-15899","Grace Zulkifli #5899","+60150005900","Subang Parksuites",9263,1081,13.4,"Tier 1: Pre-Approved LPPSA/Bank",750857
"LEAD-15902","Nurul Rosli #5902","+60180005903","Mont Kiara Pavilion",9374,1138,14,"Tier 1: Pre-Approved LPPSA/Bank",751046
"LEAD-15905","Santhi Kumar #5905","+60130005906","Subang Parksuites",9485,1195,14.5,"Tier 1: Pre-Approved LPPSA/Bank",751234
"LEAD-15908","Sarah Faizal #5908","+60160005909","Mont Kiara Pavilion",9596,1252,15,"Tier 1: Pre-Approved LPPSA/Bank",751422
"LEAD-15911","Siti Hassan #5911","+60190005912","Subang Parksuites",9707,1309,15.5,"Tier 1: Pre-Approved LPPSA/Bank",751611
"LEAD-15914","Syed Subramaniam #5914","+60140005915","Mont Kiara Pavilion",9818,1366,16,"Tier 1: Pre-Approved LPPSA/Bank",751799
"LEAD-15917","Azman Goh #5917","+60170005918","Subang Parksuites",9929,1423,16.5,"Tier 1: Pre-Approved LPPSA/Bank",751988
"LEAD-15920","Muhammad Hariz #5920","+60120005921","Mont Kiara Pavilion",10040,1480,16.9,"Tier 1: Pre-Approved LPPSA/Bank",752176
"LEAD-15923","Wong Wei Lun #5923","+60150005924","Subang Parksuites",10151,1537,17.4,"Tier 1: Pre-Approved LPPSA/Bank",752364
"LEAD-15926","Mohd Ibrahim #5926","+60180005927","Mont Kiara Pavilion",10262,1594,17.9,"Tier 1: Pre-Approved LPPSA/Bank",752553
"LEAD-15929","Kevin Chen #5929","+60130005930","Subang Parksuites",10373,1651,18.3,"Tier 1: Pre-Approved LPPSA/Bank",752741
"LEAD-15932","Razif Nordin #5932","+60160005933","Mont Kiara Pavilion",10484,1708,18.7,"Tier 1: Pre-Approved LPPSA/Bank",752930
"LEAD-15935","Chong Osman #5935","+60190005936","Subang Parksuites",10595,1765,19.1,"Tier 1: Pre-Approved LPPSA/Bank",753118
"LEAD-15938","Hafiz Aini #5938","+60140005939","Mont Kiara Pavilion",10706,1822,19.6,"Tier 1: Pre-Approved LPPSA/Bank",753306
"LEAD-15941","Ahmad Razif #5941","+60170005942","Subang Parksuites",10817,1879,20,"Tier 1: Pre-Approved LPPSA/Bank",753495
"LEAD-15944","Tan Lee #5944","+60120005945","Mont Kiara Pavilion",10928,1936,20.4,"Tier 1: Pre-Approved LPPSA/Bank",753683
"LEAD-15947","Farhan Zulkifli #5947","+60150005948","Subang Parksuites",11039,1993,20.8,"Tier 1: Pre-Approved LPPSA/Bank",753872
"LEAD-15950","Jason Rosli #5950","+60180005951","Mont Kiara Pavilion",11150,2050,21.1,"Tier 1: Pre-Approved LPPSA/Bank",754060
"LEAD-15953","Amir Kumar #5953","+60130005954","Subang Parksuites",11261,2107,21.5,"Tier 1: Pre-Approved LPPSA/Bank",754248
"LEAD-15956","Devi Faizal #5956","+60160005957","Mont Kiara Pavilion",11372,2164,21.9,"Tier 1: Pre-Approved LPPSA/Bank",754437
"LEAD-15959","Grace Hassan #5959","+60190005960","Subang Parksuites",11483,2221,22.2,"Tier 1: Pre-Approved LPPSA/Bank",754625
"LEAD-15962","Nurul Subramaniam #5962","+60140005963","Mont Kiara Pavilion",11594,2278,22.6,"Tier 1: Pre-Approved LPPSA/Bank",754814
"LEAD-15965","Santhi Goh #5965","+60170005966","Subang Parksuites",11705,2335,22.9,"Tier 1: Pre-Approved LPPSA/Bank",755002
"LEAD-15968","Sarah Hariz #5968","+60120005969","Mont Kiara Pavilion",11816,2392,23.3,"Tier 1: Pre-Approved LPPSA/Bank",755190
"LEAD-15971","Siti Wei Lun #5971","+60150005972","Subang Parksuites",11927,2449,23.6,"Tier 1: Pre-Approved LPPSA/Bank",755379
"LEAD-15974","Syed Ibrahim #5974","+60180005975","Mont Kiara Pavilion",3538,2506,81.4,"Tier 4: High Risk DSR",0
"LEAD-15977","Azman Chen #5977","+60130005978","Subang Parksuites",3649,2563,80.7,"Tier 4: High Risk DSR",0
"LEAD-15980","Muhammad Nordin #5980","+60160005981","Mont Kiara Pavilion",3760,2620,80.1,"Tier 4: High Risk DSR",0
"LEAD-15983","Wong Osman #5983","+60190005984","Subang Parksuites",3871,2677,79.5,"Tier 4: High Risk DSR",0
"LEAD-15986","Mohd Aini #5986","+60140005987","Mont Kiara Pavilion",3982,2734,78.9,"Tier 4: High Risk DSR",0
"LEAD-15989","Kevin Razif #5989","+60170005990","Subang Parksuites",4093,2791,78.4,"Tier 4: High Risk DSR",0
"LEAD-15992","Razif Lee #5992","+60120005993","Mont Kiara Pavilion",4204,2848,77.9,"Tier 4: High Risk DSR",0
"LEAD-15995","Chong Zulkifli #5995","+60150005996","Subang Parksuites",4315,2905,77.4,"Tier 4: High Risk DSR",0
"LEAD-15998","Hafiz Rosli #5998","+60180005999","Mont Kiara Pavilion",4426,2962,76.9,"Tier 4: High Risk DSR",0
"LEAD-16001","Ahmad Kumar #6001","+60130006002","Subang Parksuites",4537,3019,76.5,"Tier 4: High Risk DSR",0
"LEAD-16004","Tan Faizal #6004","+60160006005","Mont Kiara Pavilion",4648,3076,76.1,"Tier 4: High Risk DSR",0
"LEAD-16007","Farhan Hassan #6007","+60190006008","Subang Parksuites",4759,3133,75.7,"Tier 4: High Risk DSR",0
"LEAD-16010","Jason Subramaniam #6010","+60140006011","Mont Kiara Pavilion",4870,3190,75.3,"Tier 4: High Risk DSR",0
"LEAD-16013","Amir Goh #6013","+60170006014","Subang Parksuites",4981,3247,74.9,"Tier 3: Joint Loan Needed",0
"LEAD-16016","Devi Hariz #6016","+60120006017","Mont Kiara Pavilion",5092,3304,74.6,"Tier 3: Joint Loan Needed",0
"LEAD-16019","Grace Wei Lun #6019","+60150006020","Subang Parksuites",5203,3361,74.2,"Tier 3: Joint Loan Needed",0
"LEAD-16022","Nurul Ibrahim #6022","+60180006023","Mont Kiara Pavilion",5314,3418,73.9,"Tier 3: Joint Loan Needed",0
"LEAD-16025","Santhi Chen #6025","+60130006026","Subang Parksuites",5425,3475,73.6,"Tier 3: Joint Loan Needed",0
"LEAD-16028","Sarah Nordin #6028","+60160006029","Mont Kiara Pavilion",5536,3532,73.3,"Tier 3: Joint Loan Needed",0
"LEAD-16031","Siti Osman #6031","+60190006032","Subang Parksuites",5647,3589,73.1,"Tier 3: Joint Loan Needed",0
"LEAD-16034","Syed Aini #6034","+60140006035","Mont Kiara Pavilion",5758,3646,72.8,"Tier 3: Joint Loan Needed",0
"LEAD-16037","Azman Razif #6037","+60170006038","Subang Parksuites",5869,3703,72.5,"Tier 3: Joint Loan Needed",0
"LEAD-16040","Muhammad Lee #6040","+60120006041","Mont Kiara Pavilion",5980,3760,72.3,"Tier 3: Joint Loan Needed",0
"LEAD-16043","Wong Zulkifli #6043","+60150006044","Subang Parksuites",6091,3817,72,"Tier 3: Joint Loan Needed",0
"LEAD-16046","Mohd Rosli #6046","+60180006047","Mont Kiara Pavilion",6202,3874,71.8,"Tier 3: Joint Loan Needed",0
"LEAD-16049","Kevin Kumar #6049","+60130006050","Subang Parksuites",6313,3931,71.6,"Tier 3: Joint Loan Needed",0
"LEAD-16052","Razif Faizal #6052","+60160006053","Mont Kiara Pavilion",6424,3988,71.4,"Tier 3: Joint Loan Needed",0
"LEAD-16055","Chong Hassan #6055","+60190006056","Subang Parksuites",6535,4045,71.1,"Tier 3: Joint Loan Needed",0
"LEAD-16058","Hafiz Subramaniam #6058","+60140006059","Mont Kiara Pavilion",6646,4102,70.9,"Tier 3: Joint Loan Needed",0
"LEAD-16061","Ahmad Goh #6061","+60170006062","Subang Parksuites",6757,4159,70.7,"Tier 3: Joint Loan Needed",0
"LEAD-16064","Tan Hariz #6064","+60120006065","Mont Kiara Pavilion",6868,4216,70.6,"Tier 3: Joint Loan Needed",0
"LEAD-16067","Farhan Wei Lun #6067","+60150006068","Subang Parksuites",6979,4273,70.4,"Tier 3: Joint Loan Needed",0
"LEAD-16070","Jason Ibrahim #6070","+60180006071","Mont Kiara Pavilion",7090,4330,70.2,"Tier 3: Joint Loan Needed",0
"LEAD-16073","Amir Chen #6073","+60130006074","Subang Parksuites",7201,4387,70,"Tier 3: Joint Loan Needed",0
"LEAD-16076","Devi Nordin #6076","+60160006077","Mont Kiara Pavilion",7312,4444,69.9,"Tier 3: Joint Loan Needed",0
"LEAD-16079","Grace Osman #6079","+60190006080","Subang Parksuites",7423,1001,15.5,"Tier 1: Pre-Approved LPPSA/Bank",574761
"LEAD-16082","Nurul Aini #6082","+60140006083","Mont Kiara Pavilion",7534,1058,16.1,"Tier 1: Pre-Approved LPPSA/Bank",574950
"LEAD-16085","Santhi Razif #6085","+60170006086","Subang Parksuites",7645,1115,16.8,"Tier 1: Pre-Approved LPPSA/Bank",575138
"LEAD-16088","Sarah Lee #6088","+60120006089","Mont Kiara Pavilion",7756,1172,17.4,"Tier 1: Pre-Approved LPPSA/Bank",575326
"LEAD-16091","Siti Zulkifli #6091","+60150006092","Subang Parksuites",7867,1229,18,"Tier 1: Pre-Approved LPPSA/Bank",575515
"LEAD-16094","Syed Rosli #6094","+60180006095","Mont Kiara Pavilion",7978,1286,18.5,"Tier 1: Pre-Approved LPPSA/Bank",575703
"LEAD-16097","Azman Kumar #6097","+60130006098","Subang Parksuites",8089,1343,19.1,"Tier 1: Pre-Approved LPPSA/Bank",575892
"LEAD-16100","Muhammad Faizal #6100","+60160006101","Mont Kiara Pavilion",8200,1400,19.6,"Tier 1: Pre-Approved LPPSA/Bank",576080
"LEAD-16103","Wong Hassan #6103","+60190006104","Subang Parksuites",8311,1457,20.2,"Tier 1: Pre-Approved LPPSA/Bank",576268
"LEAD-16106","Mohd Subramaniam #6106","+60140006107","Mont Kiara Pavilion",8422,1514,20.7,"Tier 1: Pre-Approved LPPSA/Bank",576457
"LEAD-16109","Kevin Goh #6109","+60170006110","Subang Parksuites",8533,1571,21.2,"Tier 1: Pre-Approved LPPSA/Bank",576645
"LEAD-16112","Razif Hariz #6112","+60120006113","Mont Kiara Pavilion",8644,1628,21.6,"Tier 1: Pre-Approved LPPSA/Bank",576834
"LEAD-16115","Chong Wei Lun #6115","+60150006116","Subang Parksuites",8755,1685,22.1,"Tier 1: Pre-Approved LPPSA/Bank",577022
"LEAD-16118","Hafiz Ibrahim #6118","+60180006119","Mont Kiara Pavilion",8866,1742,22.6,"Tier 1: Pre-Approved LPPSA/Bank",577210
"LEAD-16121","Ahmad Chen #6121","+60130006122","Subang Parksuites",8977,1799,23,"Tier 1: Pre-Approved LPPSA/Bank",577399
"LEAD-16124","Tan Nordin #6124","+60160006125","Mont Kiara Pavilion",9088,1856,23.5,"Tier 1: Pre-Approved LPPSA/Bank",577587
"LEAD-16127","Farhan Osman #6127","+60190006128","Subang Parksuites",9199,1913,23.9,"Tier 1: Pre-Approved LPPSA/Bank",577776
"LEAD-16130","Jason Aini #6130","+60140006131","Mont Kiara Pavilion",9310,1970,24.3,"Tier 1: Pre-Approved LPPSA/Bank",577964
"LEAD-16133","Amir Razif #6133","+60170006134","Subang Parksuites",9421,2027,24.7,"Tier 1: Pre-Approved LPPSA/Bank",578152
"LEAD-16136","Devi Lee #6136","+60120006137","Mont Kiara Pavilion",9532,2084,25.1,"Tier 1: Pre-Approved LPPSA/Bank",578341
"LEAD-16139","Grace Zulkifli #6139","+60150006140","Subang Parksuites",9643,2141,25.5,"Tier 1: Pre-Approved LPPSA/Bank",578529
"LEAD-16142","Nurul Rosli #6142","+60180006143","Mont Kiara Pavilion",9754,2198,25.9,"Tier 1: Pre-Approved LPPSA/Bank",578718
"LEAD-16145","Santhi Kumar #6145","+60130006146","Subang Parksuites",9865,2255,26.3,"Tier 1: Pre-Approved LPPSA/Bank",578906
"LEAD-16148","Sarah Faizal #6148","+60160006149","Mont Kiara Pavilion",9976,2312,26.6,"Tier 1: Pre-Approved LPPSA/Bank",579094
"LEAD-16151","Siti Hassan #6151","+60190006152","Subang Parksuites",10087,2369,27,"Tier 1: Pre-Approved LPPSA/Bank",579283
"LEAD-16154","Syed Subramaniam #6154","+60140006155","Mont Kiara Pavilion",10198,2426,27.3,"Tier 1: Pre-Approved LPPSA/Bank",579471
"LEAD-16157","Azman Goh #6157","+60170006158","Subang Parksuites",10309,2483,27.7,"Tier 1: Pre-Approved LPPSA/Bank",579660
"LEAD-16160","Muhammad Hariz #6160","+60120006161","Mont Kiara Pavilion",10420,2540,28,"Tier 1: Pre-Approved LPPSA/Bank",579848
"LEAD-16163","Wong Wei Lun #6163","+60150006164","Subang Parksuites",10531,2597,28.3,"Tier 1: Pre-Approved LPPSA/Bank",580036
"LEAD-16166","Mohd Ibrahim #6166","+60180006167","Mont Kiara Pavilion",10642,2654,28.7,"Tier 1: Pre-Approved LPPSA/Bank",580225
"LEAD-16169","Kevin Chen #6169","+60130006170","Subang Parksuites",10753,2711,29,"Tier 1: Pre-Approved LPPSA/Bank",580413
"LEAD-16172","Razif Nordin #6172","+60160006173","Mont Kiara Pavilion",10864,2768,29.3,"Tier 1: Pre-Approved LPPSA/Bank",580602
"LEAD-16175","Chong Osman #6175","+60190006176","Subang Parksuites",10975,2825,29.6,"Tier 1: Pre-Approved LPPSA/Bank",580790
"LEAD-16178","Hafiz Aini #6178","+60140006179","Mont Kiara Pavilion",11086,2882,29.9,"Tier 1: Pre-Approved LPPSA/Bank",580978
"LEAD-16181","Ahmad Razif #6181","+60170006182","Subang Parksuites",11197,2939,30.2,"Tier 1: Pre-Approved LPPSA/Bank",581167
"LEAD-16184","Tan Lee #6184","+60120006185","Mont Kiara Pavilion",11308,2996,30.5,"Tier 1: Pre-Approved LPPSA/Bank",581355
"LEAD-16187","Farhan Zulkifli #6187","+60150006188","Subang Parksuites",11419,3053,30.7,"Tier 1: Pre-Approved LPPSA/Bank",581544
"LEAD-16190","Jason Rosli #6190","+60180006191","Mont Kiara Pavilion",11530,3110,31,"Tier 1: Pre-Approved LPPSA/Bank",581732
"LEAD-16193","Amir Kumar #6193","+60130006194","Subang Parksuites",11641,3167,31.3,"Tier 1: Pre-Approved LPPSA/Bank",581920
"LEAD-16196","Devi Faizal #6196","+60160006197","Mont Kiara Pavilion",11752,3224,31.5,"Tier 1: Pre-Approved LPPSA/Bank",582109
"LEAD-16199","Grace Hassan #6199","+60190006200","Subang Parksuites",11863,3281,31.8,"Tier 1: Pre-Approved LPPSA/Bank",582297
"LEAD-16202","Nurul Subramaniam #6202","+60140006203","Mont Kiara Pavilion",11974,3338,32,"Tier 1: Pre-Approved LPPSA/Bank",582486
"LEAD-16205","Santhi Goh #6205","+60170006206","Subang Parksuites",3585,3395,108.9,"Tier 4: High Risk DSR",0
"LEAD-16208","Sarah Hariz #6208","+60120006209","Mont Kiara Pavilion",3696,3452,107.4,"Tier 4: High Risk DSR",0
"LEAD-16211","Siti Wei Lun #6211","+60150006212","Subang Parksuites",3807,3509,105.9,"Tier 4: High Risk DSR",0
"LEAD-16214","Syed Ibrahim #6214","+60180006215","Mont Kiara Pavilion",3918,3566,104.6,"Tier 4: High Risk DSR",0
"LEAD-16217","Azman Chen #6217","+60130006218","Subang Parksuites",4029,3623,103.4,"Tier 4: High Risk DSR",0
"LEAD-16220","Muhammad Nordin #6220","+60160006221","Mont Kiara Pavilion",4140,3680,102.2,"Tier 4: High Risk DSR",0
"LEAD-16223","Wong Osman #6223","+60190006224","Subang Parksuites",4251,3737,101,"Tier 4: High Risk DSR",0
"LEAD-16226","Mohd Aini #6226","+60140006227","Mont Kiara Pavilion",4362,3794,100,"Tier 4: High Risk DSR",0
"LEAD-16229","Kevin Razif #6229","+60170006230","Subang Parksuites",4473,3851,99,"Tier 4: High Risk DSR",0
"LEAD-16232","Razif Lee #6232","+60120006233","Mont Kiara Pavilion",4584,3908,98,"Tier 4: High Risk DSR",0
"LEAD-16235","Chong Zulkifli #6235","+60150006236","Subang Parksuites",4695,3965,97.1,"Tier 4: High Risk DSR",0
"LEAD-16238","Hafiz Rosli #6238","+60180006239","Mont Kiara Pavilion",4806,4022,96.2,"Tier 4: High Risk DSR",0
"LEAD-16241","Ahmad Kumar #6241","+60130006242","Subang Parksuites",4917,4079,95.4,"Tier 4: High Risk DSR",0
"LEAD-16244","Tan Faizal #6244","+60160006245","Mont Kiara Pavilion",5028,4136,94.6,"Tier 4: High Risk DSR",0
"LEAD-16247","Farhan Hassan #6247","+60190006248","Subang Parksuites",5139,4193,93.8,"Tier 4: High Risk DSR",0
"LEAD-16250","Jason Subramaniam #6250","+60140006251","Mont Kiara Pavilion",5250,4250,93,"Tier 4: High Risk DSR",0
"LEAD-16253","Amir Goh #6253","+60170006254","Subang Parksuites",5361,4307,92.3,"Tier 4: High Risk DSR",0
"LEAD-16256","Devi Hariz #6256","+60120006257","Mont Kiara Pavilion",5472,4364,91.7,"Tier 4: High Risk DSR",0
"LEAD-16259","Grace Wei Lun #6259","+60150006260","Subang Parksuites",5583,4421,91,"Tier 4: High Risk DSR",0
"LEAD-16262","Nurul Ibrahim #6262","+60180006263","Mont Kiara Pavilion",5694,4478,90.4,"Tier 4: High Risk DSR",0
"LEAD-16265","Santhi Chen #6265","+60130006266","Subang Parksuites",5805,1035,20.5,"Tier 2: Qualified Bank Loan",399042
"LEAD-16268","Sarah Nordin #6268","+60160006269","Mont Kiara Pavilion",5916,1092,21.2,"Tier 2: Qualified Bank Loan",399230
"LEAD-16271","Siti Osman #6271","+60190006272","Subang Parksuites",6027,1149,21.9,"Tier 2: Qualified Bank Loan",399419
"LEAD-16274","Syed Aini #6274","+60140006275","Mont Kiara Pavilion",6138,1206,22.6,"Tier 2: Qualified Bank Loan",399607
"LEAD-16277","Azman Razif #6277","+60170006278","Subang Parksuites",6249,1263,23.2,"Tier 2: Qualified Bank Loan",399796
"LEAD-16280","Muhammad Lee #6280","+60120006281","Mont Kiara Pavilion",6360,1320,23.9,"Tier 2: Qualified Bank Loan",399984
"LEAD-16283","Wong Zulkifli #6283","+60150006284","Subang Parksuites",6471,1377,24.5,"Tier 2: Qualified Bank Loan",400172
"LEAD-16286","Mohd Rosli #6286","+60180006287","Mont Kiara Pavilion",6582,1434,25,"Tier 1: Pre-Approved LPPSA/Bank",400361
"LEAD-16289","Kevin Kumar #6289","+60130006290","Subang Parksuites",6693,1491,25.6,"Tier 1: Pre-Approved LPPSA/Bank",400549
"LEAD-16292","Razif Faizal #6292","+60160006293","Mont Kiara Pavilion",6804,1548,26.2,"Tier 1: Pre-Approved LPPSA/Bank",400738
"LEAD-16295","Chong Hassan #6295","+60190006296","Subang Parksuites",6915,1605,26.7,"Tier 1: Pre-Approved LPPSA/Bank",400926
"LEAD-16298","Hafiz Subramaniam #6298","+60140006299","Mont Kiara Pavilion",7026,1662,27.2,"Tier 1: Pre-Approved LPPSA/Bank",401114
"LEAD-16301","Ahmad Goh #6301","+60170006302","Subang Parksuites",7137,1719,27.7,"Tier 1: Pre-Approved LPPSA/Bank",401303
"LEAD-16304","Tan Hariz #6304","+60120006305","Mont Kiara Pavilion",7248,1776,28.2,"Tier 1: Pre-Approved LPPSA/Bank",401491
"LEAD-16307","Farhan Wei Lun #6307","+60150006308","Subang Parksuites",7359,1833,28.6,"Tier 1: Pre-Approved LPPSA/Bank",401680
"LEAD-16310","Jason Ibrahim #6310","+60180006311","Mont Kiara Pavilion",7470,1890,29.1,"Tier 1: Pre-Approved LPPSA/Bank",401868
"LEAD-16313","Amir Chen #6313","+60130006314","Subang Parksuites",7581,1947,29.5,"Tier 1: Pre-Approved LPPSA/Bank",402056
"LEAD-16316","Devi Nordin #6316","+60160006317","Mont Kiara Pavilion",7692,2004,29.9,"Tier 1: Pre-Approved LPPSA/Bank",402245
"LEAD-16319","Grace Osman #6319","+60190006320","Subang Parksuites",7803,2061,30.4,"Tier 1: Pre-Approved LPPSA/Bank",402433
"LEAD-16322","Nurul Aini #6322","+60140006323","Mont Kiara Pavilion",7914,2118,30.8,"Tier 1: Pre-Approved LPPSA/Bank",402622
"LEAD-16325","Santhi Razif #6325","+60170006326","Subang Parksuites",8025,2175,31.2,"Tier 1: Pre-Approved LPPSA/Bank",402810
"LEAD-16328","Sarah Lee #6328","+60120006329","Mont Kiara Pavilion",8136,2232,31.5,"Tier 1: Pre-Approved LPPSA/Bank",402998
"LEAD-16331","Siti Zulkifli #6331","+60150006332","Subang Parksuites",8247,2289,31.9,"Tier 1: Pre-Approved LPPSA/Bank",403187
"LEAD-16334","Syed Rosli #6334","+60180006335","Mont Kiara Pavilion",8358,2346,32.3,"Tier 1: Pre-Approved LPPSA/Bank",403375
"LEAD-16337","Azman Kumar #6337","+60130006338","Subang Parksuites",8469,2403,32.6,"Tier 1: Pre-Approved LPPSA/Bank",403564
"LEAD-16340","Muhammad Faizal #6340","+60160006341","Mont Kiara Pavilion",8580,2460,33,"Tier 1: Pre-Approved LPPSA/Bank",403752
"LEAD-16343","Wong Hassan #6343","+60190006344","Subang Parksuites",8691,2517,33.3,"Tier 1: Pre-Approved LPPSA/Bank",403940
"LEAD-16346","Mohd Subramaniam #6346","+60140006347","Mont Kiara Pavilion",8802,2574,33.6,"Tier 1: Pre-Approved LPPSA/Bank",404129
"LEAD-16349","Kevin Goh #6349","+60170006350","Subang Parksuites",8913,2631,33.9,"Tier 1: Pre-Approved LPPSA/Bank",404317
"LEAD-16352","Razif Hariz #6352","+60120006353","Mont Kiara Pavilion",9024,2688,34.2,"Tier 1: Pre-Approved LPPSA/Bank",404506
"LEAD-16355","Chong Wei Lun #6355","+60150006356","Subang Parksuites",9135,2745,34.5,"Tier 1: Pre-Approved LPPSA/Bank",404694
"LEAD-16358","Hafiz Ibrahim #6358","+60180006359","Mont Kiara Pavilion",9246,2802,34.8,"Tier 1: Pre-Approved LPPSA/Bank",404882
"LEAD-16361","Ahmad Chen #6361","+60130006362","Subang Parksuites",9357,2859,35.1,"Tier 1: Pre-Approved LPPSA/Bank",405071
"LEAD-16364","Tan Nordin #6364","+60160006365","Mont Kiara Pavilion",9468,2916,35.4,"Tier 1: Pre-Approved LPPSA/Bank",405259
"LEAD-16367","Farhan Osman #6367","+60190006368","Subang Parksuites",9579,2973,35.7,"Tier 1: Pre-Approved LPPSA/Bank",405448
"LEAD-16370","Jason Aini #6370","+60140006371","Mont Kiara Pavilion",9690,3030,35.9,"Tier 1: Pre-Approved LPPSA/Bank",405636
"LEAD-16373","Amir Razif #6373","+60170006374","Subang Parksuites",9801,3087,36.2,"Tier 1: Pre-Approved LPPSA/Bank",405824
"LEAD-16376","Devi Lee #6376","+60120006377","Mont Kiara Pavilion",9912,3144,36.5,"Tier 1: Pre-Approved LPPSA/Bank",406013
"LEAD-16379","Grace Zulkifli #6379","+60150006380","Subang Parksuites",10023,3201,36.7,"Tier 1: Pre-Approved LPPSA/Bank",406201
"LEAD-16382","Nurul Rosli #6382","+60180006383","Mont Kiara Pavilion",10134,3258,37,"Tier 1: Pre-Approved LPPSA/Bank",406390
"LEAD-16385","Santhi Kumar #6385","+60130006386","Subang Parksuites",10245,3315,37.2,"Tier 1: Pre-Approved LPPSA/Bank",406578
"LEAD-16388","Sarah Faizal #6388","+60160006389","Mont Kiara Pavilion",10356,3372,37.4,"Tier 1: Pre-Approved LPPSA/Bank",406766
"LEAD-16391","Siti Hassan #6391","+60190006392","Subang Parksuites",10467,3429,37.7,"Tier 1: Pre-Approved LPPSA/Bank",406955
"LEAD-16394","Syed Subramaniam #6394","+60140006395","Mont Kiara Pavilion",10578,3486,37.9,"Tier 1: Pre-Approved LPPSA/Bank",407143
"LEAD-16397","Azman Goh #6397","+60170006398","Subang Parksuites",10689,3543,38.1,"Tier 1: Pre-Approved LPPSA/Bank",407332
"LEAD-16400","Muhammad Hariz #6400","+60120006401","Mont Kiara Pavilion",10800,3600,38.3,"Tier 1: Pre-Approved LPPSA/Bank",407520
"LEAD-16403","Wong Wei Lun #6403","+60150006404","Subang Parksuites",10911,3657,38.5,"Tier 1: Pre-Approved LPPSA/Bank",407708
"LEAD-16406","Mohd Ibrahim #6406","+60180006407","Mont Kiara Pavilion",11022,3714,38.7,"Tier 1: Pre-Approved LPPSA/Bank",407897
"LEAD-16409","Kevin Chen #6409","+60130006410","Subang Parksuites",11133,3771,38.9,"Tier 1: Pre-Approved LPPSA/Bank",408085
"LEAD-16412","Razif Nordin #6412","+60160006413","Mont Kiara Pavilion",11244,3828,39.1,"Tier 1: Pre-Approved LPPSA/Bank",408274
"LEAD-16415","Chong Osman #6415","+60190006416","Subang Parksuites",11355,3885,39.3,"Tier 1: Pre-Approved LPPSA/Bank",408462
"LEAD-16418","Hafiz Aini #6418","+60140006419","Mont Kiara Pavilion",11466,3942,39.5,"Tier 1: Pre-Approved LPPSA/Bank",408650
"LEAD-16421","Ahmad Razif #6421","+60170006422","Subang Parksuites",11577,3999,39.7,"Tier 1: Pre-Approved LPPSA/Bank",408839
"LEAD-16424","Tan Lee #6424","+60120006425","Mont Kiara Pavilion",11688,4056,39.9,"Tier 1: Pre-Approved LPPSA/Bank",409027
"LEAD-16427","Farhan Zulkifli #6427","+60150006428","Subang Parksuites",11799,4113,40.1,"Tier 1: Pre-Approved LPPSA/Bank",409216
"LEAD-16430","Jason Rosli #6430","+60180006431","Mont Kiara Pavilion",11910,4170,40.2,"Tier 1: Pre-Approved LPPSA/Bank",409404
"LEAD-16433","Amir Kumar #6433","+60130006434","Subang Parksuites",3521,4227,138,"Tier 4: High Risk DSR",0
"LEAD-16436","Devi Faizal #6436","+60160006437","Mont Kiara Pavilion",3632,4284,135.6,"Tier 4: High Risk DSR",0
"LEAD-16439","Grace Hassan #6439","+60190006440","Subang Parksuites",3743,4341,133.3,"Tier 4: High Risk DSR",0
"LEAD-16442","Nurul Subramaniam #6442","+60140006443","Mont Kiara Pavilion",3854,4398,131.2,"Tier 4: High Risk DSR",0
"LEAD-16445","Santhi Goh #6445","+60170006446","Subang Parksuites",3965,4455,129.1,"Tier 4: High Risk DSR",0
"LEAD-16448","Sarah Hariz #6448","+60120006449","Mont Kiara Pavilion",4076,1012,28.5,"Tier 3: Joint Loan Needed",223134
"LEAD-16451","Siti Wei Lun #6451","+60150006452","Subang Parksuites",4187,1069,29.3,"Tier 3: Joint Loan Needed",223323
"LEAD-16454","Syed Ibrahim #6454","+60180006455","Mont Kiara Pavilion",4298,1126,30.1,"Tier 3: Joint Loan Needed",223511
"LEAD-16457","Azman Chen #6457","+60130006458","Subang Parksuites",4409,1183,30.8,"Tier 3: Joint Loan Needed",223700
"LEAD-16460","Muhammad Nordin #6460","+60160006461","Mont Kiara Pavilion",4520,1240,31.5,"Tier 2: Qualified Bank Loan",223888
"LEAD-16463","Wong Osman #6463","+60190006464","Subang Parksuites",4631,1297,32.2,"Tier 2: Qualified Bank Loan",224076
"LEAD-16466","Mohd Aini #6466","+60140006467","Mont Kiara Pavilion",4742,1354,32.8,"Tier 2: Qualified Bank Loan",224265
"LEAD-16469","Kevin Razif #6469","+60170006470","Subang Parksuites",4853,1411,33.4,"Tier 2: Qualified Bank Loan",224453
"LEAD-16472","Razif Lee #6472","+60120006473","Mont Kiara Pavilion",4964,1468,34,"Tier 2: Qualified Bank Loan",224642
"LEAD-16475","Chong Zulkifli #6475","+60150006476","Subang Parksuites",5075,1525,34.5,"Tier 2: Qualified Bank Loan",224830
"LEAD-16478","Hafiz Rosli #6478","+60180006479","Mont Kiara Pavilion",5186,1582,35.1,"Tier 2: Qualified Bank Loan",225018
"LEAD-16481","Ahmad Kumar #6481","+60130006482","Subang Parksuites",5297,1639,35.6,"Tier 2: Qualified Bank Loan",225207
"LEAD-16484","Tan Faizal #6484","+60160006485","Mont Kiara Pavilion",5408,1696,36,"Tier 2: Qualified Bank Loan",225395
"LEAD-16487","Farhan Hassan #6487","+60190006488","Subang Parksuites",5519,1753,36.5,"Tier 2: Qualified Bank Loan",225584
"LEAD-16490","Jason Subramaniam #6490","+60140006491","Mont Kiara Pavilion",5630,1810,37,"Tier 2: Qualified Bank Loan",225772
"LEAD-16493","Amir Goh #6493","+60170006494","Subang Parksuites",5741,1867,37.4,"Tier 2: Qualified Bank Loan",225960
"LEAD-16496","Devi Hariz #6496","+60120006497","Mont Kiara Pavilion",5852,1924,37.8,"Tier 2: Qualified Bank Loan",226149
"LEAD-16499","Grace Wei Lun #6499","+60150006500","Subang Parksuites",5963,1981,38.2,"Tier 2: Qualified Bank Loan",226337
"LEAD-16502","Nurul Ibrahim #6502","+60180006503","Mont Kiara Pavilion",6074,2038,38.6,"Tier 2: Qualified Bank Loan",226526
"LEAD-16505","Santhi Chen #6505","+60130006506","Subang Parksuites",6185,2095,38.9,"Tier 2: Qualified Bank Loan",226714
"LEAD-16508","Sarah Nordin #6508","+60160006509","Mont Kiara Pavilion",6296,2152,39.3,"Tier 2: Qualified Bank Loan",226902
"LEAD-16511","Siti Osman #6511","+60190006512","Subang Parksuites",6407,2209,39.6,"Tier 2: Qualified Bank Loan",227091
"LEAD-16514","Syed Aini #6514","+60140006515","Mont Kiara Pavilion",6518,2266,40,"Tier 1: Pre-Approved LPPSA/Bank",227279
"LEAD-16517","Azman Razif #6517","+60170006518","Subang Parksuites",6629,2323,40.3,"Tier 1: Pre-Approved LPPSA/Bank",227468
"LEAD-16520","Muhammad Lee #6520","+60120006521","Mont Kiara Pavilion",6740,2380,40.6,"Tier 1: Pre-Approved LPPSA/Bank",227656
"LEAD-16523","Wong Zulkifli #6523","+60150006524","Subang Parksuites",6851,2437,40.9,"Tier 1: Pre-Approved LPPSA/Bank",227844
"LEAD-16526","Mohd Rosli #6526","+60180006527","Mont Kiara Pavilion",6962,2494,41.2,"Tier 1: Pre-Approved LPPSA/Bank",228033
"LEAD-16529","Kevin Kumar #6529","+60130006530","Subang Parksuites",7073,2551,41.5,"Tier 1: Pre-Approved LPPSA/Bank",228221
"LEAD-16532","Razif Faizal #6532","+60160006533","Mont Kiara Pavilion",7184,2608,41.7,"Tier 1: Pre-Approved LPPSA/Bank",228410
"LEAD-16535","Chong Hassan #6535","+60190006536","Subang Parksuites",7295,2665,42,"Tier 1: Pre-Approved LPPSA/Bank",228598
"LEAD-16538","Hafiz Subramaniam #6538","+60140006539","Mont Kiara Pavilion",7406,2722,42.2,"Tier 1: Pre-Approved LPPSA/Bank",228786
"LEAD-16541","Ahmad Goh #6541","+60170006542","Subang Parksuites",7517,2779,42.5,"Tier 1: Pre-Approved LPPSA/Bank",228975
"LEAD-16544","Tan Hariz #6544","+60120006545","Mont Kiara Pavilion",7628,2836,42.7,"Tier 1: Pre-Approved LPPSA/Bank",229163
"LEAD-16547","Farhan Wei Lun #6547","+60150006548","Subang Parksuites",7739,2893,43,"Tier 1: Pre-Approved LPPSA/Bank",229352
"LEAD-16550","Jason Ibrahim #6550","+60180006551","Mont Kiara Pavilion",7850,2950,43.2,"Tier 1: Pre-Approved LPPSA/Bank",229540
"LEAD-16553","Amir Chen #6553","+60130006554","Subang Parksuites",7961,3007,43.4,"Tier 1: Pre-Approved LPPSA/Bank",229728
"LEAD-16556","Devi Nordin #6556","+60160006557","Mont Kiara Pavilion",8072,3064,43.6,"Tier 1: Pre-Approved LPPSA/Bank",229917
"LEAD-16559","Grace Osman #6559","+60190006560","Subang Parksuites",8183,3121,43.8,"Tier 1: Pre-Approved LPPSA/Bank",230105
"LEAD-16562","Nurul Aini #6562","+60140006563","Mont Kiara Pavilion",8294,3178,44,"Tier 1: Pre-Approved LPPSA/Bank",230294
"LEAD-16565","Santhi Razif #6565","+60170006566","Subang Parksuites",8405,3235,44.2,"Tier 1: Pre-Approved LPPSA/Bank",230482
"LEAD-16568","Sarah Lee #6568","+60120006569","Mont Kiara Pavilion",8516,3292,44.4,"Tier 1: Pre-Approved LPPSA/Bank",230670
"LEAD-16571","Siti Zulkifli #6571","+60150006572","Subang Parksuites",8627,3349,44.6,"Tier 1: Pre-Approved LPPSA/Bank",230859
"LEAD-16574","Syed Rosli #6574","+60180006575","Mont Kiara Pavilion",8738,3406,44.8,"Tier 1: Pre-Approved LPPSA/Bank",231047
"LEAD-16577","Azman Kumar #6577","+60130006578","Subang Parksuites",8849,3463,45,"Tier 1: Pre-Approved LPPSA/Bank",231236
"LEAD-16580","Muhammad Faizal #6580","+60160006581","Mont Kiara Pavilion",8960,3520,45.2,"Tier 2: Qualified Bank Loan",231424
"LEAD-16583","Wong Hassan #6583","+60190006584","Subang Parksuites",9071,3577,45.3,"Tier 2: Qualified Bank Loan",231612
"LEAD-16586","Mohd Subramaniam #6586","+60140006587","Mont Kiara Pavilion",9182,3634,45.5,"Tier 2: Qualified Bank Loan",231801
"LEAD-16589","Kevin Goh #6589","+60170006590","Subang Parksuites",9293,3691,45.7,"Tier 2: Qualified Bank Loan",231989
"LEAD-16592","Razif Hariz #6592","+60120006593","Mont Kiara Pavilion",9404,3748,45.8,"Tier 2: Qualified Bank Loan",232178
"LEAD-16595","Chong Wei Lun #6595","+60150006596","Subang Parksuites",9515,3805,46,"Tier 2: Qualified Bank Loan",232366
"LEAD-16598","Hafiz Ibrahim #6598","+60180006599","Mont Kiara Pavilion",9626,3862,46.1,"Tier 2: Qualified Bank Loan",232554
"LEAD-16601","Ahmad Chen #6601","+60130006602","Subang Parksuites",9737,3919,46.3,"Tier 2: Qualified Bank Loan",232743
"LEAD-16604","Tan Nordin #6604","+60160006605","Mont Kiara Pavilion",9848,3976,46.4,"Tier 2: Qualified Bank Loan",232931
"LEAD-16607","Farhan Osman #6607","+60190006608","Subang Parksuites",9959,4033,46.5,"Tier 2: Qualified Bank Loan",233120
"LEAD-16610","Jason Aini #6610","+60140006611","Mont Kiara Pavilion",10070,4090,46.7,"Tier 2: Qualified Bank Loan",233308
"LEAD-16613","Amir Razif #6613","+60170006614","Subang Parksuites",10181,4147,46.8,"Tier 2: Qualified Bank Loan",233496
"LEAD-16616","Devi Lee #6616","+60120006617","Mont Kiara Pavilion",10292,4204,47,"Tier 2: Qualified Bank Loan",233685
"LEAD-16619","Grace Zulkifli #6619","+60150006620","Subang Parksuites",10403,4261,47.1,"Tier 2: Qualified Bank Loan",233873
"LEAD-16622","Nurul Rosli #6622","+60180006623","Mont Kiara Pavilion",10514,4318,47.2,"Tier 2: Qualified Bank Loan",234062
"LEAD-16625","Santhi Kumar #6625","+60130006626","Subang Parksuites",10625,4375,47.3,"Tier 2: Qualified Bank Loan",234250
"LEAD-16628","Sarah Faizal #6628","+60160006629","Mont Kiara Pavilion",10736,4432,47.5,"Tier 2: Qualified Bank Loan",234438
"LEAD-16631","Siti Hassan #6631","+60190006632","Subang Parksuites",10847,4489,47.6,"Tier 2: Qualified Bank Loan",234627
"LEAD-16634","Syed Subramaniam #6634","+60140006635","Mont Kiara Pavilion",10958,1046,11,"Tier 1: Pre-Approved LPPSA/Bank",934815
"LEAD-16637","Azman Goh #6637","+60170006638","Subang Parksuites",11069,1103,11.5,"Tier 1: Pre-Approved LPPSA/Bank",935004
"LEAD-16640","Muhammad Hariz #6640","+60120006641","Mont Kiara Pavilion",11180,1160,11.9,"Tier 1: Pre-Approved LPPSA/Bank",935192
"LEAD-16643","Wong Wei Lun #6643","+60150006644","Subang Parksuites",11291,1217,12.4,"Tier 1: Pre-Approved LPPSA/Bank",935380
"LEAD-16646","Mohd Ibrahim #6646","+60180006647","Mont Kiara Pavilion",11402,1274,12.8,"Tier 1: Pre-Approved LPPSA/Bank",935569
"LEAD-16649","Kevin Chen #6649","+60130006650","Subang Parksuites",11513,1331,13.3,"Tier 1: Pre-Approved LPPSA/Bank",935757
"LEAD-16652","Razif Nordin #6652","+60160006653","Mont Kiara Pavilion",11624,1388,13.7,"Tier 1: Pre-Approved LPPSA/Bank",935946
"LEAD-16655","Chong Osman #6655","+60190006656","Subang Parksuites",11735,1445,14.2,"Tier 1: Pre-Approved LPPSA/Bank",936134
"LEAD-16658","Hafiz Aini #6658","+60140006659","Mont Kiara Pavilion",11846,1502,14.6,"Tier 1: Pre-Approved LPPSA/Bank",936322
"LEAD-16661","Ahmad Razif #6661","+60170006662","Subang Parksuites",11957,1559,15,"Tier 1: Pre-Approved LPPSA/Bank",936511
"LEAD-16664","Tan Lee #6664","+60120006665","Mont Kiara Pavilion",3568,1616,52.1,"Tier 3: Joint Loan Needed",49299
"LEAD-16667","Farhan Zulkifli #6667","+60150006668","Subang Parksuites",3679,1673,52.3,"Tier 3: Joint Loan Needed",49488
"LEAD-16670","Jason Rosli #6670","+60180006671","Mont Kiara Pavilion",3790,1730,52.5,"Tier 3: Joint Loan Needed",49676
"LEAD-16673","Amir Kumar #6673","+60130006674","Subang Parksuites",3901,1787,52.7,"Tier 3: Joint Loan Needed",49864
"LEAD-16676","Devi Faizal #6676","+60160006677","Mont Kiara Pavilion",4012,1844,52.8,"Tier 3: Joint Loan Needed",50053
"LEAD-16679","Grace Hassan #6679","+60190006680","Subang Parksuites",4123,1901,53,"Tier 3: Joint Loan Needed",50241
"LEAD-16682","Nurul Subramaniam #6682","+60140006683","Mont Kiara Pavilion",4234,1958,53.2,"Tier 3: Joint Loan Needed",50430
"LEAD-16685","Santhi Goh #6685","+60170006686","Subang Parksuites",4345,2015,53.3,"Tier 3: Joint Loan Needed",50618
"LEAD-16688","Sarah Hariz #6688","+60120006689","Mont Kiara Pavilion",4456,2072,53.4,"Tier 3: Joint Loan Needed",50806
"LEAD-16691","Siti Wei Lun #6691","+60150006692","Subang Parksuites",4567,2129,53.6,"Tier 2: Qualified Bank Loan",50995
"LEAD-16694","Syed Ibrahim #6694","+60180006695","Mont Kiara Pavilion",4678,2186,53.7,"Tier 2: Qualified Bank Loan",51183
"LEAD-16697","Azman Chen #6697","+60130006698","Subang Parksuites",4789,2243,53.8,"Tier 2: Qualified Bank Loan",51372
"LEAD-16700","Muhammad Nordin #6700","+60160006701","Mont Kiara Pavilion",4900,2300,54,"Tier 2: Qualified Bank Loan",51560
"LEAD-16703","Wong Osman #6703","+60190006704","Subang Parksuites",5011,2357,54.1,"Tier 2: Qualified Bank Loan",51748
"LEAD-16706","Mohd Aini #6706","+60140006707","Mont Kiara Pavilion",5122,2414,54.2,"Tier 2: Qualified Bank Loan",51937
"LEAD-16709","Kevin Razif #6709","+60170006710","Subang Parksuites",5233,2471,54.3,"Tier 2: Qualified Bank Loan",52125
"LEAD-16712","Razif Lee #6712","+60120006713","Mont Kiara Pavilion",5344,2528,54.4,"Tier 2: Qualified Bank Loan",52314
"LEAD-16715","Chong Zulkifli #6715","+60150006716","Subang Parksuites",5455,2585,54.5,"Tier 2: Qualified Bank Loan",52502
"LEAD-16718","Hafiz Rosli #6718","+60180006719","Mont Kiara Pavilion",5566,2642,54.6,"Tier 2: Qualified Bank Loan",52690
"LEAD-16721","Ahmad Kumar #6721","+60130006722","Subang Parksuites",5677,2699,54.6,"Tier 2: Qualified Bank Loan",52879
"LEAD-16724","Tan Faizal #6724","+60160006725","Mont Kiara Pavilion",5788,2756,54.7,"Tier 2: Qualified Bank Loan",53067
"LEAD-16727","Farhan Hassan #6727","+60190006728","Subang Parksuites",5899,2813,54.8,"Tier 2: Qualified Bank Loan",53256
"LEAD-16730","Jason Subramaniam #6730","+60140006731","Mont Kiara Pavilion",6010,2870,54.9,"Tier 2: Qualified Bank Loan",53444
"LEAD-16733","Amir Goh #6733","+60170006734","Subang Parksuites",6121,2927,55,"Tier 2: Qualified Bank Loan",53632
"LEAD-16736","Devi Hariz #6736","+60120006737","Mont Kiara Pavilion",6232,2984,55,"Tier 2: Qualified Bank Loan",53821
"LEAD-16739","Grace Wei Lun #6739","+60150006740","Subang Parksuites",6343,3041,55.1,"Tier 2: Qualified Bank Loan",54009
"LEAD-16742","Nurul Ibrahim #6742","+60180006743","Mont Kiara Pavilion",6454,3098,55.2,"Tier 2: Qualified Bank Loan",54198
"LEAD-16745","Santhi Chen #6745","+60130006746","Subang Parksuites",6565,3155,55.2,"Tier 2: Qualified Bank Loan",54386
"LEAD-16748","Sarah Nordin #6748","+60160006749","Mont Kiara Pavilion",6676,3212,55.3,"Tier 2: Qualified Bank Loan",54574
"LEAD-16751","Siti Osman #6751","+60190006752","Subang Parksuites",6787,3269,55.4,"Tier 2: Qualified Bank Loan",54763
"LEAD-16754","Syed Aini #6754","+60140006755","Mont Kiara Pavilion",6898,3326,55.4,"Tier 2: Qualified Bank Loan",54951
"LEAD-16757","Azman Razif #6757","+60170006758","Subang Parksuites",7009,3383,55.5,"Tier 2: Qualified Bank Loan",55140
"LEAD-16760","Muhammad Lee #6760","+60120006761","Mont Kiara Pavilion",7120,3440,55.5,"Tier 2: Qualified Bank Loan",55328
"LEAD-16763","Wong Zulkifli #6763","+60150006764","Subang Parksuites",7231,3497,55.6,"Tier 2: Qualified Bank Loan",55516
"LEAD-16766","Mohd Rosli #6766","+60180006767","Mont Kiara Pavilion",7342,3554,55.6,"Tier 2: Qualified Bank Loan",55705
"LEAD-16769","Kevin Kumar #6769","+60130006770","Subang Parksuites",7453,3611,55.7,"Tier 2: Qualified Bank Loan",55893
"LEAD-16772","Razif Faizal #6772","+60160006773","Mont Kiara Pavilion",7564,3668,55.7,"Tier 2: Qualified Bank Loan",56082
"LEAD-16775","Chong Hassan #6775","+60190006776","Subang Parksuites",7675,3725,55.8,"Tier 2: Qualified Bank Loan",56270
"LEAD-16778","Hafiz Subramaniam #6778","+60140006779","Mont Kiara Pavilion",7786,3782,55.8,"Tier 2: Qualified Bank Loan",56458
"LEAD-16781","Ahmad Goh #6781","+60170006782","Subang Parksuites",7897,3839,55.9,"Tier 2: Qualified Bank Loan",56647
"LEAD-16784","Tan Hariz #6784","+60120006785","Mont Kiara Pavilion",8008,3896,55.9,"Tier 2: Qualified Bank Loan",56835
"LEAD-16787","Farhan Wei Lun #6787","+60150006788","Subang Parksuites",8119,3953,56,"Tier 2: Qualified Bank Loan",57024
"LEAD-16790","Jason Ibrahim #6790","+60180006791","Mont Kiara Pavilion",8230,4010,56,"Tier 2: Qualified Bank Loan",57212
"LEAD-16793","Amir Chen #6793","+60130006794","Subang Parksuites",8341,4067,56,"Tier 2: Qualified Bank Loan",57400
"LEAD-16796","Devi Nordin #6796","+60160006797","Mont Kiara Pavilion",8452,4124,56.1,"Tier 2: Qualified Bank Loan",57589
"LEAD-16799","Grace Osman #6799","+60190006800","Subang Parksuites",8563,4181,56.1,"Tier 2: Qualified Bank Loan",57777
"LEAD-16802","Nurul Aini #6802","+60140006803","Mont Kiara Pavilion",8674,4238,56.2,"Tier 2: Qualified Bank Loan",57966
"LEAD-16805","Santhi Razif #6805","+60170006806","Subang Parksuites",8785,4295,56.2,"Tier 2: Qualified Bank Loan",58154
"LEAD-16808","Sarah Lee #6808","+60120006809","Mont Kiara Pavilion",8896,4352,56.2,"Tier 2: Qualified Bank Loan",58342
"LEAD-16811","Siti Zulkifli #6811","+60150006812","Subang Parksuites",9007,4409,56.3,"Tier 2: Qualified Bank Loan",58531
"LEAD-16814","Syed Rosli #6814","+60180006815","Mont Kiara Pavilion",9118,4466,56.3,"Tier 2: Qualified Bank Loan",58719
"LEAD-16817","Azman Kumar #6817","+60130006818","Subang Parksuites",9229,1023,12.7,"Tier 1: Pre-Approved LPPSA/Bank",758908
"LEAD-16820","Muhammad Faizal #6820","+60160006821","Mont Kiara Pavilion",9340,1080,13.3,"Tier 1: Pre-Approved LPPSA/Bank",759096
"LEAD-16823","Wong Hassan #6823","+60190006824","Subang Parksuites",9451,1137,13.8,"Tier 1: Pre-Approved LPPSA/Bank",759284
"LEAD-16826","Mohd Subramaniam #6826","+60140006827","Mont Kiara Pavilion",9562,1194,14.4,"Tier 1: Pre-Approved LPPSA/Bank",759473
"LEAD-16829","Kevin Goh #6829","+60170006830","Subang Parksuites",9673,1251,14.9,"Tier 1: Pre-Approved LPPSA/Bank",759661
"LEAD-16832","Razif Hariz #6832","+60120006833","Mont Kiara Pavilion",9784,1308,15.4,"Tier 1: Pre-Approved LPPSA/Bank",759850
"LEAD-16835","Chong Wei Lun #6835","+60150006836","Subang Parksuites",9895,1365,15.9,"Tier 1: Pre-Approved LPPSA/Bank",760038
"LEAD-16838","Hafiz Ibrahim #6838","+60180006839","Mont Kiara Pavilion",10006,1422,16.3,"Tier 1: Pre-Approved LPPSA/Bank",760226
"LEAD-16841","Ahmad Chen #6841","+60130006842","Subang Parksuites",10117,1479,16.8,"Tier 1: Pre-Approved LPPSA/Bank",760415
"LEAD-16844","Tan Nordin #6844","+60160006845","Mont Kiara Pavilion",10228,1536,17.3,"Tier 1: Pre-Approved LPPSA/Bank",760603
"LEAD-16847","Farhan Osman #6847","+60190006848","Subang Parksuites",10339,1593,17.7,"Tier 1: Pre-Approved LPPSA/Bank",760792
"LEAD-16850","Jason Aini #6850","+60140006851","Mont Kiara Pavilion",10450,1650,18.1,"Tier 1: Pre-Approved LPPSA/Bank",760980
"LEAD-16853","Amir Razif #6853","+60170006854","Subang Parksuites",10561,1707,18.6,"Tier 1: Pre-Approved LPPSA/Bank",761168
"LEAD-16856","Devi Lee #6856","+60120006857","Mont Kiara Pavilion",10672,1764,19,"Tier 1: Pre-Approved LPPSA/Bank",761357
"LEAD-16859","Grace Zulkifli #6859","+60150006860","Subang Parksuites",10783,1821,19.4,"Tier 1: Pre-Approved LPPSA/Bank",761545
"LEAD-16862","Nurul Rosli #6862","+60180006863","Mont Kiara Pavilion",10894,1878,19.8,"Tier 1: Pre-Approved LPPSA/Bank",761734
"LEAD-16865","Santhi Kumar #6865","+60130006866","Subang Parksuites",11005,1935,20.2,"Tier 1: Pre-Approved LPPSA/Bank",761922
"LEAD-16868","Sarah Faizal #6868","+60160006869","Mont Kiara Pavilion",11116,1992,20.6,"Tier 1: Pre-Approved LPPSA/Bank",762110
"LEAD-16871","Siti Hassan #6871","+60190006872","Subang Parksuites",11227,2049,21,"Tier 1: Pre-Approved LPPSA/Bank",762299
"LEAD-16874","Syed Subramaniam #6874","+60140006875","Mont Kiara Pavilion",11338,2106,21.4,"Tier 1: Pre-Approved LPPSA/Bank",762487
"LEAD-16877","Azman Goh #6877","+60170006878","Subang Parksuites",11449,2163,21.7,"Tier 1: Pre-Approved LPPSA/Bank",762676
"LEAD-16880","Muhammad Hariz #6880","+60120006881","Mont Kiara Pavilion",11560,2220,22.1,"Tier 1: Pre-Approved LPPSA/Bank",762864
"LEAD-16883","Wong Wei Lun #6883","+60150006884","Subang Parksuites",11671,2277,22.4,"Tier 1: Pre-Approved LPPSA/Bank",763052
"LEAD-16886","Mohd Ibrahim #6886","+60180006887","Mont Kiara Pavilion",11782,2334,22.8,"Tier 1: Pre-Approved LPPSA/Bank",763241
"LEAD-16889","Kevin Chen #6889","+60130006890","Subang Parksuites",11893,2391,23.1,"Tier 1: Pre-Approved LPPSA/Bank",763429
"LEAD-16892","Razif Nordin #6892","+60160006893","Mont Kiara Pavilion",3504,2448,80.3,"Tier 4: High Risk DSR",0
"LEAD-16895","Chong Osman #6895","+60190006896","Subang Parksuites",3615,2505,79.6,"Tier 4: High Risk DSR",0
"LEAD-16898","Hafiz Aini #6898","+60140006899","Mont Kiara Pavilion",3726,2562,79,"Tier 4: High Risk DSR",0
"LEAD-16901","Ahmad Razif #6901","+60170006902","Subang Parksuites",3837,2619,78.5,"Tier 4: High Risk DSR",0
"LEAD-16904","Tan Lee #6904","+60120006905","Mont Kiara Pavilion",3948,2676,77.9,"Tier 4: High Risk DSR",0
"LEAD-16907","Farhan Zulkifli #6907","+60150006908","Subang Parksuites",4059,2733,77.4,"Tier 4: High Risk DSR",0
"LEAD-16910","Jason Rosli #6910","+60180006911","Mont Kiara Pavilion",4170,2790,76.9,"Tier 4: High Risk DSR",0
"LEAD-16913","Amir Kumar #6913","+60130006914","Subang Parksuites",4281,2847,76.4,"Tier 4: High Risk DSR",0
"LEAD-16916","Devi Faizal #6916","+60160006917","Mont Kiara Pavilion",4392,2904,76,"Tier 4: High Risk DSR",0
"LEAD-16919","Grace Hassan #6919","+60190006920","Subang Parksuites",4503,2961,75.6,"Tier 4: High Risk DSR",0
"LEAD-16922","Nurul Subramaniam #6922","+60140006923","Mont Kiara Pavilion",4614,3018,75.2,"Tier 4: High Risk DSR",0
"LEAD-16925","Santhi Goh #6925","+60170006926","Subang Parksuites",4725,3075,74.8,"Tier 3: Joint Loan Needed",0
"LEAD-16928","Sarah Hariz #6928","+60120006929","Mont Kiara Pavilion",4836,3132,74.4,"Tier 3: Joint Loan Needed",0
"LEAD-16931","Siti Wei Lun #6931","+60150006932","Subang Parksuites",4947,3189,74.1,"Tier 3: Joint Loan Needed",0
"LEAD-16934","Syed Ibrahim #6934","+60180006935","Mont Kiara Pavilion",5058,3246,73.8,"Tier 3: Joint Loan Needed",0
"LEAD-16937","Azman Chen #6937","+60130006938","Subang Parksuites",5169,3303,73.4,"Tier 3: Joint Loan Needed",0
"LEAD-16940","Muhammad Nordin #6940","+60160006941","Mont Kiara Pavilion",5280,3360,73.1,"Tier 3: Joint Loan Needed",0
"LEAD-16943","Wong Osman #6943","+60190006944","Subang Parksuites",5391,3417,72.9,"Tier 3: Joint Loan Needed",0
"LEAD-16946","Mohd Aini #6946","+60140006947","Mont Kiara Pavilion",5502,3474,72.6,"Tier 3: Joint Loan Needed",0
"LEAD-16949","Kevin Razif #6949","+60170006950","Subang Parksuites",5613,3531,72.3,"Tier 3: Joint Loan Needed",0
"LEAD-16952","Razif Lee #6952","+60120006953","Mont Kiara Pavilion",5724,3588,72,"Tier 3: Joint Loan Needed",0
"LEAD-16955","Chong Zulkifli #6955","+60150006956","Subang Parksuites",5835,3645,71.8,"Tier 3: Joint Loan Needed",0
"LEAD-16958","Hafiz Rosli #6958","+60180006959","Mont Kiara Pavilion",5946,3702,71.6,"Tier 3: Joint Loan Needed",0
"LEAD-16961","Ahmad Kumar #6961","+60130006962","Subang Parksuites",6057,3759,71.3,"Tier 3: Joint Loan Needed",0
"LEAD-16964","Tan Faizal #6964","+60160006965","Mont Kiara Pavilion",6168,3816,71.1,"Tier 3: Joint Loan Needed",0
"LEAD-16967","Farhan Hassan #6967","+60190006968","Subang Parksuites",6279,3873,70.9,"Tier 3: Joint Loan Needed",0
"LEAD-16970","Jason Subramaniam #6970","+60140006971","Mont Kiara Pavilion",6390,3930,70.7,"Tier 3: Joint Loan Needed",0
"LEAD-16973","Amir Goh #6973","+60170006974","Subang Parksuites",6501,3987,70.5,"Tier 3: Joint Loan Needed",0
"LEAD-16976","Devi Hariz #6976","+60120006977","Mont Kiara Pavilion",6612,4044,70.3,"Tier 3: Joint Loan Needed",0
"LEAD-16979","Grace Wei Lun #6979","+60150006980","Subang Parksuites",6723,4101,70.1,"Tier 3: Joint Loan Needed",0
"LEAD-16982","Nurul Ibrahim #6982","+60180006983","Mont Kiara Pavilion",6834,4158,69.9,"Tier 3: Joint Loan Needed",0
"LEAD-16985","Santhi Chen #6985","+60130006986","Subang Parksuites",6945,4215,69.8,"Tier 3: Joint Loan Needed",0
"LEAD-16988","Sarah Nordin #6988","+60160006989","Mont Kiara Pavilion",7056,4272,69.6,"Tier 3: Joint Loan Needed",0
"LEAD-16991","Siti Osman #6991","+60190006992","Subang Parksuites",7167,4329,69.4,"Tier 3: Joint Loan Needed",0
"LEAD-16994","Syed Aini #6994","+60140006995","Mont Kiara Pavilion",7278,4386,69.3,"Tier 3: Joint Loan Needed",0
"LEAD-16997","Azman Razif #6997","+60170006998","Subang Parksuites",7389,4443,69.1,"Tier 3: Joint Loan Needed",0
"LEAD-17000","Muhammad Lee #7000","+60120007001","Mont Kiara Pavilion",7500,1000,15.3,"Tier 1: Pre-Approved LPPSA/Bank",583000
"LEAD-17003","Wong Zulkifli #7003","+60150007004","Subang Parksuites",7611,1057,16,"Tier 1: Pre-Approved LPPSA/Bank",583188
"LEAD-17006","Mohd Rosli #7006","+60180007007","Mont Kiara Pavilion",7722,1114,16.6,"Tier 1: Pre-Approved LPPSA/Bank",583377
"LEAD-17009","Kevin Kumar #7009","+60130007010","Subang Parksuites",7833,1171,17.2,"Tier 1: Pre-Approved LPPSA/Bank",583565
"LEAD-17012","Razif Faizal #7012","+60160007013","Mont Kiara Pavilion",7944,1228,17.8,"Tier 1: Pre-Approved LPPSA/Bank",583754
"LEAD-17015","Chong Hassan #7015","+60190007016","Subang Parksuites",8055,1285,18.3,"Tier 1: Pre-Approved LPPSA/Bank",583942
"LEAD-17018","Hafiz Subramaniam #7018","+60140007019","Mont Kiara Pavilion",8166,1342,18.9,"Tier 1: Pre-Approved LPPSA/Bank",584130
"LEAD-17021","Ahmad Goh #7021","+60170007022","Subang Parksuites",8277,1399,19.4,"Tier 1: Pre-Approved LPPSA/Bank",584319
"LEAD-17024","Tan Hariz #7024","+60120007025","Mont Kiara Pavilion",8388,1456,20,"Tier 1: Pre-Approved LPPSA/Bank",584507
"LEAD-17027","Farhan Wei Lun #7027","+60150007028","Subang Parksuites",8499,1513,20.5,"Tier 1: Pre-Approved LPPSA/Bank",584696
"LEAD-17030","Jason Ibrahim #7030","+60180007031","Mont Kiara Pavilion",8610,1570,21,"Tier 1: Pre-Approved LPPSA/Bank",584884
"LEAD-17033","Amir Chen #7033","+60130007034","Subang Parksuites",8721,1627,21.4,"Tier 1: Pre-Approved LPPSA/Bank",585072
"LEAD-17036","Devi Nordin #7036","+60160007037","Mont Kiara Pavilion",8832,1684,21.9,"Tier 1: Pre-Approved LPPSA/Bank",585261
"LEAD-17039","Grace Osman #7039","+60190007040","Subang Parksuites",8943,1741,22.4,"Tier 1: Pre-Approved LPPSA/Bank",585449
"LEAD-17042","Nurul Aini #7042","+60140007043","Mont Kiara Pavilion",9054,1798,22.8,"Tier 1: Pre-Approved LPPSA/Bank",585638
"LEAD-17045","Santhi Razif #7045","+60170007046","Subang Parksuites",9165,1855,23.3,"Tier 1: Pre-Approved LPPSA/Bank",585826
"LEAD-17048","Sarah Lee #7048","+60120007049","Mont Kiara Pavilion",9276,1912,23.7,"Tier 1: Pre-Approved LPPSA/Bank",586014
"LEAD-17051","Siti Zulkifli #7051","+60150007052","Subang Parksuites",9387,1969,24.1,"Tier 1: Pre-Approved LPPSA/Bank",586203
"LEAD-17054","Syed Rosli #7054","+60180007055","Mont Kiara Pavilion",9498,2026,24.5,"Tier 1: Pre-Approved LPPSA/Bank",586391
"LEAD-17057","Azman Kumar #7057","+60130007058","Subang Parksuites",9609,2083,24.9,"Tier 1: Pre-Approved LPPSA/Bank",586580
"LEAD-17060","Muhammad Faizal #7060","+60160007061","Mont Kiara Pavilion",9720,2140,25.3,"Tier 1: Pre-Approved LPPSA/Bank",586768
"LEAD-17063","Wong Hassan #7063","+60190007064","Subang Parksuites",9831,2197,25.7,"Tier 1: Pre-Approved LPPSA/Bank",586956
"LEAD-17066","Mohd Subramaniam #7066","+60140007067","Mont Kiara Pavilion",9942,2254,26.1,"Tier 1: Pre-Approved LPPSA/Bank",587145
"LEAD-17069","Kevin Goh #7069","+60170007070","Subang Parksuites",10053,2311,26.4,"Tier 1: Pre-Approved LPPSA/Bank",587333
"LEAD-17072","Razif Hariz #7072","+60120007073","Mont Kiara Pavilion",10164,2368,26.8,"Tier 1: Pre-Approved LPPSA/Bank",587522
"LEAD-17075","Chong Wei Lun #7075","+60150007076","Subang Parksuites",10275,2425,27.1,"Tier 1: Pre-Approved LPPSA/Bank",587710
"LEAD-17078","Hafiz Ibrahim #7078","+60180007079","Mont Kiara Pavilion",10386,2482,27.5,"Tier 1: Pre-Approved LPPSA/Bank",587898
"LEAD-17081","Ahmad Chen #7081","+60130007082","Subang Parksuites",10497,2539,27.8,"Tier 1: Pre-Approved LPPSA/Bank",588087
"LEAD-17084","Tan Nordin #7084","+60160007085","Mont Kiara Pavilion",10608,2596,28.1,"Tier 1: Pre-Approved LPPSA/Bank",588275
"LEAD-17087","Farhan Osman #7087","+60190007088","Subang Parksuites",10719,2653,28.4,"Tier 1: Pre-Approved LPPSA/Bank",588464
"LEAD-17090","Jason Aini #7090","+60140007091","Mont Kiara Pavilion",10830,2710,28.8,"Tier 1: Pre-Approved LPPSA/Bank",588652
"LEAD-17093","Amir Razif #7093","+60170007094","Subang Parksuites",10941,2767,29.1,"Tier 1: Pre-Approved LPPSA/Bank",588840
"LEAD-17096","Devi Lee #7096","+60120007097","Mont Kiara Pavilion",11052,2824,29.4,"Tier 1: Pre-Approved LPPSA/Bank",589029
"LEAD-17099","Grace Zulkifli #7099","+60150007100","Subang Parksuites",11163,2881,29.7,"Tier 1: Pre-Approved LPPSA/Bank",589217
"LEAD-17102","Nurul Rosli #7102","+60180007103","Mont Kiara Pavilion",11274,2938,30,"Tier 1: Pre-Approved LPPSA/Bank",589406
"LEAD-17105","Santhi Kumar #7105","+60130007106","Subang Parksuites",11385,2995,30.2,"Tier 1: Pre-Approved LPPSA/Bank",589594
"LEAD-17108","Sarah Faizal #7108","+60160007109","Mont Kiara Pavilion",11496,3052,30.5,"Tier 1: Pre-Approved LPPSA/Bank",589782
"LEAD-17111","Siti Hassan #7111","+60190007112","Subang Parksuites",11607,3109,30.8,"Tier 1: Pre-Approved LPPSA/Bank",589971
"LEAD-17114","Syed Subramaniam #7114","+60140007115","Mont Kiara Pavilion",11718,3166,31.1,"Tier 1: Pre-Approved LPPSA/Bank",590159
"LEAD-17117","Azman Goh #7117","+60170007118","Subang Parksuites",11829,3223,31.3,"Tier 1: Pre-Approved LPPSA/Bank",590348
"LEAD-17120","Muhammad Hariz #7120","+60120007121","Mont Kiara Pavilion",11940,3280,31.6,"Tier 1: Pre-Approved LPPSA/Bank",590536
"LEAD-17123","Wong Wei Lun #7123","+60150007124","Subang Parksuites",3551,3337,108,"Tier 4: High Risk DSR",0
"LEAD-17126","Mohd Ibrahim #7126","+60180007127","Mont Kiara Pavilion",3662,3394,106.5,"Tier 4: High Risk DSR",0
"LEAD-17129","Kevin Chen #7129","+60130007130","Subang Parksuites",3773,3451,105.1,"Tier 4: High Risk DSR",0
"LEAD-17132","Razif Nordin #7132","+60160007133","Mont Kiara Pavilion",3884,3508,103.8,"Tier 4: High Risk DSR",0
"LEAD-17135","Chong Osman #7135","+60190007136","Subang Parksuites",3995,3565,102.6,"Tier 4: High Risk DSR",0
"LEAD-17138","Hafiz Aini #7138","+60140007139","Mont Kiara Pavilion",4106,3622,101.4,"Tier 4: High Risk DSR",0
"LEAD-17141","Ahmad Razif #7141","+60170007142","Subang Parksuites",4217,3679,100.3,"Tier 4: High Risk DSR",0
"LEAD-17144","Tan Lee #7144","+60120007145","Mont Kiara Pavilion",4328,3736,99.2,"Tier 4: High Risk DSR",0
"LEAD-17147","Farhan Zulkifli #7147","+60150007148","Subang Parksuites",4439,3793,98.2,"Tier 4: High Risk DSR",0
"LEAD-17150","Jason Rosli #7150","+60180007151","Mont Kiara Pavilion",4550,3850,97.3,"Tier 4: High Risk DSR",0
"LEAD-17153","Amir Kumar #7153","+60130007154","Subang Parksuites",4661,3907,96.3,"Tier 4: High Risk DSR",0
"LEAD-17156","Devi Faizal #7156","+60160007157","Mont Kiara Pavilion",4772,3964,95.5,"Tier 4: High Risk DSR",0
"LEAD-17159","Grace Hassan #7159","+60190007160","Subang Parksuites",4883,4021,94.7,"Tier 4: High Risk DSR",0
"LEAD-17162","Nurul Subramaniam #7162","+60140007163","Mont Kiara Pavilion",4994,4078,93.9,"Tier 4: High Risk DSR",0
"LEAD-17165","Santhi Goh #7165","+60170007166","Subang Parksuites",5105,4135,93.1,"Tier 4: High Risk DSR",0
"LEAD-17168","Sarah Hariz #7168","+60120007169","Mont Kiara Pavilion",5216,4192,92.4,"Tier 4: High Risk DSR",0
"LEAD-17171","Siti Wei Lun #7171","+60150007172","Subang Parksuites",5327,4249,91.7,"Tier 4: High Risk DSR",0
"LEAD-17174","Syed Ibrahim #7174","+60180007175","Mont Kiara Pavilion",5438,4306,91,"Tier 4: High Risk DSR",0
"LEAD-17177","Azman Chen #7177","+60130007178","Subang Parksuites",5549,4363,90.4,"Tier 4: High Risk DSR",0
"LEAD-17180","Muhammad Nordin #7180","+60160007181","Mont Kiara Pavilion",5660,4420,89.8,"Tier 4: High Risk DSR",0
"LEAD-17183","Wong Osman #7183","+60190007184","Subang Parksuites",5771,4477,89.2,"Tier 4: High Risk DSR",0
"LEAD-17186","Mohd Aini #7186","+60140007187","Mont Kiara Pavilion",5882,1034,20.2,"Tier 2: Qualified Bank Loan",407281
"LEAD-17189","Kevin Razif #7189","+60170007190","Subang Parksuites",5993,1091,20.9,"Tier 2: Qualified Bank Loan",407469
"LEAD-17192","Razif Lee #7192","+60120007193","Mont Kiara Pavilion",6104,1148,21.6,"Tier 2: Qualified Bank Loan",407658
"LEAD-17195","Chong Zulkifli #7195","+60150007196","Subang Parksuites",6215,1205,22.3,"Tier 2: Qualified Bank Loan",407846
"LEAD-17198","Hafiz Rosli #7198","+60180007199","Mont Kiara Pavilion",6326,1262,22.9,"Tier 2: Qualified Bank Loan",408034
"LEAD-17201","Ahmad Kumar #7201","+60130007202","Subang Parksuites",6437,1319,23.6,"Tier 2: Qualified Bank Loan",408223
"LEAD-17204","Tan Faizal #7204","+60160007205","Mont Kiara Pavilion",6548,1376,24.2,"Tier 1: Pre-Approved LPPSA/Bank",408411
"LEAD-17207","Farhan Hassan #7207","+60190007208","Subang Parksuites",6659,1433,24.7,"Tier 1: Pre-Approved LPPSA/Bank",408600
"LEAD-17210","Jason Subramaniam #7210","+60140007211","Mont Kiara Pavilion",6770,1490,25.3,"Tier 1: Pre-Approved LPPSA/Bank",408788
"LEAD-17213","Amir Goh #7213","+60170007214","Subang Parksuites",6881,1547,25.8,"Tier 1: Pre-Approved LPPSA/Bank",408976
"LEAD-17216","Devi Hariz #7216","+60120007217","Mont Kiara Pavilion",6992,1604,26.4,"Tier 1: Pre-Approved LPPSA/Bank",409165
"LEAD-17219","Grace Wei Lun #7219","+60150007220","Subang Parksuites",7103,1661,26.9,"Tier 1: Pre-Approved LPPSA/Bank",409353
"LEAD-17222","Nurul Ibrahim #7222","+60180007223","Mont Kiara Pavilion",7214,1718,27.4,"Tier 1: Pre-Approved LPPSA/Bank",409542
"LEAD-17225","Santhi Chen #7225","+60130007226","Subang Parksuites",7325,1775,27.9,"Tier 1: Pre-Approved LPPSA/Bank",409730
"LEAD-17228","Sarah Nordin #7228","+60160007229","Mont Kiara Pavilion",7436,1832,28.3,"Tier 1: Pre-Approved LPPSA/Bank",409918
"LEAD-17231","Siti Osman #7231","+60190007232","Subang Parksuites",7547,1889,28.8,"Tier 1: Pre-Approved LPPSA/Bank",410107
"LEAD-17234","Syed Aini #7234","+60140007235","Mont Kiara Pavilion",7658,1946,29.2,"Tier 1: Pre-Approved LPPSA/Bank",410295
"LEAD-17237","Azman Razif #7237","+60170007238","Subang Parksuites",7769,2003,29.6,"Tier 1: Pre-Approved LPPSA/Bank",410484
"LEAD-17240","Muhammad Lee #7240","+60120007241","Mont Kiara Pavilion",7880,2060,30,"Tier 1: Pre-Approved LPPSA/Bank",410672
"LEAD-17243","Wong Zulkifli #7243","+60150007244","Subang Parksuites",7991,2117,30.5,"Tier 1: Pre-Approved LPPSA/Bank",410860
"LEAD-17246","Mohd Rosli #7246","+60180007247","Mont Kiara Pavilion",8102,2174,30.8,"Tier 1: Pre-Approved LPPSA/Bank",411049
"LEAD-17249","Kevin Kumar #7249","+60130007250","Subang Parksuites",8213,2231,31.2,"Tier 1: Pre-Approved LPPSA/Bank",411237
"LEAD-17252","Razif Faizal #7252","+60160007253","Mont Kiara Pavilion",8324,2288,31.6,"Tier 1: Pre-Approved LPPSA/Bank",411426
"LEAD-17255","Chong Hassan #7255","+60190007256","Subang Parksuites",8435,2345,32,"Tier 1: Pre-Approved LPPSA/Bank",411614
"LEAD-17258","Hafiz Subramaniam #7258","+60140007259","Mont Kiara Pavilion",8546,2402,32.3,"Tier 1: Pre-Approved LPPSA/Bank",411802
"LEAD-17261","Ahmad Goh #7261","+60170007262","Subang Parksuites",8657,2459,32.6,"Tier 1: Pre-Approved LPPSA/Bank",411991
"LEAD-17264","Tan Hariz #7264","+60120007265","Mont Kiara Pavilion",8768,2516,33,"Tier 1: Pre-Approved LPPSA/Bank",412179
"LEAD-17267","Farhan Wei Lun #7267","+60150007268","Subang Parksuites",8879,2573,33.3,"Tier 1: Pre-Approved LPPSA/Bank",412368
"LEAD-17270","Jason Ibrahim #7270","+60180007271","Mont Kiara Pavilion",8990,2630,33.6,"Tier 1: Pre-Approved LPPSA/Bank",412556
"LEAD-17273","Amir Chen #7273","+60130007274","Subang Parksuites",9101,2687,33.9,"Tier 1: Pre-Approved LPPSA/Bank",412744
"LEAD-17276","Devi Nordin #7276","+60160007277","Mont Kiara Pavilion",9212,2744,34.2,"Tier 1: Pre-Approved LPPSA/Bank",412933
"LEAD-17279","Grace Osman #7279","+60190007280","Subang Parksuites",9323,2801,34.5,"Tier 1: Pre-Approved LPPSA/Bank",413121
"LEAD-17282","Nurul Aini #7282","+60140007283","Mont Kiara Pavilion",9434,2858,34.8,"Tier 1: Pre-Approved LPPSA/Bank",413310
"LEAD-17285","Santhi Razif #7285","+60170007286","Subang Parksuites",9545,2915,35.1,"Tier 1: Pre-Approved LPPSA/Bank",413498
"LEAD-17288","Sarah Lee #7288","+60120007289","Mont Kiara Pavilion",9656,2972,35.4,"Tier 1: Pre-Approved LPPSA/Bank",413686
"LEAD-17291","Siti Zulkifli #7291","+60150007292","Subang Parksuites",9767,3029,35.6,"Tier 1: Pre-Approved LPPSA/Bank",413875
"LEAD-17294","Syed Rosli #7294","+60180007295","Mont Kiara Pavilion",9878,3086,35.9,"Tier 1: Pre-Approved LPPSA/Bank",414063
"LEAD-17297","Azman Kumar #7297","+60130007298","Subang Parksuites",9989,3143,36.2,"Tier 1: Pre-Approved LPPSA/Bank",414252
"LEAD-17300","Muhammad Faizal #7300","+60160007301","Mont Kiara Pavilion",10100,3200,36.4,"Tier 1: Pre-Approved LPPSA/Bank",414440
"LEAD-17303","Wong Hassan #7303","+60190007304","Subang Parksuites",10211,3257,36.7,"Tier 1: Pre-Approved LPPSA/Bank",414628
"LEAD-17306","Mohd Subramaniam #7306","+60140007307","Mont Kiara Pavilion",10322,3314,36.9,"Tier 1: Pre-Approved LPPSA/Bank",414817
"LEAD-17309","Kevin Goh #7309","+60170007310","Subang Parksuites",10433,3371,37.1,"Tier 1: Pre-Approved LPPSA/Bank",415005
"LEAD-17312","Razif Hariz #7312","+60120007313","Mont Kiara Pavilion",10544,3428,37.4,"Tier 1: Pre-Approved LPPSA/Bank",415194
"LEAD-17315","Chong Wei Lun #7315","+60150007316","Subang Parksuites",10655,3485,37.6,"Tier 1: Pre-Approved LPPSA/Bank",415382
"LEAD-17318","Hafiz Ibrahim #7318","+60180007319","Mont Kiara Pavilion",10766,3542,37.8,"Tier 1: Pre-Approved LPPSA/Bank",415570
"LEAD-17321","Ahmad Chen #7321","+60130007322","Subang Parksuites",10877,3599,38,"Tier 1: Pre-Approved LPPSA/Bank",415759
"LEAD-17324","Tan Nordin #7324","+60160007325","Mont Kiara Pavilion",10988,3656,38.2,"Tier 1: Pre-Approved LPPSA/Bank",415947
"LEAD-17327","Farhan Osman #7327","+60190007328","Subang Parksuites",11099,3713,38.5,"Tier 1: Pre-Approved LPPSA/Bank",416136
"LEAD-17330","Jason Aini #7330","+60140007331","Mont Kiara Pavilion",11210,3770,38.7,"Tier 1: Pre-Approved LPPSA/Bank",416324
"LEAD-17333","Amir Razif #7333","+60170007334","Subang Parksuites",11321,3827,38.9,"Tier 1: Pre-Approved LPPSA/Bank",416512
"LEAD-17336","Devi Lee #7336","+60120007337","Mont Kiara Pavilion",11432,3884,39.1,"Tier 1: Pre-Approved LPPSA/Bank",416701
"LEAD-17339","Grace Zulkifli #7339","+60150007340","Subang Parksuites",11543,3941,39.2,"Tier 1: Pre-Approved LPPSA/Bank",416889
"LEAD-17342","Nurul Rosli #7342","+60180007343","Mont Kiara Pavilion",11654,3998,39.4,"Tier 1: Pre-Approved LPPSA/Bank",417078
"LEAD-17345","Santhi Kumar #7345","+60130007346","Subang Parksuites",11765,4055,39.6,"Tier 1: Pre-Approved LPPSA/Bank",417266
"LEAD-17348","Sarah Faizal #7348","+60160007349","Mont Kiara Pavilion",11876,4112,39.8,"Tier 1: Pre-Approved LPPSA/Bank",417454
"LEAD-17351","Siti Hassan #7351","+60190007352","Subang Parksuites",11987,4169,40,"Tier 1: Pre-Approved LPPSA/Bank",417643
"LEAD-17354","Syed Subramaniam #7354","+60140007355","Mont Kiara Pavilion",3598,4226,135,"Tier 4: High Risk DSR",0
"LEAD-17357","Azman Goh #7357","+60170007358","Subang Parksuites",3709,4283,132.7,"Tier 4: High Risk DSR",0
"LEAD-17360","Muhammad Hariz #7360","+60120007361","Mont Kiara Pavilion",3820,4340,130.6,"Tier 4: High Risk DSR",0
"LEAD-17363","Wong Wei Lun #7363","+60150007364","Subang Parksuites",3931,4397,128.6,"Tier 4: High Risk DSR",0
"LEAD-17366","Mohd Ibrahim #7366","+60180007367","Mont Kiara Pavilion",4042,4454,126.7,"Tier 4: High Risk DSR",0
"LEAD-17369","Kevin Chen #7369","+60130007370","Subang Parksuites",4153,1011,28,"Tier 3: Joint Loan Needed",231373
"LEAD-17372","Razif Nordin #7372","+60160007373","Mont Kiara Pavilion",4264,1068,28.8,"Tier 3: Joint Loan Needed",231562
"LEAD-17375","Chong Osman #7375","+60190007376","Subang Parksuites",4375,1125,29.6,"Tier 3: Joint Loan Needed",231750
"LEAD-17378","Hafiz Aini #7378","+60140007379","Mont Kiara Pavilion",4486,1182,30.3,"Tier 3: Joint Loan Needed",231938
"LEAD-17381","Ahmad Razif #7381","+60170007382","Subang Parksuites",4597,1239,31,"Tier 2: Qualified Bank Loan",232127
"LEAD-17384","Tan Lee #7384","+60120007385","Mont Kiara Pavilion",4708,1296,31.6,"Tier 2: Qualified Bank Loan",232315
"LEAD-17387","Farhan Zulkifli #7387","+60150007388","Subang Parksuites",4819,1353,32.3,"Tier 2: Qualified Bank Loan",232504
"LEAD-17390","Jason Rosli #7390","+60180007391","Mont Kiara Pavilion",4930,1410,32.9,"Tier 2: Qualified Bank Loan",232692
"LEAD-17393","Amir Kumar #7393","+60130007394","Subang Parksuites",5041,1467,33.4,"Tier 2: Qualified Bank Loan",232880
"LEAD-17396","Devi Faizal #7396","+60160007397","Mont Kiara Pavilion",5152,1524,34,"Tier 2: Qualified Bank Loan",233069
"LEAD-17399","Grace Hassan #7399","+60190007400","Subang Parksuites",5263,1581,34.5,"Tier 2: Qualified Bank Loan",233257
"LEAD-17402","Nurul Subramaniam #7402","+60140007403","Mont Kiara Pavilion",5374,1638,35,"Tier 2: Qualified Bank Loan",233446
"LEAD-17405","Santhi Goh #7405","+60170007406","Subang Parksuites",5485,1695,35.5,"Tier 2: Qualified Bank Loan",233634
"LEAD-17408","Sarah Hariz #7408","+60120007409","Mont Kiara Pavilion",5596,1752,36,"Tier 2: Qualified Bank Loan",233822
"LEAD-17411","Siti Wei Lun #7411","+60150007412","Subang Parksuites",5707,1809,36.4,"Tier 2: Qualified Bank Loan",234011
"LEAD-17414","Syed Ibrahim #7414","+60180007415","Mont Kiara Pavilion",5818,1866,36.9,"Tier 2: Qualified Bank Loan",234199
"LEAD-17417","Azman Chen #7417","+60130007418","Subang Parksuites",5929,1923,37.3,"Tier 2: Qualified Bank Loan",234388
"LEAD-17420","Muhammad Nordin #7420","+60160007421","Mont Kiara Pavilion",6040,1980,37.7,"Tier 2: Qualified Bank Loan",234576
"LEAD-17423","Wong Osman #7423","+60190007424","Subang Parksuites",6151,2037,38.1,"Tier 2: Qualified Bank Loan",234764
"LEAD-17426","Mohd Aini #7426","+60140007427","Mont Kiara Pavilion",6262,2094,38.4,"Tier 2: Qualified Bank Loan",234953
"LEAD-17429","Kevin Razif #7429","+60170007430","Subang Parksuites",6373,2151,38.8,"Tier 2: Qualified Bank Loan",235141
"LEAD-17432","Razif Lee #7432","+60120007433","Mont Kiara Pavilion",6484,2208,39.1,"Tier 2: Qualified Bank Loan",235330
"LEAD-17435","Chong Zulkifli #7435","+60150007436","Subang Parksuites",6595,2265,39.5,"Tier 1: Pre-Approved LPPSA/Bank",235518
"LEAD-17438","Hafiz Rosli #7438","+60180007439","Mont Kiara Pavilion",6706,2322,39.8,"Tier 1: Pre-Approved LPPSA/Bank",235706
"LEAD-17441","Ahmad Kumar #7441","+60130007442","Subang Parksuites",6817,2379,40.1,"Tier 1: Pre-Approved LPPSA/Bank",235895
"LEAD-17444","Tan Faizal #7444","+60160007445","Mont Kiara Pavilion",6928,2436,40.4,"Tier 1: Pre-Approved LPPSA/Bank",236083
"LEAD-17447","Farhan Hassan #7447","+60190007448","Subang Parksuites",7039,2493,40.7,"Tier 1: Pre-Approved LPPSA/Bank",236272
"LEAD-17450","Jason Subramaniam #7450","+60140007451","Mont Kiara Pavilion",7150,2550,41,"Tier 1: Pre-Approved LPPSA/Bank",236460
"LEAD-17453","Amir Goh #7453","+60170007454","Subang Parksuites",7261,2607,41.3,"Tier 1: Pre-Approved LPPSA/Bank",236648
"LEAD-17456","Devi Hariz #7456","+60120007457","Mont Kiara Pavilion",7372,2664,41.5,"Tier 1: Pre-Approved LPPSA/Bank",236837
"LEAD-17459","Grace Wei Lun #7459","+60150007460","Subang Parksuites",7483,2721,41.8,"Tier 1: Pre-Approved LPPSA/Bank",237025
"LEAD-17462","Nurul Ibrahim #7462","+60180007463","Mont Kiara Pavilion",7594,2778,42,"Tier 1: Pre-Approved LPPSA/Bank",237214
"LEAD-17465","Santhi Chen #7465","+60130007466","Subang Parksuites",7705,2835,42.3,"Tier 1: Pre-Approved LPPSA/Bank",237402
"LEAD-17468","Sarah Nordin #7468","+60160007469","Mont Kiara Pavilion",7816,2892,42.5,"Tier 1: Pre-Approved LPPSA/Bank",237590
"LEAD-17471","Siti Osman #7471","+60190007472","Subang Parksuites",7927,2949,42.8,"Tier 1: Pre-Approved LPPSA/Bank",237779
"LEAD-17474","Syed Aini #7474","+60140007475","Mont Kiara Pavilion",8038,3006,43,"Tier 1: Pre-Approved LPPSA/Bank",237967
"LEAD-17477","Azman Razif #7477","+60170007478","Subang Parksuites",8149,3063,43.2,"Tier 1: Pre-Approved LPPSA/Bank",238156
"LEAD-17480","Muhammad Lee #7480","+60120007481","Mont Kiara Pavilion",8260,3120,43.4,"Tier 1: Pre-Approved LPPSA/Bank",238344
"LEAD-17483","Wong Zulkifli #7483","+60150007484","Subang Parksuites",8371,3177,43.6,"Tier 1: Pre-Approved LPPSA/Bank",238532
"LEAD-17486","Mohd Rosli #7486","+60180007487","Mont Kiara Pavilion",8482,3234,43.8,"Tier 1: Pre-Approved LPPSA/Bank",238721
"LEAD-17489","Kevin Kumar #7489","+60130007490","Subang Parksuites",8593,3291,44,"Tier 1: Pre-Approved LPPSA/Bank",238909
"LEAD-17492","Razif Faizal #7492","+60160007493","Mont Kiara Pavilion",8704,3348,44.2,"Tier 1: Pre-Approved LPPSA/Bank",239098
"LEAD-17495","Chong Hassan #7495","+60190007496","Subang Parksuites",8815,3405,44.4,"Tier 1: Pre-Approved LPPSA/Bank",239286
"LEAD-17498","Hafiz Subramaniam #7498","+60140007499","Mont Kiara Pavilion",8926,3462,44.6,"Tier 1: Pre-Approved LPPSA/Bank",239474
"LEAD-17501","Ahmad Goh #7501","+60170007502","Subang Parksuites",9037,3519,44.8,"Tier 1: Pre-Approved LPPSA/Bank",239663
"LEAD-17504","Tan Hariz #7504","+60120007505","Mont Kiara Pavilion",9148,3576,44.9,"Tier 1: Pre-Approved LPPSA/Bank",239851
"LEAD-17507","Farhan Wei Lun #7507","+60150007508","Subang Parksuites",9259,3633,45.1,"Tier 2: Qualified Bank Loan",240040
"LEAD-17510","Jason Ibrahim #7510","+60180007511","Mont Kiara Pavilion",9370,3690,45.3,"Tier 2: Qualified Bank Loan",240228
"LEAD-17513","Amir Chen #7513","+60130007514","Subang Parksuites",9481,3747,45.4,"Tier 2: Qualified Bank Loan",240416
"LEAD-17516","Devi Nordin #7516","+60160007517","Mont Kiara Pavilion",9592,3804,45.6,"Tier 2: Qualified Bank Loan",240605
"LEAD-17519","Grace Osman #7519","+60190007520","Subang Parksuites",9703,3861,45.7,"Tier 2: Qualified Bank Loan",240793
"LEAD-17522","Nurul Aini #7522","+60140007523","Mont Kiara Pavilion",9814,3918,45.9,"Tier 2: Qualified Bank Loan",240982
"LEAD-17525","Santhi Razif #7525","+60170007526","Subang Parksuites",9925,3975,46,"Tier 2: Qualified Bank Loan",241170
"LEAD-17528","Sarah Lee #7528","+60120007529","Mont Kiara Pavilion",10036,4032,46.2,"Tier 2: Qualified Bank Loan",241358
"LEAD-17531","Siti Zulkifli #7531","+60150007532","Subang Parksuites",10147,4089,46.3,"Tier 2: Qualified Bank Loan",241547
"LEAD-17534","Syed Rosli #7534","+60180007535","Mont Kiara Pavilion",10258,4146,46.5,"Tier 2: Qualified Bank Loan",241735
"LEAD-17537","Azman Kumar #7537","+60130007538","Subang Parksuites",10369,4203,46.6,"Tier 2: Qualified Bank Loan",241924
"LEAD-17540","Muhammad Faizal #7540","+60160007541","Mont Kiara Pavilion",10480,4260,46.7,"Tier 2: Qualified Bank Loan",242112
"LEAD-17543","Wong Hassan #7543","+60190007544","Subang Parksuites",10591,4317,46.9,"Tier 2: Qualified Bank Loan",242300
"LEAD-17546","Mohd Subramaniam #7546","+60140007547","Mont Kiara Pavilion",10702,4374,47,"Tier 2: Qualified Bank Loan",242489
"LEAD-17549","Kevin Goh #7549","+60170007550","Subang Parksuites",10813,4431,47.1,"Tier 2: Qualified Bank Loan",242677
"LEAD-17552","Razif Hariz #7552","+60120007553","Mont Kiara Pavilion",10924,4488,47.2,"Tier 2: Qualified Bank Loan",242866
"LEAD-17555","Chong Wei Lun #7555","+60150007556","Subang Parksuites",11035,1045,10.9,"Tier 1: Pre-Approved LPPSA/Bank",943054
"LEAD-17558","Hafiz Ibrahim #7558","+60180007559","Mont Kiara Pavilion",11146,1102,11.4,"Tier 1: Pre-Approved LPPSA/Bank",943242
"LEAD-17561","Ahmad Chen #7561","+60130007562","Subang Parksuites",11257,1159,11.8,"Tier 1: Pre-Approved LPPSA/Bank",943431
"LEAD-17564","Tan Nordin #7564","+60160007565","Mont Kiara Pavilion",11368,1216,12.3,"Tier 1: Pre-Approved LPPSA/Bank",943619
"LEAD-17567","Farhan Osman #7567","+60190007568","Subang Parksuites",11479,1273,12.7,"Tier 1: Pre-Approved LPPSA/Bank",943808
"LEAD-17570","Jason Aini #7570","+60140007571","Mont Kiara Pavilion",11590,1330,13.2,"Tier 1: Pre-Approved LPPSA/Bank",943996
"LEAD-17573","Amir Razif #7573","+60170007574","Subang Parksuites",11701,1387,13.6,"Tier 1: Pre-Approved LPPSA/Bank",944184
"LEAD-17576","Devi Lee #7576","+60120007577","Mont Kiara Pavilion",11812,1444,14.1,"Tier 1: Pre-Approved LPPSA/Bank",944373
"LEAD-17579","Grace Zulkifli #7579","+60150007580","Subang Parksuites",11923,1501,14.5,"Tier 1: Pre-Approved LPPSA/Bank",944561
"LEAD-17582","Nurul Rosli #7582","+60180007583","Mont Kiara Pavilion",3534,1558,50.7,"Tier 3: Joint Loan Needed",57350
"LEAD-17585","Santhi Kumar #7585","+60130007586","Subang Parksuites",3645,1615,50.9,"Tier 3: Joint Loan Needed",57538
"LEAD-17588","Sarah Faizal #7588","+60160007589","Mont Kiara Pavilion",3756,1672,51.2,"Tier 3: Joint Loan Needed",57726
"LEAD-17591","Siti Hassan #7591","+60190007592","Subang Parksuites",3867,1729,51.4,"Tier 3: Joint Loan Needed",57915
"LEAD-17594","Syed Subramaniam #7594","+60140007595","Mont Kiara Pavilion",3978,1786,51.6,"Tier 3: Joint Loan Needed",58103
"LEAD-17597","Azman Goh #7597","+60170007598","Subang Parksuites",4089,1843,51.8,"Tier 3: Joint Loan Needed",58292
"LEAD-17600","Muhammad Hariz #7600","+60120007601","Mont Kiara Pavilion",4200,1900,52,"Tier 3: Joint Loan Needed",58480
"LEAD-17603","Wong Wei Lun #7603","+60150007604","Subang Parksuites",4311,1957,52.2,"Tier 3: Joint Loan Needed",58668
"LEAD-17606","Mohd Ibrahim #7606","+60180007607","Mont Kiara Pavilion",4422,2014,52.4,"Tier 3: Joint Loan Needed",58857
"LEAD-17609","Kevin Chen #7609","+60130007610","Subang Parksuites",4533,2071,52.5,"Tier 2: Qualified Bank Loan",59045
"LEAD-17612","Razif Nordin #7612","+60160007613","Mont Kiara Pavilion",4644,2128,52.7,"Tier 2: Qualified Bank Loan",59234
"LEAD-17615","Chong Osman #7615","+60190007616","Subang Parksuites",4755,2185,52.8,"Tier 2: Qualified Bank Loan",59422
"LEAD-17618","Hafiz Aini #7618","+60140007619","Mont Kiara Pavilion",4866,2242,53,"Tier 2: Qualified Bank Loan",59610
"LEAD-17621","Ahmad Razif #7621","+60170007622","Subang Parksuites",4977,2299,53.1,"Tier 2: Qualified Bank Loan",59799
"LEAD-17624","Tan Lee #7624","+60120007625","Mont Kiara Pavilion",5088,2356,53.2,"Tier 2: Qualified Bank Loan",59987
"LEAD-17627","Farhan Zulkifli #7627","+60150007628","Subang Parksuites",5199,2413,53.3,"Tier 2: Qualified Bank Loan",60176
"LEAD-17630","Jason Rosli #7630","+60180007631","Mont Kiara Pavilion",5310,2470,53.5,"Tier 2: Qualified Bank Loan",60364
"LEAD-17633","Amir Kumar #7633","+60130007634","Subang Parksuites",5421,2527,53.6,"Tier 2: Qualified Bank Loan",60552
"LEAD-17636","Devi Faizal #7636","+60160007637","Mont Kiara Pavilion",5532,2584,53.7,"Tier 2: Qualified Bank Loan",60741
"LEAD-17639","Grace Hassan #7639","+60190007640","Subang Parksuites",5643,2641,53.8,"Tier 2: Qualified Bank Loan",60929
"LEAD-17642","Nurul Subramaniam #7642","+60140007643","Mont Kiara Pavilion",5754,2698,53.9,"Tier 2: Qualified Bank Loan",61118
"LEAD-17645","Santhi Goh #7645","+60170007646","Subang Parksuites",5865,2755,54,"Tier 2: Qualified Bank Loan",61306
"LEAD-17648","Sarah Hariz #7648","+60120007649","Mont Kiara Pavilion",5976,2812,54.1,"Tier 2: Qualified Bank Loan",61494
"LEAD-17651","Siti Wei Lun #7651","+60150007652","Subang Parksuites",6087,2869,54.2,"Tier 2: Qualified Bank Loan",61683
"LEAD-17654","Syed Ibrahim #7654","+60180007655","Mont Kiara Pavilion",6198,2926,54.3,"Tier 2: Qualified Bank Loan",61871
"LEAD-17657","Azman Chen #7657","+60130007658","Subang Parksuites",6309,2983,54.3,"Tier 2: Qualified Bank Loan",62060
"LEAD-17660","Muhammad Nordin #7660","+60160007661","Mont Kiara Pavilion",6420,3040,54.4,"Tier 2: Qualified Bank Loan",62248
"LEAD-17663","Wong Osman #7663","+60190007664","Subang Parksuites",6531,3097,54.5,"Tier 2: Qualified Bank Loan",62436
"LEAD-17666","Mohd Aini #7666","+60140007667","Mont Kiara Pavilion",6642,3154,54.6,"Tier 2: Qualified Bank Loan",62625
"LEAD-17669","Kevin Razif #7669","+60170007670","Subang Parksuites",6753,3211,54.7,"Tier 2: Qualified Bank Loan",62813
"LEAD-17672","Razif Lee #7672","+60120007673","Mont Kiara Pavilion",6864,3268,54.7,"Tier 2: Qualified Bank Loan",63002
"LEAD-17675","Chong Zulkifli #7675","+60150007676","Subang Parksuites",6975,3325,54.8,"Tier 2: Qualified Bank Loan",63190
"LEAD-17678","Hafiz Rosli #7678","+60180007679","Mont Kiara Pavilion",7086,3382,54.9,"Tier 2: Qualified Bank Loan",63378
"LEAD-17681","Ahmad Kumar #7681","+60130007682","Subang Parksuites",7197,3439,54.9,"Tier 2: Qualified Bank Loan",63567
"LEAD-17684","Tan Faizal #7684","+60160007685","Mont Kiara Pavilion",7308,3496,55,"Tier 2: Qualified Bank Loan",63755
"LEAD-17687","Farhan Hassan #7687","+60190007688","Subang Parksuites",7419,3553,55,"Tier 2: Qualified Bank Loan",63944
"LEAD-17690","Jason Subramaniam #7690","+60140007691","Mont Kiara Pavilion",7530,3610,55.1,"Tier 2: Qualified Bank Loan",64132
"LEAD-17693","Amir Goh #7693","+60170007694","Subang Parksuites",7641,3667,55.2,"Tier 2: Qualified Bank Loan",64320
"LEAD-17696","Devi Hariz #7696","+60120007697","Mont Kiara Pavilion",7752,3724,55.2,"Tier 2: Qualified Bank Loan",64509
"LEAD-17699","Grace Wei Lun #7699","+60150007700","Subang Parksuites",7863,3781,55.3,"Tier 2: Qualified Bank Loan",64697
"LEAD-17702","Nurul Ibrahim #7702","+60180007703","Mont Kiara Pavilion",7974,3838,55.3,"Tier 2: Qualified Bank Loan",64886
"LEAD-17705","Santhi Chen #7705","+60130007706","Subang Parksuites",8085,3895,55.4,"Tier 2: Qualified Bank Loan",65074
"LEAD-17708","Sarah Nordin #7708","+60160007709","Mont Kiara Pavilion",8196,3952,55.4,"Tier 2: Qualified Bank Loan",65262
"LEAD-17711","Siti Osman #7711","+60190007712","Subang Parksuites",8307,4009,55.5,"Tier 2: Qualified Bank Loan",65451
"LEAD-17714","Syed Aini #7714","+60140007715","Mont Kiara Pavilion",8418,4066,55.5,"Tier 2: Qualified Bank Loan",65639
"LEAD-17717","Azman Razif #7717","+60170007718","Subang Parksuites",8529,4123,55.6,"Tier 2: Qualified Bank Loan",65828
"LEAD-17720","Muhammad Lee #7720","+60120007721","Mont Kiara Pavilion",8640,4180,55.6,"Tier 2: Qualified Bank Loan",66016
"LEAD-17723","Wong Zulkifli #7723","+60150007724","Subang Parksuites",8751,4237,55.7,"Tier 2: Qualified Bank Loan",66204
"LEAD-17726","Mohd Rosli #7726","+60180007727","Mont Kiara Pavilion",8862,4294,55.7,"Tier 2: Qualified Bank Loan",66393
"LEAD-17729","Kevin Kumar #7729","+60130007730","Subang Parksuites",8973,4351,55.7,"Tier 2: Qualified Bank Loan",66581
"LEAD-17732","Razif Faizal #7732","+60160007733","Mont Kiara Pavilion",9084,4408,55.8,"Tier 2: Qualified Bank Loan",66770
"LEAD-17735","Chong Hassan #7735","+60190007736","Subang Parksuites",9195,4465,55.8,"Tier 2: Qualified Bank Loan",66958
"LEAD-17738","Hafiz Subramaniam #7738","+60140007739","Mont Kiara Pavilion",9306,1022,12.6,"Tier 1: Pre-Approved LPPSA/Bank",767146
"LEAD-17741","Ahmad Goh #7741","+60170007742","Subang Parksuites",9417,1079,13.2,"Tier 1: Pre-Approved LPPSA/Bank",767335
"LEAD-17744","Tan Hariz #7744","+60120007745","Mont Kiara Pavilion",9528,1136,13.7,"Tier 1: Pre-Approved LPPSA/Bank",767523
"LEAD-17747","Farhan Wei Lun #7747","+60150007748","Subang Parksuites",9639,1193,14.2,"Tier 1: Pre-Approved LPPSA/Bank",767712
"LEAD-17750","Jason Ibrahim #7750","+60180007751","Mont Kiara Pavilion",9750,1250,14.7,"Tier 1: Pre-Approved LPPSA/Bank",767900
"LEAD-17753","Amir Chen #7753","+60130007754","Subang Parksuites",9861,1307,15.2,"Tier 1: Pre-Approved LPPSA/Bank",768088
"LEAD-17756","Devi Nordin #7756","+60160007757","Mont Kiara Pavilion",9972,1364,15.7,"Tier 1: Pre-Approved LPPSA/Bank",768277
"LEAD-17759","Grace Osman #7759","+60190007760","Subang Parksuites",10083,1421,16.2,"Tier 1: Pre-Approved LPPSA/Bank",768465
"LEAD-17762","Nurul Aini #7762","+60140007763","Mont Kiara Pavilion",10194,1478,16.7,"Tier 1: Pre-Approved LPPSA/Bank",768654
"LEAD-17765","Santhi Razif #7765","+60170007766","Subang Parksuites",10305,1535,17.1,"Tier 1: Pre-Approved LPPSA/Bank",768842
"LEAD-17768","Sarah Lee #7768","+60120007769","Mont Kiara Pavilion",10416,1592,17.6,"Tier 1: Pre-Approved LPPSA/Bank",769030
"LEAD-17771","Siti Zulkifli #7771","+60150007772","Subang Parksuites",10527,1649,18,"Tier 1: Pre-Approved LPPSA/Bank",769219
"LEAD-17774","Syed Rosli #7774","+60180007775","Mont Kiara Pavilion",10638,1706,18.4,"Tier 1: Pre-Approved LPPSA/Bank",769407
"LEAD-17777","Azman Kumar #7777","+60130007778","Subang Parksuites",10749,1763,18.9,"Tier 1: Pre-Approved LPPSA/Bank",769596
"LEAD-17780","Muhammad Faizal #7780","+60160007781","Mont Kiara Pavilion",10860,1820,19.3,"Tier 1: Pre-Approved LPPSA/Bank",769784
"LEAD-17783","Wong Hassan #7783","+60190007784","Subang Parksuites",10971,1877,19.7,"Tier 1: Pre-Approved LPPSA/Bank",769972
"LEAD-17786","Mohd Subramaniam #7786","+60140007787","Mont Kiara Pavilion",11082,1934,20.1,"Tier 1: Pre-Approved LPPSA/Bank",770161
"LEAD-17789","Kevin Goh #7789","+60170007790","Subang Parksuites",11193,1991,20.4,"Tier 1: Pre-Approved LPPSA/Bank",770349
"LEAD-17792","Razif Hariz #7792","+60120007793","Mont Kiara Pavilion",11304,2048,20.8,"Tier 1: Pre-Approved LPPSA/Bank",770538
"LEAD-17795","Chong Wei Lun #7795","+60150007796","Subang Parksuites",11415,2105,21.2,"Tier 1: Pre-Approved LPPSA/Bank",770726
"LEAD-17798","Hafiz Ibrahim #7798","+60180007799","Mont Kiara Pavilion",11526,2162,21.6,"Tier 1: Pre-Approved LPPSA/Bank",770914
"LEAD-17801","Ahmad Chen #7801","+60130007802","Subang Parksuites",11637,2219,21.9,"Tier 1: Pre-Approved LPPSA/Bank",771103
"LEAD-17804","Tan Nordin #7804","+60160007805","Mont Kiara Pavilion",11748,2276,22.3,"Tier 1: Pre-Approved LPPSA/Bank",771291
"LEAD-17807","Farhan Osman #7807","+60190007808","Subang Parksuites",11859,2333,22.6,"Tier 1: Pre-Approved LPPSA/Bank",771480
"LEAD-17810","Jason Aini #7810","+60140007811","Mont Kiara Pavilion",11970,2390,23,"Tier 1: Pre-Approved LPPSA/Bank",771668
"LEAD-17813","Amir Razif #7813","+60170007814","Subang Parksuites",3581,2447,78.5,"Tier 4: High Risk DSR",0
"LEAD-17816","Devi Lee #7816","+60120007817","Mont Kiara Pavilion",3692,2504,78,"Tier 4: High Risk DSR",0
"LEAD-17819","Grace Zulkifli #7819","+60150007820","Subang Parksuites",3803,2561,77.4,"Tier 4: High Risk DSR",0
"LEAD-17822","Nurul Rosli #7822","+60180007823","Mont Kiara Pavilion",3914,2618,76.9,"Tier 4: High Risk DSR",0
"LEAD-17825","Santhi Kumar #7825","+60130007826","Subang Parksuites",4025,2675,76.4,"Tier 4: High Risk DSR",0
"LEAD-17828","Sarah Faizal #7828","+60160007829","Mont Kiara Pavilion",4136,2732,75.9,"Tier 4: High Risk DSR",0
"LEAD-17831","Siti Hassan #7831","+60190007832","Subang Parksuites",4247,2789,75.5,"Tier 4: High Risk DSR",0
"LEAD-17834","Syed Subramaniam #7834","+60140007835","Mont Kiara Pavilion",4358,2846,75.1,"Tier 4: High Risk DSR",0
"LEAD-17837","Azman Goh #7837","+60170007838","Subang Parksuites",4469,2903,74.7,"Tier 3: Joint Loan Needed",0
"LEAD-17840","Muhammad Hariz #7840","+60120007841","Mont Kiara Pavilion",4580,2960,74.3,"Tier 3: Joint Loan Needed",0
"LEAD-17843","Wong Wei Lun #7843","+60150007844","Subang Parksuites",4691,3017,73.9,"Tier 3: Joint Loan Needed",0
"LEAD-17846","Mohd Ibrahim #7846","+60180007847","Mont Kiara Pavilion",4802,3074,73.6,"Tier 3: Joint Loan Needed",0
"LEAD-17849","Kevin Chen #7849","+60130007850","Subang Parksuites",4913,3131,73.3,"Tier 3: Joint Loan Needed",0
"LEAD-17852","Razif Nordin #7852","+60160007853","Mont Kiara Pavilion",5024,3188,72.9,"Tier 3: Joint Loan Needed",0
"LEAD-17855","Chong Osman #7855","+60190007856","Subang Parksuites",5135,3245,72.6,"Tier 3: Joint Loan Needed",0
"LEAD-17858","Hafiz Aini #7858","+60140007859","Mont Kiara Pavilion",5246,3302,72.3,"Tier 3: Joint Loan Needed",0
"LEAD-17861","Ahmad Razif #7861","+60170007862","Subang Parksuites",5357,3359,72.1,"Tier 3: Joint Loan Needed",0
"LEAD-17864","Tan Lee #7864","+60120007865","Mont Kiara Pavilion",5468,3416,71.8,"Tier 3: Joint Loan Needed",0
"LEAD-17867","Farhan Zulkifli #7867","+60150007868","Subang Parksuites",5579,3473,71.6,"Tier 3: Joint Loan Needed",0
"LEAD-17870","Jason Rosli #7870","+60180007871","Mont Kiara Pavilion",5690,3530,71.3,"Tier 3: Joint Loan Needed",0
"LEAD-17873","Amir Kumar #7873","+60130007874","Subang Parksuites",5801,3587,71.1,"Tier 3: Joint Loan Needed",0
"LEAD-17876","Devi Faizal #7876","+60160007877","Mont Kiara Pavilion",5912,3644,70.8,"Tier 3: Joint Loan Needed",0
"LEAD-17879","Grace Hassan #7879","+60190007880","Subang Parksuites",6023,3701,70.6,"Tier 3: Joint Loan Needed",0
"LEAD-17882","Nurul Subramaniam #7882","+60140007883","Mont Kiara Pavilion",6134,3758,70.4,"Tier 3: Joint Loan Needed",0
"LEAD-17885","Santhi Goh #7885","+60170007886","Subang Parksuites",6245,3815,70.2,"Tier 3: Joint Loan Needed",0
"LEAD-17888","Sarah Hariz #7888","+60120007889","Mont Kiara Pavilion",6356,3872,70,"Tier 3: Joint Loan Needed",0
"LEAD-17891","Siti Wei Lun #7891","+60150007892","Subang Parksuites",6467,3929,69.8,"Tier 3: Joint Loan Needed",0
"LEAD-17894","Syed Ibrahim #7894","+60180007895","Mont Kiara Pavilion",6578,3986,69.7,"Tier 3: Joint Loan Needed",0
"LEAD-17897","Azman Chen #7897","+60130007898","Subang Parksuites",6689,4043,69.5,"Tier 3: Joint Loan Needed",0
"LEAD-17900","Muhammad Nordin #7900","+60160007901","Mont Kiara Pavilion",6800,4100,69.3,"Tier 3: Joint Loan Needed",0
"LEAD-17903","Wong Osman #7903","+60190007904","Subang Parksuites",6911,4157,69.1,"Tier 3: Joint Loan Needed",0
"LEAD-17906","Mohd Aini #7906","+60140007907","Mont Kiara Pavilion",7022,4214,69,"Tier 3: Joint Loan Needed",0
"LEAD-17909","Kevin Razif #7909","+60170007910","Subang Parksuites",7133,4271,68.8,"Tier 3: Joint Loan Needed",0
"LEAD-17912","Razif Lee #7912","+60120007913","Mont Kiara Pavilion",7244,4328,68.7,"Tier 3: Joint Loan Needed",0
"LEAD-17915","Chong Zulkifli #7915","+60150007916","Subang Parksuites",7355,4385,68.5,"Tier 3: Joint Loan Needed",0
"LEAD-17918","Hafiz Rosli #7918","+60180007919","Mont Kiara Pavilion",7466,4442,68.4,"Tier 3: Joint Loan Needed",0
"LEAD-17921","Ahmad Kumar #7921","+60130007922","Subang Parksuites",7577,4499,68.2,"Tier 3: Joint Loan Needed",0
"LEAD-17924","Tan Faizal #7924","+60160007925","Mont Kiara Pavilion",7688,1056,15.8,"Tier 1: Pre-Approved LPPSA/Bank",591427
"LEAD-17927","Farhan Hassan #7927","+60190007928","Subang Parksuites",7799,1113,16.4,"Tier 1: Pre-Approved LPPSA/Bank",591616
"LEAD-17930","Jason Subramaniam #7930","+60140007931","Mont Kiara Pavilion",7910,1170,17,"Tier 1: Pre-Approved LPPSA/Bank",591804
"LEAD-17933","Amir Goh #7933","+60170007934","Subang Parksuites",8021,1227,17.6,"Tier 1: Pre-Approved LPPSA/Bank",591992
"LEAD-17936","Devi Hariz #7936","+60120007937","Mont Kiara Pavilion",8132,1284,18.1,"Tier 1: Pre-Approved LPPSA/Bank",592181
"LEAD-17939","Grace Wei Lun #7939","+60150007940","Subang Parksuites",8243,1341,18.7,"Tier 1: Pre-Approved LPPSA/Bank",592369
"LEAD-17942","Nurul Ibrahim #7942","+60180007943","Mont Kiara Pavilion",8354,1398,19.2,"Tier 1: Pre-Approved LPPSA/Bank",592558
"LEAD-17945","Santhi Chen #7945","+60130007946","Subang Parksuites",8465,1455,19.8,"Tier 1: Pre-Approved LPPSA/Bank",592746
"LEAD-17948","Sarah Nordin #7948","+60160007949","Mont Kiara Pavilion",8576,1512,20.3,"Tier 1: Pre-Approved LPPSA/Bank",592934
"LEAD-17951","Siti Osman #7951","+60190007952","Subang Parksuites",8687,1569,20.8,"Tier 1: Pre-Approved LPPSA/Bank",593123
"LEAD-17954","Syed Aini #7954","+60140007955","Mont Kiara Pavilion",8798,1626,21.2,"Tier 1: Pre-Approved LPPSA/Bank",593311
"LEAD-17957","Azman Razif #7957","+60170007958","Subang Parksuites",8909,1683,21.7,"Tier 1: Pre-Approved LPPSA/Bank",593500
"LEAD-17960","Muhammad Lee #7960","+60120007961","Mont Kiara Pavilion",9020,1740,22.2,"Tier 1: Pre-Approved LPPSA/Bank",593688
"LEAD-17963","Wong Zulkifli #7963","+60150007964","Subang Parksuites",9131,1797,22.6,"Tier 1: Pre-Approved LPPSA/Bank",593876
"LEAD-17966","Mohd Rosli #7966","+60180007967","Mont Kiara Pavilion",9242,1854,23.1,"Tier 1: Pre-Approved LPPSA/Bank",594065
"LEAD-17969","Kevin Kumar #7969","+60130007970","Subang Parksuites",9353,1911,23.5,"Tier 1: Pre-Approved LPPSA/Bank",594253
"LEAD-17972","Razif Faizal #7972","+60160007973","Mont Kiara Pavilion",9464,1968,23.9,"Tier 1: Pre-Approved LPPSA/Bank",594442
"LEAD-17975","Chong Hassan #7975","+60190007976","Subang Parksuites",9575,2025,24.3,"Tier 1: Pre-Approved LPPSA/Bank",594630
"LEAD-17978","Hafiz Subramaniam #7978","+60140007979","Mont Kiara Pavilion",9686,2082,24.7,"Tier 1: Pre-Approved LPPSA/Bank",594818
"LEAD-17981","Ahmad Goh #7981","+60170007982","Subang Parksuites",9797,2139,25.1,"Tier 1: Pre-Approved LPPSA/Bank",595007
"LEAD-17984","Tan Hariz #7984","+60120007985","Mont Kiara Pavilion",9908,2196,25.5,"Tier 1: Pre-Approved LPPSA/Bank",595195
"LEAD-17987","Farhan Wei Lun #7987","+60150007988","Subang Parksuites",10019,2253,25.8,"Tier 1: Pre-Approved LPPSA/Bank",595384
"LEAD-17990","Jason Ibrahim #7990","+60180007991","Mont Kiara Pavilion",10130,2310,26.2,"Tier 1: Pre-Approved LPPSA/Bank",595572
"LEAD-17993","Amir Chen #7993","+60130007994","Subang Parksuites",10241,2367,26.6,"Tier 1: Pre-Approved LPPSA/Bank",595760
"LEAD-17996","Devi Nordin #7996","+60160007997","Mont Kiara Pavilion",10352,2424,26.9,"Tier 1: Pre-Approved LPPSA/Bank",595949
"LEAD-17999","Grace Osman #7999","+60190008000","Subang Parksuites",10463,2481,27.3,"Tier 1: Pre-Approved LPPSA/Bank",596137
"LEAD-18002","Nurul Aini #8002","+60140008003","Mont Kiara Pavilion",10574,2538,27.6,"Tier 1: Pre-Approved LPPSA/Bank",596326
"LEAD-18005","Santhi Razif #8005","+60170008006","Subang Parksuites",10685,2595,27.9,"Tier 1: Pre-Approved LPPSA/Bank",596514
"LEAD-18008","Sarah Lee #8008","+60120008009","Mont Kiara Pavilion",10796,2652,28.2,"Tier 1: Pre-Approved LPPSA/Bank",596702
"LEAD-18011","Siti Zulkifli #8011","+60150008012","Subang Parksuites",10907,2709,28.5,"Tier 1: Pre-Approved LPPSA/Bank",596891
"LEAD-18014","Syed Rosli #8014","+60180008015","Mont Kiara Pavilion",11018,2766,28.9,"Tier 1: Pre-Approved LPPSA/Bank",597079
"LEAD-18017","Azman Kumar #8017","+60130008018","Subang Parksuites",11129,2823,29.2,"Tier 1: Pre-Approved LPPSA/Bank",597268
"LEAD-18020","Muhammad Faizal #8020","+60160008021","Mont Kiara Pavilion",11240,2880,29.5,"Tier 1: Pre-Approved LPPSA/Bank",597456
"LEAD-18023","Wong Hassan #8023","+60190008024","Subang Parksuites",11351,2937,29.7,"Tier 1: Pre-Approved LPPSA/Bank",597644
"LEAD-18026","Mohd Subramaniam #8026","+60140008027","Mont Kiara Pavilion",11462,2994,30,"Tier 1: Pre-Approved LPPSA/Bank",597833
"LEAD-18029","Kevin Goh #8029","+60170008030","Subang Parksuites",11573,3051,30.3,"Tier 1: Pre-Approved LPPSA/Bank",598021
"LEAD-18032","Razif Hariz #8032","+60120008033","Mont Kiara Pavilion",11684,3108,30.6,"Tier 1: Pre-Approved LPPSA/Bank",598210
"LEAD-18035","Chong Wei Lun #8035","+60150008036","Subang Parksuites",11795,3165,30.8,"Tier 1: Pre-Approved LPPSA/Bank",598398
"LEAD-18038","Hafiz Ibrahim #8038","+60180008039","Mont Kiara Pavilion",11906,3222,31.1,"Tier 1: Pre-Approved LPPSA/Bank",598586
"LEAD-18041","Ahmad Chen #8041","+60130008042","Subang Parksuites",3517,3279,107.2,"Tier 4: High Risk DSR",0
"LEAD-18044","Tan Nordin #8044","+60160008045","Mont Kiara Pavilion",3628,3336,105.7,"Tier 4: High Risk DSR",0
"LEAD-18047","Farhan Osman #8047","+60190008048","Subang Parksuites",3739,3393,104.3,"Tier 4: High Risk DSR",0
"LEAD-18050","Jason Aini #8050","+60140008051","Mont Kiara Pavilion",3850,3450,103,"Tier 4: High Risk DSR",0
"LEAD-18053","Amir Razif #8053","+60170008054","Subang Parksuites",3961,3507,101.8,"Tier 4: High Risk DSR",0
"LEAD-18056","Devi Lee #8056","+60120008057","Mont Kiara Pavilion",4072,3564,100.6,"Tier 4: High Risk DSR",0
"LEAD-18059","Grace Zulkifli #8059","+60150008060","Subang Parksuites",4183,3621,99.5,"Tier 4: High Risk DSR",0
"LEAD-18062","Nurul Rosli #8062","+60180008063","Mont Kiara Pavilion",4294,3678,98.5,"Tier 4: High Risk DSR",0
"LEAD-18065","Santhi Kumar #8065","+60130008066","Subang Parksuites",4405,3735,97.5,"Tier 4: High Risk DSR",0
"LEAD-18068","Sarah Faizal #8068","+60160008069","Mont Kiara Pavilion",4516,3792,96.5,"Tier 4: High Risk DSR",0
"LEAD-18071","Siti Hassan #8071","+60190008072","Subang Parksuites",4627,3849,95.6,"Tier 4: High Risk DSR",0
"LEAD-18074","Syed Subramaniam #8074","+60140008075","Mont Kiara Pavilion",4738,3906,94.8,"Tier 4: High Risk DSR",0
"LEAD-18077","Azman Goh #8077","+60170008078","Subang Parksuites",4849,3963,93.9,"Tier 4: High Risk DSR",0
"LEAD-18080","Muhammad Hariz #8080","+60120008081","Mont Kiara Pavilion",4960,4020,93.2,"Tier 4: High Risk DSR",0
"LEAD-18083","Wong Wei Lun #8083","+60150008084","Subang Parksuites",5071,4077,92.4,"Tier 4: High Risk DSR",0
"LEAD-18086","Mohd Ibrahim #8086","+60180008087","Mont Kiara Pavilion",5182,4134,91.7,"Tier 4: High Risk DSR",0
"LEAD-18089","Kevin Chen #8089","+60130008090","Subang Parksuites",5293,4191,91,"Tier 4: High Risk DSR",0
"LEAD-18092","Razif Nordin #8092","+60160008093","Mont Kiara Pavilion",5404,4248,90.4,"Tier 4: High Risk DSR",0
"LEAD-18095","Chong Osman #8095","+60190008096","Subang Parksuites",5515,4305,89.7,"Tier 4: High Risk DSR",0
"LEAD-18098","Hafiz Aini #8098","+60140008099","Mont Kiara Pavilion",5626,4362,89.1,"Tier 4: High Risk DSR",0
"LEAD-18101","Ahmad Razif #8101","+60170008102","Subang Parksuites",5737,4419,88.5,"Tier 4: High Risk DSR",0
"LEAD-18104","Tan Lee #8104","+60120008105","Mont Kiara Pavilion",5848,4476,88,"Tier 4: High Risk DSR",0
"LEAD-18107","Farhan Zulkifli #8107","+60150008108","Subang Parksuites",5959,1033,19.9,"Tier 2: Qualified Bank Loan",415520
"LEAD-18110","Jason Rosli #8110","+60180008111","Mont Kiara Pavilion",6070,1090,20.6,"Tier 2: Qualified Bank Loan",415708
"LEAD-18113","Amir Kumar #8113","+60130008114","Subang Parksuites",6181,1147,21.3,"Tier 2: Qualified Bank Loan",415896
"LEAD-18116","Devi Faizal #8116","+60160008117","Mont Kiara Pavilion",6292,1204,22,"Tier 2: Qualified Bank Loan",416085
"LEAD-18119","Grace Hassan #8119","+60190008120","Subang Parksuites",6403,1261,22.6,"Tier 2: Qualified Bank Loan",416273
"LEAD-18122","Nurul Subramaniam #8122","+60140008123","Mont Kiara Pavilion",6514,1318,23.3,"Tier 1: Pre-Approved LPPSA/Bank",416462
"LEAD-18125","Santhi Goh #8125","+60170008126","Subang Parksuites",6625,1375,23.9,"Tier 1: Pre-Approved LPPSA/Bank",416650
"LEAD-18128","Sarah Hariz #8128","+60120008129","Mont Kiara Pavilion",6736,1432,24.4,"Tier 1: Pre-Approved LPPSA/Bank",416838
"LEAD-18131","Siti Wei Lun #8131","+60150008132","Subang Parksuites",6847,1489,25,"Tier 1: Pre-Approved LPPSA/Bank",417027
"LEAD-18134","Syed Ibrahim #8134","+60180008135","Mont Kiara Pavilion",6958,1546,25.5,"Tier 1: Pre-Approved LPPSA/Bank",417215
"LEAD-18137","Azman Chen #8137","+60130008138","Subang Parksuites",7069,1603,26.1,"Tier 1: Pre-Approved LPPSA/Bank",417404
"LEAD-18140","Muhammad Nordin #8140","+60160008141","Mont Kiara Pavilion",7180,1660,26.6,"Tier 1: Pre-Approved LPPSA/Bank",417592
"LEAD-18143","Wong Osman #8143","+60190008144","Subang Parksuites",7291,1717,27.1,"Tier 1: Pre-Approved LPPSA/Bank",417780
"LEAD-18146","Mohd Aini #8146","+60140008147","Mont Kiara Pavilion",7402,1774,27.5,"Tier 1: Pre-Approved LPPSA/Bank",417969
"LEAD-18149","Kevin Razif #8149","+60170008150","Subang Parksuites",7513,1831,28,"Tier 1: Pre-Approved LPPSA/Bank",418157
"LEAD-18152","Razif Lee #8152","+60120008153","Mont Kiara Pavilion",7624,1888,28.5,"Tier 1: Pre-Approved LPPSA/Bank",418346
"LEAD-18155","Chong Zulkifli #8155","+60150008156","Subang Parksuites",7735,1945,28.9,"Tier 1: Pre-Approved LPPSA/Bank",418534
"LEAD-18158","Hafiz Rosli #8158","+60180008159","Mont Kiara Pavilion",7846,2002,29.3,"Tier 1: Pre-Approved LPPSA/Bank",418722
"LEAD-18161","Ahmad Kumar #8161","+60130008162","Subang Parksuites",7957,2059,29.7,"Tier 1: Pre-Approved LPPSA/Bank",418911
"LEAD-18164","Tan Faizal #8164","+60160008165","Mont Kiara Pavilion",8068,2116,30.1,"Tier 1: Pre-Approved LPPSA/Bank",419099
"LEAD-18167","Farhan Hassan #8167","+60190008168","Subang Parksuites",8179,2173,30.5,"Tier 1: Pre-Approved LPPSA/Bank",419288
"LEAD-18170","Jason Subramaniam #8170","+60140008171","Mont Kiara Pavilion",8290,2230,30.9,"Tier 1: Pre-Approved LPPSA/Bank",419476
"LEAD-18173","Amir Goh #8173","+60170008174","Subang Parksuites",8401,2287,31.3,"Tier 1: Pre-Approved LPPSA/Bank",419664
"LEAD-18176","Devi Hariz #8176","+60120008177","Mont Kiara Pavilion",8512,2344,31.7,"Tier 1: Pre-Approved LPPSA/Bank",419853
"LEAD-18179","Grace Wei Lun #8179","+60150008180","Subang Parksuites",8623,2401,32,"Tier 1: Pre-Approved LPPSA/Bank",420041
"LEAD-18182","Nurul Ibrahim #8182","+60180008183","Mont Kiara Pavilion",8734,2458,32.3,"Tier 1: Pre-Approved LPPSA/Bank",420230
"LEAD-18185","Santhi Chen #8185","+60130008186","Subang Parksuites",8845,2515,32.7,"Tier 1: Pre-Approved LPPSA/Bank",420418
"LEAD-18188","Sarah Nordin #8188","+60160008189","Mont Kiara Pavilion",8956,2572,33,"Tier 1: Pre-Approved LPPSA/Bank",420606
"LEAD-18191","Siti Osman #8191","+60190008192","Subang Parksuites",9067,2629,33.3,"Tier 1: Pre-Approved LPPSA/Bank",420795
"LEAD-18194","Syed Aini #8194","+60140008195","Mont Kiara Pavilion",9178,2686,33.6,"Tier 1: Pre-Approved LPPSA/Bank",420983
"LEAD-18197","Azman Razif #8197","+60170008198","Subang Parksuites",9289,2743,33.9,"Tier 1: Pre-Approved LPPSA/Bank",421172
"LEAD-18200","Muhammad Lee #8200","+60120008201","Mont Kiara Pavilion",9400,2800,34.2,"Tier 1: Pre-Approved LPPSA/Bank",421360
"LEAD-18203","Wong Zulkifli #8203","+60150008204","Subang Parksuites",9511,2857,34.5,"Tier 1: Pre-Approved LPPSA/Bank",421548
"LEAD-18206","Mohd Rosli #8206","+60180008207","Mont Kiara Pavilion",9622,2914,34.8,"Tier 1: Pre-Approved LPPSA/Bank",421737
"LEAD-18209","Kevin Kumar #8209","+60130008210","Subang Parksuites",9733,2971,35.1,"Tier 1: Pre-Approved LPPSA/Bank",421925
"LEAD-18212","Razif Faizal #8212","+60160008213","Mont Kiara Pavilion",9844,3028,35.4,"Tier 1: Pre-Approved LPPSA/Bank",422114
"LEAD-18215","Chong Hassan #8215","+60190008216","Subang Parksuites",9955,3085,35.6,"Tier 1: Pre-Approved LPPSA/Bank",422302
"LEAD-18218","Hafiz Subramaniam #8218","+60140008219","Mont Kiara Pavilion",10066,3142,35.9,"Tier 1: Pre-Approved LPPSA/Bank",422490
"LEAD-18221","Ahmad Goh #8221","+60170008222","Subang Parksuites",10177,3199,36.1,"Tier 1: Pre-Approved LPPSA/Bank",422679
"LEAD-18224","Tan Hariz #8224","+60120008225","Mont Kiara Pavilion",10288,3256,36.4,"Tier 1: Pre-Approved LPPSA/Bank",422867
"LEAD-18227","Farhan Wei Lun #8227","+60150008228","Subang Parksuites",10399,3313,36.6,"Tier 1: Pre-Approved LPPSA/Bank",423056
"LEAD-18230","Jason Ibrahim #8230","+60180008231","Mont Kiara Pavilion",10510,3370,36.9,"Tier 1: Pre-Approved LPPSA/Bank",423244
"LEAD-18233","Amir Chen #8233","+60130008234","Subang Parksuites",10621,3427,37.1,"Tier 1: Pre-Approved LPPSA/Bank",423432
"LEAD-18236","Devi Nordin #8236","+60160008237","Mont Kiara Pavilion",10732,3484,37.3,"Tier 1: Pre-Approved LPPSA/Bank",423621
"LEAD-18239","Grace Osman #8239","+60190008240","Subang Parksuites",10843,3541,37.5,"Tier 1: Pre-Approved LPPSA/Bank",423809
"LEAD-18242","Nurul Aini #8242","+60140008243","Mont Kiara Pavilion",10954,3598,37.8,"Tier 1: Pre-Approved LPPSA/Bank",423998
"LEAD-18245","Santhi Razif #8245","+60170008246","Subang Parksuites",11065,3655,38,"Tier 1: Pre-Approved LPPSA/Bank",424186
"LEAD-18248","Sarah Lee #8248","+60120008249","Mont Kiara Pavilion",11176,3712,38.2,"Tier 1: Pre-Approved LPPSA/Bank",424374
"LEAD-18251","Siti Zulkifli #8251","+60150008252","Subang Parksuites",11287,3769,38.4,"Tier 1: Pre-Approved LPPSA/Bank",424563
"LEAD-18254","Syed Rosli #8254","+60180008255","Mont Kiara Pavilion",11398,3826,38.6,"Tier 1: Pre-Approved LPPSA/Bank",424751
"LEAD-18257","Azman Kumar #8257","+60130008258","Subang Parksuites",11509,3883,38.8,"Tier 1: Pre-Approved LPPSA/Bank",424940
"LEAD-18260","Muhammad Faizal #8260","+60160008261","Mont Kiara Pavilion",11620,3940,39,"Tier 1: Pre-Approved LPPSA/Bank",425128
"LEAD-18263","Wong Hassan #8263","+60190008264","Subang Parksuites",11731,3997,39.2,"Tier 1: Pre-Approved LPPSA/Bank",425316
"LEAD-18266","Mohd Subramaniam #8266","+60140008267","Mont Kiara Pavilion",11842,4054,39.3,"Tier 1: Pre-Approved LPPSA/Bank",425505
"LEAD-18269","Kevin Goh #8269","+60170008270","Subang Parksuites",11953,4111,39.5,"Tier 1: Pre-Approved LPPSA/Bank",425693
"LEAD-18272","Razif Hariz #8272","+60120008273","Mont Kiara Pavilion",3564,4168,134.4,"Tier 4: High Risk DSR",0
"LEAD-18275","Chong Wei Lun #8275","+60150008276","Subang Parksuites",3675,4225,132.1,"Tier 4: High Risk DSR",0
"LEAD-18278","Hafiz Ibrahim #8278","+60180008279","Mont Kiara Pavilion",3786,4282,130,"Tier 4: High Risk DSR",0
"LEAD-18281","Ahmad Chen #8281","+60130008282","Subang Parksuites",3897,4339,128,"Tier 4: High Risk DSR",0
"LEAD-18284","Tan Nordin #8284","+60160008285","Mont Kiara Pavilion",4008,4396,126.1,"Tier 4: High Risk DSR",0
"LEAD-18287","Farhan Osman #8287","+60190008288","Subang Parksuites",4119,4453,124.3,"Tier 4: High Risk DSR",0
"LEAD-18290","Jason Aini #8290","+60140008291","Mont Kiara Pavilion",4230,1010,27.4,"Tier 3: Joint Loan Needed",239612
"LEAD-18293","Amir Razif #8293","+60170008294","Subang Parksuites",4341,1067,28.3,"Tier 3: Joint Loan Needed",239800
"LEAD-18296","Devi Lee #8296","+60120008297","Mont Kiara Pavilion",4452,1124,29,"Tier 3: Joint Loan Needed",239989
"LEAD-18299","Grace Zulkifli #8299","+60150008300","Subang Parksuites",4563,1181,29.7,"Tier 2: Qualified Bank Loan",240177
"LEAD-18302","Nurul Rosli #8302","+60180008303","Mont Kiara Pavilion",4674,1238,30.4,"Tier 2: Qualified Bank Loan",240366
"LEAD-18305","Santhi Kumar #8305","+60130008306","Subang Parksuites",4785,1295,31.1,"Tier 2: Qualified Bank Loan",240554
"LEAD-18308","Sarah Faizal #8308","+60160008309","Mont Kiara Pavilion",4896,1352,31.7,"Tier 2: Qualified Bank Loan",240742
"LEAD-18311","Siti Hassan #8311","+60190008312","Subang Parksuites",5007,1409,32.3,"Tier 2: Qualified Bank Loan",240931
"LEAD-18314","Syed Subramaniam #8314","+60140008315","Mont Kiara Pavilion",5118,1466,32.9,"Tier 2: Qualified Bank Loan",241119
"LEAD-18317","Azman Goh #8317","+60170008318","Subang Parksuites",5229,1523,33.5,"Tier 2: Qualified Bank Loan",241308
"LEAD-18320","Muhammad Hariz #8320","+60120008321","Mont Kiara Pavilion",5340,1580,34,"Tier 2: Qualified Bank Loan",241496
"LEAD-18323","Wong Wei Lun #8323","+60150008324","Subang Parksuites",5451,1637,34.5,"Tier 2: Qualified Bank Loan",241684
"LEAD-18326","Mohd Ibrahim #8326","+60180008327","Mont Kiara Pavilion",5562,1694,35,"Tier 2: Qualified Bank Loan",241873
"LEAD-18329","Kevin Chen #8329","+60130008330","Subang Parksuites",5673,1751,35.5,"Tier 2: Qualified Bank Loan",242061
"LEAD-18332","Razif Nordin #8332","+60160008333","Mont Kiara Pavilion",5784,1808,35.9,"Tier 2: Qualified Bank Loan",242250
"LEAD-18335","Chong Osman #8335","+60190008336","Subang Parksuites",5895,1865,36.4,"Tier 2: Qualified Bank Loan",242438
"LEAD-18338","Hafiz Aini #8338","+60140008339","Mont Kiara Pavilion",6006,1922,36.8,"Tier 2: Qualified Bank Loan",242626
"LEAD-18341","Ahmad Razif #8341","+60170008342","Subang Parksuites",6117,1979,37.2,"Tier 2: Qualified Bank Loan",242815
"LEAD-18344","Tan Lee #8344","+60120008345","Mont Kiara Pavilion",6228,2036,37.6,"Tier 2: Qualified Bank Loan",243003
"LEAD-18347","Farhan Zulkifli #8347","+60150008348","Subang Parksuites",6339,2093,38,"Tier 2: Qualified Bank Loan",243192
"LEAD-18350","Jason Rosli #8350","+60180008351","Mont Kiara Pavilion",6450,2150,38.3,"Tier 2: Qualified Bank Loan",243380
"LEAD-18353","Amir Kumar #8353","+60130008354","Subang Parksuites",6561,2207,38.7,"Tier 1: Pre-Approved LPPSA/Bank",243568
"LEAD-18356","Devi Faizal #8356","+60160008357","Mont Kiara Pavilion",6672,2264,39,"Tier 1: Pre-Approved LPPSA/Bank",243757
"LEAD-18359","Grace Hassan #8359","+60190008360","Subang Parksuites",6783,2321,39.3,"Tier 1: Pre-Approved LPPSA/Bank",243945
"LEAD-18362","Nurul Subramaniam #8362","+60140008363","Mont Kiara Pavilion",6894,2378,39.6,"Tier 1: Pre-Approved LPPSA/Bank",244134
"LEAD-18365","Santhi Goh #8365","+60170008366","Subang Parksuites",7005,2435,40,"Tier 1: Pre-Approved LPPSA/Bank",244322
"LEAD-18368","Sarah Hariz #8368","+60120008369","Mont Kiara Pavilion",7116,2492,40.3,"Tier 1: Pre-Approved LPPSA/Bank",244510
"LEAD-18371","Siti Wei Lun #8371","+60150008372","Subang Parksuites",7227,2549,40.5,"Tier 1: Pre-Approved LPPSA/Bank",244699
"LEAD-18374","Syed Ibrahim #8374","+60180008375","Mont Kiara Pavilion",7338,2606,40.8,"Tier 1: Pre-Approved LPPSA/Bank",244887
"LEAD-18377","Azman Chen #8377","+60130008378","Subang Parksuites",7449,2663,41.1,"Tier 1: Pre-Approved LPPSA/Bank",245076
"LEAD-18380","Muhammad Nordin #8380","+60160008381","Mont Kiara Pavilion",7560,2720,41.4,"Tier 1: Pre-Approved LPPSA/Bank",245264
"LEAD-18383","Wong Osman #8383","+60190008384","Subang Parksuites",7671,2777,41.6,"Tier 1: Pre-Approved LPPSA/Bank",245452
"LEAD-18386","Mohd Aini #8386","+60140008387","Mont Kiara Pavilion",7782,2834,41.9,"Tier 1: Pre-Approved LPPSA/Bank",245641
"LEAD-18389","Kevin Razif #8389","+60170008390","Subang Parksuites",7893,2891,42.1,"Tier 1: Pre-Approved LPPSA/Bank",245829
"LEAD-18392","Razif Lee #8392","+60120008393","Mont Kiara Pavilion",8004,2948,42.3,"Tier 1: Pre-Approved LPPSA/Bank",246018
"LEAD-18395","Chong Zulkifli #8395","+60150008396","Subang Parksuites",8115,3005,42.6,"Tier 1: Pre-Approved LPPSA/Bank",246206
"LEAD-18398","Hafiz Rosli #8398","+60180008399","Mont Kiara Pavilion",8226,3062,42.8,"Tier 1: Pre-Approved LPPSA/Bank",246394
"LEAD-18401","Ahmad Kumar #8401","+60130008402","Subang Parksuites",8337,3119,43,"Tier 1: Pre-Approved LPPSA/Bank",246583
"LEAD-18404","Tan Faizal #8404","+60160008405","Mont Kiara Pavilion",8448,3176,43.2,"Tier 1: Pre-Approved LPPSA/Bank",246771
"LEAD-18407","Farhan Hassan #8407","+60190008408","Subang Parksuites",8559,3233,43.4,"Tier 1: Pre-Approved LPPSA/Bank",246960
"LEAD-18410","Jason Subramaniam #8410","+60140008411","Mont Kiara Pavilion",8670,3290,43.6,"Tier 1: Pre-Approved LPPSA/Bank",247148
"LEAD-18413","Amir Goh #8413","+60170008414","Subang Parksuites",8781,3347,43.8,"Tier 1: Pre-Approved LPPSA/Bank",247336
"LEAD-18416","Devi Hariz #8416","+60120008417","Mont Kiara Pavilion",8892,3404,44,"Tier 1: Pre-Approved LPPSA/Bank",247525
"LEAD-18419","Grace Wei Lun #8419","+60150008420","Subang Parksuites",9003,3461,44.2,"Tier 1: Pre-Approved LPPSA/Bank",247713
"LEAD-18422","Nurul Ibrahim #8422","+60180008423","Mont Kiara Pavilion",9114,3518,44.4,"Tier 1: Pre-Approved LPPSA/Bank",247902
"LEAD-18425","Santhi Chen #8425","+60130008426","Subang Parksuites",9225,3575,44.5,"Tier 1: Pre-Approved LPPSA/Bank",248090
"LEAD-18428","Sarah Nordin #8428","+60160008429","Mont Kiara Pavilion",9336,3632,44.7,"Tier 1: Pre-Approved LPPSA/Bank",248278
"LEAD-18431","Siti Osman #8431","+60190008432","Subang Parksuites",9447,3689,44.9,"Tier 1: Pre-Approved LPPSA/Bank",248467
"LEAD-18434","Syed Aini #8434","+60140008435","Mont Kiara Pavilion",9558,3746,45,"Tier 2: Qualified Bank Loan",248655
"LEAD-18437","Azman Razif #8437","+60170008438","Subang Parksuites",9669,3803,45.2,"Tier 2: Qualified Bank Loan",248844
"LEAD-18440","Muhammad Lee #8440","+60120008441","Mont Kiara Pavilion",9780,3860,45.4,"Tier 2: Qualified Bank Loan",249032
"LEAD-18443","Wong Zulkifli #8443","+60150008444","Subang Parksuites",9891,3917,45.5,"Tier 2: Qualified Bank Loan",249220
"LEAD-18446","Mohd Rosli #8446","+60180008447","Mont Kiara Pavilion",10002,3974,45.7,"Tier 2: Qualified Bank Loan",249409
"LEAD-18449","Kevin Kumar #8449","+60130008450","Subang Parksuites",10113,4031,45.8,"Tier 2: Qualified Bank Loan",249597
"LEAD-18452","Razif Faizal #8452","+60160008453","Mont Kiara Pavilion",10224,4088,46,"Tier 2: Qualified Bank Loan",249786
"LEAD-18455","Chong Hassan #8455","+60190008456","Subang Parksuites",10335,4145,46.1,"Tier 2: Qualified Bank Loan",249974
"LEAD-18458","Hafiz Subramaniam #8458","+60140008459","Mont Kiara Pavilion",10446,4202,46.2,"Tier 2: Qualified Bank Loan",250162
"LEAD-18461","Ahmad Goh #8461","+60170008462","Subang Parksuites",10557,4259,46.4,"Tier 2: Qualified Bank Loan",250351
"LEAD-18464","Tan Hariz #8464","+60120008465","Mont Kiara Pavilion",10668,4316,46.5,"Tier 2: Qualified Bank Loan",250539
"LEAD-18467","Farhan Wei Lun #8467","+60150008468","Subang Parksuites",10779,4373,46.6,"Tier 2: Qualified Bank Loan",250728
"LEAD-18470","Jason Ibrahim #8470","+60180008471","Mont Kiara Pavilion",10890,4430,46.8,"Tier 2: Qualified Bank Loan",250916
"LEAD-18473","Amir Chen #8473","+60130008474","Subang Parksuites",11001,4487,46.9,"Tier 2: Qualified Bank Loan",251104
"LEAD-18476","Devi Nordin #8476","+60160008477","Mont Kiara Pavilion",11112,1044,10.8,"Tier 1: Pre-Approved LPPSA/Bank",951293
"LEAD-18479","Grace Osman #8479","+60190008480","Subang Parksuites",11223,1101,11.3,"Tier 1: Pre-Approved LPPSA/Bank",951481
"LEAD-18482","Nurul Aini #8482","+60140008483","Mont Kiara Pavilion",11334,1158,11.7,"Tier 1: Pre-Approved LPPSA/Bank",951670
"LEAD-18485","Santhi Razif #8485","+60170008486","Subang Parksuites",11445,1215,12.2,"Tier 1: Pre-Approved LPPSA/Bank",951858
"LEAD-18488","Sarah Lee #8488","+60120008489","Mont Kiara Pavilion",11556,1272,12.7,"Tier 1: Pre-Approved LPPSA/Bank",952046
"LEAD-18491","Siti Zulkifli #8491","+60150008492","Subang Parksuites",11667,1329,13.1,"Tier 1: Pre-Approved LPPSA/Bank",952235
"LEAD-18494","Syed Rosli #8494","+60180008495","Mont Kiara Pavilion",11778,1386,13.5,"Tier 1: Pre-Approved LPPSA/Bank",952423
"LEAD-18497","Azman Kumar #8497","+60130008498","Subang Parksuites",11889,1443,14,"Tier 1: Pre-Approved LPPSA/Bank",952612
"LEAD-18500","Muhammad Faizal #8500","+60160008501","Mont Kiara Pavilion",3500,1500,49.3,"Tier 3: Joint Loan Needed",65400
"LEAD-18503","Wong Hassan #8503","+60190008504","Subang Parksuites",3611,1557,49.6,"Tier 3: Joint Loan Needed",65588
"LEAD-18506","Mohd Subramaniam #8506","+60140008507","Mont Kiara Pavilion",3722,1614,49.8,"Tier 3: Joint Loan Needed",65777
"LEAD-18509","Kevin Goh #8509","+60170008510","Subang Parksuites",3833,1671,50.1,"Tier 3: Joint Loan Needed",65965
"LEAD-18512","Razif Hariz #8512","+60120008513","Mont Kiara Pavilion",3944,1728,50.4,"Tier 3: Joint Loan Needed",66154
"LEAD-18515","Chong Wei Lun #8515","+60150008516","Subang Parksuites",4055,1785,50.6,"Tier 3: Joint Loan Needed",66342
"LEAD-18518","Hafiz Ibrahim #8518","+60180008519","Mont Kiara Pavilion",4166,1842,50.8,"Tier 3: Joint Loan Needed",66530
"LEAD-18521","Ahmad Chen #8521","+60130008522","Subang Parksuites",4277,1899,51,"Tier 3: Joint Loan Needed",66719
"LEAD-18524","Tan Nordin #8524","+60160008525","Mont Kiara Pavilion",4388,1956,51.2,"Tier 3: Joint Loan Needed",66907
"LEAD-18527","Farhan Osman #8527","+60190008528","Subang Parksuites",4499,2013,51.4,"Tier 3: Joint Loan Needed",67096
"LEAD-18530","Jason Aini #8530","+60140008531","Mont Kiara Pavilion",4610,2070,51.6,"Tier 2: Qualified Bank Loan",67284
"LEAD-18533","Amir Razif #8533","+60170008534","Subang Parksuites",4721,2127,51.8,"Tier 2: Qualified Bank Loan",67472
"LEAD-18536","Devi Lee #8536","+60120008537","Mont Kiara Pavilion",4832,2184,52,"Tier 2: Qualified Bank Loan",67661
"LEAD-18539","Grace Zulkifli #8539","+60150008540","Subang Parksuites",4943,2241,52.1,"Tier 2: Qualified Bank Loan",67849
"LEAD-18542","Nurul Rosli #8542","+60180008543","Mont Kiara Pavilion",5054,2298,52.3,"Tier 2: Qualified Bank Loan",68038
"LEAD-18545","Santhi Kumar #8545","+60130008546","Subang Parksuites",5165,2355,52.4,"Tier 2: Qualified Bank Loan",68226
"LEAD-18548","Sarah Faizal #8548","+60160008549","Mont Kiara Pavilion",5276,2412,52.5,"Tier 2: Qualified Bank Loan",68414
"LEAD-18551","Siti Hassan #8551","+60190008552","Subang Parksuites",5387,2469,52.7,"Tier 2: Qualified Bank Loan",68603
"LEAD-18554","Syed Subramaniam #8554","+60140008555","Mont Kiara Pavilion",5498,2526,52.8,"Tier 2: Qualified Bank Loan",68791
"LEAD-18557","Azman Goh #8557","+60170008558","Subang Parksuites",5609,2583,52.9,"Tier 2: Qualified Bank Loan",68980
"LEAD-18560","Muhammad Hariz #8560","+60120008561","Mont Kiara Pavilion",5720,2640,53.1,"Tier 2: Qualified Bank Loan",69168
"LEAD-18563","Wong Wei Lun #8563","+60150008564","Subang Parksuites",5831,2697,53.2,"Tier 2: Qualified Bank Loan",69356
"LEAD-18566","Mohd Ibrahim #8566","+60180008567","Mont Kiara Pavilion",5942,2754,53.3,"Tier 2: Qualified Bank Loan",69545
"LEAD-18569","Kevin Chen #8569","+60130008570","Subang Parksuites",6053,2811,53.4,"Tier 2: Qualified Bank Loan",69733
"LEAD-18572","Razif Nordin #8572","+60160008573","Mont Kiara Pavilion",6164,2868,53.5,"Tier 2: Qualified Bank Loan",69922
"LEAD-18575","Chong Osman #8575","+60190008576","Subang Parksuites",6275,2925,53.6,"Tier 2: Qualified Bank Loan",70110
"LEAD-18578","Hafiz Aini #8578","+60140008579","Mont Kiara Pavilion",6386,2982,53.7,"Tier 2: Qualified Bank Loan",70298
"LEAD-18581","Ahmad Razif #8581","+60170008582","Subang Parksuites",6497,3039,53.8,"Tier 2: Qualified Bank Loan",70487
"LEAD-18584","Tan Lee #8584","+60120008585","Mont Kiara Pavilion",6608,3096,53.9,"Tier 2: Qualified Bank Loan",70675
"LEAD-18587","Farhan Zulkifli #8587","+60150008588","Subang Parksuites",6719,3153,53.9,"Tier 2: Qualified Bank Loan",70864
"LEAD-18590","Jason Rosli #8590","+60180008591","Mont Kiara Pavilion",6830,3210,54,"Tier 2: Qualified Bank Loan",71052
"LEAD-18593","Amir Kumar #8593","+60130008594","Subang Parksuites",6941,3267,54.1,"Tier 2: Qualified Bank Loan",71240
"LEAD-18596","Devi Faizal #8596","+60160008597","Mont Kiara Pavilion",7052,3324,54.2,"Tier 2: Qualified Bank Loan",71429
"LEAD-18599","Grace Hassan #8599","+60190008600","Subang Parksuites",7163,3381,54.3,"Tier 2: Qualified Bank Loan",71617
"LEAD-18602","Nurul Subramaniam #8602","+60140008603","Mont Kiara Pavilion",7274,3438,54.3,"Tier 2: Qualified Bank Loan",71806
"LEAD-18605","Santhi Goh #8605","+60170008606","Subang Parksuites",7385,3495,54.4,"Tier 2: Qualified Bank Loan",71994
"LEAD-18608","Sarah Hariz #8608","+60120008609","Mont Kiara Pavilion",7496,3552,54.5,"Tier 2: Qualified Bank Loan",72182
"LEAD-18611","Siti Wei Lun #8611","+60150008612","Subang Parksuites",7607,3609,54.5,"Tier 2: Qualified Bank Loan",72371
"LEAD-18614","Syed Ibrahim #8614","+60180008615","Mont Kiara Pavilion",7718,3666,54.6,"Tier 2: Qualified Bank Loan",72559
"LEAD-18617","Azman Chen #8617","+60130008618","Subang Parksuites",7829,3723,54.7,"Tier 2: Qualified Bank Loan",72748
"LEAD-18620","Muhammad Nordin #8620","+60160008621","Mont Kiara Pavilion",7940,3780,54.7,"Tier 2: Qualified Bank Loan",72936
"LEAD-18623","Wong Osman #8623","+60190008624","Subang Parksuites",8051,3837,54.8,"Tier 2: Qualified Bank Loan",73124
"LEAD-18626","Mohd Aini #8626","+60140008627","Mont Kiara Pavilion",8162,3894,54.8,"Tier 2: Qualified Bank Loan",73313
"LEAD-18629","Kevin Razif #8629","+60170008630","Subang Parksuites",8273,3951,54.9,"Tier 2: Qualified Bank Loan",73501
"LEAD-18632","Razif Lee #8632","+60120008633","Mont Kiara Pavilion",8384,4008,54.9,"Tier 2: Qualified Bank Loan",73690
"LEAD-18635","Chong Zulkifli #8635","+60150008636","Subang Parksuites",8495,4065,55,"Tier 2: Qualified Bank Loan",73878
"LEAD-18638","Hafiz Rosli #8638","+60180008639","Mont Kiara Pavilion",8606,4122,55.1,"Tier 2: Qualified Bank Loan",74066
"LEAD-18641","Ahmad Kumar #8641","+60130008642","Subang Parksuites",8717,4179,55.1,"Tier 2: Qualified Bank Loan",74255
"LEAD-18644","Tan Faizal #8644","+60160008645","Mont Kiara Pavilion",8828,4236,55.2,"Tier 2: Qualified Bank Loan",74443
"LEAD-18647","Farhan Hassan #8647","+60190008648","Subang Parksuites",8939,4293,55.2,"Tier 2: Qualified Bank Loan",74632
"LEAD-18650","Jason Subramaniam #8650","+60140008651","Mont Kiara Pavilion",9050,4350,55.2,"Tier 2: Qualified Bank Loan",74820
"LEAD-18653","Amir Goh #8653","+60170008654","Subang Parksuites",9161,4407,55.3,"Tier 2: Qualified Bank Loan",75008
"LEAD-18656","Devi Hariz #8656","+60120008657","Mont Kiara Pavilion",9272,4464,55.3,"Tier 2: Qualified Bank Loan",75197
"LEAD-18659","Grace Wei Lun #8659","+60150008660","Subang Parksuites",9383,1021,12.5,"Tier 1: Pre-Approved LPPSA/Bank",775385
"LEAD-18662","Nurul Ibrahim #8662","+60180008663","Mont Kiara Pavilion",9494,1078,13.1,"Tier 1: Pre-Approved LPPSA/Bank",775574
"LEAD-18665","Santhi Chen #8665","+60130008666","Subang Parksuites",9605,1135,13.6,"Tier 1: Pre-Approved LPPSA/Bank",775762
"LEAD-18668","Sarah Nordin #8668","+60160008669","Mont Kiara Pavilion",9716,1192,14.1,"Tier 1: Pre-Approved LPPSA/Bank",775950
"LEAD-18671","Siti Osman #8671","+60190008672","Subang Parksuites",9827,1249,14.6,"Tier 1: Pre-Approved LPPSA/Bank",776139
"LEAD-18674","Syed Aini #8674","+60140008675","Mont Kiara Pavilion",9938,1306,15.1,"Tier 1: Pre-Approved LPPSA/Bank",776327
"LEAD-18677","Azman Razif #8677","+60170008678","Subang Parksuites",10049,1363,15.6,"Tier 1: Pre-Approved LPPSA/Bank",776516
"LEAD-18680","Muhammad Lee #8680","+60120008681","Mont Kiara Pavilion",10160,1420,16.1,"Tier 1: Pre-Approved LPPSA/Bank",776704
"LEAD-18683","Wong Zulkifli #8683","+60150008684","Subang Parksuites",10271,1477,16.5,"Tier 1: Pre-Approved LPPSA/Bank",776892
"LEAD-18686","Mohd Rosli #8686","+60180008687","Mont Kiara Pavilion",10382,1534,17,"Tier 1: Pre-Approved LPPSA/Bank",777081
"LEAD-18689","Kevin Kumar #8689","+60130008690","Subang Parksuites",10493,1591,17.4,"Tier 1: Pre-Approved LPPSA/Bank",777269
"LEAD-18692","Razif Faizal #8692","+60160008693","Mont Kiara Pavilion",10604,1648,17.9,"Tier 1: Pre-Approved LPPSA/Bank",777458
"LEAD-18695","Chong Hassan #8695","+60190008696","Subang Parksuites",10715,1705,18.3,"Tier 1: Pre-Approved LPPSA/Bank",777646
"LEAD-18698","Hafiz Subramaniam #8698","+60140008699","Mont Kiara Pavilion",10826,1762,18.7,"Tier 1: Pre-Approved LPPSA/Bank",777834
"LEAD-18701","Ahmad Goh #8701","+60170008702","Subang Parksuites",10937,1819,19.1,"Tier 1: Pre-Approved LPPSA/Bank",778023
"LEAD-18704","Tan Hariz #8704","+60120008705","Mont Kiara Pavilion",11048,1876,19.5,"Tier 1: Pre-Approved LPPSA/Bank",778211
"LEAD-18707","Farhan Wei Lun #8707","+60150008708","Subang Parksuites",11159,1933,19.9,"Tier 1: Pre-Approved LPPSA/Bank",778400
"LEAD-18710","Jason Ibrahim #8710","+60180008711","Mont Kiara Pavilion",11270,1990,20.3,"Tier 1: Pre-Approved LPPSA/Bank",778588
"LEAD-18713","Amir Chen #8713","+60130008714","Subang Parksuites",11381,2047,20.7,"Tier 1: Pre-Approved LPPSA/Bank",778776
"LEAD-18716","Devi Nordin #8716","+60160008717","Mont Kiara Pavilion",11492,2104,21,"Tier 1: Pre-Approved LPPSA/Bank",778965
"LEAD-18719","Grace Osman #8719","+60190008720","Subang Parksuites",11603,2161,21.4,"Tier 1: Pre-Approved LPPSA/Bank",779153
"LEAD-18722","Nurul Aini #8722","+60140008723","Mont Kiara Pavilion",11714,2218,21.8,"Tier 1: Pre-Approved LPPSA/Bank",779342
"LEAD-18725","Santhi Razif #8725","+60170008726","Subang Parksuites",11825,2275,22.1,"Tier 1: Pre-Approved LPPSA/Bank",779530
"LEAD-18728","Sarah Lee #8728","+60120008729","Mont Kiara Pavilion",11936,2332,22.5,"Tier 1: Pre-Approved LPPSA/Bank",779718
"LEAD-18731","Siti Zulkifli #8731","+60150008732","Subang Parksuites",3547,2389,77.4,"Tier 4: High Risk DSR",0
"LEAD-18734","Syed Rosli #8734","+60180008735","Mont Kiara Pavilion",3658,2446,76.9,"Tier 4: High Risk DSR",0
"LEAD-18737","Azman Kumar #8737","+60130008738","Subang Parksuites",3769,2503,76.3,"Tier 4: High Risk DSR",0
"LEAD-18740","Muhammad Faizal #8740","+60160008741","Mont Kiara Pavilion",3880,2560,75.8,"Tier 4: High Risk DSR",0
"LEAD-18743","Wong Hassan #8743","+60190008744","Subang Parksuites",3991,2617,75.4,"Tier 4: High Risk DSR",0
"LEAD-18746","Mohd Subramaniam #8746","+60140008747","Mont Kiara Pavilion",4102,2674,74.9,"Tier 3: Joint Loan Needed",0
"LEAD-18749","Kevin Goh #8749","+60170008750","Subang Parksuites",4213,2731,74.5,"Tier 3: Joint Loan Needed",0
"LEAD-18752","Razif Hariz #8752","+60120008753","Mont Kiara Pavilion",4324,2788,74.1,"Tier 3: Joint Loan Needed",0
"LEAD-18755","Chong Wei Lun #8755","+60150008756","Subang Parksuites",4435,2845,73.7,"Tier 3: Joint Loan Needed",0
"LEAD-18758","Hafiz Ibrahim #8758","+60180008759","Mont Kiara Pavilion",4546,2902,73.4,"Tier 3: Joint Loan Needed",0
"LEAD-18761","Ahmad Chen #8761","+60130008762","Subang Parksuites",4657,2959,73,"Tier 3: Joint Loan Needed",0
"LEAD-18764","Tan Nordin #8764","+60160008765","Mont Kiara Pavilion",4768,3016,72.7,"Tier 3: Joint Loan Needed",0
"LEAD-18767","Farhan Osman #8767","+60190008768","Subang Parksuites",4879,3073,72.4,"Tier 3: Joint Loan Needed",0
"LEAD-18770","Jason Aini #8770","+60140008771","Mont Kiara Pavilion",4990,3130,72.1,"Tier 3: Joint Loan Needed",0
"LEAD-18773","Amir Razif #8773","+60170008774","Subang Parksuites",5101,3187,71.8,"Tier 3: Joint Loan Needed",0
"LEAD-18776","Devi Lee #8776","+60120008777","Mont Kiara Pavilion",5212,3244,71.5,"Tier 3: Joint Loan Needed",0
"LEAD-18779","Grace Zulkifli #8779","+60150008780","Subang Parksuites",5323,3301,71.3,"Tier 3: Joint Loan Needed",0
"LEAD-18782","Nurul Rosli #8782","+60180008783","Mont Kiara Pavilion",5434,3358,71,"Tier 3: Joint Loan Needed",0
"LEAD-18785","Santhi Kumar #8785","+60130008786","Subang Parksuites",5545,3415,70.8,"Tier 3: Joint Loan Needed",0
"LEAD-18788","Sarah Faizal #8788","+60160008789","Mont Kiara Pavilion",5656,3472,70.6,"Tier 3: Joint Loan Needed",0
"LEAD-18791","Siti Hassan #8791","+60190008792","Subang Parksuites",5767,3529,70.3,"Tier 3: Joint Loan Needed",0
"LEAD-18794","Syed Subramaniam #8794","+60140008795","Mont Kiara Pavilion",5878,3586,70.1,"Tier 3: Joint Loan Needed",0
"LEAD-18797","Azman Goh #8797","+60170008798","Subang Parksuites",5989,3643,69.9,"Tier 3: Joint Loan Needed",0
"LEAD-18800","Muhammad Hariz #8800","+60120008801","Mont Kiara Pavilion",6100,3700,69.7,"Tier 3: Joint Loan Needed",0
"LEAD-18803","Wong Wei Lun #8803","+60150008804","Subang Parksuites",6211,3757,69.5,"Tier 3: Joint Loan Needed",0
"LEAD-18806","Mohd Ibrahim #8806","+60180008807","Mont Kiara Pavilion",6322,3814,69.3,"Tier 3: Joint Loan Needed",0
"LEAD-18809","Kevin Chen #8809","+60130008810","Subang Parksuites",6433,3871,69.2,"Tier 3: Joint Loan Needed",0
"LEAD-18812","Razif Nordin #8812","+60160008813","Mont Kiara Pavilion",6544,3928,69,"Tier 3: Joint Loan Needed",0
"LEAD-18815","Chong Osman #8815","+60190008816","Subang Parksuites",6655,3985,68.8,"Tier 3: Joint Loan Needed",0
"LEAD-18818","Hafiz Aini #8818","+60140008819","Mont Kiara Pavilion",6766,4042,68.7,"Tier 3: Joint Loan Needed",0
"LEAD-18821","Ahmad Razif #8821","+60170008822","Subang Parksuites",6877,4099,68.5,"Tier 3: Joint Loan Needed",0
"LEAD-18824","Tan Lee #8824","+60120008825","Mont Kiara Pavilion",6988,4156,68.4,"Tier 3: Joint Loan Needed",0
"LEAD-18827","Farhan Zulkifli #8827","+60150008828","Subang Parksuites",7099,4213,68.2,"Tier 3: Joint Loan Needed",0
"LEAD-18830","Jason Rosli #8830","+60180008831","Mont Kiara Pavilion",7210,4270,68.1,"Tier 3: Joint Loan Needed",0
"LEAD-18833","Amir Kumar #8833","+60130008834","Subang Parksuites",7321,4327,67.9,"Tier 3: Joint Loan Needed",0
"LEAD-18836","Devi Faizal #8836","+60160008837","Mont Kiara Pavilion",7432,4384,67.8,"Tier 3: Joint Loan Needed",0
"LEAD-18839","Grace Hassan #8839","+60190008840","Subang Parksuites",7543,4441,67.7,"Tier 3: Joint Loan Needed",0
"LEAD-18842","Nurul Subramaniam #8842","+60140008843","Mont Kiara Pavilion",7654,4498,67.5,"Tier 3: Joint Loan Needed",0
"LEAD-18845","Santhi Goh #8845","+60170008846","Subang Parksuites",7765,1055,15.6,"Tier 1: Pre-Approved LPPSA/Bank",599666
"LEAD-18848","Sarah Hariz #8848","+60120008849","Mont Kiara Pavilion",7876,1112,16.2,"Tier 1: Pre-Approved LPPSA/Bank",599854
"LEAD-18851","Siti Wei Lun #8851","+60150008852","Subang Parksuites",7987,1169,16.8,"Tier 1: Pre-Approved LPPSA/Bank",600043
"LEAD-18854","Syed Ibrahim #8854","+60180008855","Mont Kiara Pavilion",8098,1226,17.4,"Tier 1: Pre-Approved LPPSA/Bank",600231
"LEAD-18857","Azman Chen #8857","+60130008858","Subang Parksuites",8209,1283,18,"Tier 1: Pre-Approved LPPSA/Bank",600420
"LEAD-18860","Muhammad Nordin #8860","+60160008861","Mont Kiara Pavilion",8320,1340,18.5,"Tier 1: Pre-Approved LPPSA/Bank",600608
"LEAD-18863","Wong Osman #8863","+60190008864","Subang Parksuites",8431,1397,19,"Tier 1: Pre-Approved LPPSA/Bank",600796
"LEAD-18866","Mohd Aini #8866","+60140008867","Mont Kiara Pavilion",8542,1454,19.6,"Tier 1: Pre-Approved LPPSA/Bank",600985
"LEAD-18869","Kevin Razif #8869","+60170008870","Subang Parksuites",8653,1511,20.1,"Tier 1: Pre-Approved LPPSA/Bank",601173
"LEAD-18872","Razif Lee #8872","+60120008873","Mont Kiara Pavilion",8764,1568,20.6,"Tier 1: Pre-Approved LPPSA/Bank",601362
"LEAD-18875","Chong Zulkifli #8875","+60150008876","Subang Parksuites",8875,1625,21,"Tier 1: Pre-Approved LPPSA/Bank",601550
"LEAD-18878","Hafiz Rosli #8878","+60180008879","Mont Kiara Pavilion",8986,1682,21.5,"Tier 1: Pre-Approved LPPSA/Bank",601738
"LEAD-18881","Ahmad Kumar #8881","+60130008882","Subang Parksuites",9097,1739,22,"Tier 1: Pre-Approved LPPSA/Bank",601927
"LEAD-18884","Tan Faizal #8884","+60160008885","Mont Kiara Pavilion",9208,1796,22.4,"Tier 1: Pre-Approved LPPSA/Bank",602115
"LEAD-18887","Farhan Hassan #8887","+60190008888","Subang Parksuites",9319,1853,22.9,"Tier 1: Pre-Approved LPPSA/Bank",602304
"LEAD-18890","Jason Subramaniam #8890","+60140008891","Mont Kiara Pavilion",9430,1910,23.3,"Tier 1: Pre-Approved LPPSA/Bank",602492
"LEAD-18893","Amir Goh #8893","+60170008894","Subang Parksuites",9541,1967,23.7,"Tier 1: Pre-Approved LPPSA/Bank",602680
"LEAD-18896","Devi Hariz #8896","+60120008897","Mont Kiara Pavilion",9652,2024,24.1,"Tier 1: Pre-Approved LPPSA/Bank",602869
"LEAD-18899","Grace Wei Lun #8899","+60150008900","Subang Parksuites",9763,2081,24.5,"Tier 1: Pre-Approved LPPSA/Bank",603057
"LEAD-18902","Nurul Ibrahim #8902","+60180008903","Mont Kiara Pavilion",9874,2138,24.9,"Tier 1: Pre-Approved LPPSA/Bank",603246
"LEAD-18905","Santhi Chen #8905","+60130008906","Subang Parksuites",9985,2195,25.3,"Tier 1: Pre-Approved LPPSA/Bank",603434
"LEAD-18908","Sarah Nordin #8908","+60160008909","Mont Kiara Pavilion",10096,2252,25.6,"Tier 1: Pre-Approved LPPSA/Bank",603622
"LEAD-18911","Siti Osman #8911","+60190008912","Subang Parksuites",10207,2309,26,"Tier 1: Pre-Approved LPPSA/Bank",603811
"LEAD-18914","Syed Aini #8914","+60140008915","Mont Kiara Pavilion",10318,2366,26.4,"Tier 1: Pre-Approved LPPSA/Bank",603999
"LEAD-18917","Azman Razif #8917","+60170008918","Subang Parksuites",10429,2423,26.7,"Tier 1: Pre-Approved LPPSA/Bank",604188
"LEAD-18920","Muhammad Lee #8920","+60120008921","Mont Kiara Pavilion",10540,2480,27,"Tier 1: Pre-Approved LPPSA/Bank",604376
"LEAD-18923","Wong Zulkifli #8923","+60150008924","Subang Parksuites",10651,2537,27.4,"Tier 1: Pre-Approved LPPSA/Bank",604564
"LEAD-18926","Mohd Rosli #8926","+60180008927","Mont Kiara Pavilion",10762,2594,27.7,"Tier 1: Pre-Approved LPPSA/Bank",604753
"LEAD-18929","Kevin Kumar #8929","+60130008930","Subang Parksuites",10873,2651,28,"Tier 1: Pre-Approved LPPSA/Bank",604941
"LEAD-18932","Razif Faizal #8932","+60160008933","Mont Kiara Pavilion",10984,2708,28.3,"Tier 1: Pre-Approved LPPSA/Bank",605130
"LEAD-18935","Chong Hassan #8935","+60190008936","Subang Parksuites",11095,2765,28.6,"Tier 1: Pre-Approved LPPSA/Bank",605318
"LEAD-18938","Hafiz Subramaniam #8938","+60140008939","Mont Kiara Pavilion",11206,2822,28.9,"Tier 1: Pre-Approved LPPSA/Bank",605506
"LEAD-18941","Ahmad Goh #8941","+60170008942","Subang Parksuites",11317,2879,29.2,"Tier 1: Pre-Approved LPPSA/Bank",605695
"LEAD-18944","Tan Hariz #8944","+60120008945","Mont Kiara Pavilion",11428,2936,29.5,"Tier 1: Pre-Approved LPPSA/Bank",605883
"LEAD-18947","Farhan Wei Lun #8947","+60150008948","Subang Parksuites",11539,2993,29.8,"Tier 1: Pre-Approved LPPSA/Bank",606072
"LEAD-18950","Jason Ibrahim #8950","+60180008951","Mont Kiara Pavilion",11650,3050,30.1,"Tier 1: Pre-Approved LPPSA/Bank",606260
"LEAD-18953","Amir Chen #8953","+60130008954","Subang Parksuites",11761,3107,30.4,"Tier 1: Pre-Approved LPPSA/Bank",606448
"LEAD-18956","Devi Nordin #8956","+60160008957","Mont Kiara Pavilion",11872,3164,30.6,"Tier 1: Pre-Approved LPPSA/Bank",606637
"LEAD-18959","Grace Osman #8959","+60190008960","Subang Parksuites",11983,3221,30.9,"Tier 1: Pre-Approved LPPSA/Bank",606825
"LEAD-18962","Nurul Aini #8962","+60140008963","Mont Kiara Pavilion",3594,3278,104.8,"Tier 4: High Risk DSR",0
"LEAD-18965","Santhi Razif #8965","+60170008966","Subang Parksuites",3705,3335,103.5,"Tier 4: High Risk DSR",0
"LEAD-18968","Sarah Lee #8968","+60120008969","Mont Kiara Pavilion",3816,3392,102.2,"Tier 4: High Risk DSR",0
"LEAD-18971","Siti Zulkifli #8971","+60150008972","Subang Parksuites",3927,3449,101,"Tier 4: High Risk DSR",0
"LEAD-18974","Syed Rosli #8974","+60180008975","Mont Kiara Pavilion",4038,3506,99.8,"Tier 4: High Risk DSR",0
"LEAD-18977","Azman Kumar #8977","+60130008978","Subang Parksuites",4149,3563,98.7,"Tier 4: High Risk DSR",0
"LEAD-18980","Muhammad Faizal #8980","+60160008981","Mont Kiara Pavilion",4260,3620,97.7,"Tier 4: High Risk DSR",0
"LEAD-18983","Wong Hassan #8983","+60190008984","Subang Parksuites",4371,3677,96.7,"Tier 4: High Risk DSR",0
"LEAD-18986","Mohd Subramaniam #8986","+60140008987","Mont Kiara Pavilion",4482,3734,95.8,"Tier 4: High Risk DSR",0
"LEAD-18989","Kevin Goh #8989","+60170008990","Subang Parksuites",4593,3791,94.9,"Tier 4: High Risk DSR",0
"LEAD-18992","Razif Hariz #8992","+60120008993","Mont Kiara Pavilion",4704,3848,94,"Tier 4: High Risk DSR",0
"LEAD-18995","Chong Wei Lun #8995","+60150008996","Subang Parksuites",4815,3905,93.2,"Tier 4: High Risk DSR",0
"LEAD-18998","Hafiz Ibrahim #8998","+60180008999","Mont Kiara Pavilion",4926,3962,92.4,"Tier 4: High Risk DSR",0
"LEAD-19001","Ahmad Chen #9001","+60130009002","Subang Parksuites",5037,4019,91.7,"Tier 4: High Risk DSR",0
"LEAD-19004","Tan Nordin #9004","+60160009005","Mont Kiara Pavilion",5148,4076,91,"Tier 4: High Risk DSR",0
"LEAD-19007","Farhan Osman #9007","+60190009008","Subang Parksuites",5259,4133,90.3,"Tier 4: High Risk DSR",0
"LEAD-19010","Jason Aini #9010","+60140009011","Mont Kiara Pavilion",5370,4190,89.7,"Tier 4: High Risk DSR",0
"LEAD-19013","Amir Razif #9013","+60170009014","Subang Parksuites",5481,4247,89.1,"Tier 4: High Risk DSR",0
"LEAD-19016","Devi Lee #9016","+60120009017","Mont Kiara Pavilion",5592,4304,88.5,"Tier 4: High Risk DSR",0
"LEAD-19019","Grace Zulkifli #9019","+60150009020","Subang Parksuites",5703,4361,87.9,"Tier 4: High Risk DSR",0
"LEAD-19022","Nurul Rosli #9022","+60180009023","Mont Kiara Pavilion",5814,4418,87.3,"Tier 4: High Risk DSR",0
"LEAD-19025","Santhi Kumar #9025","+60130009026","Subang Parksuites",5925,4475,86.8,"Tier 4: High Risk DSR",0
"LEAD-19028","Sarah Faizal #9028","+60160009029","Mont Kiara Pavilion",6036,1032,19.7,"Tier 2: Qualified Bank Loan",423758
"LEAD-19031","Siti Hassan #9031","+60190009032","Subang Parksuites",6147,1089,20.4,"Tier 2: Qualified Bank Loan",423947
"LEAD-19034","Syed Subramaniam #9034","+60140009035","Mont Kiara Pavilion",6258,1146,21,"Tier 2: Qualified Bank Loan",424135
"LEAD-19037","Azman Goh #9037","+60170009038","Subang Parksuites",6369,1203,21.7,"Tier 2: Qualified Bank Loan",424324
"LEAD-19040","Muhammad Hariz #9040","+60120009041","Mont Kiara Pavilion",6480,1260,22.3,"Tier 2: Qualified Bank Loan",424512
"LEAD-19043","Wong Wei Lun #9043","+60150009044","Subang Parksuites",6591,1317,23,"Tier 1: Pre-Approved LPPSA/Bank",424700
"LEAD-19046","Mohd Ibrahim #9046","+60180009047","Mont Kiara Pavilion",6702,1374,23.6,"Tier 1: Pre-Approved LPPSA/Bank",424889
"LEAD-19049","Kevin Chen #9049","+60130009050","Subang Parksuites",6813,1431,24.1,"Tier 1: Pre-Approved LPPSA/Bank",425077
"LEAD-19052","Razif Nordin #9052","+60160009053","Mont Kiara Pavilion",6924,1488,24.7,"Tier 1: Pre-Approved LPPSA/Bank",425266
"LEAD-19055","Chong Osman #9055","+60190009056","Subang Parksuites",7035,1545,25.2,"Tier 1: Pre-Approved LPPSA/Bank",425454
"LEAD-19058","Hafiz Aini #9058","+60140009059","Mont Kiara Pavilion",7146,1602,25.8,"Tier 1: Pre-Approved LPPSA/Bank",425642
"LEAD-19061","Ahmad Razif #9061","+60170009062","Subang Parksuites",7257,1659,26.3,"Tier 1: Pre-Approved LPPSA/Bank",425831
"LEAD-19064","Tan Lee #9064","+60120009065","Mont Kiara Pavilion",7368,1716,26.8,"Tier 1: Pre-Approved LPPSA/Bank",426019
"LEAD-19067","Farhan Zulkifli #9067","+60150009068","Subang Parksuites",7479,1773,27.2,"Tier 1: Pre-Approved LPPSA/Bank",426208
"LEAD-19070","Jason Rosli #9070","+60180009071","Mont Kiara Pavilion",7590,1830,27.7,"Tier 1: Pre-Approved LPPSA/Bank",426396
"LEAD-19073","Amir Kumar #9073","+60130009074","Subang Parksuites",7701,1887,28.2,"Tier 1: Pre-Approved LPPSA/Bank",426584
"LEAD-19076","Devi Faizal #9076","+60160009077","Mont Kiara Pavilion",7812,1944,28.6,"Tier 1: Pre-Approved LPPSA/Bank",426773
"LEAD-19079","Grace Hassan #9079","+60190009080","Subang Parksuites",7923,2001,29,"Tier 1: Pre-Approved LPPSA/Bank",426961
"LEAD-19082","Nurul Subramaniam #9082","+60140009083","Mont Kiara Pavilion",8034,2058,29.4,"Tier 1: Pre-Approved LPPSA/Bank",427150
"LEAD-19085","Santhi Goh #9085","+60170009086","Subang Parksuites",8145,2115,29.8,"Tier 1: Pre-Approved LPPSA/Bank",427338
"LEAD-19088","Sarah Hariz #9088","+60120009089","Mont Kiara Pavilion",8256,2172,30.2,"Tier 1: Pre-Approved LPPSA/Bank",427526
"LEAD-19091","Siti Wei Lun #9091","+60150009092","Subang Parksuites",8367,2229,30.6,"Tier 1: Pre-Approved LPPSA/Bank",427715
"LEAD-19094","Syed Ibrahim #9094","+60180009095","Mont Kiara Pavilion",8478,2286,31,"Tier 1: Pre-Approved LPPSA/Bank",427903
"LEAD-19097","Azman Chen #9097","+60130009098","Subang Parksuites",8589,2343,31.4,"Tier 1: Pre-Approved LPPSA/Bank",428092
"LEAD-19100","Muhammad Nordin #9100","+60160009101","Mont Kiara Pavilion",8700,2400,31.7,"Tier 1: Pre-Approved LPPSA/Bank",428280
"LEAD-19103","Wong Osman #9103","+60190009104","Subang Parksuites",8811,2457,32.1,"Tier 1: Pre-Approved LPPSA/Bank",428468
"LEAD-19106","Mohd Aini #9106","+60140009107","Mont Kiara Pavilion",8922,2514,32.4,"Tier 1: Pre-Approved LPPSA/Bank",428657
"LEAD-19109","Kevin Razif #9109","+60170009110","Subang Parksuites",9033,2571,32.7,"Tier 1: Pre-Approved LPPSA/Bank",428845
"LEAD-19112","Razif Lee #9112","+60120009113","Mont Kiara Pavilion",9144,2628,33,"Tier 1: Pre-Approved LPPSA/Bank",429034
"LEAD-19115","Chong Zulkifli #9115","+60150009116","Subang Parksuites",9255,2685,33.3,"Tier 1: Pre-Approved LPPSA/Bank",429222
"LEAD-19118","Hafiz Rosli #9118","+60180009119","Mont Kiara Pavilion",9366,2742,33.7,"Tier 1: Pre-Approved LPPSA/Bank",429410
"LEAD-19121","Ahmad Kumar #9121","+60130009122","Subang Parksuites",9477,2799,33.9,"Tier 1: Pre-Approved LPPSA/Bank",429599
"LEAD-19124","Tan Faizal #9124","+60160009125","Mont Kiara Pavilion",9588,2856,34.2,"Tier 1: Pre-Approved LPPSA/Bank",429787
"LEAD-19127","Farhan Hassan #9127","+60190009128","Subang Parksuites",9699,2913,34.5,"Tier 1: Pre-Approved LPPSA/Bank",429976
"LEAD-19130","Jason Subramaniam #9130","+60140009131","Mont Kiara Pavilion",9810,2970,34.8,"Tier 1: Pre-Approved LPPSA/Bank",430164
"LEAD-19133","Amir Goh #9133","+60170009134","Subang Parksuites",9921,3027,35.1,"Tier 1: Pre-Approved LPPSA/Bank",430352
"LEAD-19136","Devi Hariz #9136","+60120009137","Mont Kiara Pavilion",10032,3084,35.3,"Tier 1: Pre-Approved LPPSA/Bank",430541
"LEAD-19139","Grace Wei Lun #9139","+60150009140","Subang Parksuites",10143,3141,35.6,"Tier 1: Pre-Approved LPPSA/Bank",430729
"LEAD-19142","Nurul Ibrahim #9142","+60180009143","Mont Kiara Pavilion",10254,3198,35.8,"Tier 1: Pre-Approved LPPSA/Bank",430918
"LEAD-19145","Santhi Chen #9145","+60130009146","Subang Parksuites",10365,3255,36.1,"Tier 1: Pre-Approved LPPSA/Bank",431106
"LEAD-19148","Sarah Nordin #9148","+60160009149","Mont Kiara Pavilion",10476,3312,36.3,"Tier 1: Pre-Approved LPPSA/Bank",431294
"LEAD-19151","Siti Osman #9151","+60190009152","Subang Parksuites",10587,3369,36.6,"Tier 1: Pre-Approved LPPSA/Bank",431483
"LEAD-19154","Syed Aini #9154","+60140009155","Mont Kiara Pavilion",10698,3426,36.8,"Tier 1: Pre-Approved LPPSA/Bank",431671
"LEAD-19157","Azman Razif #9157","+60170009158","Subang Parksuites",10809,3483,37,"Tier 1: Pre-Approved LPPSA/Bank",431860
"LEAD-19160","Muhammad Lee #9160","+60120009161","Mont Kiara Pavilion",10920,3540,37.3,"Tier 1: Pre-Approved LPPSA/Bank",432048
"LEAD-19163","Wong Zulkifli #9163","+60150009164","Subang Parksuites",11031,3597,37.5,"Tier 1: Pre-Approved LPPSA/Bank",432236
"LEAD-19166","Mohd Rosli #9166","+60180009167","Mont Kiara Pavilion",11142,3654,37.7,"Tier 1: Pre-Approved LPPSA/Bank",432425
"LEAD-19169","Kevin Kumar #9169","+60130009170","Subang Parksuites",11253,3711,37.9,"Tier 1: Pre-Approved LPPSA/Bank",432613
"LEAD-19172","Razif Faizal #9172","+60160009173","Mont Kiara Pavilion",11364,3768,38.1,"Tier 1: Pre-Approved LPPSA/Bank",432802
"LEAD-19175","Chong Hassan #9175","+60190009176","Subang Parksuites",11475,3825,38.3,"Tier 1: Pre-Approved LPPSA/Bank",432990
"LEAD-19178","Hafiz Subramaniam #9178","+60140009179","Mont Kiara Pavilion",11586,3882,38.5,"Tier 1: Pre-Approved LPPSA/Bank",433178
"LEAD-19181","Ahmad Goh #9181","+60170009182","Subang Parksuites",11697,3939,38.7,"Tier 1: Pre-Approved LPPSA/Bank",433367
"LEAD-19184","Tan Hariz #9184","+60120009185","Mont Kiara Pavilion",11808,3996,38.9,"Tier 1: Pre-Approved LPPSA/Bank",433555
"LEAD-19187","Farhan Wei Lun #9187","+60150009188","Subang Parksuites",11919,4053,39.1,"Tier 1: Pre-Approved LPPSA/Bank",433744
"LEAD-19190","Jason Ibrahim #9190","+60180009191","Mont Kiara Pavilion",3530,4110,133.8,"Tier 4: High Risk DSR",0
"LEAD-19193","Amir Chen #9193","+60130009194","Subang Parksuites",3641,4167,131.5,"Tier 4: High Risk DSR",0
"LEAD-19196","Devi Nordin #9196","+60160009197","Mont Kiara Pavilion",3752,4224,129.4,"Tier 4: High Risk DSR",0
"LEAD-19199","Grace Osman #9199","+60190009200","Subang Parksuites",3863,4281,127.4,"Tier 4: High Risk DSR",0
"LEAD-19202","Nurul Aini #9202","+60140009203","Mont Kiara Pavilion",3974,4338,125.5,"Tier 4: High Risk DSR",0
"LEAD-19205","Santhi Razif #9205","+60170009206","Subang Parksuites",4085,4395,123.7,"Tier 4: High Risk DSR",0
"LEAD-19208","Sarah Lee #9208","+60120009209","Mont Kiara Pavilion",4196,4452,122,"Tier 4: High Risk DSR",0
"LEAD-19211","Siti Zulkifli #9211","+60150009212","Subang Parksuites",4307,1009,26.9,"Tier 3: Joint Loan Needed",247851
"LEAD-19214","Syed Rosli #9214","+60180009215","Mont Kiara Pavilion",4418,1066,27.7,"Tier 3: Joint Loan Needed",248039
"LEAD-19217","Azman Kumar #9217","+60130009218","Subang Parksuites",4529,1123,28.5,"Tier 2: Qualified Bank Loan",248228
"LEAD-19220","Muhammad Faizal #9220","+60160009221","Mont Kiara Pavilion",4640,1180,29.2,"Tier 2: Qualified Bank Loan",248416
"LEAD-19223","Wong Hassan #9223","+60190009224","Subang Parksuites",4751,1237,29.9,"Tier 2: Qualified Bank Loan",248604
"LEAD-19226","Mohd Subramaniam #9226","+60140009227","Mont Kiara Pavilion",4862,1294,30.6,"Tier 2: Qualified Bank Loan",248793
"LEAD-19229","Kevin Goh #9229","+60170009230","Subang Parksuites",4973,1351,31.2,"Tier 2: Qualified Bank Loan",248981
"LEAD-19232","Razif Hariz #9232","+60120009233","Mont Kiara Pavilion",5084,1408,31.8,"Tier 2: Qualified Bank Loan",249170
"LEAD-19235","Chong Wei Lun #9235","+60150009236","Subang Parksuites",5195,1465,32.4,"Tier 2: Qualified Bank Loan",249358
"LEAD-19238","Hafiz Ibrahim #9238","+60180009239","Mont Kiara Pavilion",5306,1522,33,"Tier 2: Qualified Bank Loan",249546
"LEAD-19241","Ahmad Chen #9241","+60130009242","Subang Parksuites",5417,1579,33.5,"Tier 2: Qualified Bank Loan",249735
"LEAD-19244","Tan Nordin #9244","+60160009245","Mont Kiara Pavilion",5528,1636,34,"Tier 2: Qualified Bank Loan",249923
"LEAD-19247","Farhan Osman #9247","+60190009248","Subang Parksuites",5639,1693,34.5,"Tier 2: Qualified Bank Loan",250112
"LEAD-19250","Jason Aini #9250","+60140009251","Mont Kiara Pavilion",5750,1750,35,"Tier 2: Qualified Bank Loan",250300
"LEAD-19253","Amir Razif #9253","+60170009254","Subang Parksuites",5861,1807,35.4,"Tier 2: Qualified Bank Loan",250488
"LEAD-19256","Devi Lee #9256","+60120009257","Mont Kiara Pavilion",5972,1864,35.9,"Tier 2: Qualified Bank Loan",250677
"LEAD-19259","Grace Zulkifli #9259","+60150009260","Subang Parksuites",6083,1921,36.3,"Tier 2: Qualified Bank Loan",250865
"LEAD-19262","Nurul Rosli #9262","+60180009263","Mont Kiara Pavilion",6194,1978,36.7,"Tier 2: Qualified Bank Loan",251054
"LEAD-19265","Santhi Kumar #9265","+60130009266","Subang Parksuites",6305,2035,37.1,"Tier 2: Qualified Bank Loan",251242
"LEAD-19268","Sarah Faizal #9268","+60160009269","Mont Kiara Pavilion",6416,2092,37.5,"Tier 2: Qualified Bank Loan",251430
"LEAD-19271","Siti Hassan #9271","+60190009272","Subang Parksuites",6527,2149,37.8,"Tier 1: Pre-Approved LPPSA/Bank",251619
"LEAD-19274","Syed Subramaniam #9274","+60140009275","Mont Kiara Pavilion",6638,2206,38.2,"Tier 1: Pre-Approved LPPSA/Bank",251807
"LEAD-19277","Azman Goh #9277","+60170009278","Subang Parksuites",6749,2263,38.5,"Tier 1: Pre-Approved LPPSA/Bank",251996
"LEAD-19280","Muhammad Hariz #9280","+60120009281","Mont Kiara Pavilion",6860,2320,38.9,"Tier 1: Pre-Approved LPPSA/Bank",252184
"LEAD-19283","Wong Wei Lun #9283","+60150009284","Subang Parksuites",6971,2377,39.2,"Tier 1: Pre-Approved LPPSA/Bank",252372
"LEAD-19286","Mohd Ibrahim #9286","+60180009287","Mont Kiara Pavilion",7082,2434,39.5,"Tier 1: Pre-Approved LPPSA/Bank",252561
"LEAD-19289","Kevin Chen #9289","+60130009290","Subang Parksuites",7193,2491,39.8,"Tier 1: Pre-Approved LPPSA/Bank",252749
"LEAD-19292","Razif Nordin #9292","+60160009293","Mont Kiara Pavilion",7304,2548,40.1,"Tier 1: Pre-Approved LPPSA/Bank",252938
"LEAD-19295","Chong Osman #9295","+60190009296","Subang Parksuites",7415,2605,40.4,"Tier 1: Pre-Approved LPPSA/Bank",253126
"LEAD-19298","Hafiz Aini #9298","+60140009299","Mont Kiara Pavilion",7526,2662,40.7,"Tier 1: Pre-Approved LPPSA/Bank",253314
"LEAD-19301","Ahmad Razif #9301","+60170009302","Subang Parksuites",7637,2719,40.9,"Tier 1: Pre-Approved LPPSA/Bank",253503
"LEAD-19304","Tan Lee #9304","+60120009305","Mont Kiara Pavilion",7748,2776,41.2,"Tier 1: Pre-Approved LPPSA/Bank",253691
"LEAD-19307","Farhan Zulkifli #9307","+60150009308","Subang Parksuites",7859,2833,41.4,"Tier 1: Pre-Approved LPPSA/Bank",253880
"LEAD-19310","Jason Rosli #9310","+60180009311","Mont Kiara Pavilion",7970,2890,41.7,"Tier 1: Pre-Approved LPPSA/Bank",254068
"LEAD-19313","Amir Kumar #9313","+60130009314","Subang Parksuites",8081,2947,41.9,"Tier 1: Pre-Approved LPPSA/Bank",254256
"LEAD-19316","Devi Faizal #9316","+60160009317","Mont Kiara Pavilion",8192,3004,42.1,"Tier 1: Pre-Approved LPPSA/Bank",254445
"LEAD-19319","Grace Hassan #9319","+60190009320","Subang Parksuites",8303,3061,42.4,"Tier 1: Pre-Approved LPPSA/Bank",254633
"LEAD-19322","Nurul Subramaniam #9322","+60140009323","Mont Kiara Pavilion",8414,3118,42.6,"Tier 1: Pre-Approved LPPSA/Bank",254822
"LEAD-19325","Santhi Goh #9325","+60170009326","Subang Parksuites",8525,3175,42.8,"Tier 1: Pre-Approved LPPSA/Bank",255010
"LEAD-19328","Sarah Hariz #9328","+60120009329","Mont Kiara Pavilion",8636,3232,43,"Tier 1: Pre-Approved LPPSA/Bank",255198
"LEAD-19331","Siti Wei Lun #9331","+60150009332","Subang Parksuites",8747,3289,43.2,"Tier 1: Pre-Approved LPPSA/Bank",255387
"LEAD-19334","Syed Ibrahim #9334","+60180009335","Mont Kiara Pavilion",8858,3346,43.4,"Tier 1: Pre-Approved LPPSA/Bank",255575
"LEAD-19337","Azman Chen #9337","+60130009338","Subang Parksuites",8969,3403,43.6,"Tier 1: Pre-Approved LPPSA/Bank",255764
"LEAD-19340","Muhammad Nordin #9340","+60160009341","Mont Kiara Pavilion",9080,3460,43.8,"Tier 1: Pre-Approved LPPSA/Bank",255952
"LEAD-19343","Wong Osman #9343","+60190009344","Subang Parksuites",9191,3517,44,"Tier 1: Pre-Approved LPPSA/Bank",256140
"LEAD-19346","Mohd Aini #9346","+60140009347","Mont Kiara Pavilion",9302,3574,44.2,"Tier 1: Pre-Approved LPPSA/Bank",256329
"LEAD-19349","Kevin Razif #9349","+60170009350","Subang Parksuites",9413,3631,44.3,"Tier 1: Pre-Approved LPPSA/Bank",256517
"LEAD-19352","Razif Lee #9352","+60120009353","Mont Kiara Pavilion",9524,3688,44.5,"Tier 1: Pre-Approved LPPSA/Bank",256706
"LEAD-19355","Chong Zulkifli #9355","+60150009356","Subang Parksuites",9635,3745,44.7,"Tier 1: Pre-Approved LPPSA/Bank",256894
"LEAD-19358","Hafiz Rosli #9358","+60180009359","Mont Kiara Pavilion",9746,3802,44.8,"Tier 1: Pre-Approved LPPSA/Bank",257082
"LEAD-19361","Ahmad Kumar #9361","+60130009362","Subang Parksuites",9857,3859,45,"Tier 1: Pre-Approved LPPSA/Bank",257271
"LEAD-19364","Tan Faizal #9364","+60160009365","Mont Kiara Pavilion",9968,3916,45.2,"Tier 2: Qualified Bank Loan",257459
"LEAD-19367","Farhan Hassan #9367","+60190009368","Subang Parksuites",10079,3973,45.3,"Tier 2: Qualified Bank Loan",257648
"LEAD-19370","Jason Subramaniam #9370","+60140009371","Mont Kiara Pavilion",10190,4030,45.5,"Tier 2: Qualified Bank Loan",257836
"LEAD-19373","Amir Goh #9373","+60170009374","Subang Parksuites",10301,4087,45.6,"Tier 2: Qualified Bank Loan",258024
"LEAD-19376","Devi Hariz #9376","+60120009377","Mont Kiara Pavilion",10412,4144,45.7,"Tier 2: Qualified Bank Loan",258213
"LEAD-19379","Grace Wei Lun #9379","+60150009380","Subang Parksuites",10523,4201,45.9,"Tier 2: Qualified Bank Loan",258401
"LEAD-19382","Nurul Ibrahim #9382","+60180009383","Mont Kiara Pavilion",10634,4258,46,"Tier 2: Qualified Bank Loan",258590
"LEAD-19385","Santhi Chen #9385","+60130009386","Subang Parksuites",10745,4315,46.2,"Tier 2: Qualified Bank Loan",258778
"LEAD-19388","Sarah Nordin #9388","+60160009389","Mont Kiara Pavilion",10856,4372,46.3,"Tier 2: Qualified Bank Loan",258966
"LEAD-19391","Siti Osman #9391","+60190009392","Subang Parksuites",10967,4429,46.4,"Tier 2: Qualified Bank Loan",259155
"LEAD-19394","Syed Aini #9394","+60140009395","Mont Kiara Pavilion",11078,4486,46.5,"Tier 2: Qualified Bank Loan",259343
"LEAD-19397","Azman Razif #9397","+60170009398","Subang Parksuites",11189,1043,10.7,"Tier 1: Pre-Approved LPPSA/Bank",959532
"LEAD-19400","Muhammad Lee #9400","+60120009401","Mont Kiara Pavilion",11300,1100,11.2,"Tier 1: Pre-Approved LPPSA/Bank",959720
"LEAD-19403","Wong Zulkifli #9403","+60150009404","Subang Parksuites",11411,1157,11.7,"Tier 1: Pre-Approved LPPSA/Bank",959908
"LEAD-19406","Mohd Rosli #9406","+60180009407","Mont Kiara Pavilion",11522,1214,12.1,"Tier 1: Pre-Approved LPPSA/Bank",960097
"LEAD-19409","Kevin Kumar #9409","+60130009410","Subang Parksuites",11633,1271,12.6,"Tier 1: Pre-Approved LPPSA/Bank",960285
"LEAD-19412","Razif Faizal #9412","+60160009413","Mont Kiara Pavilion",11744,1328,13,"Tier 1: Pre-Approved LPPSA/Bank",960474
"LEAD-19415","Chong Hassan #9415","+60190009416","Subang Parksuites",11855,1385,13.4,"Tier 1: Pre-Approved LPPSA/Bank",960662
"LEAD-19418","Hafiz Subramaniam #9418","+60140009419","Mont Kiara Pavilion",11966,1442,13.9,"Tier 1: Pre-Approved LPPSA/Bank",960850
"LEAD-19421","Ahmad Goh #9421","+60170009422","Subang Parksuites",3577,1499,48.2,"Tier 3: Joint Loan Needed",73639
"LEAD-19424","Tan Hariz #9424","+60120009425","Mont Kiara Pavilion",3688,1556,48.5,"Tier 3: Joint Loan Needed",73827
"LEAD-19427","Farhan Wei Lun #9427","+60150009428","Subang Parksuites",3799,1613,48.8,"Tier 3: Joint Loan Needed",74016
"LEAD-19430","Jason Ibrahim #9430","+60180009431","Mont Kiara Pavilion",3910,1670,49.1,"Tier 3: Joint Loan Needed",74204
"LEAD-19433","Amir Chen #9433","+60130009434","Subang Parksuites",4021,1727,49.4,"Tier 3: Joint Loan Needed",74392
"LEAD-19436","Devi Nordin #9436","+60160009437","Mont Kiara Pavilion",4132,1784,49.6,"Tier 3: Joint Loan Needed",74581
"LEAD-19439","Grace Osman #9439","+60190009440","Subang Parksuites",4243,1841,49.9,"Tier 3: Joint Loan Needed",74769
"LEAD-19442","Nurul Aini #9442","+60140009443","Mont Kiara Pavilion",4354,1898,50.1,"Tier 3: Joint Loan Needed",74958
"LEAD-19445","Santhi Razif #9445","+60170009446","Subang Parksuites",4465,1955,50.3,"Tier 3: Joint Loan Needed",75146
"LEAD-19448","Sarah Lee #9448","+60120009449","Mont Kiara Pavilion",4576,2012,50.5,"Tier 2: Qualified Bank Loan",75334
"LEAD-19451","Siti Zulkifli #9451","+60150009452","Subang Parksuites",4687,2069,50.7,"Tier 2: Qualified Bank Loan",75523
"LEAD-19454","Syed Rosli #9454","+60180009455","Mont Kiara Pavilion",4798,2126,50.9,"Tier 2: Qualified Bank Loan",75711
"LEAD-19457","Azman Kumar #9457","+60130009458","Subang Parksuites",4909,2183,51.1,"Tier 2: Qualified Bank Loan",75900
"LEAD-19460","Muhammad Faizal #9460","+60160009461","Mont Kiara Pavilion",5020,2240,51.3,"Tier 2: Qualified Bank Loan",76088
"LEAD-19463","Wong Hassan #9463","+60190009464","Subang Parksuites",5131,2297,51.5,"Tier 2: Qualified Bank Loan",76276
"LEAD-19466","Mohd Subramaniam #9466","+60140009467","Mont Kiara Pavilion",5242,2354,51.6,"Tier 2: Qualified Bank Loan",76465
"LEAD-19469","Kevin Goh #9469","+60170009470","Subang Parksuites",5353,2411,51.8,"Tier 2: Qualified Bank Loan",76653
"LEAD-19472","Razif Hariz #9472","+60120009473","Mont Kiara Pavilion",5464,2468,51.9,"Tier 2: Qualified Bank Loan",76842
"LEAD-19475","Chong Wei Lun #9475","+60150009476","Subang Parksuites",5575,2525,52.1,"Tier 2: Qualified Bank Loan",77030
"LEAD-19478","Hafiz Ibrahim #9478","+60180009479","Mont Kiara Pavilion",5686,2582,52.2,"Tier 2: Qualified Bank Loan",77218
"LEAD-19481","Ahmad Chen #9481","+60130009482","Subang Parksuites",5797,2639,52.3,"Tier 2: Qualified Bank Loan",77407
"LEAD-19484","Tan Nordin #9484","+60160009485","Mont Kiara Pavilion",5908,2696,52.5,"Tier 2: Qualified Bank Loan",77595
"LEAD-19487","Farhan Osman #9487","+60190009488","Subang Parksuites",6019,2753,52.6,"Tier 2: Qualified Bank Loan",77784
"LEAD-19490","Jason Aini #9490","+60140009491","Mont Kiara Pavilion",6130,2810,52.7,"Tier 2: Qualified Bank Loan",77972
"LEAD-19493","Amir Razif #9493","+60170009494","Subang Parksuites",6241,2867,52.8,"Tier 2: Qualified Bank Loan",78160
"LEAD-19496","Devi Lee #9496","+60120009497","Mont Kiara Pavilion",6352,2924,52.9,"Tier 2: Qualified Bank Loan",78349
"LEAD-19499","Grace Zulkifli #9499","+60150009500","Subang Parksuites",6463,2981,53,"Tier 2: Qualified Bank Loan",78537
"LEAD-19502","Nurul Rosli #9502","+60180000003","Mont Kiara Pavilion",6574,3038,53.1,"Tier 2: Qualified Bank Loan",78726
"LEAD-19505","Santhi Kumar #9505","+60130000006","Subang Parksuites",6685,3095,53.2,"Tier 2: Qualified Bank Loan",78914
"LEAD-19508","Sarah Faizal #9508","+60160000009","Mont Kiara Pavilion",6796,3152,53.3,"Tier 2: Qualified Bank Loan",79102
"LEAD-19511","Siti Hassan #9511","+60190000012","Subang Parksuites",6907,3209,53.4,"Tier 2: Qualified Bank Loan",79291
"LEAD-19514","Syed Subramaniam #9514","+60140000015","Mont Kiara Pavilion",7018,3266,53.5,"Tier 2: Qualified Bank Loan",79479
"LEAD-19517","Azman Goh #9517","+60170000018","Subang Parksuites",7129,3323,53.6,"Tier 2: Qualified Bank Loan",79668
"LEAD-19520","Muhammad Hariz #9520","+60120000021","Mont Kiara Pavilion",7240,3380,53.7,"Tier 2: Qualified Bank Loan",79856
"LEAD-19523","Wong Wei Lun #9523","+60150000024","Subang Parksuites",7351,3437,53.7,"Tier 2: Qualified Bank Loan",80044
"LEAD-19526","Mohd Ibrahim #9526","+60180000027","Mont Kiara Pavilion",7462,3494,53.8,"Tier 2: Qualified Bank Loan",80233
"LEAD-19529","Kevin Chen #9529","+60130000030","Subang Parksuites",7573,3551,53.9,"Tier 2: Qualified Bank Loan",80421
"LEAD-19532","Razif Nordin #9532","+60160000033","Mont Kiara Pavilion",7684,3608,54,"Tier 2: Qualified Bank Loan",80610
"LEAD-19535","Chong Osman #9535","+60190000036","Subang Parksuites",7795,3665,54,"Tier 2: Qualified Bank Loan",80798
"LEAD-19538","Hafiz Aini #9538","+60140000039","Mont Kiara Pavilion",7906,3722,54.1,"Tier 2: Qualified Bank Loan",80986
"LEAD-19541","Ahmad Razif #9541","+60170000042","Subang Parksuites",8017,3779,54.2,"Tier 2: Qualified Bank Loan",81175
"LEAD-19544","Tan Lee #9544","+60120000045","Mont Kiara Pavilion",8128,3836,54.2,"Tier 2: Qualified Bank Loan",81363
"LEAD-19547","Farhan Zulkifli #9547","+60150000048","Subang Parksuites",8239,3893,54.3,"Tier 2: Qualified Bank Loan",81552
"LEAD-19550","Jason Rosli #9550","+60180000051","Mont Kiara Pavilion",8350,3950,54.4,"Tier 2: Qualified Bank Loan",81740
"LEAD-19553","Amir Kumar #9553","+60130000054","Subang Parksuites",8461,4007,54.4,"Tier 2: Qualified Bank Loan",81928
"LEAD-19556","Devi Faizal #9556","+60160000057","Mont Kiara Pavilion",8572,4064,54.5,"Tier 2: Qualified Bank Loan",82117
"LEAD-19559","Grace Hassan #9559","+60190000060","Subang Parksuites",8683,4121,54.6,"Tier 2: Qualified Bank Loan",82305
"LEAD-19562","Nurul Subramaniam #9562","+60140000063","Mont Kiara Pavilion",8794,4178,54.6,"Tier 2: Qualified Bank Loan",82494
"LEAD-19565","Santhi Goh #9565","+60170000066","Subang Parksuites",8905,4235,54.7,"Tier 2: Qualified Bank Loan",82682
"LEAD-19568","Sarah Hariz #9568","+60120000069","Mont Kiara Pavilion",9016,4292,54.7,"Tier 2: Qualified Bank Loan",82870
"LEAD-19571","Siti Wei Lun #9571","+60150000072","Subang Parksuites",9127,4349,54.8,"Tier 2: Qualified Bank Loan",83059
"LEAD-19574","Syed Ibrahim #9574","+60180000075","Mont Kiara Pavilion",9238,4406,54.8,"Tier 2: Qualified Bank Loan",83247
"LEAD-19577","Azman Chen #9577","+60130000078","Subang Parksuites",9349,4463,54.9,"Tier 2: Qualified Bank Loan",83436
"LEAD-19580","Muhammad Nordin #9580","+60160000081","Mont Kiara Pavilion",9460,1020,12.4,"Tier 1: Pre-Approved LPPSA/Bank",783624
"LEAD-19583","Wong Osman #9583","+60190000084","Subang Parksuites",9571,1077,12.9,"Tier 1: Pre-Approved LPPSA/Bank",783812
"LEAD-19586","Mohd Aini #9586","+60140000087","Mont Kiara Pavilion",9682,1134,13.5,"Tier 1: Pre-Approved LPPSA/Bank",784001
"LEAD-19589","Kevin Razif #9589","+60170000090","Subang Parksuites",9793,1191,14,"Tier 1: Pre-Approved LPPSA/Bank",784189
"LEAD-19592","Razif Lee #9592","+60120000093","Mont Kiara Pavilion",9904,1248,14.5,"Tier 1: Pre-Approved LPPSA/Bank",784378
"LEAD-19595","Chong Zulkifli #9595","+60150000096","Subang Parksuites",10015,1305,15,"Tier 1: Pre-Approved LPPSA/Bank",784566
"LEAD-19598","Hafiz Rosli #9598","+60180000099","Mont Kiara Pavilion",10126,1362,15.5,"Tier 1: Pre-Approved LPPSA/Bank",784754
"LEAD-19601","Ahmad Kumar #9601","+60130000102","Subang Parksuites",10237,1419,15.9,"Tier 1: Pre-Approved LPPSA/Bank",784943
"LEAD-19604","Tan Faizal #9604","+60160000105","Mont Kiara Pavilion",10348,1476,16.4,"Tier 1: Pre-Approved LPPSA/Bank",785131
"LEAD-19607","Farhan Hassan #9607","+60190000108","Subang Parksuites",10459,1533,16.8,"Tier 1: Pre-Approved LPPSA/Bank",785320
"LEAD-19610","Jason Subramaniam #9610","+60140000111","Mont Kiara Pavilion",10570,1590,17.3,"Tier 1: Pre-Approved LPPSA/Bank",785508
"LEAD-19613","Amir Goh #9613","+60170000114","Subang Parksuites",10681,1647,17.7,"Tier 1: Pre-Approved LPPSA/Bank",785696
"LEAD-19616","Devi Hariz #9616","+60120000117","Mont Kiara Pavilion",10792,1704,18.1,"Tier 1: Pre-Approved LPPSA/Bank",785885
"LEAD-19619","Grace Wei Lun #9619","+60150000120","Subang Parksuites",10903,1761,18.6,"Tier 1: Pre-Approved LPPSA/Bank",786073
"LEAD-19622","Nurul Ibrahim #9622","+60180000123","Mont Kiara Pavilion",11014,1818,19,"Tier 1: Pre-Approved LPPSA/Bank",786262
"LEAD-19625","Santhi Chen #9625","+60130000126","Subang Parksuites",11125,1875,19.4,"Tier 1: Pre-Approved LPPSA/Bank",786450
"LEAD-19628","Sarah Nordin #9628","+60160000129","Mont Kiara Pavilion",11236,1932,19.8,"Tier 1: Pre-Approved LPPSA/Bank",786638
"LEAD-19631","Siti Osman #9631","+60190000132","Subang Parksuites",11347,1989,20.1,"Tier 1: Pre-Approved LPPSA/Bank",786827
"LEAD-19634","Syed Aini #9634","+60140000135","Mont Kiara Pavilion",11458,2046,20.5,"Tier 1: Pre-Approved LPPSA/Bank",787015
"LEAD-19637","Azman Razif #9637","+60170000138","Subang Parksuites",11569,2103,20.9,"Tier 1: Pre-Approved LPPSA/Bank",787204
"LEAD-19640","Muhammad Lee #9640","+60120000141","Mont Kiara Pavilion",11680,2160,21.3,"Tier 1: Pre-Approved LPPSA/Bank",787392
"LEAD-19643","Wong Zulkifli #9643","+60150000144","Subang Parksuites",11791,2217,21.6,"Tier 1: Pre-Approved LPPSA/Bank",787580
"LEAD-19646","Mohd Rosli #9646","+60180000147","Mont Kiara Pavilion",11902,2274,22,"Tier 1: Pre-Approved LPPSA/Bank",787769
"LEAD-19649","Kevin Kumar #9649","+60130000150","Subang Parksuites",3513,2331,76.3,"Tier 4: High Risk DSR",0
"LEAD-19652","Razif Faizal #9652","+60160000153","Mont Kiara Pavilion",3624,2388,75.7,"Tier 4: High Risk DSR",0
"LEAD-19655","Chong Hassan #9655","+60190000156","Subang Parksuites",3735,2445,75.2,"Tier 4: High Risk DSR",0
"LEAD-19658","Hafiz Subramaniam #9658","+60140000159","Mont Kiara Pavilion",3846,2502,74.8,"Tier 3: Joint Loan Needed",0
"LEAD-19661","Ahmad Goh #9661","+60170000162","Subang Parksuites",3957,2559,74.3,"Tier 3: Joint Loan Needed",0
"LEAD-19664","Tan Hariz #9664","+60120000165","Mont Kiara Pavilion",4068,2616,73.9,"Tier 3: Joint Loan Needed",0
"LEAD-19667","Farhan Wei Lun #9667","+60150000168","Subang Parksuites",4179,2673,73.5,"Tier 3: Joint Loan Needed",0
"LEAD-19670","Jason Ibrahim #9670","+60180000171","Mont Kiara Pavilion",4290,2730,73.1,"Tier 3: Joint Loan Needed",0
"LEAD-19673","Amir Chen #9673","+60130000174","Subang Parksuites",4401,2787,72.8,"Tier 3: Joint Loan Needed",0
"LEAD-19676","Devi Nordin #9676","+60160000177","Mont Kiara Pavilion",4512,2844,72.5,"Tier 3: Joint Loan Needed",0
"LEAD-19679","Grace Osman #9679","+60190000180","Subang Parksuites",4623,2901,72.1,"Tier 3: Joint Loan Needed",0
"LEAD-19682","Nurul Aini #9682","+60140000183","Mont Kiara Pavilion",4734,2958,71.8,"Tier 3: Joint Loan Needed",0
"LEAD-19685","Santhi Razif #9685","+60170000186","Subang Parksuites",4845,3015,71.5,"Tier 3: Joint Loan Needed",0
"LEAD-19688","Sarah Lee #9688","+60120000189","Mont Kiara Pavilion",4956,3072,71.2,"Tier 3: Joint Loan Needed",0
"LEAD-19691","Siti Zulkifli #9691","+60150000192","Subang Parksuites",5067,3129,71,"Tier 3: Joint Loan Needed",0
"LEAD-19694","Syed Rosli #9694","+60180000195","Mont Kiara Pavilion",5178,3186,70.7,"Tier 3: Joint Loan Needed",0
"LEAD-19697","Azman Kumar #9697","+60130000198","Subang Parksuites",5289,3243,70.5,"Tier 3: Joint Loan Needed",0
"LEAD-19700","Muhammad Faizal #9700","+60160000201","Mont Kiara Pavilion",5400,3300,70.2,"Tier 3: Joint Loan Needed",0
"LEAD-19703","Wong Hassan #9703","+60190000204","Subang Parksuites",5511,3357,70,"Tier 3: Joint Loan Needed",0
"LEAD-19706","Mohd Subramaniam #9706","+60140000207","Mont Kiara Pavilion",5622,3414,69.8,"Tier 3: Joint Loan Needed",0
"LEAD-19709","Kevin Goh #9709","+60170000210","Subang Parksuites",5733,3471,69.6,"Tier 3: Joint Loan Needed",0
"LEAD-19712","Razif Hariz #9712","+60120000213","Mont Kiara Pavilion",5844,3528,69.4,"Tier 3: Joint Loan Needed",0
"LEAD-19715","Chong Wei Lun #9715","+60150000216","Subang Parksuites",5955,3585,69.2,"Tier 3: Joint Loan Needed",0
"LEAD-19718","Hafiz Ibrahim #9718","+60180000219","Mont Kiara Pavilion",6066,3642,69,"Tier 3: Joint Loan Needed",0
"LEAD-19721","Ahmad Chen #9721","+60130000222","Subang Parksuites",6177,3699,68.8,"Tier 3: Joint Loan Needed",0
"LEAD-19724","Tan Nordin #9724","+60160000225","Mont Kiara Pavilion",6288,3756,68.7,"Tier 3: Joint Loan Needed",0
"LEAD-19727","Farhan Osman #9727","+60190000228","Subang Parksuites",6399,3813,68.5,"Tier 3: Joint Loan Needed",0
"LEAD-19730","Jason Aini #9730","+60140000231","Mont Kiara Pavilion",6510,3870,68.3,"Tier 3: Joint Loan Needed",0
"LEAD-19733","Amir Razif #9733","+60170000234","Subang Parksuites",6621,3927,68.2,"Tier 3: Joint Loan Needed",0
"LEAD-19736","Devi Lee #9736","+60120000237","Mont Kiara Pavilion",6732,3984,68,"Tier 3: Joint Loan Needed",0
"LEAD-19739","Grace Zulkifli #9739","+60150000240","Subang Parksuites",6843,4041,67.9,"Tier 3: Joint Loan Needed",0
"LEAD-19742","Nurul Rosli #9742","+60180000243","Mont Kiara Pavilion",6954,4098,67.7,"Tier 3: Joint Loan Needed",0
"LEAD-19745","Santhi Kumar #9745","+60130000246","Subang Parksuites",7065,4155,67.6,"Tier 3: Joint Loan Needed",0
"LEAD-19748","Sarah Faizal #9748","+60160000249","Mont Kiara Pavilion",7176,4212,67.5,"Tier 3: Joint Loan Needed",0
"LEAD-19751","Siti Hassan #9751","+60190000252","Subang Parksuites",7287,4269,67.3,"Tier 3: Joint Loan Needed",0
"LEAD-19754","Syed Subramaniam #9754","+60140000255","Mont Kiara Pavilion",7398,4326,67.2,"Tier 3: Joint Loan Needed",0
"LEAD-19757","Azman Goh #9757","+60170000258","Subang Parksuites",7509,4383,67.1,"Tier 3: Joint Loan Needed",0
"LEAD-19760","Muhammad Hariz #9760","+60120000261","Mont Kiara Pavilion",7620,4440,67,"Tier 3: Joint Loan Needed",0
"LEAD-19763","Wong Wei Lun #9763","+60150000264","Subang Parksuites",7731,4497,66.9,"Tier 3: Joint Loan Needed",0
"LEAD-19766","Mohd Ibrahim #9766","+60180000267","Mont Kiara Pavilion",7842,1054,15.4,"Tier 1: Pre-Approved LPPSA/Bank",607905
"LEAD-19769","Kevin Chen #9769","+60130000270","Subang Parksuites",7953,1111,16.1,"Tier 1: Pre-Approved LPPSA/Bank",608093
"LEAD-19772","Razif Nordin #9772","+60160000273","Mont Kiara Pavilion",8064,1168,16.6,"Tier 1: Pre-Approved LPPSA/Bank",608282
"LEAD-19775","Chong Osman #9775","+60190000276","Subang Parksuites",8175,1225,17.2,"Tier 1: Pre-Approved LPPSA/Bank",608470
"LEAD-19778","Hafiz Aini #9778","+60140000279","Mont Kiara Pavilion",8286,1282,17.8,"Tier 1: Pre-Approved LPPSA/Bank",608658
"LEAD-19781","Ahmad Razif #9781","+60170000282","Subang Parksuites",8397,1339,18.3,"Tier 1: Pre-Approved LPPSA/Bank",608847
"LEAD-19784","Tan Lee #9784","+60120000285","Mont Kiara Pavilion",8508,1396,18.9,"Tier 1: Pre-Approved LPPSA/Bank",609035
"LEAD-19787","Farhan Zulkifli #9787","+60150000288","Subang Parksuites",8619,1453,19.4,"Tier 1: Pre-Approved LPPSA/Bank",609224
"LEAD-19790","Jason Rosli #9790","+60180000291","Mont Kiara Pavilion",8730,1510,19.9,"Tier 1: Pre-Approved LPPSA/Bank",609412
"LEAD-19793","Amir Kumar #9793","+60130000294","Subang Parksuites",8841,1567,20.4,"Tier 1: Pre-Approved LPPSA/Bank",609600
"LEAD-19796","Devi Faizal #9796","+60160000297","Mont Kiara Pavilion",8952,1624,20.9,"Tier 1: Pre-Approved LPPSA/Bank",609789
"LEAD-19799","Grace Hassan #9799","+60190000300","Subang Parksuites",9063,1681,21.3,"Tier 1: Pre-Approved LPPSA/Bank",609977
"LEAD-19802","Nurul Subramaniam #9802","+60140000303","Mont Kiara Pavilion",9174,1738,21.8,"Tier 1: Pre-Approved LPPSA/Bank",610166
"LEAD-19805","Santhi Goh #9805","+60170000306","Subang Parksuites",9285,1795,22.2,"Tier 1: Pre-Approved LPPSA/Bank",610354
"LEAD-19808","Sarah Hariz #9808","+60120000309","Mont Kiara Pavilion",9396,1852,22.7,"Tier 1: Pre-Approved LPPSA/Bank",610542
"LEAD-19811","Siti Wei Lun #9811","+60150000312","Subang Parksuites",9507,1909,23.1,"Tier 1: Pre-Approved LPPSA/Bank",610731
"LEAD-19814","Syed Ibrahim #9814","+60180000315","Mont Kiara Pavilion",9618,1966,23.5,"Tier 1: Pre-Approved LPPSA/Bank",610919
"LEAD-19817","Azman Chen #9817","+60130000318","Subang Parksuites",9729,2023,23.9,"Tier 1: Pre-Approved LPPSA/Bank",611108
"LEAD-19820","Muhammad Nordin #9820","+60160000321","Mont Kiara Pavilion",9840,2080,24.3,"Tier 1: Pre-Approved LPPSA/Bank",611296
"LEAD-19823","Wong Osman #9823","+60190000324","Subang Parksuites",9951,2137,24.7,"Tier 1: Pre-Approved LPPSA/Bank",611484
"LEAD-19826","Mohd Aini #9826","+60140000327","Mont Kiara Pavilion",10062,2194,25.1,"Tier 1: Pre-Approved LPPSA/Bank",611673
"LEAD-19829","Kevin Razif #9829","+60170000330","Subang Parksuites",10173,2251,25.4,"Tier 1: Pre-Approved LPPSA/Bank",611861
"LEAD-19832","Razif Lee #9832","+60120000333","Mont Kiara Pavilion",10284,2308,25.8,"Tier 1: Pre-Approved LPPSA/Bank",612050
"LEAD-19835","Chong Zulkifli #9835","+60150000336","Subang Parksuites",10395,2365,26.2,"Tier 1: Pre-Approved LPPSA/Bank",612238
"LEAD-19838","Hafiz Rosli #9838","+60180000339","Mont Kiara Pavilion",10506,2422,26.5,"Tier 1: Pre-Approved LPPSA/Bank",612426
"LEAD-19841","Ahmad Kumar #9841","+60130000342","Subang Parksuites",10617,2479,26.8,"Tier 1: Pre-Approved LPPSA/Bank",612615
"LEAD-19844","Tan Faizal #9844","+60160000345","Mont Kiara Pavilion",10728,2536,27.2,"Tier 1: Pre-Approved LPPSA/Bank",612803
"LEAD-19847","Farhan Hassan #9847","+60190000348","Subang Parksuites",10839,2593,27.5,"Tier 1: Pre-Approved LPPSA/Bank",612992
"LEAD-19850","Jason Subramaniam #9850","+60140000351","Mont Kiara Pavilion",10950,2650,27.8,"Tier 1: Pre-Approved LPPSA/Bank",613180
"LEAD-19853","Amir Goh #9853","+60170000354","Subang Parksuites",11061,2707,28.1,"Tier 1: Pre-Approved LPPSA/Bank",613368
"LEAD-19856","Devi Hariz #9856","+60120000357","Mont Kiara Pavilion",11172,2764,28.4,"Tier 1: Pre-Approved LPPSA/Bank",613557
"LEAD-19859","Grace Wei Lun #9859","+60150000360","Subang Parksuites",11283,2821,28.7,"Tier 1: Pre-Approved LPPSA/Bank",613745
"LEAD-19862","Nurul Ibrahim #9862","+60180000363","Mont Kiara Pavilion",11394,2878,29,"Tier 1: Pre-Approved LPPSA/Bank",613934
"LEAD-19865","Santhi Chen #9865","+60130000366","Subang Parksuites",11505,2935,29.3,"Tier 1: Pre-Approved LPPSA/Bank",614122
"LEAD-19868","Sarah Nordin #9868","+60160000369","Mont Kiara Pavilion",11616,2992,29.6,"Tier 1: Pre-Approved LPPSA/Bank",614310
"LEAD-19871","Siti Osman #9871","+60190000372","Subang Parksuites",11727,3049,29.9,"Tier 1: Pre-Approved LPPSA/Bank",614499
"LEAD-19874","Syed Aini #9874","+60140000375","Mont Kiara Pavilion",11838,3106,30.2,"Tier 1: Pre-Approved LPPSA/Bank",614687
"LEAD-19877","Azman Razif #9877","+60170000378","Subang Parksuites",11949,3163,30.4,"Tier 1: Pre-Approved LPPSA/Bank",614876
"LEAD-19880","Muhammad Lee #9880","+60120000381","Mont Kiara Pavilion",3560,3220,104,"Tier 4: High Risk DSR",0
"LEAD-19883","Wong Zulkifli #9883","+60150000384","Subang Parksuites",3671,3277,102.6,"Tier 4: High Risk DSR",0
"LEAD-19886","Mohd Rosli #9886","+60180000387","Mont Kiara Pavilion",3782,3334,101.3,"Tier 4: High Risk DSR",0
"LEAD-19889","Kevin Kumar #9889","+60130000390","Subang Parksuites",3893,3391,100.1,"Tier 4: High Risk DSR",0
"LEAD-19892","Razif Faizal #9892","+60160000393","Mont Kiara Pavilion",4004,3448,99,"Tier 4: High Risk DSR",0
"LEAD-19895","Chong Hassan #9895","+60190000396","Subang Parksuites",4115,3505,97.9,"Tier 4: High Risk DSR",0
"LEAD-19898","Hafiz Subramaniam #9898","+60140000399","Mont Kiara Pavilion",4226,3562,96.9,"Tier 4: High Risk DSR",0
"LEAD-19901","Ahmad Goh #9901","+60170000402","Subang Parksuites",4337,3619,95.9,"Tier 4: High Risk DSR",0
"LEAD-19904","Tan Hariz #9904","+60120000405","Mont Kiara Pavilion",4448,3676,95,"Tier 4: High Risk DSR",0
"LEAD-19907","Farhan Wei Lun #9907","+60150000408","Subang Parksuites",4559,3733,94.1,"Tier 4: High Risk DSR",0
"LEAD-19910","Jason Ibrahim #9910","+60180000411","Mont Kiara Pavilion",4670,3790,93.3,"Tier 4: High Risk DSR",0
"LEAD-19913","Amir Chen #9913","+60130000414","Subang Parksuites",4781,3847,92.5,"Tier 4: High Risk DSR",0
"LEAD-19916","Devi Nordin #9916","+60160000417","Mont Kiara Pavilion",4892,3904,91.7,"Tier 4: High Risk DSR",0
"LEAD-19919","Grace Osman #9919","+60190000420","Subang Parksuites",5003,3961,91,"Tier 4: High Risk DSR",0
"LEAD-19922","Nurul Aini #9922","+60140000423","Mont Kiara Pavilion",5114,4018,90.3,"Tier 4: High Risk DSR",0
"LEAD-19925","Santhi Razif #9925","+60170000426","Subang Parksuites",5225,4075,89.6,"Tier 4: High Risk DSR",0
"LEAD-19928","Sarah Lee #9928","+60120000429","Mont Kiara Pavilion",5336,4132,89,"Tier 4: High Risk DSR",0
"LEAD-19931","Siti Zulkifli #9931","+60150000432","Subang Parksuites",5447,4189,88.4,"Tier 4: High Risk DSR",0
"LEAD-19934","Syed Rosli #9934","+60180000435","Mont Kiara Pavilion",5558,4246,87.8,"Tier 4: High Risk DSR",0
"LEAD-19937","Azman Kumar #9937","+60130000438","Subang Parksuites",5669,4303,87.2,"Tier 4: High Risk DSR",0
"LEAD-19940","Muhammad Faizal #9940","+60160000441","Mont Kiara Pavilion",5780,4360,86.7,"Tier 4: High Risk DSR",0
"LEAD-19943","Wong Hassan #9943","+60190000444","Subang Parksuites",5891,4417,86.2,"Tier 4: High Risk DSR",0
"LEAD-19946","Mohd Subramaniam #9946","+60140000447","Mont Kiara Pavilion",6002,4474,85.7,"Tier 4: High Risk DSR",0
"LEAD-19949","Kevin Goh #9949","+60170000450","Subang Parksuites",6113,1031,19.4,"Tier 2: Qualified Bank Loan",431997
"LEAD-19952","Razif Hariz #9952","+60120000453","Mont Kiara Pavilion",6224,1088,20.1,"Tier 2: Qualified Bank Loan",432186
"LEAD-19955","Chong Wei Lun #9955","+60150000456","Subang Parksuites",6335,1145,20.8,"Tier 2: Qualified Bank Loan",432374
"LEAD-19958","Hafiz Ibrahim #9958","+60180000459","Mont Kiara Pavilion",6446,1202,21.4,"Tier 2: Qualified Bank Loan",432562
"LEAD-19961","Ahmad Chen #9961","+60130000462","Subang Parksuites",6557,1259,22.1,"Tier 1: Pre-Approved LPPSA/Bank",432751
"LEAD-19964","Tan Nordin #9964","+60160000465","Mont Kiara Pavilion",6668,1316,22.7,"Tier 1: Pre-Approved LPPSA/Bank",432939
"LEAD-19967","Farhan Osman #9967","+60190000468","Subang Parksuites",6779,1373,23.3,"Tier 1: Pre-Approved LPPSA/Bank",433128
"LEAD-19970","Jason Aini #9970","+60140000471","Mont Kiara Pavilion",6890,1430,23.9,"Tier 1: Pre-Approved LPPSA/Bank",433316
"LEAD-19973","Amir Razif #9973","+60170000474","Subang Parksuites",7001,1487,24.4,"Tier 1: Pre-Approved LPPSA/Bank",433504
"LEAD-19976","Devi Lee #9976","+60120000477","Mont Kiara Pavilion",7112,1544,25,"Tier 1: Pre-Approved LPPSA/Bank",433693
"LEAD-19979","Grace Zulkifli #9979","+60150000480","Subang Parksuites",7223,1601,25.5,"Tier 1: Pre-Approved LPPSA/Bank",433881
"LEAD-19982","Nurul Rosli #9982","+60180000483","Mont Kiara Pavilion",7334,1658,26,"Tier 1: Pre-Approved LPPSA/Bank",434070
"LEAD-19985","Santhi Kumar #9985","+60130000486","Subang Parksuites",7445,1715,26.5,"Tier 1: Pre-Approved LPPSA/Bank",434258
"LEAD-19988","Sarah Faizal #9988","+60160000489","Mont Kiara Pavilion",7556,1772,27,"Tier 1: Pre-Approved LPPSA/Bank",434446
"LEAD-19991","Siti Hassan #9991","+60190000492","Subang Parksuites",7667,1829,27.4,"Tier 1: Pre-Approved LPPSA/Bank",434635
"LEAD-19994","Syed Subramaniam #9994","+60140000495","Mont Kiara Pavilion",7778,1886,27.9,"Tier 1: Pre-Approved LPPSA/Bank",434823
"LEAD-19997","Azman Goh #9997","+60170000498","Subang Parksuites",7889,1943,28.3,"Tier 1: Pre-Approved LPPSA/Bank",435012
"LEAD-20000","Muhammad Hariz #10000","+60120000501","Mont Kiara Pavilion",8000,2000,28.7,"Tier 1: Pre-Approved LPPSA/Bank",435200