id,name,phone,project,income,commitments,dsrRatio,tier,maxLoanAmount
"LEAD-10003","Wong Wei Lun #3","+60150000004","Damansara Heights Residence",3611,1057,33.6,"Tier 3: Joint Loan Needed",165588
"LEAD-10006","Mohd Ibrahim #6","+60180000007","SkyResidence Subang",3722,1114,34.4,"Tier 3: Joint Loan Needed",165777
"LEAD-10009","Kevin Chen #9","+60130000010","Damansara Heights Residence",3833,1171,35.1,"Tier 3: Joint Loan Needed",165965
"LEAD-10012","Razif Nordin #12","+60160000013","SkyResidence Subang",3944,1228,35.8,"Tier 3: Joint Loan Needed",166154
"LEAD-10015","Chong Osman #15","+60190000016","Damansara Heights Residence",4055,1285,36.4,"Tier 3: Joint Loan Needed",166342
"LEAD-10018","Hafiz Aini #18","+60140000019","SkyResidence Subang",4166,1342,37,"Tier 3: Joint Loan Needed",166530
"LEAD-10021","Ahmad Razif #21","+60170000022","Damansara Heights Residence",4277,1399,37.6,"Tier 3: Joint Loan Needed",166719
"LEAD-10024","Tan Lee #24","+60120000025","SkyResidence Subang",4388,1456,38.1,"Tier 3: Joint Loan Needed",166907
"LEAD-10027","Farhan Zulkifli #27","+60150000028","Damansara Heights Residence",4499,1513,38.7,"Tier 3: Joint Loan Needed",167096
"LEAD-10030","Jason Rosli #30","+60180000031","SkyResidence Subang",4610,1570,39.1,"Tier 2: Qualified Bank Loan",167284
"LEAD-10033","Amir Kumar #33","+60130000034","Damansara Heights Residence",4721,1627,39.6,"Tier 2: Qualified Bank Loan",167472
"LEAD-10036","Devi Faizal #36","+60160000037","SkyResidence Subang",4832,1684,40.1,"Tier 2: Qualified Bank Loan",167661
"LEAD-10039","Grace Hassan #39","+60190000040","Damansara Heights Residence",4943,1741,40.5,"Tier 2: Qualified Bank Loan",167849
"LEAD-10042","Nurul Subramaniam #42","+60140000043","SkyResidence Subang",5054,1798,40.9,"Tier 2: Qualified Bank Loan",168038
"LEAD-10045","Santhi Goh #45","+60170000046","Damansara Heights Residence",5165,1855,41.3,"Tier 2: Qualified Bank Loan",168226
"LEAD-10048","Sarah Hariz #48","+60120000049","SkyResidence Subang",5276,1912,41.7,"Tier 2: Qualified Bank Loan",168414
"LEAD-10051","Siti Wei Lun #51","+60150000052","Damansara Heights Residence",5387,1969,42,"Tier 2: Qualified Bank Loan",168603
"LEAD-10054","Syed Ibrahim #54","+60180000055","SkyResidence Subang",5498,2026,42.4,"Tier 2: Qualified Bank Loan",168791
"LEAD-10057","Azman Chen #57","+60130000058","Damansara Heights Residence",5609,2083,42.7,"Tier 2: Qualified Bank Loan",168980
"LEAD-10060","Muhammad Nordin #60","+60160000061","SkyResidence Subang",5720,2140,43,"Tier 2: Qualified Bank Loan",169168
"LEAD-10063","Wong Osman #63","+60190000064","Damansara Heights Residence",5831,2197,43.3,"Tier 2: Qualified Bank Loan",169356
"LEAD-10066","Mohd Aini #66","+60140000067","SkyResidence Subang",5942,2254,43.6,"Tier 2: Qualified Bank Loan",169545
"LEAD-10069","Kevin Razif #69","+60170000070","Damansara Heights Residence",6053,2311,43.9,"Tier 2: Qualified Bank Loan",169733
"LEAD-10072","Razif Lee #72","+60120000073","SkyResidence Subang",6164,2368,44.2,"Tier 2: Qualified Bank Loan",169922
"LEAD-10075","Chong Zulkifli #75","+60150000076","Damansara Heights Residence",6275,2425,44.4,"Tier 2: Qualified Bank Loan",170110
"LEAD-10078","Hafiz Rosli #78","+60180000079","SkyResidence Subang",6386,2482,44.7,"Tier 2: Qualified Bank Loan",170298
"LEAD-10081","Ahmad Kumar #81","+60130000082","Damansara Heights Residence",6497,2539,44.9,"Tier 2: Qualified Bank Loan",170487
"LEAD-10084","Tan Faizal #84","+60160000085","SkyResidence Subang",6608,2596,45.2,"Tier 2: Qualified Bank Loan",170675
"LEAD-10087","Farhan Hassan #87","+60190000088","Damansara Heights Residence",6719,2653,45.4,"Tier 2: Qualified Bank Loan",170864
"LEAD-10090","Jason Subramaniam #90","+60140000091","SkyResidence Subang",6830,2710,45.6,"Tier 2: Qualified Bank Loan",171052
"LEAD-10093","Amir Goh #93","+60170000094","Damansara Heights Residence",6941,2767,45.8,"Tier 2: Qualified Bank Loan",171240
"LEAD-10096","Devi Hariz #96","+60120000097","SkyResidence Subang",7052,2824,46,"Tier 2: Qualified Bank Loan",171429
"LEAD-10099","Grace Wei Lun #99","+60150000100","Damansara Heights Residence",7163,2881,46.2,"Tier 2: Qualified Bank Loan",171617
"LEAD-10102","Nurul Ibrahim #102","+60180000103","SkyResidence Subang",7274,2938,46.4,"Tier 2: Qualified Bank Loan",171806
"LEAD-10105","Santhi Chen #105","+60130000106","Damansara Heights Residence",7385,2995,46.6,"Tier 2: Qualified Bank Loan",171994
"LEAD-10108","Sarah Nordin #108","+60160000109","SkyResidence Subang",7496,3052,46.8,"Tier 2: Qualified Bank Loan",172182
"LEAD-10111","Siti Osman #111","+60190000112","Damansara Heights Residence",7607,3109,47,"Tier 2: Qualified Bank Loan",172371
"LEAD-10114","Syed Aini #114","+60140000115","SkyResidence Subang",7718,3166,47.2,"Tier 2: Qualified Bank Loan",172559
"LEAD-10117","Azman Razif #117","+60170000118","Damansara Heights Residence",7829,3223,47.3,"Tier 2: Qualified Bank Loan",172748
"LEAD-10120","Muhammad Lee #120","+60120000121","SkyResidence Subang",7940,3280,47.5,"Tier 2: Qualified Bank Loan",172936
"LEAD-10123","Wong Zulkifli #123","+60150000124","Damansara Heights Residence",8051,3337,47.6,"Tier 2: Qualified Bank Loan",173124
"LEAD-10126","Mohd Rosli #126","+60180000127","SkyResidence Subang",8162,3394,47.8,"Tier 2: Qualified Bank Loan",173313
"LEAD-10129","Kevin Kumar #129","+60130000130","Damansara Heights Residence",8273,3451,47.9,"Tier 2: Qualified Bank Loan",173501
"LEAD-10132","Razif Faizal #132","+60160000133","SkyResidence Subang",8384,3508,48.1,"Tier 2: Qualified Bank Loan",173690
"LEAD-10135","Chong Hassan #135","+60190000136","Damansara Heights Residence",8495,3565,48.2,"Tier 2: Qualified Bank Loan",173878
"LEAD-10138","Hafiz Subramaniam #138","+60140000139","SkyResidence Subang",8606,3622,48.4,"Tier 2: Qualified Bank Loan",174066
"LEAD-10141","Ahmad Goh #141","+60170000142","Damansara Heights Residence",8717,3679,48.5,"Tier 2: Qualified Bank Loan",174255
"LEAD-10144","Tan Hariz #144","+60120000145","SkyResidence Subang",8828,3736,48.6,"Tier 2: Qualified Bank Loan",174443
"LEAD-10147","Farhan Wei Lun #147","+60150000148","Damansara Heights Residence",8939,3793,48.8,"Tier 2: Qualified Bank Loan",174632
"LEAD-10150","Jason Ibrahim #150","+60180000151","SkyResidence Subang",9050,3850,48.9,"Tier 2: Qualified Bank Loan",174820
"LEAD-10153","Amir Chen #153","+60130000154","Damansara Heights Residence",9161,3907,49,"Tier 2: Qualified Bank Loan",175008
"LEAD-10156","Devi Nordin #156","+60160000157","SkyResidence Subang",9272,3964,49.1,"Tier 2: Qualified Bank Loan",175197
"LEAD-10159","Grace Osman #159","+60190000160","Damansara Heights Residence",9383,4021,49.3,"Tier 2: Qualified Bank Loan",175385
"LEAD-10162","Nurul Aini #162","+60140000163","SkyResidence Subang",9494,4078,49.4,"Tier 2: Qualified Bank Loan",175574
"LEAD-10165","Santhi Razif #165","+60170000166","Damansara Heights Residence",9605,4135,49.5,"Tier 2: Qualified Bank Loan",175762
"LEAD-10168","Sarah Lee #168","+60120000169","SkyResidence Subang",9716,4192,49.6,"Tier 2: Qualified Bank Loan",175950
"LEAD-10171","Siti Zulkifli #171","+60150000172","Damansara Heights Residence",9827,4249,49.7,"Tier 2: Qualified Bank Loan",176139
"LEAD-10174","Syed Rosli #174","+60180000175","SkyResidence Subang",9938,4306,49.8,"Tier 2: Qualified Bank Loan",176327
"LEAD-10177","Azman Kumar #177","+60130000178","Damansara Heights Residence",10049,4363,49.9,"Tier 2: Qualified Bank Loan",176516
"LEAD-10180","Muhammad Faizal #180","+60160000181","SkyResidence Subang",10160,4420,50,"Tier 2: Qualified Bank Loan",176704
"LEAD-10183","Wong Hassan #183","+60190000184","Damansara Heights Residence",10271,4477,50.1,"Tier 2: Qualified Bank Loan",176892
"LEAD-10186","Mohd Subramaniam #186","+60140000187","SkyResidence Subang",10382,1034,11.4,"Tier 1: Pre-Approved LPPSA/Bank",877081
"LEAD-10189","Kevin Goh #189","+60170000190","Damansara Heights Residence",10493,1091,12,"Tier 1: Pre-Approved LPPSA/Bank",877269
"LEAD-10192","Razif Hariz #192","+60120000193","SkyResidence Subang",10604,1148,12.4,"Tier 1: Pre-Approved LPPSA/Bank",877458
"LEAD-10195","Chong Wei Lun #195","+60150000196","Damansara Heights Residence",10715,1205,12.9,"Tier 1: Pre-Approved LPPSA/Bank",877646
"LEAD-10198","Hafiz Ibrahim #198","+60180000199","SkyResidence Subang",10826,1262,13.4,"Tier 1: Pre-Approved LPPSA/Bank",877834
"LEAD-10201","Ahmad Chen #201","+60130000202","Damansara Heights Residence",10937,1319,13.9,"Tier 1: Pre-Approved LPPSA/Bank",878023
"LEAD-10204","Tan Nordin #204","+60160000205","SkyResidence Subang",11048,1376,14.3,"Tier 1: Pre-Approved LPPSA/Bank",878211
"LEAD-10207","Farhan Osman #207","+60190000208","Damansara Heights Residence",11159,1433,14.8,"Tier 1: Pre-Approved LPPSA/Bank",878400
"LEAD-10210","Jason Aini #210","+60140000211","SkyResidence Subang",11270,1490,15.2,"Tier 1: Pre-Approved LPPSA/Bank",878588
"LEAD-10213","Amir Razif #213","+60170000214","Damansara Heights Residence",11381,1547,15.6,"Tier 1: Pre-Approved LPPSA/Bank",878776
"LEAD-10216","Devi Lee #216","+60120000217","SkyResidence Subang",11492,1604,16,"Tier 1: Pre-Approved LPPSA/Bank",878965
"LEAD-10219","Grace Zulkifli #219","+60150000220","Damansara Heights Residence",11603,1661,16.5,"Tier 1: Pre-Approved LPPSA/Bank",879153
"LEAD-10222","Nurul Rosli #222","+60180000223","SkyResidence Subang",11714,1718,16.9,"Tier 1: Pre-Approved LPPSA/Bank",879342
"LEAD-10225","Santhi Kumar #225","+60130000226","Damansara Heights Residence",11825,1775,17.3,"Tier 1: Pre-Approved LPPSA/Bank",879530
"LEAD-10228","Sarah Faizal #228","+60160000229","SkyResidence Subang",11936,1832,17.6,"Tier 1: Pre-Approved LPPSA/Bank",879718
"LEAD-10231","Siti Hassan #231","+60190000232","Damansara Heights Residence",3547,1889,61.2,"Tier 3: Joint Loan Needed",0
"LEAD-10234","Syed Subramaniam #234","+60140000235","SkyResidence Subang",3658,1946,61.1,"Tier 3: Joint Loan Needed",0
"LEAD-10237","Azman Goh #237","+60170000238","Damansara Heights Residence",3769,2003,61.1,"Tier 3: Joint Loan Needed",0
"LEAD-10240","Muhammad Hariz #240","+60120000241","SkyResidence Subang",3880,2060,61,"Tier 3: Joint Loan Needed",0
"LEAD-10243","Wong Wei Lun #243","+60150000244","Damansara Heights Residence",3991,2117,61,"Tier 3: Joint Loan Needed",0
"LEAD-10246","Mohd Ibrahim #246","+60180000247","SkyResidence Subang",4102,2174,60.9,"Tier 3: Joint Loan Needed",0
"LEAD-10249","Kevin Chen #249","+60130000250","Damansara Heights Residence",4213,2231,60.9,"Tier 3: Joint Loan Needed",0
"LEAD-10252","Razif Nordin #252","+60160000253","SkyResidence Subang",4324,2288,60.8,"Tier 3: Joint Loan Needed",0
"LEAD-10255","Chong Osman #255","+60190000256","Damansara Heights Residence",4435,2345,60.8,"Tier 3: Joint Loan Needed",0
"LEAD-10258","Hafiz Aini #258","+60140000259","SkyResidence Subang",4546,2402,60.7,"Tier 3: Joint Loan Needed",0
"LEAD-10261","Ahmad Razif #261","+60170000262","Damansara Heights Residence",4657,2459,60.7,"Tier 3: Joint Loan Needed",0
"LEAD-10264","Tan Lee #264","+60120000265","SkyResidence Subang",4768,2516,60.7,"Tier 3: Joint Loan Needed",0
"LEAD-10267","Farhan Zulkifli #267","+60150000268","Damansara Heights Residence",4879,2573,60.6,"Tier 3: Joint Loan Needed",0
"LEAD-10270","Jason Rosli #270","+60180000271","SkyResidence Subang",4990,2630,60.6,"Tier 3: Joint Loan Needed",0
"LEAD-10273","Amir Kumar #273","+60130000274","Damansara Heights Residence",5101,2687,60.5,"Tier 3: Joint Loan Needed",0
"LEAD-10276","Devi Faizal #276","+60160000277","SkyResidence Subang",5212,2744,60.5,"Tier 3: Joint Loan Needed",0
"LEAD-10279","Grace Hassan #279","+60190000280","Damansara Heights Residence",5323,2801,60.5,"Tier 3: Joint Loan Needed",0
"LEAD-10282","Nurul Subramaniam #282","+60140000283","SkyResidence Subang",5434,2858,60.5,"Tier 3: Joint Loan Needed",0
"LEAD-10285","Santhi Goh #285","+60170000286","Damansara Heights Residence",5545,2915,60.4,"Tier 3: Joint Loan Needed",0
"LEAD-10288","Sarah Hariz #288","+60120000289","SkyResidence Subang",5656,2972,60.4,"Tier 3: Joint Loan Needed",0
"LEAD-10291","Siti Wei Lun #291","+60150000292","Damansara Heights Residence",5767,3029,60.4,"Tier 3: Joint Loan Needed",0
"LEAD-10294","Syed Ibrahim #294","+60180000295","SkyResidence Subang",5878,3086,60.3,"Tier 3: Joint Loan Needed",0
"LEAD-10297","Azman Chen #297","+60130000298","Damansara Heights Residence",5989,3143,60.3,"Tier 3: Joint Loan Needed",0
"LEAD-10300","Muhammad Nordin #300","+60160000301","SkyResidence Subang",6100,3200,60.3,"Tier 3: Joint Loan Needed",0
"LEAD-10303","Wong Osman #303","+60190000304","Damansara Heights Residence",6211,3257,60.3,"Tier 3: Joint Loan Needed",0
"LEAD-10306","Mohd Aini #306","+60140000307","SkyResidence Subang",6322,3314,60.3,"Tier 3: Joint Loan Needed",0
"LEAD-10309","Kevin Razif #309","+60170000310","Damansara Heights Residence",6433,3371,60.2,"Tier 3: Joint Loan Needed",0
"LEAD-10312","Razif Lee #312","+60120000313","SkyResidence Subang",6544,3428,60.2,"Tier 3: Joint Loan Needed",0
"LEAD-10315","Chong Zulkifli #315","+60150000316","Damansara Heights Residence",6655,3485,60.2,"Tier 3: Joint Loan Needed",0
"LEAD-10318","Hafiz Rosli #318","+60180000319","SkyResidence Subang",6766,3542,60.2,"Tier 3: Joint Loan Needed",0
"LEAD-10321","Ahmad Kumar #321","+60130000322","Damansara Heights Residence",6877,3599,60.2,"Tier 3: Joint Loan Needed",0
"LEAD-10324","Tan Faizal #324","+60160000325","SkyResidence Subang",6988,3656,60.1,"Tier 3: Joint Loan Needed",0
"LEAD-10327","Farhan Hassan #327","+60190000328","Damansara Heights Residence",7099,3713,60.1,"Tier 3: Joint Loan Needed",0
"LEAD-10330","Jason Subramaniam #330","+60140000331","SkyResidence Subang",7210,3770,60.1,"Tier 3: Joint Loan Needed",0
"LEAD-10333","Amir Goh #333","+60170000334","Damansara Heights Residence",7321,3827,60.1,"Tier 3: Joint Loan Needed",0
"LEAD-10336","Devi Hariz #336","+60120000337","SkyResidence Subang",7432,3884,60.1,"Tier 3: Joint Loan Needed",0
"LEAD-10339","Grace Wei Lun #339","+60150000340","Damansara Heights Residence",7543,3941,60.1,"Tier 3: Joint Loan Needed",0
"LEAD-10342","Nurul Ibrahim #342","+60180000343","SkyResidence Subang",7654,3998,60,"Tier 3: Joint Loan Needed",0
"LEAD-10345","Santhi Chen #345","+60130000346","Damansara Heights Residence",7765,4055,60,"Tier 3: Joint Loan Needed",0
"LEAD-10348","Sarah Nordin #348","+60160000349","SkyResidence Subang",7876,4112,60,"Tier 3: Joint Loan Needed",0
"LEAD-10351","Siti Osman #351","+60190000352","Damansara Heights Residence",7987,4169,60,"Tier 2: Qualified Bank Loan",43
"LEAD-10354","Syed Aini #354","+60140000355","SkyResidence Subang",8098,4226,60,"Tier 2: Qualified Bank Loan",231
"LEAD-10357","Azman Razif #357","+60170000358","Damansara Heights Residence",8209,4283,60,"Tier 2: Qualified Bank Loan",420
"LEAD-10360","Muhammad Lee #360","+60120000361","SkyResidence Subang",8320,4340,60,"Tier 2: Qualified Bank Loan",608
"LEAD-10363","Wong Zulkifli #363","+60150000364","Damansara Heights Residence",8431,4397,59.9,"Tier 2: Qualified Bank Loan",796
"LEAD-10366","Mohd Rosli #366","+60180000367","SkyResidence Subang",8542,4454,59.9,"Tier 2: Qualified Bank Loan",985
"LEAD-10369","Kevin Kumar #369","+60130000370","Damansara Heights Residence",8653,1011,13.4,"Tier 1: Pre-Approved LPPSA/Bank",701173
"LEAD-10372","Razif Faizal #372","+60160000373","SkyResidence Subang",8764,1068,14,"Tier 1: Pre-Approved LPPSA/Bank",701362
"LEAD-10375","Chong Hassan #375","+60190000376","Damansara Heights Residence",8875,1125,14.6,"Tier 1: Pre-Approved LPPSA/Bank",701550
"LEAD-10378","Hafiz Subramaniam #378","+60140000379","SkyResidence Subang",8986,1182,15.1,"Tier 1: Pre-Approved LPPSA/Bank",701738
"LEAD-10381","Ahmad Goh #381","+60170000382","Damansara Heights Residence",9097,1239,15.7,"Tier 1: Pre-Approved LPPSA/Bank",701927
"LEAD-10384","Tan Hariz #384","+60120000385","SkyResidence Subang",9208,1296,16.2,"Tier 1: Pre-Approved LPPSA/Bank",702115
"LEAD-10387","Farhan Wei Lun #387","+60150000388","Damansara Heights Residence",9319,1353,16.7,"Tier 1: Pre-Approved LPPSA/Bank",702304
"LEAD-10390","Jason Ibrahim #390","+60180000391","SkyResidence Subang",9430,1410,17.2,"Tier 1: Pre-Approved LPPSA/Bank",702492
"LEAD-10393","Amir Chen #393","+60130000394","Damansara Heights Residence",9541,1467,17.7,"Tier 1: Pre-Approved LPPSA/Bank",702680
"LEAD-10396","Devi Nordin #396","+60160000397","SkyResidence Subang",9652,1524,18.1,"Tier 1: Pre-Approved LPPSA/Bank",702869
"LEAD-10399","Grace Osman #399","+60190000400","Damansara Heights Residence",9763,1581,18.6,"Tier 1: Pre-Approved LPPSA/Bank",703057
"LEAD-10402","Nurul Aini #402","+60140000403","SkyResidence Subang",9874,1638,19.1,"Tier 1: Pre-Approved LPPSA/Bank",703246
"LEAD-10405","Santhi Razif #405","+60170000406","Damansara Heights Residence",9985,1695,19.5,"Tier 1: Pre-Approved LPPSA/Bank",703434
"LEAD-10408","Sarah Lee #408","+60120000409","SkyResidence Subang",10096,1752,19.9,"Tier 1: Pre-Approved LPPSA/Bank",703622
"LEAD-10411","Siti Zulkifli #411","+60150000412","Damansara Heights Residence",10207,1809,20.4,"Tier 1: Pre-Approved LPPSA/Bank",703811
"LEAD-10414","Syed Rosli #414","+60180000415","SkyResidence Subang",10318,1866,20.8,"Tier 1: Pre-Approved LPPSA/Bank",703999
"LEAD-10417","Azman Kumar #417","+60130000418","Damansara Heights Residence",10429,1923,21.2,"Tier 1: Pre-Approved LPPSA/Bank",704188
"LEAD-10420","Muhammad Faizal #420","+60160000421","SkyResidence Subang",10540,1980,21.6,"Tier 1: Pre-Approved LPPSA/Bank",704376
"LEAD-10423","Wong Hassan #423","+60190000424","Damansara Heights Residence",10651,2037,22,"Tier 1: Pre-Approved LPPSA/Bank",704564
"LEAD-10426","Mohd Subramaniam #426","+60140000427","SkyResidence Subang",10762,2094,22.4,"Tier 1: Pre-Approved LPPSA/Bank",704753
"LEAD-10429","Kevin Goh #429","+60170000430","Damansara Heights Residence",10873,2151,22.7,"Tier 1: Pre-Approved LPPSA/Bank",704941
"LEAD-10432","Razif Hariz #432","+60120000433","SkyResidence Subang",10984,2208,23.1,"Tier 1: Pre-Approved LPPSA/Bank",705130
"LEAD-10435","Chong Wei Lun #435","+60150000436","Damansara Heights Residence",11095,2265,23.5,"Tier 1: Pre-Approved LPPSA/Bank",705318
"LEAD-10438","Hafiz Ibrahim #438","+60180000439","SkyResidence Subang",11206,2322,23.8,"Tier 1: Pre-Approved LPPSA/Bank",705506
"LEAD-10441","Ahmad Chen #441","+60130000442","Damansara Heights Residence",11317,2379,24.2,"Tier 1: Pre-Approved LPPSA/Bank",705695
"LEAD-10444","Tan Nordin #444","+60160000445","SkyResidence Subang",11428,2436,24.5,"Tier 1: Pre-Approved LPPSA/Bank",705883
"LEAD-10447","Farhan Osman #447","+60190000448","Damansara Heights Residence",11539,2493,24.8,"Tier 1: Pre-Approved LPPSA/Bank",706072
"LEAD-10450","Jason Aini #450","+60140000451","SkyResidence Subang",11650,2550,25.2,"Tier 1: Pre-Approved LPPSA/Bank",706260
"LEAD-10453","Amir Razif #453","+60170000454","Damansara Heights Residence",11761,2607,25.5,"Tier 1: Pre-Approved LPPSA/Bank",706448
"LEAD-10456","Devi Lee #456","+60120000457","SkyResidence Subang",11872,2664,25.8,"Tier 1: Pre-Approved LPPSA/Bank",706637
"LEAD-10459","Grace Zulkifli #459","+60150000460","Damansara Heights Residence",11983,2721,26.1,"Tier 1: Pre-Approved LPPSA/Bank",706825
"LEAD-10462","Nurul Rosli #462","+60180000463","SkyResidence Subang",3594,2778,88.8,"Tier 4: High Risk DSR",0
"LEAD-10465","Santhi Kumar #465","+60130000466","Damansara Heights Residence",3705,2835,88,"Tier 4: High Risk DSR",0
"LEAD-10468","Sarah Faizal #468","+60160000469","SkyResidence Subang",3816,2892,87.1,"Tier 4: High Risk DSR",0
"LEAD-10471","Siti Hassan #471","+60190000472","Damansara Heights Residence",3927,2949,86.3,"Tier 4: High Risk DSR",0
"LEAD-10474","Syed Subramaniam #474","+60140000475","SkyResidence Subang",4038,3006,85.6,"Tier 4: High Risk DSR",0
"LEAD-10477","Azman Goh #477","+60170000478","Damansara Heights Residence",4149,3063,84.9,"Tier 4: High Risk DSR",0
"LEAD-10480","Muhammad Hariz #480","+60120000481","SkyResidence Subang",4260,3120,84.2,"Tier 4: High Risk DSR",0
"LEAD-10483","Wong Wei Lun #483","+60150000484","Damansara Heights Residence",4371,3177,83.5,"Tier 4: High Risk DSR",0
"LEAD-10486","Mohd Ibrahim #486","+60180000487","SkyResidence Subang",4482,3234,82.9,"Tier 4: High Risk DSR",0
"LEAD-10489","Kevin Chen #489","+60130000490","Damansara Heights Residence",4593,3291,82.4,"Tier 4: High Risk DSR",0
"LEAD-10492","Razif Nordin #492","+60160000493","SkyResidence Subang",4704,3348,81.8,"Tier 4: High Risk DSR",0
"LEAD-10495","Chong Osman #495","+60190000496","Damansara Heights Residence",4815,3405,81.3,"Tier 4: High Risk DSR",0
"LEAD-10498","Hafiz Aini #498","+60140000499","SkyResidence Subang",4926,3462,80.8,"Tier 4: High Risk DSR",0
"LEAD-10501","Ahmad Razif #501","+60170000502","Damansara Heights Residence",5037,3519,80.3,"Tier 4: High Risk DSR",0
"LEAD-10504","Tan Lee #504","+60120000505","SkyResidence Subang",5148,3576,79.8,"Tier 4: High Risk DSR",0
"LEAD-10507","Farhan Zulkifli #507","+60150000508","Damansara Heights Residence",5259,3633,79.4,"Tier 4: High Risk DSR",0
"LEAD-10510","Jason Rosli #510","+60180000511","SkyResidence Subang",5370,3690,79,"Tier 4: High Risk DSR",0
"LEAD-10513","Amir Kumar #513","+60130000514","Damansara Heights Residence",5481,3747,78.6,"Tier 4: High Risk DSR",0
"LEAD-10516","Devi Faizal #516","+60160000517","SkyResidence Subang",5592,3804,78.2,"Tier 4: High Risk DSR",0
"LEAD-10519","Grace Hassan #519","+60190000520","Damansara Heights Residence",5703,3861,77.8,"Tier 4: High Risk DSR",0
"LEAD-10522","Nurul Subramaniam #522","+60140000523","SkyResidence Subang",5814,3918,77.5,"Tier 4: High Risk DSR",0
"LEAD-10525","Santhi Goh #525","+60170000526","Damansara Heights Residence",5925,3975,77.1,"Tier 4: High Risk DSR",0
"LEAD-10528","Sarah Hariz #528","+60120000529","SkyResidence Subang",6036,4032,76.8,"Tier 4: High Risk DSR",0
"LEAD-10531","Siti Wei Lun #531","+60150000532","Damansara Heights Residence",6147,4089,76.5,"Tier 4: High Risk DSR",0
"LEAD-10534","Syed Ibrahim #534","+60180000535","SkyResidence Subang",6258,4146,76.2,"Tier 4: High Risk DSR",0
"LEAD-10537","Azman Chen #537","+60130000538","Damansara Heights Residence",6369,4203,75.9,"Tier 4: High Risk DSR",0
"LEAD-10540","Muhammad Nordin #540","+60160000541","SkyResidence Subang",6480,4260,75.6,"Tier 4: High Risk DSR",0
"LEAD-10543","Wong Osman #543","+60190000544","Damansara Heights Residence",6591,4317,75.3,"Tier 4: High Risk DSR",0
"LEAD-10546","Mohd Aini #546","+60140000547","SkyResidence Subang",6702,4374,75,"Tier 4: High Risk DSR",0
"LEAD-10549","Kevin Razif #549","+60170000550","Damansara Heights Residence",6813,4431,74.8,"Tier 3: Joint Loan Needed",0
"LEAD-10552","Razif Lee #552","+60120000553","SkyResidence Subang",6924,4488,74.5,"Tier 3: Joint Loan Needed",0
"LEAD-10555","Chong Zulkifli #555","+60150000556","Damansara Heights Residence",7035,1045,17.1,"Tier 1: Pre-Approved LPPSA/Bank",525454
"LEAD-10558","Hafiz Rosli #558","+60180000559","SkyResidence Subang",7146,1102,17.7,"Tier 1: Pre-Approved LPPSA/Bank",525642
"LEAD-10561","Ahmad Kumar #561","+60130000562","Damansara Heights Residence",7257,1159,18.4,"Tier 1: Pre-Approved LPPSA/Bank",525831
"LEAD-10564","Tan Faizal #564","+60160000565","SkyResidence Subang",7368,1216,19,"Tier 1: Pre-Approved LPPSA/Bank",526019
"LEAD-10567","Farhan Hassan #567","+60190000568","Damansara Heights Residence",7479,1273,19.6,"Tier 1: Pre-Approved LPPSA/Bank",526208
"LEAD-10570","Jason Subramaniam #570","+60140000571","SkyResidence Subang",7590,1330,20.1,"Tier 1: Pre-Approved LPPSA/Bank",526396
"LEAD-10573","Amir Goh #573","+60170000574","Damansara Heights Residence",7701,1387,20.7,"Tier 1: Pre-Approved LPPSA/Bank",526584
"LEAD-10576","Devi Hariz #576","+60120000577","SkyResidence Subang",7812,1444,21.2,"Tier 1: Pre-Approved LPPSA/Bank",526773
"LEAD-10579","Grace Wei Lun #579","+60150000580","Damansara Heights Residence",7923,1501,21.8,"Tier 1: Pre-Approved LPPSA/Bank",526961
"LEAD-10582","Nurul Ibrahim #582","+60180000583","SkyResidence Subang",8034,1558,22.3,"Tier 1: Pre-Approved LPPSA/Bank",527150
"LEAD-10585","Santhi Chen #585","+60130000586","Damansara Heights Residence",8145,1615,22.8,"Tier 1: Pre-Approved LPPSA/Bank",527338
"LEAD-10588","Sarah Nordin #588","+60160000589","SkyResidence Subang",8256,1672,23.3,"Tier 1: Pre-Approved LPPSA/Bank",527526
"LEAD-10591","Siti Osman #591","+60190000592","Damansara Heights Residence",8367,1729,23.8,"Tier 1: Pre-Approved LPPSA/Bank",527715
"LEAD-10594","Syed Aini #594","+60140000595","SkyResidence Subang",8478,1786,24.2,"Tier 1: Pre-Approved LPPSA/Bank",527903
"LEAD-10597","Azman Razif #597","+60170000598","Damansara Heights Residence",8589,1843,24.7,"Tier 1: Pre-Approved LPPSA/Bank",528092
"LEAD-10600","Muhammad Lee #600","+60120000601","SkyResidence Subang",8700,1900,25.1,"Tier 1: Pre-Approved LPPSA/Bank",528280
"LEAD-10603","Wong Zulkifli #603","+60150000604","Damansara Heights Residence",8811,1957,25.5,"Tier 1: Pre-Approved LPPSA/Bank",528468
"LEAD-10606","Mohd Rosli #606","+60180000607","SkyResidence Subang",8922,2014,25.9,"Tier 1: Pre-Approved LPPSA/Bank",528657
"LEAD-10609","Kevin Kumar #609","+60130000610","Damansara Heights Residence",9033,2071,26.4,"Tier 1: Pre-Approved LPPSA/Bank",528845
"LEAD-10612","Razif Faizal #612","+60160000613","SkyResidence Subang",9144,2128,26.7,"Tier 1: Pre-Approved LPPSA/Bank",529034
"LEAD-10615","Chong Hassan #615","+60190000616","Damansara Heights Residence",9255,2185,27.1,"Tier 1: Pre-Approved LPPSA/Bank",529222
"LEAD-10618","Hafiz Subramaniam #618","+60140000619","SkyResidence Subang",9366,2242,27.5,"Tier 1: Pre-Approved LPPSA/Bank",529410
"LEAD-10621","Ahmad Goh #621","+60170000622","Damansara Heights Residence",9477,2299,27.9,"Tier 1: Pre-Approved LPPSA/Bank",529599
"LEAD-10624","Tan Hariz #624","+60120000625","SkyResidence Subang",9588,2356,28.2,"Tier 1: Pre-Approved LPPSA/Bank",529787
"LEAD-10627","Farhan Wei Lun #627","+60150000628","Damansara Heights Residence",9699,2413,28.6,"Tier 1: Pre-Approved LPPSA/Bank",529976
"LEAD-10630","Jason Ibrahim #630","+60180000631","SkyResidence Subang",9810,2470,28.9,"Tier 1: Pre-Approved LPPSA/Bank",530164
"LEAD-10633","Amir Chen #633","+60130000634","Damansara Heights Residence",9921,2527,29.3,"Tier 1: Pre-Approved LPPSA/Bank",530352
"LEAD-10636","Devi Nordin #636","+60160000637","SkyResidence Subang",10032,2584,29.6,"Tier 1: Pre-Approved LPPSA/Bank",530541
"LEAD-10639","Grace Osman #639","+60190000640","Damansara Heights Residence",10143,2641,29.9,"Tier 1: Pre-Approved LPPSA/Bank",530729
"LEAD-10642","Nurul Aini #642","+60140000643","SkyResidence Subang",10254,2698,30.2,"Tier 1: Pre-Approved LPPSA/Bank",530918
"LEAD-10645","Santhi Razif #645","+60170000646","Damansara Heights Residence",10365,2755,30.6,"Tier 1: Pre-Approved LPPSA/Bank",531106
"LEAD-10648","Sarah Lee #648","+60120000649","SkyResidence Subang",10476,2812,30.9,"Tier 1: Pre-Approved LPPSA/Bank",531294
"LEAD-10651","Siti Zulkifli #651","+60150000652","Damansara Heights Residence",10587,2869,31.1,"Tier 1: Pre-Approved LPPSA/Bank",531483
"LEAD-10654","Syed Rosli #654","+60180000655","SkyResidence Subang",10698,2926,31.4,"Tier 1: Pre-Approved LPPSA/Bank",531671
"LEAD-10657","Azman Kumar #657","+60130000658","Damansara Heights Residence",10809,2983,31.7,"Tier 1: Pre-Approved LPPSA/Bank",531860
"LEAD-10660","Muhammad Faizal #660","+60160000661","SkyResidence Subang",10920,3040,32,"Tier 1: Pre-Approved LPPSA/Bank",532048
"LEAD-10663","Wong Hassan #663","+60190000664","Damansara Heights Residence",11031,3097,32.3,"Tier 1: Pre-Approved LPPSA/Bank",532236
"LEAD-10666","Mohd Subramaniam #666","+60140000667","SkyResidence Subang",11142,3154,32.5,"Tier 1: Pre-Approved LPPSA/Bank",532425
"LEAD-10669","Kevin Goh #669","+60170000670","Damansara Heights Residence",11253,3211,32.8,"Tier 1: Pre-Approved LPPSA/Bank",532613
"LEAD-10672","Razif Hariz #672","+60120000673","SkyResidence Subang",11364,3268,33.1,"Tier 1: Pre-Approved LPPSA/Bank",532802
"LEAD-10675","Chong Wei Lun #675","+60150000676","Damansara Heights Residence",11475,3325,33.3,"Tier 1: Pre-Approved LPPSA/Bank",532990
"LEAD-10678","Hafiz Ibrahim #678","+60180000679","SkyResidence Subang",11586,3382,33.6,"Tier 1: Pre-Approved LPPSA/Bank",533178
"LEAD-10681","Ahmad Chen #681","+60130000682","Damansara Heights Residence",11697,3439,33.8,"Tier 1: Pre-Approved LPPSA/Bank",533367
"LEAD-10684","Tan Nordin #684","+60160000685","SkyResidence Subang",11808,3496,34,"Tier 1: Pre-Approved LPPSA/Bank",533555
"LEAD-10687","Farhan Osman #687","+60190000688","Damansara Heights Residence",11919,3553,34.3,"Tier 1: Pre-Approved LPPSA/Bank",533744
"LEAD-10690","Jason Aini #690","+60140000691","SkyResidence Subang",3530,3610,117.5,"Tier 4: High Risk DSR",0
"LEAD-10693","Amir Razif #693","+60170000694","Damansara Heights Residence",3641,3667,115.8,"Tier 4: High Risk DSR",0
"LEAD-10696","Devi Lee #696","+60120000697","SkyResidence Subang",3752,3724,114.1,"Tier 4: High Risk DSR",0
"LEAD-10699","Grace Zulkifli #699","+60150000700","Damansara Heights Residence",3863,3781,112.5,"Tier 4: High Risk DSR",0
"LEAD-10702","Nurul Rosli #702","+60180000703","SkyResidence Subang",3974,3838,111,"Tier 4: High Risk DSR",0
"LEAD-10705","Santhi Kumar #705","+60130000706","Damansara Heights Residence",4085,3895,109.6,"Tier 4: High Risk DSR",0
"LEAD-10708","Sarah Faizal #708","+60160000709","SkyResidence Subang",4196,3952,108.3,"Tier 4: High Risk DSR",0
"LEAD-10711","Siti Hassan #711","+60190000712","Damansara Heights Residence",4307,4009,107,"Tier 4: High Risk DSR",0
"LEAD-10714","Syed Subramaniam #714","+60140000715","SkyResidence Subang",4418,4066,105.8,"Tier 4: High Risk DSR",0
"LEAD-10717","Azman Goh #717","+60170000718","Damansara Heights Residence",4529,4123,104.6,"Tier 4: High Risk DSR",0
"LEAD-10720","Muhammad Hariz #720","+60120000721","SkyResidence Subang",4640,4180,103.5,"Tier 4: High Risk DSR",0
"LEAD-10723","Wong Wei Lun #723","+60150000724","Damansara Heights Residence",4751,4237,102.5,"Tier 4: High Risk DSR",0
"LEAD-10726","Mohd Ibrahim #726","+60180000727","SkyResidence Subang",4862,4294,101.5,"Tier 4: High Risk DSR",0
"LEAD-10729","Kevin Chen #729","+60130000730","Damansara Heights Residence",4973,4351,100.6,"Tier 4: High Risk DSR",0
"LEAD-10732","Razif Nordin #732","+60160000733","SkyResidence Subang",5084,4408,99.7,"Tier 4: High Risk DSR",0
"LEAD-10735","Chong Osman #735","+60190000736","Damansara Heights Residence",5195,4465,98.8,"Tier 4: High Risk DSR",0
"LEAD-10738","Hafiz Aini #738","+60140000739","SkyResidence Subang",5306,1022,22.1,"Tier 2: Qualified Bank Loan",349546
"LEAD-10741","Ahmad Razif #741","+60170000742","Damansara Heights Residence",5417,1079,22.9,"Tier 2: Qualified Bank Loan",349735
"LEAD-10744","Tan Lee #744","+60120000745","SkyResidence Subang",5528,1136,23.6,"Tier 2: Qualified Bank Loan",349923
"LEAD-10747","Farhan Zulkifli #747","+60150000748","Damansara Heights Residence",5639,1193,24.3,"Tier 2: Qualified Bank Loan",350112
"LEAD-10750","Jason Rosli #750","+60180000751","SkyResidence Subang",5750,1250,25,"Tier 2: Qualified Bank Loan",350300
"LEAD-10753","Amir Kumar #753","+60130000754","Damansara Heights Residence",5861,1307,25.6,"Tier 2: Qualified Bank Loan",350488
"LEAD-10756","Devi Faizal #756","+60160000757","SkyResidence Subang",5972,1364,26.3,"Tier 2: Qualified Bank Loan",350677
"LEAD-10759","Grace Hassan #759","+60190000760","Damansara Heights Residence",6083,1421,26.9,"Tier 2: Qualified Bank Loan",350865
"LEAD-10762","Nurul Subramaniam #762","+60140000763","SkyResidence Subang",6194,1478,27.4,"Tier 2: Qualified Bank Loan",351054
"LEAD-10765","Santhi Goh #765","+60170000766","Damansara Heights Residence",6305,1535,28,"Tier 2: Qualified Bank Loan",351242
"LEAD-10768","Sarah Hariz #768","+60120000769","SkyResidence Subang",6416,1592,28.5,"Tier 2: Qualified Bank Loan",351430
"LEAD-10771","Siti Wei Lun #771","+60150000772","Damansara Heights Residence",6527,1649,29,"Tier 1: Pre-Approved LPPSA/Bank",351619
"LEAD-10774","Syed Ibrahim #774","+60180000775","SkyResidence Subang",6638,1706,29.5,"Tier 1: Pre-Approved LPPSA/Bank",351807
"LEAD-10777","Azman Chen #777","+60130000778","Damansara Heights Residence",6749,1763,30,"Tier 1: Pre-Approved LPPSA/Bank",351996
"LEAD-10780","Muhammad Nordin #780","+60160000781","SkyResidence Subang",6860,1820,30.5,"Tier 1: Pre-Approved LPPSA/Bank",352184
"LEAD-10783","Wong Osman #783","+60190000784","Damansara Heights Residence",6971,1877,30.9,"Tier 1: Pre-Approved LPPSA/Bank",352372
"LEAD-10786","Mohd Aini #786","+60140000787","SkyResidence Subang",7082,1934,31.4,"Tier 1: Pre-Approved LPPSA/Bank",352561
"LEAD-10789","Kevin Razif #789","+60170000790","Damansara Heights Residence",7193,1991,31.8,"Tier 1: Pre-Approved LPPSA/Bank",352749
"LEAD-10792","Razif Lee #792","+60120000793","SkyResidence Subang",7304,2048,32.2,"Tier 1: Pre-Approved LPPSA/Bank",352938
"LEAD-10795","Chong Zulkifli #795","+60150000796","Damansara Heights Residence",7415,2105,32.6,"Tier 1: Pre-Approved LPPSA/Bank",353126
"LEAD-10798","Hafiz Rosli #798","+60180000799","SkyResidence Subang",7526,2162,33,"Tier 1: Pre-Approved LPPSA/Bank",353314
"LEAD-10801","Ahmad Kumar #801","+60130000802","Damansara Heights Residence",7637,2219,33.4,"Tier 1: Pre-Approved LPPSA/Bank",353503
"LEAD-10804","Tan Faizal #804","+60160000805","SkyResidence Subang",7748,2276,33.8,"Tier 1: Pre-Approved LPPSA/Bank",353691
"LEAD-10807","Farhan Hassan #807","+60190000808","Damansara Heights Residence",7859,2333,34.1,"Tier 1: Pre-Approved LPPSA/Bank",353880
"LEAD-10810","Jason Subramaniam #810","+60140000811","SkyResidence Subang",7970,2390,34.5,"Tier 1: Pre-Approved LPPSA/Bank",354068
"LEAD-10813","Amir Goh #813","+60170000814","Damansara Heights Residence",8081,2447,34.8,"Tier 1: Pre-Approved LPPSA/Bank",354256
"LEAD-10816","Devi Hariz #816","+60120000817","SkyResidence Subang",8192,2504,35.1,"Tier 1: Pre-Approved LPPSA/Bank",354445
"LEAD-10819","Grace Wei Lun #819","+60150000820","Damansara Heights Residence",8303,2561,35.5,"Tier 1: Pre-Approved LPPSA/Bank",354633
"LEAD-10822","Nurul Ibrahim #822","+60180000823","SkyResidence Subang",8414,2618,35.8,"Tier 1: Pre-Approved LPPSA/Bank",354822
"LEAD-10825","Santhi Chen #825","+60130000826","Damansara Heights Residence",8525,2675,36.1,"Tier 1: Pre-Approved LPPSA/Bank",355010
"LEAD-10828","Sarah Nordin #828","+60160000829","SkyResidence Subang",8636,2732,36.4,"Tier 1: Pre-Approved LPPSA/Bank",355198
"LEAD-10831","Siti Osman #831","+60190000832","Damansara Heights Residence",8747,2789,36.6,"Tier 1: Pre-Approved LPPSA/Bank",355387
"LEAD-10834","Syed Aini #834","+60140000835","SkyResidence Subang",8858,2846,36.9,"Tier 1: Pre-Approved LPPSA/Bank",355575
"LEAD-10837","Azman Razif #837","+60170000838","Damansara Heights Residence",8969,2903,37.2,"Tier 1: Pre-Approved LPPSA/Bank",355764
"LEAD-10840","Muhammad Lee #840","+60120000841","SkyResidence Subang",9080,2960,37.5,"Tier 1: Pre-Approved LPPSA/Bank",355952
"LEAD-10843","Wong Zulkifli #843","+60150000844","Damansara Heights Residence",9191,3017,37.7,"Tier 1: Pre-Approved LPPSA/Bank",356140
"LEAD-10846","Mohd Rosli #846","+60180000847","SkyResidence Subang",9302,3074,38,"Tier 1: Pre-Approved LPPSA/Bank",356329
"LEAD-10849","Kevin Kumar #849","+60130000850","Damansara Heights Residence",9413,3131,38.2,"Tier 1: Pre-Approved LPPSA/Bank",356517
"LEAD-10852","Razif Faizal #852","+60160000853","SkyResidence Subang",9524,3188,38.5,"Tier 1: Pre-Approved LPPSA/Bank",356706
"LEAD-10855","Chong Hassan #855","+60190000856","Damansara Heights Residence",9635,3245,38.7,"Tier 1: Pre-Approved LPPSA/Bank",356894
"LEAD-10858","Hafiz Subramaniam #858","+60140000859","SkyResidence Subang",9746,3302,38.9,"Tier 1: Pre-Approved LPPSA/Bank",357082
"LEAD-10861","Ahmad Goh #861","+60170000862","Damansara Heights Residence",9857,3359,39.2,"Tier 1: Pre-Approved LPPSA/Bank",357271
"LEAD-10864","Tan Hariz #864","+60120000865","SkyResidence Subang",9968,3416,39.4,"Tier 1: Pre-Approved LPPSA/Bank",357459
"LEAD-10867","Farhan Wei Lun #867","+60150000868","Damansara Heights Residence",10079,3473,39.6,"Tier 1: Pre-Approved LPPSA/Bank",357648
"LEAD-10870","Jason Ibrahim #870","+60180000871","SkyResidence Subang",10190,3530,39.8,"Tier 1: Pre-Approved LPPSA/Bank",357836
"LEAD-10873","Amir Chen #873","+60130000874","Damansara Heights Residence",10301,3587,40,"Tier 1: Pre-Approved LPPSA/Bank",358024
"LEAD-10876","Devi Nordin #876","+60160000877","SkyResidence Subang",10412,3644,40.2,"Tier 1: Pre-Approved LPPSA/Bank",358213
"LEAD-10879","Grace Osman #879","+60190000880","Damansara Heights Residence",10523,3701,40.4,"Tier 1: Pre-Approved LPPSA/Bank",358401
"LEAD-10882","Nurul Aini #882","+60140000883","SkyResidence Subang",10634,3758,40.6,"Tier 1: Pre-Approved LPPSA/Bank",358590
"LEAD-10885","Santhi Razif #885","+60170000886","Damansara Heights Residence",10745,3815,40.8,"Tier 1: Pre-Approved LPPSA/Bank",358778
"LEAD-10888","Sarah Lee #888","+60120000889","SkyResidence Subang",10856,3872,41,"Tier 1: Pre-Approved LPPSA/Bank",358966
"LEAD-10891","Siti Zulkifli #891","+60150000892","Damansara Heights Residence",10967,3929,41.2,"Tier 1: Pre-Approved LPPSA/Bank",359155
"LEAD-10894","Syed Rosli #894","+60180000895","SkyResidence Subang",11078,3986,41.4,"Tier 1: Pre-Approved LPPSA/Bank",359343
"LEAD-10897","Azman Kumar #897","+60130000898","Damansara Heights Residence",11189,4043,41.5,"Tier 1: Pre-Approved LPPSA/Bank",359532
"LEAD-10900","Muhammad Faizal #900","+60160000901","SkyResidence Subang",11300,4100,41.7,"Tier 1: Pre-Approved LPPSA/Bank",359720
"LEAD-10903","Wong Hassan #903","+60190000904","Damansara Heights Residence",11411,4157,41.9,"Tier 1: Pre-Approved LPPSA/Bank",359908
"LEAD-10906","Mohd Subramaniam #906","+60140000907","SkyResidence Subang",11522,4214,42,"Tier 1: Pre-Approved LPPSA/Bank",360097
"LEAD-10909","Kevin Goh #909","+60170000910","Damansara Heights Residence",11633,4271,42.2,"Tier 1: Pre-Approved LPPSA/Bank",360285
"LEAD-10912","Razif Hariz #912","+60120000913","SkyResidence Subang",11744,4328,42.4,"Tier 1: Pre-Approved LPPSA/Bank",360474
"LEAD-10915","Chong Wei Lun #915","+60150000916","Damansara Heights Residence",11855,4385,42.5,"Tier 1: Pre-Approved LPPSA/Bank",360662
"LEAD-10918","Hafiz Ibrahim #918","+60180000919","SkyResidence Subang",11966,4442,42.7,"Tier 1: Pre-Approved LPPSA/Bank",360850
"LEAD-10921","Ahmad Chen #921","+60130000922","Damansara Heights Residence",3577,4499,144.6,"Tier 4: High Risk DSR",0
"LEAD-10924","Tan Nordin #924","+60160000925","SkyResidence Subang",3688,1056,32.9,"Tier 3: Joint Loan Needed",173827
"LEAD-10927","Farhan Osman #927","+60190000928","Damansara Heights Residence",3799,1113,33.7,"Tier 3: Joint Loan Needed",174016
"LEAD-10930","Jason Aini #930","+60140000931","SkyResidence Subang",3910,1170,34.4,"Tier 3: Joint Loan Needed",174204
"LEAD-10933","Amir Razif #933","+60170000934","Damansara Heights Residence",4021,1227,35.1,"Tier 3: Joint Loan Needed",174392
"LEAD-10936","Devi Lee #936","+60120000937","SkyResidence Subang",4132,1284,35.7,"Tier 3: Joint Loan Needed",174581
"LEAD-10939","Grace Zulkifli #939","+60150000940","Damansara Heights Residence",4243,1341,36.3,"Tier 3: Joint Loan Needed",174769
"LEAD-10942","Nurul Rosli #942","+60180000943","SkyResidence Subang",4354,1398,36.9,"Tier 3: Joint Loan Needed",174958
"LEAD-10945","Santhi Kumar #945","+60130000946","Damansara Heights Residence",4465,1455,37.5,"Tier 3: Joint Loan Needed",175146
"LEAD-10948","Sarah Faizal #948","+60160000949","SkyResidence Subang",4576,1512,38,"Tier 2: Qualified Bank Loan",175334
"LEAD-10951","Siti Hassan #951","+60190000952","Damansara Heights Residence",4687,1569,38.5,"Tier 2: Qualified Bank Loan",175523
"LEAD-10954","Syed Subramaniam #954","+60140000955","SkyResidence Subang",4798,1626,39,"Tier 2: Qualified Bank Loan",175711
"LEAD-10957","Azman Goh #957","+60170000958","Damansara Heights Residence",4909,1683,39.4,"Tier 2: Qualified Bank Loan",175900
"LEAD-10960","Muhammad Hariz #960","+60120000961","SkyResidence Subang",5020,1740,39.8,"Tier 2: Qualified Bank Loan",176088
"LEAD-10963","Wong Wei Lun #963","+60150000964","Damansara Heights Residence",5131,1797,40.3,"Tier 2: Qualified Bank Loan",176276
"LEAD-10966","Mohd Ibrahim #966","+60180000967","SkyResidence Subang",5242,1854,40.7,"Tier 2: Qualified Bank Loan",176465
"LEAD-10969","Kevin Chen #969","+60130000970","Damansara Heights Residence",5353,1911,41,"Tier 2: Qualified Bank Loan",176653
"LEAD-10972","Razif Nordin #972","+60160000973","SkyResidence Subang",5464,1968,41.4,"Tier 2: Qualified Bank Loan",176842
"LEAD-10975","Chong Osman #975","+60190000976","Damansara Heights Residence",5575,2025,41.8,"Tier 2: Qualified Bank Loan",177030
"LEAD-10978","Hafiz Aini #978","+60140000979","SkyResidence Subang",5686,2082,42.1,"Tier 2: Qualified Bank Loan",177218
"LEAD-10981","Ahmad Razif #981","+60170000982","Damansara Heights Residence",5797,2139,42.4,"Tier 2: Qualified Bank Loan",177407
"LEAD-10984","Tan Lee #984","+60120000985","SkyResidence Subang",5908,2196,42.7,"Tier 2: Qualified Bank Loan",177595
"LEAD-10987","Farhan Zulkifli #987","+60150000988","Damansara Heights Residence",6019,2253,43,"Tier 2: Qualified Bank Loan",177784
"LEAD-10990","Jason Rosli #990","+60180000991","SkyResidence Subang",6130,2310,43.3,"Tier 2: Qualified Bank Loan",177972
"LEAD-10993","Amir Kumar #993","+60130000994","Damansara Heights Residence",6241,2367,43.6,"Tier 2: Qualified Bank Loan",178160
"LEAD-10996","Devi Faizal #996","+60160000997","SkyResidence Subang",6352,2424,43.9,"Tier 2: Qualified Bank Loan",178349
"LEAD-10999","Grace Hassan #999","+60190001000","Damansara Heights Residence",6463,2481,44.1,"Tier 2: Qualified Bank Loan",178537
"LEAD-11002","Nurul Subramaniam #1002","+60140001003","SkyResidence Subang",6574,2538,44.4,"Tier 1: Pre-Approved LPPSA/Bank",178726
"LEAD-11005","Santhi Goh #1005","+60170001006","Damansara Heights Residence",6685,2595,44.6,"Tier 1: Pre-Approved LPPSA/Bank",178914
"LEAD-11008","Sarah Hariz #1008","+60120001009","SkyResidence Subang",6796,2652,44.9,"Tier 1: Pre-Approved LPPSA/Bank",179102
"LEAD-11011","Siti Wei Lun #1011","+60150001012","Damansara Heights Residence",6907,2709,45.1,"Tier 2: Qualified Bank Loan",179291
"LEAD-11014","Syed Ibrahim #1014","+60180001015","SkyResidence Subang",7018,2766,45.3,"Tier 2: Qualified Bank Loan",179479
"LEAD-11017","Azman Chen #1017","+60130001018","Damansara Heights Residence",7129,2823,45.5,"Tier 2: Qualified Bank Loan",179668
"LEAD-11020","Muhammad Nordin #1020","+60160001021","SkyResidence Subang",7240,2880,45.7,"Tier 2: Qualified Bank Loan",179856
"LEAD-11023","Wong Osman #1023","+60190001024","Damansara Heights Residence",7351,2937,45.9,"Tier 2: Qualified Bank Loan",180044
"LEAD-11026","Mohd Aini #1026","+60140001027","SkyResidence Subang",7462,2994,46.1,"Tier 2: Qualified Bank Loan",180233
"LEAD-11029","Kevin Razif #1029","+60170001030","Damansara Heights Residence",7573,3051,46.3,"Tier 2: Qualified Bank Loan",180421
"LEAD-11032","Razif Lee #1032","+60120001033","SkyResidence Subang",7684,3108,46.5,"Tier 2: Qualified Bank Loan",180610
"LEAD-11035","Chong Zulkifli #1035","+60150001036","Damansara Heights Residence",7795,3165,46.7,"Tier 2: Qualified Bank Loan",180798
"LEAD-11038","Hafiz Rosli #1038","+60180001039","SkyResidence Subang",7906,3222,46.8,"Tier 2: Qualified Bank Loan",180986
"LEAD-11041","Ahmad Kumar #1041","+60130001042","Damansara Heights Residence",8017,3279,47,"Tier 2: Qualified Bank Loan",181175
"LEAD-11044","Tan Faizal #1044","+60160001045","SkyResidence Subang",8128,3336,47.2,"Tier 2: Qualified Bank Loan",181363
"LEAD-11047","Farhan Hassan #1047","+60190001048","Damansara Heights Residence",8239,3393,47.3,"Tier 2: Qualified Bank Loan",181552
"LEAD-11050","Jason Subramaniam #1050","+60140001051","SkyResidence Subang",8350,3450,47.5,"Tier 2: Qualified Bank Loan",181740
"LEAD-11053","Amir Goh #1053","+60170001054","Damansara Heights Residence",8461,3507,47.6,"Tier 2: Qualified Bank Loan",181928
"LEAD-11056","Devi Hariz #1056","+60120001057","SkyResidence Subang",8572,3564,47.8,"Tier 2: Qualified Bank Loan",182117
"LEAD-11059","Grace Wei Lun #1059","+60150001060","Damansara Heights Residence",8683,3621,47.9,"Tier 2: Qualified Bank Loan",182305
"LEAD-11062","Nurul Ibrahim #1062","+60180001063","SkyResidence Subang",8794,3678,48.1,"Tier 2: Qualified Bank Loan",182494
"LEAD-11065","Santhi Chen #1065","+60130001066","Damansara Heights Residence",8905,3735,48.2,"Tier 2: Qualified Bank Loan",182682
"LEAD-11068","Sarah Nordin #1068","+60160001069","SkyResidence Subang",9016,3792,48.3,"Tier 2: Qualified Bank Loan",182870
"LEAD-11071","Siti Osman #1071","+60190001072","Damansara Heights Residence",9127,3849,48.5,"Tier 2: Qualified Bank Loan",183059
"LEAD-11074","Syed Aini #1074","+60140001075","SkyResidence Subang",9238,3906,48.6,"Tier 2: Qualified Bank Loan",183247
"LEAD-11077","Azman Razif #1077","+60170001078","Damansara Heights Residence",9349,3963,48.7,"Tier 2: Qualified Bank Loan",183436
"LEAD-11080","Muhammad Lee #1080","+60120001081","SkyResidence Subang",9460,4020,48.8,"Tier 2: Qualified Bank Loan",183624
"LEAD-11083","Wong Zulkifli #1083","+60150001084","Damansara Heights Residence",9571,4077,49,"Tier 2: Qualified Bank Loan",183812
"LEAD-11086","Mohd Rosli #1086","+60180001087","SkyResidence Subang",9682,4134,49.1,"Tier 2: Qualified Bank Loan",184001
"LEAD-11089","Kevin Kumar #1089","+60130001090","Damansara Heights Residence",9793,4191,49.2,"Tier 2: Qualified Bank Loan",184189
"LEAD-11092","Razif Faizal #1092","+60160001093","SkyResidence Subang",9904,4248,49.3,"Tier 2: Qualified Bank Loan",184378
"LEAD-11095","Chong Hassan #1095","+60190001096","Damansara Heights Residence",10015,4305,49.4,"Tier 2: Qualified Bank Loan",184566
"LEAD-11098","Hafiz Subramaniam #1098","+60140001099","SkyResidence Subang",10126,4362,49.5,"Tier 2: Qualified Bank Loan",184754
"LEAD-11101","Ahmad Goh #1101","+60170001102","Damansara Heights Residence",10237,4419,49.6,"Tier 2: Qualified Bank Loan",184943
"LEAD-11104","Tan Hariz #1104","+60120001105","SkyResidence Subang",10348,4476,49.7,"Tier 2: Qualified Bank Loan",185131
"LEAD-11107","Farhan Wei Lun #1107","+60150001108","Damansara Heights Residence",10459,1033,11.4,"Tier 1: Pre-Approved LPPSA/Bank",885320
"LEAD-11110","Jason Ibrahim #1110","+60180001111","SkyResidence Subang",10570,1090,11.9,"Tier 1: Pre-Approved LPPSA/Bank",885508
"LEAD-11113","Amir Chen #1113","+60130001114","Damansara Heights Residence",10681,1147,12.3,"Tier 1: Pre-Approved LPPSA/Bank",885696
"LEAD-11116","Devi Nordin #1116","+60160001117","SkyResidence Subang",10792,1204,12.8,"Tier 1: Pre-Approved LPPSA/Bank",885885
"LEAD-11119","Grace Osman #1119","+60190001120","Damansara Heights Residence",10903,1261,13.3,"Tier 1: Pre-Approved LPPSA/Bank",886073
"LEAD-11122","Nurul Aini #1122","+60140001123","SkyResidence Subang",11014,1318,13.8,"Tier 1: Pre-Approved LPPSA/Bank",886262
"LEAD-11125","Santhi Razif #1125","+60170001126","Damansara Heights Residence",11125,1375,14.2,"Tier 1: Pre-Approved LPPSA/Bank",886450
"LEAD-11128","Sarah Lee #1128","+60120001129","SkyResidence Subang",11236,1432,14.6,"Tier 1: Pre-Approved LPPSA/Bank",886638
"LEAD-11131","Siti Zulkifli #1131","+60150001132","Damansara Heights Residence",11347,1489,15.1,"Tier 1: Pre-Approved LPPSA/Bank",886827
"LEAD-11134","Syed Rosli #1134","+60180001135","SkyResidence Subang",11458,1546,15.5,"Tier 1: Pre-Approved LPPSA/Bank",887015
"LEAD-11137","Azman Kumar #1137","+60130001138","Damansara Heights Residence",11569,1603,15.9,"Tier 1: Pre-Approved LPPSA/Bank",887204
"LEAD-11140","Muhammad Faizal #1140","+60160001141","SkyResidence Subang",11680,1660,16.3,"Tier 1: Pre-Approved LPPSA/Bank",887392
"LEAD-11143","Wong Hassan #1143","+60190001144","Damansara Heights Residence",11791,1717,16.7,"Tier 1: Pre-Approved LPPSA/Bank",887580
"LEAD-11146","Mohd Subramaniam #1146","+60140001147","SkyResidence Subang",11902,1774,17.1,"Tier 1: Pre-Approved LPPSA/Bank",887769
"LEAD-11149","Kevin Goh #1149","+60170001150","Damansara Heights Residence",3513,1831,59.9,"Tier 3: Joint Loan Needed",557
"LEAD-11152","Razif Hariz #1152","+60120001153","SkyResidence Subang",3624,1888,59.9,"Tier 3: Joint Loan Needed",746
"LEAD-11155","Chong Wei Lun #1155","+60150001156","Damansara Heights Residence",3735,1945,59.9,"Tier 3: Joint Loan Needed",934
"LEAD-11158","Hafiz Ibrahim #1158","+60180001159","SkyResidence Subang",3846,2002,59.8,"Tier 3: Joint Loan Needed",1122
"LEAD-11161","Ahmad Chen #1161","+60130001162","Damansara Heights Residence",3957,2059,59.8,"Tier 3: Joint Loan Needed",1311
"LEAD-11164","Tan Nordin #1164","+60160001165","SkyResidence Subang",4068,2116,59.8,"Tier 3: Joint Loan Needed",1499
"LEAD-11167","Farhan Osman #1167","+60190001168","Damansara Heights Residence",4179,2173,59.8,"Tier 3: Joint Loan Needed",1688
"LEAD-11170","Jason Aini #1170","+60140001171","SkyResidence Subang",4290,2230,59.7,"Tier 3: Joint Loan Needed",1876
"LEAD-11173","Amir Razif #1173","+60170001174","Damansara Heights Residence",4401,2287,59.7,"Tier 3: Joint Loan Needed",2064
"LEAD-11176","Devi Lee #1176","+60120001177","SkyResidence Subang",4512,2344,59.7,"Tier 2: Qualified Bank Loan",2253
"LEAD-11179","Grace Zulkifli #1179","+60150001180","Damansara Heights Residence",4623,2401,59.7,"Tier 2: Qualified Bank Loan",2441
"LEAD-11182","Nurul Rosli #1182","+60180001183","SkyResidence Subang",4734,2458,59.7,"Tier 2: Qualified Bank Loan",2630
"LEAD-11185","Santhi Kumar #1185","+60130001186","Damansara Heights Residence",4845,2515,59.7,"Tier 2: Qualified Bank Loan",2818
"LEAD-11188","Sarah Faizal #1188","+60160001189","SkyResidence Subang",4956,2572,59.7,"Tier 2: Qualified Bank Loan",3006
"LEAD-11191","Siti Hassan #1191","+60190001192","Damansara Heights Residence",5067,2629,59.6,"Tier 2: Qualified Bank Loan",3195
"LEAD-11194","Syed Subramaniam #1194","+60140001195","SkyResidence Subang",5178,2686,59.6,"Tier 2: Qualified Bank Loan",3383
"LEAD-11197","Azman Goh #1197","+60170001198","Damansara Heights Residence",5289,2743,59.6,"Tier 2: Qualified Bank Loan",3572
"LEAD-11200","Muhammad Hariz #1200","+60120001201","SkyResidence Subang",5400,2800,59.6,"Tier 2: Qualified Bank Loan",3760
"LEAD-11203","Wong Wei Lun #1203","+60150001204","Damansara Heights Residence",5511,2857,59.6,"Tier 2: Qualified Bank Loan",3948
"LEAD-11206","Mohd Ibrahim #1206","+60180001207","SkyResidence Subang",5622,2914,59.6,"Tier 2: Qualified Bank Loan",4137
"LEAD-11209","Kevin Chen #1209","+60130001210","Damansara Heights Residence",5733,2971,59.6,"Tier 2: Qualified Bank Loan",4325
"LEAD-11212","Razif Nordin #1212","+60160001213","SkyResidence Subang",5844,3028,59.6,"Tier 2: Qualified Bank Loan",4514
"LEAD-11215","Chong Osman #1215","+60190001216","Damansara Heights Residence",5955,3085,59.5,"Tier 2: Qualified Bank Loan",4702
"LEAD-11218","Hafiz Aini #1218","+60140001219","SkyResidence Subang",6066,3142,59.5,"Tier 2: Qualified Bank Loan",4890
"LEAD-11221","Ahmad Razif #1221","+60170001222","Damansara Heights Residence",6177,3199,59.5,"Tier 2: Qualified Bank Loan",5079
"LEAD-11224","Tan Lee #1224","+60120001225","SkyResidence Subang",6288,3256,59.5,"Tier 2: Qualified Bank Loan",5267
"LEAD-11227","Farhan Zulkifli #1227","+60150001228","Damansara Heights Residence",6399,3313,59.5,"Tier 2: Qualified Bank Loan",5456
"LEAD-11230","Jason Rosli #1230","+60180001231","SkyResidence Subang",6510,3370,59.5,"Tier 2: Qualified Bank Loan",5644
"LEAD-11233","Amir Kumar #1233","+60130001234","Damansara Heights Residence",6621,3427,59.5,"Tier 2: Qualified Bank Loan",5832
"LEAD-11236","Devi Faizal #1236","+60160001237","SkyResidence Subang",6732,3484,59.5,"Tier 2: Qualified Bank Loan",6021
"LEAD-11239","Grace Hassan #1239","+60190001240","Damansara Heights Residence",6843,3541,59.5,"Tier 2: Qualified Bank Loan",6209
"LEAD-11242","Nurul Subramaniam #1242","+60140001243","SkyResidence Subang",6954,3598,59.5,"Tier 2: Qualified Bank Loan",6398
"LEAD-11245","Santhi Goh #1245","+60170001246","Damansara Heights Residence",7065,3655,59.5,"Tier 2: Qualified Bank Loan",6586
"LEAD-11248","Sarah Hariz #1248","+60120001249","SkyResidence Subang",7176,3712,59.5,"Tier 2: Qualified Bank Loan",6774
"LEAD-11251","Siti Wei Lun #1251","+60150001252","Damansara Heights Residence",7287,3769,59.5,"Tier 2: Qualified Bank Loan",6963
"LEAD-11254","Syed Ibrahim #1254","+60180001255","SkyResidence Subang",7398,3826,59.4,"Tier 2: Qualified Bank Loan",7151
"LEAD-11257","Azman Chen #1257","+60130001258","Damansara Heights Residence",7509,3883,59.4,"Tier 2: Qualified Bank Loan",7340
"LEAD-11260","Muhammad Nordin #1260","+60160001261","SkyResidence Subang",7620,3940,59.4,"Tier 2: Qualified Bank Loan",7528
"LEAD-11263","Wong Osman #1263","+60190001264","Damansara Heights Residence",7731,3997,59.4,"Tier 2: Qualified Bank Loan",7716
"LEAD-11266","Mohd Aini #1266","+60140001267","SkyResidence Subang",7842,4054,59.4,"Tier 2: Qualified Bank Loan",7905
"LEAD-11269","Kevin Razif #1269","+60170001270","Damansara Heights Residence",7953,4111,59.4,"Tier 2: Qualified Bank Loan",8093
"LEAD-11272","Razif Lee #1272","+60120001273","SkyResidence Subang",8064,4168,59.4,"Tier 2: Qualified Bank Loan",8282
"LEAD-11275","Chong Zulkifli #1275","+60150001276","Damansara Heights Residence",8175,4225,59.4,"Tier 2: Qualified Bank Loan",8470
"LEAD-11278","Hafiz Rosli #1278","+60180001279","SkyResidence Subang",8286,4282,59.4,"Tier 2: Qualified Bank Loan",8658
"LEAD-11281","Ahmad Kumar #1281","+60130001282","Damansara Heights Residence",8397,4339,59.4,"Tier 2: Qualified Bank Loan",8847
"LEAD-11284","Tan Faizal #1284","+60160001285","SkyResidence Subang",8508,4396,59.4,"Tier 2: Qualified Bank Loan",9035
"LEAD-11287","Farhan Hassan #1287","+60190001288","Damansara Heights Residence",8619,4453,59.4,"Tier 2: Qualified Bank Loan",9224
"LEAD-11290","Jason Subramaniam #1290","+60140001291","SkyResidence Subang",8730,1010,13.3,"Tier 1: Pre-Approved LPPSA/Bank",709412
"LEAD-11293","Amir Goh #1293","+60170001294","Damansara Heights Residence",8841,1067,13.9,"Tier 1: Pre-Approved LPPSA/Bank",709600
"LEAD-11296","Devi Hariz #1296","+60120001297","SkyResidence Subang",8952,1124,14.4,"Tier 1: Pre-Approved LPPSA/Bank",709789
"LEAD-11299","Grace Wei Lun #1299","+60150001300","Damansara Heights Residence",9063,1181,15,"Tier 1: Pre-Approved LPPSA/Bank",709977
"LEAD-11302","Nurul Ibrahim #1302","+60180001303","SkyResidence Subang",9174,1238,15.5,"Tier 1: Pre-Approved LPPSA/Bank",710166
"LEAD-11305","Santhi Chen #1305","+60130001306","Damansara Heights Residence",9285,1295,16,"Tier 1: Pre-Approved LPPSA/Bank",710354
"LEAD-11308","Sarah Nordin #1308","+60160001309","SkyResidence Subang",9396,1352,16.5,"Tier 1: Pre-Approved LPPSA/Bank",710542
"LEAD-11311","Siti Osman #1311","+60190001312","Damansara Heights Residence",9507,1409,17,"Tier 1: Pre-Approved LPPSA/Bank",710731
"LEAD-11314","Syed Aini #1314","+60140001315","SkyResidence Subang",9618,1466,17.5,"Tier 1: Pre-Approved LPPSA/Bank",710919
"LEAD-11317","Azman Razif #1317","+60170001318","Damansara Heights Residence",9729,1523,18,"Tier 1: Pre-Approved LPPSA/Bank",711108
"LEAD-11320","Muhammad Lee #1320","+60120001321","SkyResidence Subang",9840,1580,18.5,"Tier 1: Pre-Approved LPPSA/Bank",711296
"LEAD-11323","Wong Zulkifli #1323","+60150001324","Damansara Heights Residence",9951,1637,18.9,"Tier 1: Pre-Approved LPPSA/Bank",711484
"LEAD-11326","Mohd Rosli #1326","+60180001327","SkyResidence Subang",10062,1694,19.4,"Tier 1: Pre-Approved LPPSA/Bank",711673
"LEAD-11329","Kevin Kumar #1329","+60130001330","Damansara Heights Residence",10173,1751,19.8,"Tier 1: Pre-Approved LPPSA/Bank",711861
"LEAD-11332","Razif Faizal #1332","+60160001333","SkyResidence Subang",10284,1808,20.2,"Tier 1: Pre-Approved LPPSA/Bank",712050
"LEAD-11335","Chong Hassan #1335","+60190001336","Damansara Heights Residence",10395,1865,20.6,"Tier 1: Pre-Approved LPPSA/Bank",712238
"LEAD-11338","Hafiz Subramaniam #1338","+60140001339","SkyResidence Subang",10506,1922,21,"Tier 1: Pre-Approved LPPSA/Bank",712426
"LEAD-11341","Ahmad Goh #1341","+60170001342","Damansara Heights Residence",10617,1979,21.4,"Tier 1: Pre-Approved LPPSA/Bank",712615
"LEAD-11344","Tan Hariz #1344","+60120001345","SkyResidence Subang",10728,2036,21.8,"Tier 1: Pre-Approved LPPSA/Bank",712803
"LEAD-11347","Farhan Wei Lun #1347","+60150001348","Damansara Heights Residence",10839,2093,22.2,"Tier 1: Pre-Approved LPPSA/Bank",712992
"LEAD-11350","Jason Ibrahim #1350","+60180001351","SkyResidence Subang",10950,2150,22.6,"Tier 1: Pre-Approved LPPSA/Bank",713180
"LEAD-11353","Amir Chen #1353","+60130001354","Damansara Heights Residence",11061,2207,22.9,"Tier 1: Pre-Approved LPPSA/Bank",713368
"LEAD-11356","Devi Nordin #1356","+60160001357","SkyResidence Subang",11172,2264,23.3,"Tier 1: Pre-Approved LPPSA/Bank",713557
"LEAD-11359","Grace Osman #1359","+60190001360","Damansara Heights Residence",11283,2321,23.6,"Tier 1: Pre-Approved LPPSA/Bank",713745
"LEAD-11362","Nurul Aini #1362","+60140001363","SkyResidence Subang",11394,2378,24,"Tier 1: Pre-Approved LPPSA/Bank",713934
"LEAD-11365","Santhi Razif #1365","+60170001366","Damansara Heights Residence",11505,2435,24.3,"Tier 1: Pre-Approved LPPSA/Bank",714122
"LEAD-11368","Sarah Lee #1368","+60120001369","SkyResidence Subang",11616,2492,24.7,"Tier 1: Pre-Approved LPPSA/Bank",714310
"LEAD-11371","Siti Zulkifli #1371","+60150001372","Damansara Heights Residence",11727,2549,25,"Tier 1: Pre-Approved LPPSA/Bank",714499
"LEAD-11374","Syed Rosli #1374","+60180001375","SkyResidence Subang",11838,2606,25.3,"Tier 1: Pre-Approved LPPSA/Bank",714687
"LEAD-11377","Azman Kumar #1377","+60130001378","Damansara Heights Residence",11949,2663,25.6,"Tier 1: Pre-Approved LPPSA/Bank",714876
"LEAD-11380","Muhammad Faizal #1380","+60160001381","SkyResidence Subang",3560,2720,87.8,"Tier 4: High Risk DSR",0
"LEAD-11383","Wong Hassan #1383","+60190001384","Damansara Heights Residence",3671,2777,87,"Tier 4: High Risk DSR",0
"LEAD-11386","Mohd Subramaniam #1386","+60140001387","SkyResidence Subang",3782,2834,86.1,"Tier 4: High Risk DSR",0
"LEAD-11389","Kevin Goh #1389","+60170001390","Damansara Heights Residence",3893,2891,85.4,"Tier 4: High Risk DSR",0
"LEAD-11392","Razif Hariz #1392","+60120001393","SkyResidence Subang",4004,2948,84.6,"Tier 4: High Risk DSR",0
"LEAD-11395","Chong Wei Lun #1395","+60150001396","Damansara Heights Residence",4115,3005,83.9,"Tier 4: High Risk DSR",0
"LEAD-11398","Hafiz Ibrahim #1398","+60180001399","SkyResidence Subang",4226,3062,83.3,"Tier 4: High Risk DSR",0
"LEAD-11401","Ahmad Chen #1401","+60130001402","Damansara Heights Residence",4337,3119,82.7,"Tier 4: High Risk DSR",0
"LEAD-11404","Tan Nordin #1404","+60160001405","SkyResidence Subang",4448,3176,82.1,"Tier 4: High Risk DSR",0
"LEAD-11407","Farhan Osman #1407","+60190001408","Damansara Heights Residence",4559,3233,81.5,"Tier 4: High Risk DSR",0
"LEAD-11410","Jason Aini #1410","+60140001411","SkyResidence Subang",4670,3290,81,"Tier 4: High Risk DSR",0
"LEAD-11413","Amir Razif #1413","+60170001414","Damansara Heights Residence",4781,3347,80.5,"Tier 4: High Risk DSR",0
"LEAD-11416","Devi Lee #1416","+60120001417","SkyResidence Subang",4892,3404,80,"Tier 4: High Risk DSR",0
"LEAD-11419","Grace Zulkifli #1419","+60150001420","Damansara Heights Residence",5003,3461,79.5,"Tier 4: High Risk DSR",0
"LEAD-11422","Nurul Rosli #1422","+60180001423","SkyResidence Subang",5114,3518,79.1,"Tier 4: High Risk DSR",0
"LEAD-11425","Santhi Kumar #1425","+60130001426","Damansara Heights Residence",5225,3575,78.6,"Tier 4: High Risk DSR",0
"LEAD-11428","Sarah Faizal #1428","+60160001429","SkyResidence Subang",5336,3632,78.2,"Tier 4: High Risk DSR",0
"LEAD-11431","Siti Hassan #1431","+60190001432","Damansara Heights Residence",5447,3689,77.8,"Tier 4: High Risk DSR",0
"LEAD-11434","Syed Subramaniam #1434","+60140001435","SkyResidence Subang",5558,3746,77.5,"Tier 4: High Risk DSR",0
"LEAD-11437","Azman Goh #1437","+60170001438","Damansara Heights Residence",5669,3803,77.1,"Tier 4: High Risk DSR",0
"LEAD-11440","Muhammad Hariz #1440","+60120001441","SkyResidence Subang",5780,3860,76.8,"Tier 4: High Risk DSR",0
"LEAD-11443","Wong Wei Lun #1443","+60150001444","Damansara Heights Residence",5891,3917,76.4,"Tier 4: High Risk DSR",0
"LEAD-11446","Mohd Ibrahim #1446","+60180001447","SkyResidence Subang",6002,3974,76.1,"Tier 4: High Risk DSR",0
"LEAD-11449","Kevin Chen #1449","+60130001450","Damansara Heights Residence",6113,4031,75.8,"Tier 4: High Risk DSR",0
"LEAD-11452","Razif Nordin #1452","+60160001453","SkyResidence Subang",6224,4088,75.5,"Tier 4: High Risk DSR",0
"LEAD-11455","Chong Osman #1455","+60190001456","Damansara Heights Residence",6335,4145,75.2,"Tier 4: High Risk DSR",0
"LEAD-11458","Hafiz Aini #1458","+60140001459","SkyResidence Subang",6446,4202,74.9,"Tier 3: Joint Loan Needed",0
"LEAD-11461","Ahmad Razif #1461","+60170001462","Damansara Heights Residence",6557,4259,74.7,"Tier 3: Joint Loan Needed",0
"LEAD-11464","Tan Lee #1464","+60120001465","SkyResidence Subang",6668,4316,74.4,"Tier 3: Joint Loan Needed",0
"LEAD-11467","Farhan Zulkifli #1467","+60150001468","Damansara Heights Residence",6779,4373,74.1,"Tier 3: Joint Loan Needed",0
"LEAD-11470","Jason Rosli #1470","+60180001471","SkyResidence Subang",6890,4430,73.9,"Tier 3: Joint Loan Needed",0
"LEAD-11473","Amir Kumar #1473","+60130001474","Damansara Heights Residence",7001,4487,73.7,"Tier 3: Joint Loan Needed",0
"LEAD-11476","Devi Faizal #1476","+60160001477","SkyResidence Subang",7112,1044,16.9,"Tier 1: Pre-Approved LPPSA/Bank",533693
"LEAD-11479","Grace Hassan #1479","+60190001480","Damansara Heights Residence",7223,1101,17.5,"Tier 1: Pre-Approved LPPSA/Bank",533881
"LEAD-11482","Nurul Subramaniam #1482","+60140001483","SkyResidence Subang",7334,1158,18.1,"Tier 1: Pre-Approved LPPSA/Bank",534070
"LEAD-11485","Santhi Goh #1485","+60170001486","Damansara Heights Residence",7445,1215,18.8,"Tier 1: Pre-Approved LPPSA/Bank",534258
"LEAD-11488","Sarah Hariz #1488","+60120001489","SkyResidence Subang",7556,1272,19.3,"Tier 1: Pre-Approved LPPSA/Bank",534446
"LEAD-11491","Siti Wei Lun #1491","+60150001492","Damansara Heights Residence",7667,1329,19.9,"Tier 1: Pre-Approved LPPSA/Bank",534635
"LEAD-11494","Syed Ibrahim #1494","+60180001495","SkyResidence Subang",7778,1386,20.5,"Tier 1: Pre-Approved LPPSA/Bank",534823
"LEAD-11497","Azman Chen #1497","+60130001498","Damansara Heights Residence",7889,1443,21,"Tier 1: Pre-Approved LPPSA/Bank",535012
"LEAD-11500","Muhammad Nordin #1500","+60160001501","SkyResidence Subang",8000,1500,21.6,"Tier 1: Pre-Approved LPPSA/Bank",535200
"LEAD-11503","Wong Osman #1503","+60190001504","Damansara Heights Residence",8111,1557,22.1,"Tier 1: Pre-Approved LPPSA/Bank",535388
"LEAD-11506","Mohd Aini #1506","+60140001507","SkyResidence Subang",8222,1614,22.6,"Tier 1: Pre-Approved LPPSA/Bank",535577
"LEAD-11509","Kevin Razif #1509","+60170001510","Damansara Heights Residence",8333,1671,23,"Tier 1: Pre-Approved LPPSA/Bank",535765
"LEAD-11512","Razif Lee #1512","+60120001513","SkyResidence Subang",8444,1728,23.5,"Tier 1: Pre-Approved LPPSA/Bank",535954
"LEAD-11515","Chong Zulkifli #1515","+60150001516","Damansara Heights Residence",8555,1785,24,"Tier 1: Pre-Approved LPPSA/Bank",536142
"LEAD-11518","Hafiz Rosli #1518","+60180001519","SkyResidence Subang",8666,1842,24.4,"Tier 1: Pre-Approved LPPSA/Bank",536330
"LEAD-11521","Ahmad Kumar #1521","+60130001522","Damansara Heights Residence",8777,1899,24.9,"Tier 1: Pre-Approved LPPSA/Bank",536519
"LEAD-11524","Tan Faizal #1524","+60160001525","SkyResidence Subang",8888,1956,25.3,"Tier 1: Pre-Approved LPPSA/Bank",536707
"LEAD-11527","Farhan Hassan #1527","+60190001528","Damansara Heights Residence",8999,2013,25.7,"Tier 1: Pre-Approved LPPSA/Bank",536896
"LEAD-11530","Jason Subramaniam #1530","+60140001531","SkyResidence Subang",9110,2070,26.1,"Tier 1: Pre-Approved LPPSA/Bank",537084
"LEAD-11533","Amir Goh #1533","+60170001534","Damansara Heights Residence",9221,2127,26.5,"Tier 1: Pre-Approved LPPSA/Bank",537272
"LEAD-11536","Devi Hariz #1536","+60120001537","SkyResidence Subang",9332,2184,26.9,"Tier 1: Pre-Approved LPPSA/Bank",537461
"LEAD-11539","Grace Wei Lun #1539","+60150001540","Damansara Heights Residence",9443,2241,27.3,"Tier 1: Pre-Approved LPPSA/Bank",537649
"LEAD-11542","Nurul Ibrahim #1542","+60180001543","SkyResidence Subang",9554,2298,27.6,"Tier 1: Pre-Approved LPPSA/Bank",537838
"LEAD-11545","Santhi Chen #1545","+60130001546","Damansara Heights Residence",9665,2355,28,"Tier 1: Pre-Approved LPPSA/Bank",538026
"LEAD-11548","Sarah Nordin #1548","+60160001549","SkyResidence Subang",9776,2412,28.4,"Tier 1: Pre-Approved LPPSA/Bank",538214
"LEAD-11551","Siti Osman #1551","+60190001552","Damansara Heights Residence",9887,2469,28.7,"Tier 1: Pre-Approved LPPSA/Bank",538403
"LEAD-11554","Syed Aini #1554","+60140001555","SkyResidence Subang",9998,2526,29,"Tier 1: Pre-Approved LPPSA/Bank",538591
"LEAD-11557","Azman Razif #1557","+60170001558","Damansara Heights Residence",10109,2583,29.4,"Tier 1: Pre-Approved LPPSA/Bank",538780
"LEAD-11560","Muhammad Lee #1560","+60120001561","SkyResidence Subang",10220,2640,29.7,"Tier 1: Pre-Approved LPPSA/Bank",538968
"LEAD-11563","Wong Zulkifli #1563","+60150001564","Damansara Heights Residence",10331,2697,30,"Tier 1: Pre-Approved LPPSA/Bank",539156
"LEAD-11566","Mohd Rosli #1566","+60180001567","SkyResidence Subang",10442,2754,30.3,"Tier 1: Pre-Approved LPPSA/Bank",539345
"LEAD-11569","Kevin Kumar #1569","+60130001570","Damansara Heights Residence",10553,2811,30.6,"Tier 1: Pre-Approved LPPSA/Bank",539533
"LEAD-11572","Razif Faizal #1572","+60160001573","SkyResidence Subang",10664,2868,30.9,"Tier 1: Pre-Approved LPPSA/Bank",539722
"LEAD-11575","Chong Hassan #1575","+60190001576","Damansara Heights Residence",10775,2925,31.2,"Tier 1: Pre-Approved LPPSA/Bank",539910
"LEAD-11578","Hafiz Subramaniam #1578","+60140001579","SkyResidence Subang",10886,2982,31.5,"Tier 1: Pre-Approved LPPSA/Bank",540098
"LEAD-11581","Ahmad Goh #1581","+60170001582","Damansara Heights Residence",10997,3039,31.8,"Tier 1: Pre-Approved LPPSA/Bank",540287
"LEAD-11584","Tan Hariz #1584","+60120001585","SkyResidence Subang",11108,3096,32,"Tier 1: Pre-Approved LPPSA/Bank",540475
"LEAD-11587","Farhan Wei Lun #1587","+60150001588","Damansara Heights Residence",11219,3153,32.3,"Tier 1: Pre-Approved LPPSA/Bank",540664
"LEAD-11590","Jason Ibrahim #1590","+60180001591","SkyResidence Subang",11330,3210,32.6,"Tier 1: Pre-Approved LPPSA/Bank",540852
"LEAD-11593","Amir Chen #1593","+60130001594","Damansara Heights Residence",11441,3267,32.8,"Tier 1: Pre-Approved LPPSA/Bank",541040
"LEAD-11596","Devi Nordin #1596","+60160001597","SkyResidence Subang",11552,3324,33.1,"Tier 1: Pre-Approved LPPSA/Bank",541229
"LEAD-11599","Grace Osman #1599","+60190001600","Damansara Heights Residence",11663,3381,33.3,"Tier 1: Pre-Approved LPPSA/Bank",541417
"LEAD-11602","Nurul Aini #1602","+60140001603","SkyResidence Subang",11774,3438,33.6,"Tier 1: Pre-Approved LPPSA/Bank",541606
"LEAD-11605","Santhi Razif #1605","+60170001606","Damansara Heights Residence",11885,3495,33.8,"Tier 1: Pre-Approved LPPSA/Bank",541794
"LEAD-11608","Sarah Lee #1608","+60120001609","SkyResidence Subang",11996,3552,34,"Tier 1: Pre-Approved LPPSA/Bank",541982
"LEAD-11611","Siti Zulkifli #1611","+60150001612","Damansara Heights Residence",3607,3609,115,"Tier 4: High Risk DSR",0
"LEAD-11614","Syed Rosli #1614","+60180001615","SkyResidence Subang",3718,3666,113.3,"Tier 4: High Risk DSR",0
"LEAD-11617","Azman Kumar #1617","+60130001618","Damansara Heights Residence",3829,3723,111.8,"Tier 4: High Risk DSR",0
"LEAD-11620","Muhammad Faizal #1620","+60160001621","SkyResidence Subang",3940,3780,110.3,"Tier 4: High Risk DSR",0
"LEAD-11623","Wong Hassan #1623","+60190001624","Damansara Heights Residence",4051,3837,108.9,"Tier 4: High Risk DSR",0
"LEAD-11626","Mohd Subramaniam #1626","+60140001627","SkyResidence Subang",4162,3894,107.5,"Tier 4: High Risk DSR",0
"LEAD-11629","Kevin Goh #1629","+60170001630","Damansara Heights Residence",4273,3951,106.3,"Tier 4: High Risk DSR",0
"LEAD-11632","Razif Hariz #1632","+60120001633","SkyResidence Subang",4384,4008,105.1,"Tier 4: High Risk DSR",0
"LEAD-11635","Chong Wei Lun #1635","+60150001636","Damansara Heights Residence",4495,4065,103.9,"Tier 4: High Risk DSR",0
"LEAD-11638","Hafiz Ibrahim #1638","+60180001639","SkyResidence Subang",4606,4122,102.9,"Tier 4: High Risk DSR",0
"LEAD-11641","Ahmad Chen #1641","+60130001642","Damansara Heights Residence",4717,4179,101.8,"Tier 4: High Risk DSR",0
"LEAD-11644","Tan Nordin #1644","+60160001645","SkyResidence Subang",4828,4236,100.8,"Tier 4: High Risk DSR",0
"LEAD-11647","Farhan Osman #1647","+60190001648","Damansara Heights Residence",4939,4293,99.9,"Tier 4: High Risk DSR",0
"LEAD-11650","Jason Aini #1650","+60140001651","SkyResidence Subang",5050,4350,99,"Tier 4: High Risk DSR",0
"LEAD-11653","Amir Razif #1653","+60170001654","Damansara Heights Residence",5161,4407,98.1,"Tier 4: High Risk DSR",0
"LEAD-11656","Devi Lee #1656","+60120001657","SkyResidence Subang",5272,4464,97.3,"Tier 4: High Risk DSR",0
"LEAD-11659","Grace Zulkifli #1659","+60150001660","Damansara Heights Residence",5383,1021,21.8,"Tier 2: Qualified Bank Loan",357785
"LEAD-11662","Nurul Rosli #1662","+60180001663","SkyResidence Subang",5494,1078,22.6,"Tier 2: Qualified Bank Loan",357974
"LEAD-11665","Santhi Kumar #1665","+60130001666","Damansara Heights Residence",5605,1135,23.3,"Tier 2: Qualified Bank Loan",358162
"LEAD-11668","Sarah Faizal #1668","+60160001669","SkyResidence Subang",5716,1192,24,"Tier 2: Qualified Bank Loan",358350
"LEAD-11671","Siti Hassan #1671","+60190001672","Damansara Heights Residence",5827,1249,24.6,"Tier 2: Qualified Bank Loan",358539
"LEAD-11674","Syed Subramaniam #1674","+60140001675","SkyResidence Subang",5938,1306,25.3,"Tier 2: Qualified Bank Loan",358727
"LEAD-11677","Azman Goh #1677","+60170001678","Damansara Heights Residence",6049,1363,25.9,"Tier 2: Qualified Bank Loan",358916
"LEAD-11680","Muhammad Hariz #1680","+60120001681","SkyResidence Subang",6160,1420,26.5,"Tier 2: Qualified Bank Loan",359104
"LEAD-11683","Wong Wei Lun #1683","+60150001684","Damansara Heights Residence",6271,1477,27.1,"Tier 2: Qualified Bank Loan",359292
"LEAD-11686","Mohd Ibrahim #1686","+60180001687","SkyResidence Subang",6382,1534,27.6,"Tier 2: Qualified Bank Loan",359481
"LEAD-11689","Kevin Chen #1689","+60130001690","Damansara Heights Residence",6493,1591,28.2,"Tier 2: Qualified Bank Loan",359669
"LEAD-11692","Razif Nordin #1692","+60160001693","SkyResidence Subang",6604,1648,28.7,"Tier 1: Pre-Approved LPPSA/Bank",359858
"LEAD-11695","Chong Osman #1695","+60190001696","Damansara Heights Residence",6715,1705,29.2,"Tier 1: Pre-Approved LPPSA/Bank",360046
"LEAD-11698","Hafiz Aini #1698","+60140001699","SkyResidence Subang",6826,1762,29.7,"Tier 1: Pre-Approved LPPSA/Bank",360234
"LEAD-11701","Ahmad Razif #1701","+60170001702","Damansara Heights Residence",6937,1819,30.1,"Tier 1: Pre-Approved LPPSA/Bank",360423
"LEAD-11704","Tan Lee #1704","+60120001705","SkyResidence Subang",7048,1876,30.6,"Tier 1: Pre-Approved LPPSA/Bank",360611
"LEAD-11707","Farhan Zulkifli #1707","+60150001708","Damansara Heights Residence",7159,1933,31,"Tier 1: Pre-Approved LPPSA/Bank",360800
"LEAD-11710","Jason Rosli #1710","+60180001711","SkyResidence Subang",7270,1990,31.5,"Tier 1: Pre-Approved LPPSA/Bank",360988
"LEAD-11713","Amir Kumar #1713","+60130001714","Damansara Heights Residence",7381,2047,31.9,"Tier 1: Pre-Approved LPPSA/Bank",361176
"LEAD-11716","Devi Faizal #1716","+60160001717","SkyResidence Subang",7492,2104,32.3,"Tier 1: Pre-Approved LPPSA/Bank",361365
"LEAD-11719","Grace Hassan #1719","+60190001720","Damansara Heights Residence",7603,2161,32.7,"Tier 1: Pre-Approved LPPSA/Bank",361553
"LEAD-11722","Nurul Subramaniam #1722","+60140001723","SkyResidence Subang",7714,2218,33,"Tier 1: Pre-Approved LPPSA/Bank",361742
"LEAD-11725","Santhi Goh #1725","+60170001726","Damansara Heights Residence",7825,2275,33.4,"Tier 1: Pre-Approved LPPSA/Bank",361930
"LEAD-11728","Sarah Hariz #1728","+60120001729","SkyResidence Subang",7936,2332,33.8,"Tier 1: Pre-Approved LPPSA/Bank",362118
"LEAD-11731","Siti Wei Lun #1731","+60150001732","Damansara Heights Residence",8047,2389,34.1,"Tier 1: Pre-Approved LPPSA/Bank",362307
"LEAD-11734","Syed Ibrahim #1734","+60180001735","SkyResidence Subang",8158,2446,34.5,"Tier 1: Pre-Approved LPPSA/Bank",362495
"LEAD-11737","Azman Chen #1737","+60130001738","Damansara Heights Residence",8269,2503,34.8,"Tier 1: Pre-Approved LPPSA/Bank",362684
"LEAD-11740","Muhammad Nordin #1740","+60160001741","SkyResidence Subang",8380,2560,35.1,"Tier 1: Pre-Approved LPPSA/Bank",362872
"LEAD-11743","Wong Osman #1743","+60190001744","Damansara Heights Residence",8491,2617,35.4,"Tier 1: Pre-Approved LPPSA/Bank",363060
"LEAD-11746","Mohd Aini #1746","+60140001747","SkyResidence Subang",8602,2674,35.7,"Tier 1: Pre-Approved LPPSA/Bank",363249
"LEAD-11749","Kevin Razif #1749","+60170001750","Damansara Heights Residence",8713,2731,36,"Tier 1: Pre-Approved LPPSA/Bank",363437
"LEAD-11752","Razif Lee #1752","+60120001753","SkyResidence Subang",8824,2788,36.3,"Tier 1: Pre-Approved LPPSA/Bank",363626
"LEAD-11755","Chong Zulkifli #1755","+60150001756","Damansara Heights Residence",8935,2845,36.6,"Tier 1: Pre-Approved LPPSA/Bank",363814
"LEAD-11758","Hafiz Rosli #1758","+60180001759","SkyResidence Subang",9046,2902,36.9,"Tier 1: Pre-Approved LPPSA/Bank",364002
"LEAD-11761","Ahmad Kumar #1761","+60130001762","Damansara Heights Residence",9157,2959,37.1,"Tier 1: Pre-Approved LPPSA/Bank",364191
"LEAD-11764","Tan Faizal #1764","+60160001765","SkyResidence Subang",9268,3016,37.4,"Tier 1: Pre-Approved LPPSA/Bank",364379
"LEAD-11767","Farhan Hassan #1767","+60190001768","Damansara Heights Residence",9379,3073,37.7,"Tier 1: Pre-Approved LPPSA/Bank",364568
"LEAD-11770","Jason Subramaniam #1770","+60140001771","SkyResidence Subang",9490,3130,37.9,"Tier 1: Pre-Approved LPPSA/Bank",364756
"LEAD-11773","Amir Goh #1773","+60170001774","Damansara Heights Residence",9601,3187,38.2,"Tier 1: Pre-Approved LPPSA/Bank",364944
"LEAD-11776","Devi Hariz #1776","+60120001777","SkyResidence Subang",9712,3244,38.4,"Tier 1: Pre-Approved LPPSA/Bank",365133
"LEAD-11779","Grace Wei Lun #1779","+60150001780","Damansara Heights Residence",9823,3301,38.6,"Tier 1: Pre-Approved LPPSA/Bank",365321
"LEAD-11782","Nurul Ibrahim #1782","+60180001783","SkyResidence Subang",9934,3358,38.9,"Tier 1: Pre-Approved LPPSA/Bank",365510
"LEAD-11785","Santhi Chen #1785","+60130001786","Damansara Heights Residence",10045,3415,39.1,"Tier 1: Pre-Approved LPPSA/Bank",365698
"LEAD-11788","Sarah Nordin #1788","+60160001789","SkyResidence Subang",10156,3472,39.3,"Tier 1: Pre-Approved LPPSA/Bank",365886
"LEAD-11791","Siti Osman #1791","+60190001792","Damansara Heights Residence",10267,3529,39.5,"Tier 1: Pre-Approved LPPSA/Bank",366075
"LEAD-11794","Syed Aini #1794","+60140001795","SkyResidence Subang",10378,3586,39.7,"Tier 1: Pre-Approved LPPSA/Bank",366263
"LEAD-11797","Azman Razif #1797","+60170001798","Damansara Heights Residence",10489,3643,39.9,"Tier 1: Pre-Approved LPPSA/Bank",366452
"LEAD-11800","Muhammad Lee #1800","+60120001801","SkyResidence Subang",10600,3700,40.1,"Tier 1: Pre-Approved LPPSA/Bank",366640
"LEAD-11803","Wong Zulkifli #1803","+60150001804","Damansara Heights Residence",10711,3757,40.3,"Tier 1: Pre-Approved LPPSA/Bank",366828
"LEAD-11806","Mohd Rosli #1806","+60180001807","SkyResidence Subang",10822,3814,40.5,"Tier 1: Pre-Approved LPPSA/Bank",367017
"LEAD-11809","Kevin Kumar #1809","+60130001810","Damansara Heights Residence",10933,3871,40.7,"Tier 1: Pre-Approved LPPSA/Bank",367205
"LEAD-11812","Razif Faizal #1812","+60160001813","SkyResidence Subang",11044,3928,40.9,"Tier 1: Pre-Approved LPPSA/Bank",367394
"LEAD-11815","Chong Hassan #1815","+60190001816","Damansara Heights Residence",11155,3985,41.1,"Tier 1: Pre-Approved LPPSA/Bank",367582
"LEAD-11818","Hafiz Subramaniam #1818","+60140001819","SkyResidence Subang",11266,4042,41.2,"Tier 1: Pre-Approved LPPSA/Bank",367770
"LEAD-11821","Ahmad Goh #1821","+60170001822","Damansara Heights Residence",11377,4099,41.4,"Tier 1: Pre-Approved LPPSA/Bank",367959
"LEAD-11824","Tan Hariz #1824","+60120001825","SkyResidence Subang",11488,4156,41.6,"Tier 1: Pre-Approved LPPSA/Bank",368147
"LEAD-11827","Farhan Wei Lun #1827","+60150001828","Damansara Heights Residence",11599,4213,41.7,"Tier 1: Pre-Approved LPPSA/Bank",368336
"LEAD-11830","Jason Ibrahim #1830","+60180001831","SkyResidence Subang",11710,4270,41.9,"Tier 1: Pre-Approved LPPSA/Bank",368524
"LEAD-11833","Amir Chen #1833","+60130001834","Damansara Heights Residence",11821,4327,42.1,"Tier 1: Pre-Approved LPPSA/Bank",368712
"LEAD-11836","Devi Nordin #1836","+60160001837","SkyResidence Subang",11932,4384,42.2,"Tier 1: Pre-Approved LPPSA/Bank",368901
"LEAD-11839","Grace Osman #1839","+60190001840","Damansara Heights Residence",3543,4441,144.1,"Tier 4: High Risk DSR",0
"LEAD-11842","Nurul Aini #1842","+60140001843","SkyResidence Subang",3654,4498,141.5,"Tier 4: High Risk DSR",0
"LEAD-11845","Santhi Razif #1845","+60170001846","Damansara Heights Residence",3765,1055,32.2,"Tier 3: Joint Loan Needed",182066
"LEAD-11848","Sarah Lee #1848","+60120001849","SkyResidence Subang",3876,1112,33,"Tier 3: Joint Loan Needed",182254
"LEAD-11851","Siti Zulkifli #1851","+60150001852","Damansara Heights Residence",3987,1169,33.7,"Tier 3: Joint Loan Needed",182443
"LEAD-11854","Syed Rosli #1854","+60180001855","SkyResidence Subang",4098,1226,34.4,"Tier 3: Joint Loan Needed",182631
"LEAD-11857","Azman Kumar #1857","+60130001858","Damansara Heights Residence",4209,1283,35,"Tier 3: Joint Loan Needed",182820
"LEAD-11860","Muhammad Faizal #1860","+60160001861","SkyResidence Subang",4320,1340,35.7,"Tier 3: Joint Loan Needed",183008
"LEAD-11863","Wong Hassan #1863","+60190001864","Damansara Heights Residence",4431,1397,36.2,"Tier 3: Joint Loan Needed",183196
"LEAD-11866","Mohd Subramaniam #1866","+60140001867","SkyResidence Subang",4542,1454,36.8,"Tier 2: Qualified Bank Loan",183385
"LEAD-11869","Kevin Goh #1869","+60170001870","Damansara Heights Residence",4653,1511,37.3,"Tier 2: Qualified Bank Loan",183573
"LEAD-11872","Razif Hariz #1872","+60120001873","SkyResidence Subang",4764,1568,37.8,"Tier 2: Qualified Bank Loan",183762
"LEAD-11875","Chong Wei Lun #1875","+60150001876","Damansara Heights Residence",4875,1625,38.3,"Tier 2: Qualified Bank Loan",183950
"LEAD-11878","Hafiz Ibrahim #1878","+60180001879","SkyResidence Subang",4986,1682,38.8,"Tier 2: Qualified Bank Loan",184138
"LEAD-11881","Ahmad Chen #1881","+60130001882","Damansara Heights Residence",5097,1739,39.2,"Tier 2: Qualified Bank Loan",184327
"LEAD-11884","Tan Nordin #1884","+60160001885","SkyResidence Subang",5208,1796,39.6,"Tier 2: Qualified Bank Loan",184515
"LEAD-11887","Farhan Osman #1887","+60190001888","Damansara Heights Residence",5319,1853,40,"Tier 2: Qualified Bank Loan",184704
"LEAD-11890","Jason Aini #1890","+60140001891","SkyResidence Subang",5430,1910,40.4,"Tier 2: Qualified Bank Loan",184892
"LEAD-11893","Amir Razif #1893","+60170001894","Damansara Heights Residence",5541,1967,40.8,"Tier 2: Qualified Bank Loan",185080
"LEAD-11896","Devi Lee #1896","+60120001897","SkyResidence Subang",5652,2024,41.2,"Tier 2: Qualified Bank Loan",185269
"LEAD-11899","Grace Zulkifli #1899","+60150001900","Damansara Heights Residence",5763,2081,41.5,"Tier 2: Qualified Bank Loan",185457
"LEAD-11902","Nurul Rosli #1902","+60180001903","SkyResidence Subang",5874,2138,41.8,"Tier 2: Qualified Bank Loan",185646
"LEAD-11905","Santhi Kumar #1905","+60130001906","Damansara Heights Residence",5985,2195,42.2,"Tier 2: Qualified Bank Loan",185834
"LEAD-11908","Sarah Faizal #1908","+60160001909","SkyResidence Subang",6096,2252,42.5,"Tier 2: Qualified Bank Loan",186022
"LEAD-11911","Siti Hassan #1911","+60190001912","Damansara Heights Residence",6207,2309,42.8,"Tier 2: Qualified Bank Loan",186211
"LEAD-11914","Syed Subramaniam #1914","+60140001915","SkyResidence Subang",6318,2366,43,"Tier 2: Qualified Bank Loan",186399
"LEAD-11917","Azman Goh #1917","+60170001918","Damansara Heights Residence",6429,2423,43.3,"Tier 2: Qualified Bank Loan",186588
"LEAD-11920","Muhammad Hariz #1920","+60120001921","SkyResidence Subang",6540,2480,43.6,"Tier 1: Pre-Approved LPPSA/Bank",186776
"LEAD-11923","Wong Wei Lun #1923","+60150001924","Damansara Heights Residence",6651,2537,43.8,"Tier 1: Pre-Approved LPPSA/Bank",186964
"LEAD-11926","Mohd Ibrahim #1926","+60180001927","SkyResidence Subang",6762,2594,44.1,"Tier 1: Pre-Approved LPPSA/Bank",187153
"LEAD-11929","Kevin Chen #1929","+60130001930","Damansara Heights Residence",6873,2651,44.3,"Tier 1: Pre-Approved LPPSA/Bank",187341
"LEAD-11932","Razif Nordin #1932","+60160001933","SkyResidence Subang",6984,2708,44.6,"Tier 1: Pre-Approved LPPSA/Bank",187530
"LEAD-11935","Chong Osman #1935","+60190001936","Damansara Heights Residence",7095,2765,44.8,"Tier 1: Pre-Approved LPPSA/Bank",187718
"LEAD-11938","Hafiz Aini #1938","+60140001939","SkyResidence Subang",7206,2822,45,"Tier 2: Qualified Bank Loan",187906
"LEAD-11941","Ahmad Razif #1941","+60170001942","Damansara Heights Residence",7317,2879,45.2,"Tier 2: Qualified Bank Loan",188095
"LEAD-11944","Tan Lee #1944","+60120001945","SkyResidence Subang",7428,2936,45.4,"Tier 2: Qualified Bank Loan",188283
"LEAD-11947","Farhan Zulkifli #1947","+60150001948","Damansara Heights Residence",7539,2993,45.6,"Tier 2: Qualified Bank Loan",188472
"LEAD-11950","Jason Rosli #1950","+60180001951","SkyResidence Subang",7650,3050,45.8,"Tier 2: Qualified Bank Loan",188660
"LEAD-11953","Amir Kumar #1953","+60130001954","Damansara Heights Residence",7761,3107,46,"Tier 2: Qualified Bank Loan",188848
"LEAD-11956","Devi Faizal #1956","+60160001957","SkyResidence Subang",7872,3164,46.2,"Tier 2: Qualified Bank Loan",189037
"LEAD-11959","Grace Hassan #1959","+60190001960","Damansara Heights Residence",7983,3221,46.4,"Tier 2: Qualified Bank Loan",189225
"LEAD-11962","Nurul Subramaniam #1962","+60140001963","SkyResidence Subang",8094,3278,46.6,"Tier 2: Qualified Bank Loan",189414
"LEAD-11965","Santhi Goh #1965","+60170001966","Damansara Heights Residence",8205,3335,46.7,"Tier 2: Qualified Bank Loan",189602
"LEAD-11968","Sarah Hariz #1968","+60120001969","SkyResidence Subang",8316,3392,46.9,"Tier 2: Qualified Bank Loan",189790
"LEAD-11971","Siti Wei Lun #1971","+60150001972","Damansara Heights Residence",8427,3449,47,"Tier 2: Qualified Bank Loan",189979
"LEAD-11974","Syed Ibrahim #1974","+60180001975","SkyResidence Subang",8538,3506,47.2,"Tier 2: Qualified Bank Loan",190167
"LEAD-11977","Azman Chen #1977","+60130001978","Damansara Heights Residence",8649,3563,47.4,"Tier 2: Qualified Bank Loan",190356
"LEAD-11980","Muhammad Nordin #1980","+60160001981","SkyResidence Subang",8760,3620,47.5,"Tier 2: Qualified Bank Loan",190544
"LEAD-11983","Wong Osman #1983","+60190001984","Damansara Heights Residence",8871,3677,47.6,"Tier 2: Qualified Bank Loan",190732
"LEAD-11986","Mohd Aini #1986","+60140001987","SkyResidence Subang",8982,3734,47.8,"Tier 2: Qualified Bank Loan",190921
"LEAD-11989","Kevin Razif #1989","+60170001990","Damansara Heights Residence",9093,3791,47.9,"Tier 2: Qualified Bank Loan",191109
"LEAD-11992","Razif Lee #1992","+60120001993","SkyResidence Subang",9204,3848,48.1,"Tier 2: Qualified Bank Loan",191298
"LEAD-11995","Chong Zulkifli #1995","+60150001996","Damansara Heights Residence",9315,3905,48.2,"Tier 2: Qualified Bank Loan",191486
"LEAD-11998","Hafiz Rosli #1998","+60180001999","SkyResidence Subang",9426,3962,48.3,"Tier 2: Qualified Bank Loan",191674
"LEAD-12001","Ahmad Kumar #2001","+60130002002","Damansara Heights Residence",9537,4019,48.4,"Tier 2: Qualified Bank Loan",191863
"LEAD-12004","Tan Faizal #2004","+60160002005","SkyResidence Subang",9648,4076,48.6,"Tier 2: Qualified Bank Loan",192051
"LEAD-12007","Farhan Hassan #2007","+60190002008","Damansara Heights Residence",9759,4133,48.7,"Tier 2: Qualified Bank Loan",192240
"LEAD-12010","Jason Subramaniam #2010","+60140002011","SkyResidence Subang",9870,4190,48.8,"Tier 2: Qualified Bank Loan",192428
"LEAD-12013","Amir Goh #2013","+60170002014","Damansara Heights Residence",9981,4247,48.9,"Tier 2: Qualified Bank Loan",192616
"LEAD-12016","Devi Hariz #2016","+60120002017","SkyResidence Subang",10092,4304,49,"Tier 2: Qualified Bank Loan",192805
"LEAD-12019","Grace Wei Lun #2019","+60150002020","Damansara Heights Residence",10203,4361,49.1,"Tier 2: Qualified Bank Loan",192993
"LEAD-12022","Nurul Ibrahim #2022","+60180002023","SkyResidence Subang",10314,4418,49.2,"Tier 2: Qualified Bank Loan",193182
"LEAD-12025","Santhi Chen #2025","+60130002026","Damansara Heights Residence",10425,4475,49.3,"Tier 2: Qualified Bank Loan",193370
"LEAD-12028","Sarah Nordin #2028","+60160002029","SkyResidence Subang",10536,1032,11.3,"Tier 1: Pre-Approved LPPSA/Bank",893558
"LEAD-12031","Siti Osman #2031","+60190002032","Damansara Heights Residence",10647,1089,11.8,"Tier 1: Pre-Approved LPPSA/Bank",893747
"LEAD-12034","Syed Aini #2034","+60140002035","SkyResidence Subang",10758,1146,12.2,"Tier 1: Pre-Approved LPPSA/Bank",893935
"LEAD-12037","Azman Razif #2037","+60170002038","Damansara Heights Residence",10869,1203,12.7,"Tier 1: Pre-Approved LPPSA/Bank",894124
"LEAD-12040","Muhammad Lee #2040","+60120002041","SkyResidence Subang",10980,1260,13.2,"Tier 1: Pre-Approved LPPSA/Bank",894312
"LEAD-12043","Wong Zulkifli #2043","+60150002044","Damansara Heights Residence",11091,1317,13.6,"Tier 1: Pre-Approved LPPSA/Bank",894500
"LEAD-12046","Mohd Rosli #2046","+60180002047","SkyResidence Subang",11202,1374,14.1,"Tier 1: Pre-Approved LPPSA/Bank",894689
"LEAD-12049","Kevin Kumar #2049","+60130002050","Damansara Heights Residence",11313,1431,14.5,"Tier 1: Pre-Approved LPPSA/Bank",894877
"LEAD-12052","Razif Faizal #2052","+60160002053","SkyResidence Subang",11424,1488,15,"Tier 1: Pre-Approved LPPSA/Bank",895066
"LEAD-12055","Chong Hassan #2055","+60190002056","Damansara Heights Residence",11535,1545,15.4,"Tier 1: Pre-Approved LPPSA/Bank",895254
"LEAD-12058","Hafiz Subramaniam #2058","+60140002059","SkyResidence Subang",11646,1602,15.8,"Tier 1: Pre-Approved LPPSA/Bank",895442
"LEAD-12061","Ahmad Goh #2061","+60170002062","Damansara Heights Residence",11757,1659,16.2,"Tier 1: Pre-Approved LPPSA/Bank",895631
"LEAD-12064","Tan Hariz #2064","+60120002065","SkyResidence Subang",11868,1716,16.6,"Tier 1: Pre-Approved LPPSA/Bank",895819
"LEAD-12067","Farhan Wei Lun #2067","+60150002068","Damansara Heights Residence",11979,1773,17,"Tier 1: Pre-Approved LPPSA/Bank",896008
"LEAD-12070","Jason Ibrahim #2070","+60180002071","SkyResidence Subang",3590,1830,58.6,"Tier 3: Joint Loan Needed",8796
"LEAD-12073","Amir Chen #2073","+60130002074","Damansara Heights Residence",3701,1887,58.6,"Tier 3: Joint Loan Needed",8984
"LEAD-12076","Devi Nordin #2076","+60160002077","SkyResidence Subang",3812,1944,58.6,"Tier 3: Joint Loan Needed",9173
"LEAD-12079","Grace Osman #2079","+60190002080","Damansara Heights Residence",3923,2001,58.6,"Tier 3: Joint Loan Needed",9361
"LEAD-12082","Nurul Aini #2082","+60140002083","SkyResidence Subang",4034,2058,58.6,"Tier 3: Joint Loan Needed",9550
"LEAD-12085","Santhi Razif #2085","+60170002086","Damansara Heights Residence",4145,2115,58.6,"Tier 3: Joint Loan Needed",9738
"LEAD-12088","Sarah Lee #2088","+60120002089","SkyResidence Subang",4256,2172,58.7,"Tier 3: Joint Loan Needed",9926
"LEAD-12091","Siti Zulkifli #2091","+60150002092","Damansara Heights Residence",4367,2229,58.7,"Tier 3: Joint Loan Needed",10115
"LEAD-12094","Syed Rosli #2094","+60180002095","SkyResidence Subang",4478,2286,58.7,"Tier 3: Joint Loan Needed",10303
"LEAD-12097","Azman Kumar #2097","+60130002098","Damansara Heights Residence",4589,2343,58.7,"Tier 2: Qualified Bank Loan",10492
"LEAD-12100","Muhammad Faizal #2100","+60160002101","SkyResidence Subang",4700,2400,58.7,"Tier 2: Qualified Bank Loan",10680
"LEAD-12103","Wong Hassan #2103","+60190002104","Damansara Heights Residence",4811,2457,58.7,"Tier 2: Qualified Bank Loan",10868
"LEAD-12106","Mohd Subramaniam #2106","+60140002107","SkyResidence Subang",4922,2514,58.7,"Tier 2: Qualified Bank Loan",11057
"LEAD-12109","Kevin Goh #2109","+60170002110","Damansara Heights Residence",5033,2571,58.7,"Tier 2: Qualified Bank Loan",11245
"LEAD-12112","Razif Hariz #2112","+60120002113","SkyResidence Subang",5144,2628,58.7,"Tier 2: Qualified Bank Loan",11434
"LEAD-12115","Chong Wei Lun #2115","+60150002116","Damansara Heights Residence",5255,2685,58.7,"Tier 2: Qualified Bank Loan",11622
"LEAD-12118","Hafiz Ibrahim #2118","+60180002119","SkyResidence Subang",5366,2742,58.7,"Tier 2: Qualified Bank Loan",11810
"LEAD-12121","Ahmad Chen #2121","+60130002122","Damansara Heights Residence",5477,2799,58.7,"Tier 2: Qualified Bank Loan",11999
"LEAD-12124","Tan Nordin #2124","+60160002125","SkyResidence Subang",5588,2856,58.7,"Tier 2: Qualified Bank Loan",12187
"LEAD-12127","Farhan Osman #2127","+60190002128","Damansara Heights Residence",5699,2913,58.8,"Tier 2: Qualified Bank Loan",12376
"LEAD-12130","Jason Aini #2130","+60140002131","SkyResidence Subang",5810,2970,58.8,"Tier 2: Qualified Bank Loan",12564
"LEAD-12133","Amir Razif #2133","+60170002134","Damansara Heights Residence",5921,3027,58.8,"Tier 2: Qualified Bank Loan",12752
"LEAD-12136","Devi Lee #2136","+60120002137","SkyResidence Subang",6032,3084,58.8,"Tier 2: Qualified Bank Loan",12941
"LEAD-12139","Grace Zulkifli #2139","+60150002140","Damansara Heights Residence",6143,3141,58.8,"Tier 2: Qualified Bank Loan",13129
"LEAD-12142","Nurul Rosli #2142","+60180002143","SkyResidence Subang",6254,3198,58.8,"Tier 2: Qualified Bank Loan",13318
"LEAD-12145","Santhi Kumar #2145","+60130002146","Damansara Heights Residence",6365,3255,58.8,"Tier 2: Qualified Bank Loan",13506
"LEAD-12148","Sarah Faizal #2148","+60160002149","SkyResidence Subang",6476,3312,58.8,"Tier 2: Qualified Bank Loan",13694
"LEAD-12151","Siti Hassan #2151","+60190002152","Damansara Heights Residence",6587,3369,58.8,"Tier 2: Qualified Bank Loan",13883
"LEAD-12154","Syed Subramaniam #2154","+60140002155","SkyResidence Subang",6698,3426,58.8,"Tier 2: Qualified Bank Loan",14071
"LEAD-12157","Azman Goh #2157","+60170002158","Damansara Heights Residence",6809,3483,58.8,"Tier 2: Qualified Bank Loan",14260
"LEAD-12160","Muhammad Hariz #2160","+60120002161","SkyResidence Subang",6920,3540,58.8,"Tier 2: Qualified Bank Loan",14448
"LEAD-12163","Wong Wei Lun #2163","+60150002164","Damansara Heights Residence",7031,3597,58.8,"Tier 2: Qualified Bank Loan",14636
"LEAD-12166","Mohd Ibrahim #2166","+60180002167","SkyResidence Subang",7142,3654,58.8,"Tier 2: Qualified Bank Loan",14825
"LEAD-12169","Kevin Chen #2169","+60130002170","Damansara Heights Residence",7253,3711,58.8,"Tier 2: Qualified Bank Loan",15013
"LEAD-12172","Razif Nordin #2172","+60160002173","SkyResidence Subang",7364,3768,58.8,"Tier 2: Qualified Bank Loan",15202
"LEAD-12175","Chong Osman #2175","+60190002176","Damansara Heights Residence",7475,3825,58.8,"Tier 2: Qualified Bank Loan",15390
"LEAD-12178","Hafiz Aini #2178","+60140002179","SkyResidence Subang",7586,3882,58.8,"Tier 2: Qualified Bank Loan",15578
"LEAD-12181","Ahmad Razif #2181","+60170002182","Damansara Heights Residence",7697,3939,58.8,"Tier 2: Qualified Bank Loan",15767
"LEAD-12184","Tan Lee #2184","+60120002185","SkyResidence Subang",7808,3996,58.8,"Tier 2: Qualified Bank Loan",15955
"LEAD-12187","Farhan Zulkifli #2187","+60150002188","Damansara Heights Residence",7919,4053,58.8,"Tier 2: Qualified Bank Loan",16144
"LEAD-12190","Jason Rosli #2190","+60180002191","SkyResidence Subang",8030,4110,58.8,"Tier 2: Qualified Bank Loan",16332
"LEAD-12193","Amir Kumar #2193","+60130002194","Damansara Heights Residence",8141,4167,58.8,"Tier 2: Qualified Bank Loan",16520
"LEAD-12196","Devi Faizal #2196","+60160002197","SkyResidence Subang",8252,4224,58.8,"Tier 2: Qualified Bank Loan",16709
"LEAD-12199","Grace Hassan #2199","+60190002200","Damansara Heights Residence",8363,4281,58.8,"Tier 2: Qualified Bank Loan",16897
"LEAD-12202","Nurul Subramaniam #2202","+60140002203","SkyResidence Subang",8474,4338,58.8,"Tier 2: Qualified Bank Loan",17086
"LEAD-12205","Santhi Goh #2205","+60170002206","Damansara Heights Residence",8585,4395,58.8,"Tier 2: Qualified Bank Loan",17274
"LEAD-12208","Sarah Hariz #2208","+60120002209","SkyResidence Subang",8696,4452,58.8,"Tier 2: Qualified Bank Loan",17462
"LEAD-12211","Siti Wei Lun #2211","+60150002212","Damansara Heights Residence",8807,1009,13.2,"Tier 1: Pre-Approved LPPSA/Bank",717651
"LEAD-12214","Syed Ibrahim #2214","+60180002215","SkyResidence Subang",8918,1066,13.7,"Tier 1: Pre-Approved LPPSA/Bank",717839
"LEAD-12217","Azman Chen #2217","+60130002218","Damansara Heights Residence",9029,1123,14.3,"Tier 1: Pre-Approved LPPSA/Bank",718028
"LEAD-12220","Muhammad Nordin #2220","+60160002221","SkyResidence Subang",9140,1180,14.8,"Tier 1: Pre-Approved LPPSA/Bank",718216
"LEAD-12223","Wong Osman #2223","+60190002224","Damansara Heights Residence",9251,1237,15.4,"Tier 1: Pre-Approved LPPSA/Bank",718404
"LEAD-12226","Mohd Aini #2226","+60140002227","SkyResidence Subang",9362,1294,15.9,"Tier 1: Pre-Approved LPPSA/Bank",718593
"LEAD-12229","Kevin Razif #2229","+60170002230","Damansara Heights Residence",9473,1351,16.4,"Tier 1: Pre-Approved LPPSA/Bank",718781
"LEAD-12232","Razif Lee #2232","+60120002233","SkyResidence Subang",9584,1408,16.9,"Tier 1: Pre-Approved LPPSA/Bank",718970
"LEAD-12235","Chong Zulkifli #2235","+60150002236","Damansara Heights Residence",9695,1465,17.4,"Tier 1: Pre-Approved LPPSA/Bank",719158
"LEAD-12238","Hafiz Rosli #2238","+60180002239","SkyResidence Subang",9806,1522,17.8,"Tier 1: Pre-Approved LPPSA/Bank",719346
"LEAD-12241","Ahmad Kumar #2241","+60130002242","Damansara Heights Residence",9917,1579,18.3,"Tier 1: Pre-Approved LPPSA/Bank",719535
"LEAD-12244","Tan Faizal #2244","+60160002245","SkyResidence Subang",10028,1636,18.8,"Tier 1: Pre-Approved LPPSA/Bank",719723
"LEAD-12247","Farhan Hassan #2247","+60190002248","Damansara Heights Residence",10139,1693,19.2,"Tier 1: Pre-Approved LPPSA/Bank",719912
"LEAD-12250","Jason Subramaniam #2250","+60140002251","SkyResidence Subang",10250,1750,19.6,"Tier 1: Pre-Approved LPPSA/Bank",720100
"LEAD-12253","Amir Goh #2253","+60170002254","Damansara Heights Residence",10361,1807,20,"Tier 1: Pre-Approved LPPSA/Bank",720288
"LEAD-12256","Devi Hariz #2256","+60120002257","SkyResidence Subang",10472,1864,20.5,"Tier 1: Pre-Approved LPPSA/Bank",720477
"LEAD-12259","Grace Wei Lun #2259","+60150002260","Damansara Heights Residence",10583,1921,20.9,"Tier 1: Pre-Approved LPPSA/Bank",720665
"LEAD-12262","Nurul Ibrahim #2262","+60180002263","SkyResidence Subang",10694,1978,21.3,"Tier 1: Pre-Approved LPPSA/Bank",720854
"LEAD-12265","Santhi Chen #2265","+60130002266","Damansara Heights Residence",10805,2035,21.6,"Tier 1: Pre-Approved LPPSA/Bank",721042
"LEAD-12268","Sarah Nordin #2268","+60160002269","SkyResidence Subang",10916,2092,22,"Tier 1: Pre-Approved LPPSA/Bank",721230
"LEAD-12271","Siti Osman #2271","+60190002272","Damansara Heights Residence",11027,2149,22.4,"Tier 1: Pre-Approved LPPSA/Bank",721419
"LEAD-12274","Syed Aini #2274","+60140002275","SkyResidence Subang",11138,2206,22.8,"Tier 1: Pre-Approved LPPSA/Bank",721607
"LEAD-12277","Azman Razif #2277","+60170002278","Damansara Heights Residence",11249,2263,23.1,"Tier 1: Pre-Approved LPPSA/Bank",721796
"LEAD-12280","Muhammad Lee #2280","+60120002281","SkyResidence Subang",11360,2320,23.5,"Tier 1: Pre-Approved LPPSA/Bank",721984
"LEAD-12283","Wong Zulkifli #2283","+60150002284","Damansara Heights Residence",11471,2377,23.8,"Tier 1: Pre-Approved LPPSA/Bank",722172
"LEAD-12286","Mohd Rosli #2286","+60180002287","SkyResidence Subang",11582,2434,24.2,"Tier 1: Pre-Approved LPPSA/Bank",722361
"LEAD-12289","Kevin Kumar #2289","+60130002290","Damansara Heights Residence",11693,2491,24.5,"Tier 1: Pre-Approved LPPSA/Bank",722549
"LEAD-12292","Razif Faizal #2292","+60160002293","SkyResidence Subang",11804,2548,24.8,"Tier 1: Pre-Approved LPPSA/Bank",722738
"LEAD-12295","Chong Hassan #2295","+60190002296","Damansara Heights Residence",11915,2605,25.1,"Tier 1: Pre-Approved LPPSA/Bank",722926
"LEAD-12298","Hafiz Subramaniam #2298","+60140002299","SkyResidence Subang",3526,2662,86.8,"Tier 4: High Risk DSR",0
"LEAD-12301","Ahmad Goh #2301","+60170002302","Damansara Heights Residence",3637,2719,85.9,"Tier 4: High Risk DSR",0
"LEAD-12304","Tan Hariz #2304","+60120002305","SkyResidence Subang",3748,2776,85.1,"Tier 4: High Risk DSR",0
"LEAD-12307","Farhan Wei Lun #2307","+60150002308","Damansara Heights Residence",3859,2833,84.4,"Tier 4: High Risk DSR",0
"LEAD-12310","Jason Ibrahim #2310","+60180002311","SkyResidence Subang",3970,2890,83.7,"Tier 4: High Risk DSR",0
"LEAD-12313","Amir Chen #2313","+60130002314","Damansara Heights Residence",4081,2947,83,"Tier 4: High Risk DSR",0
"LEAD-12316","Devi Nordin #2316","+60160002317","SkyResidence Subang",4192,3004,82.4,"Tier 4: High Risk DSR",0
"LEAD-12319","Grace Osman #2319","+60190002320","Damansara Heights Residence",4303,3061,81.8,"Tier 4: High Risk DSR",0
"LEAD-12322","Nurul Aini #2322","+60140002323","SkyResidence Subang",4414,3118,81.2,"Tier 4: High Risk DSR",0
"LEAD-12325","Santhi Razif #2325","+60170002326","Damansara Heights Residence",4525,3175,80.7,"Tier 4: High Risk DSR",0
"LEAD-12328","Sarah Lee #2328","+60120002329","SkyResidence Subang",4636,3232,80.1,"Tier 4: High Risk DSR",0
"LEAD-12331","Siti Zulkifli #2331","+60150002332","Damansara Heights Residence",4747,3289,79.6,"Tier 4: High Risk DSR",0
"LEAD-12334","Syed Rosli #2334","+60180002335","SkyResidence Subang",4858,3346,79.2,"Tier 4: High Risk DSR",0
"LEAD-12337","Azman Kumar #2337","+60130002338","Damansara Heights Residence",4969,3403,78.7,"Tier 4: High Risk DSR",0
"LEAD-12340","Muhammad Faizal #2340","+60160002341","SkyResidence Subang",5080,3460,78.3,"Tier 4: High Risk DSR",0
"LEAD-12343","Wong Hassan #2343","+60190002344","Damansara Heights Residence",5191,3517,77.9,"Tier 4: High Risk DSR",0
"LEAD-12346","Mohd Subramaniam #2346","+60140002347","SkyResidence Subang",5302,3574,77.5,"Tier 4: High Risk DSR",0
"LEAD-12349","Kevin Goh #2349","+60170002350","Damansara Heights Residence",5413,3631,77.1,"Tier 4: High Risk DSR",0
"LEAD-12352","Razif Hariz #2352","+60120002353","SkyResidence Subang",5524,3688,76.7,"Tier 4: High Risk DSR",0
"LEAD-12355","Chong Wei Lun #2355","+60150002356","Damansara Heights Residence",5635,3745,76.4,"Tier 4: High Risk DSR",0
"LEAD-12358","Hafiz Ibrahim #2358","+60180002359","SkyResidence Subang",5746,3802,76.1,"Tier 4: High Risk DSR",0
"LEAD-12361","Ahmad Chen #2361","+60130002362","Damansara Heights Residence",5857,3859,75.7,"Tier 4: High Risk DSR",0
"LEAD-12364","Tan Nordin #2364","+60160002365","SkyResidence Subang",5968,3916,75.4,"Tier 4: High Risk DSR",0
"LEAD-12367","Farhan Osman #2367","+60190002368","Damansara Heights Residence",6079,3973,75.1,"Tier 4: High Risk DSR",0
"LEAD-12370","Jason Aini #2370","+60140002371","SkyResidence Subang",6190,4030,74.8,"Tier 3: Joint Loan Needed",0
"LEAD-12373","Amir Razif #2373","+60170002374","Damansara Heights Residence",6301,4087,74.6,"Tier 3: Joint Loan Needed",0
"LEAD-12376","Devi Lee #2376","+60120002377","SkyResidence Subang",6412,4144,74.3,"Tier 3: Joint Loan Needed",0
"LEAD-12379","Grace Zulkifli #2379","+60150002380","Damansara Heights Residence",6523,4201,74,"Tier 3: Joint Loan Needed",0
"LEAD-12382","Nurul Rosli #2382","+60180002383","SkyResidence Subang",6634,4258,73.8,"Tier 3: Joint Loan Needed",0
"LEAD-12385","Santhi Kumar #2385","+60130002386","Damansara Heights Residence",6745,4315,73.5,"Tier 3: Joint Loan Needed",0
"LEAD-12388","Sarah Faizal #2388","+60160002389","SkyResidence Subang",6856,4372,73.3,"Tier 3: Joint Loan Needed",0
"LEAD-12391","Siti Hassan #2391","+60190002392","Damansara Heights Residence",6967,4429,73.1,"Tier 3: Joint Loan Needed",0
"LEAD-12394","Syed Subramaniam #2394","+60140002395","SkyResidence Subang",7078,4486,72.8,"Tier 3: Joint Loan Needed",0
"LEAD-12397","Azman Goh #2397","+60170002398","Damansara Heights Residence",7189,1043,16.7,"Tier 1: Pre-Approved LPPSA/Bank",541932
"LEAD-12400","Muhammad Hariz #2400","+60120002401","SkyResidence Subang",7300,1100,17.3,"Tier 1: Pre-Approved LPPSA/Bank",542120
"LEAD-12403","Wong Wei Lun #2403","+60150002404","Damansara Heights Residence",7411,1157,17.9,"Tier 1: Pre-Approved LPPSA/Bank",542308
"LEAD-12406","Mohd Ibrahim #2406","+60180002407","SkyResidence Subang",7522,1214,18.6,"Tier 1: Pre-Approved LPPSA/Bank",542497
"LEAD-12409","Kevin Chen #2409","+60130002410","Damansara Heights Residence",7633,1271,19.1,"Tier 1: Pre-Approved LPPSA/Bank",542685
"LEAD-12412","Razif Nordin #2412","+60160002413","SkyResidence Subang",7744,1328,19.7,"Tier 1: Pre-Approved LPPSA/Bank",542874
"LEAD-12415","Chong Osman #2415","+60190002416","Damansara Heights Residence",7855,1385,20.3,"Tier 1: Pre-Approved LPPSA/Bank",543062
"LEAD-12418","Hafiz Aini #2418","+60140002419","SkyResidence Subang",7966,1442,20.8,"Tier 1: Pre-Approved LPPSA/Bank",543250
"LEAD-12421","Ahmad Razif #2421","+60170002422","Damansara Heights Residence",8077,1499,21.3,"Tier 1: Pre-Approved LPPSA/Bank",543439
"LEAD-12424","Tan Lee #2424","+60120002425","SkyResidence Subang",8188,1556,21.8,"Tier 1: Pre-Approved LPPSA/Bank",543627
"LEAD-12427","Farhan Zulkifli #2427","+60150002428","Damansara Heights Residence",8299,1613,22.3,"Tier 1: Pre-Approved LPPSA/Bank",543816
"LEAD-12430","Jason Rosli #2430","+60180002431","SkyResidence Subang",8410,1670,22.8,"Tier 1: Pre-Approved LPPSA/Bank",544004
"LEAD-12433","Amir Kumar #2433","+60130002434","Damansara Heights Residence",8521,1727,23.3,"Tier 1: Pre-Approved LPPSA/Bank",544192
"LEAD-12436","Devi Faizal #2436","+60160002437","SkyResidence Subang",8632,1784,23.8,"Tier 1: Pre-Approved LPPSA/Bank",544381
"LEAD-12439","Grace Hassan #2439","+60190002440","Damansara Heights Residence",8743,1841,24.2,"Tier 1: Pre-Approved LPPSA/Bank",544569
"LEAD-12442","Nurul Subramaniam #2442","+60140002443","SkyResidence Subang",8854,1898,24.6,"Tier 1: Pre-Approved LPPSA/Bank",544758
"LEAD-12445","Santhi Goh #2445","+60170002446","Damansara Heights Residence",8965,1955,25.1,"Tier 1: Pre-Approved LPPSA/Bank",544946
"LEAD-12448","Sarah Hariz #2448","+60120002449","SkyResidence Subang",9076,2012,25.5,"Tier 1: Pre-Approved LPPSA/Bank",545134
"LEAD-12451","Siti Wei Lun #2451","+60150002452","Damansara Heights Residence",9187,2069,25.9,"Tier 1: Pre-Approved LPPSA/Bank",545323
"LEAD-12454","Syed Ibrahim #2454","+60180002455","SkyResidence Subang",9298,2126,26.3,"Tier 1: Pre-Approved LPPSA/Bank",545511
"LEAD-12457","Azman Chen #2457","+60130002458","Damansara Heights Residence",9409,2183,26.7,"Tier 1: Pre-Approved LPPSA/Bank",545700
"LEAD-12460","Muhammad Nordin #2460","+60160002461","SkyResidence Subang",9520,2240,27,"Tier 1: Pre-Approved LPPSA/Bank",545888
"LEAD-12463","Wong Osman #2463","+60190002464","Damansara Heights Residence",9631,2297,27.4,"Tier 1: Pre-Approved LPPSA/Bank",546076
"LEAD-12466","Mohd Aini #2466","+60140002467","SkyResidence Subang",9742,2354,27.8,"Tier 1: Pre-Approved LPPSA/Bank",546265
"LEAD-12469","Kevin Razif #2469","+60170002470","Damansara Heights Residence",9853,2411,28.1,"Tier 1: Pre-Approved LPPSA/Bank",546453
"LEAD-12472","Razif Lee #2472","+60120002473","SkyResidence Subang",9964,2468,28.5,"Tier 1: Pre-Approved LPPSA/Bank",546642
"LEAD-12475","Chong Zulkifli #2475","+60150002476","Damansara Heights Residence",10075,2525,28.8,"Tier 1: Pre-Approved LPPSA/Bank",546830
"LEAD-12478","Hafiz Rosli #2478","+60180002479","SkyResidence Subang",10186,2582,29.1,"Tier 1: Pre-Approved LPPSA/Bank",547018
"LEAD-12481","Ahmad Kumar #2481","+60130002482","Damansara Heights Residence",10297,2639,29.5,"Tier 1: Pre-Approved LPPSA/Bank",547207
"LEAD-12484","Tan Faizal #2484","+60160002485","SkyResidence Subang",10408,2696,29.8,"Tier 1: Pre-Approved LPPSA/Bank",547395
"LEAD-12487","Farhan Hassan #2487","+60190002488","Damansara Heights Residence",10519,2753,30.1,"Tier 1: Pre-Approved LPPSA/Bank",547584
"LEAD-12490","Jason Subramaniam #2490","+60140002491","SkyResidence Subang",10630,2810,30.4,"Tier 1: Pre-Approved LPPSA/Bank",547772
"LEAD-12493","Amir Goh #2493","+60170002494","Damansara Heights Residence",10741,2867,30.7,"Tier 1: Pre-Approved LPPSA/Bank",547960
"LEAD-12496","Devi Hariz #2496","+60120002497","SkyResidence Subang",10852,2924,31,"Tier 1: Pre-Approved LPPSA/Bank",548149
"LEAD-12499","Grace Wei Lun #2499","+60150002500","Damansara Heights Residence",10963,2981,31.3,"Tier 1: Pre-Approved LPPSA/Bank",548337
"LEAD-12502","Nurul Ibrahim #2502","+60180002503","SkyResidence Subang",11074,3038,31.5,"Tier 1: Pre-Approved LPPSA/Bank",548526
"LEAD-12505","Santhi Chen #2505","+60130002506","Damansara Heights Residence",11185,3095,31.8,"Tier 1: Pre-Approved LPPSA/Bank",548714
"LEAD-12508","Sarah Nordin #2508","+60160002509","SkyResidence Subang",11296,3152,32.1,"Tier 1: Pre-Approved LPPSA/Bank",548902
"LEAD-12511","Siti Osman #2511","+60190002512","Damansara Heights Residence",11407,3209,32.3,"Tier 1: Pre-Approved LPPSA/Bank",549091
"LEAD-12514","Syed Aini #2514","+60140002515","SkyResidence Subang",11518,3266,32.6,"Tier 1: Pre-Approved LPPSA/Bank",549279
"LEAD-12517","Azman Razif #2517","+60170002518","Damansara Heights Residence",11629,3323,32.8,"Tier 1: Pre-Approved LPPSA/Bank",549468
"LEAD-12520","Muhammad Lee #2520","+60120002521","SkyResidence Subang",11740,3380,33.1,"Tier 1: Pre-Approved LPPSA/Bank",549656
"LEAD-12523","Wong Zulkifli #2523","+60150002524","Damansara Heights Residence",11851,3437,33.3,"Tier 1: Pre-Approved LPPSA/Bank",549844
"LEAD-12526","Mohd Rosli #2526","+60180002527","SkyResidence Subang",11962,3494,33.6,"Tier 1: Pre-Approved LPPSA/Bank",550033
"LEAD-12529","Kevin Kumar #2529","+60130002530","Damansara Heights Residence",3573,3551,114.2,"Tier 4: High Risk DSR",0
"LEAD-12532","Razif Faizal #2532","+60160002533","SkyResidence Subang",3684,3608,112.6,"Tier 4: High Risk DSR",0
"LEAD-12535","Chong Hassan #2535","+60190002536","Damansara Heights Residence",3795,3665,111,"Tier 4: High Risk DSR",0
"LEAD-12538","Hafiz Subramaniam #2538","+60140002539","SkyResidence Subang",3906,3722,109.5,"Tier 4: High Risk DSR",0
"LEAD-12541","Ahmad Goh #2541","+60170002542","Damansara Heights Residence",4017,3779,108.1,"Tier 4: High Risk DSR",0
"LEAD-12544","Tan Hariz #2544","+60120002545","SkyResidence Subang",4128,3836,106.8,"Tier 4: High Risk DSR",0
"LEAD-12547","Farhan Wei Lun #2547","+60150002548","Damansara Heights Residence",4239,3893,105.6,"Tier 4: High Risk DSR",0
"LEAD-12550","Jason Ibrahim #2550","+60180002551","SkyResidence Subang",4350,3950,104.4,"Tier 4: High Risk DSR",0
"LEAD-12553","Amir Chen #2553","+60130002554","Damansara Heights Residence",4461,4007,103.2,"Tier 4: High Risk DSR",0
"LEAD-12556","Devi Nordin #2556","+60160002557","SkyResidence Subang",4572,4064,102.2,"Tier 4: High Risk DSR",0
"LEAD-12559","Grace Osman #2559","+60190002560","Damansara Heights Residence",4683,4121,101.1,"Tier 4: High Risk DSR",0
"LEAD-12562","Nurul Aini #2562","+60140002563","SkyResidence Subang",4794,4178,100.2,"Tier 4: High Risk DSR",0
"LEAD-12565","Santhi Razif #2565","+60170002566","Damansara Heights Residence",4905,4235,99.2,"Tier 4: High Risk DSR",0
"LEAD-12568","Sarah Lee #2568","+60120002569","SkyResidence Subang",5016,4292,98.4,"Tier 4: High Risk DSR",0
"LEAD-12571","Siti Zulkifli #2571","+60150002572","Damansara Heights Residence",5127,4349,97.5,"Tier 4: High Risk DSR",0
"LEAD-12574","Syed Rosli #2574","+60180002575","SkyResidence Subang",5238,4406,96.7,"Tier 4: High Risk DSR",0
"LEAD-12577","Azman Kumar #2577","+60130002578","Damansara Heights Residence",5349,4463,95.9,"Tier 4: High Risk DSR",0
"LEAD-12580","Muhammad Faizal #2580","+60160002581","SkyResidence Subang",5460,1020,21.5,"Tier 2: Qualified Bank Loan",366024
"LEAD-12583","Wong Hassan #2583","+60190002584","Damansara Heights Residence",5571,1077,22.2,"Tier 2: Qualified Bank Loan",366212
"LEAD-12586","Mohd Subramaniam #2586","+60140002587","SkyResidence Subang",5682,1134,22.9,"Tier 2: Qualified Bank Loan",366401
"LEAD-12589","Kevin Goh #2589","+60170002590","Damansara Heights Residence",5793,1191,23.6,"Tier 2: Qualified Bank Loan",366589
"LEAD-12592","Razif Hariz #2592","+60120002593","SkyResidence Subang",5904,1248,24.3,"Tier 2: Qualified Bank Loan",366778
"LEAD-12595","Chong Wei Lun #2595","+60150002596","Damansara Heights Residence",6015,1305,24.9,"Tier 2: Qualified Bank Loan",366966
"LEAD-12598","Hafiz Ibrahim #2598","+60180002599","SkyResidence Subang",6126,1362,25.6,"Tier 2: Qualified Bank Loan",367154
"LEAD-12601","Ahmad Chen #2601","+60130002602","Damansara Heights Residence",6237,1419,26.2,"Tier 2: Qualified Bank Loan",367343
"LEAD-12604","Tan Nordin #2604","+60160002605","SkyResidence Subang",6348,1476,26.7,"Tier 2: Qualified Bank Loan",367531
"LEAD-12607","Farhan Osman #2607","+60190002608","Damansara Heights Residence",6459,1533,27.3,"Tier 2: Qualified Bank Loan",367720
"LEAD-12610","Jason Aini #2610","+60140002611","SkyResidence Subang",6570,1590,27.8,"Tier 1: Pre-Approved LPPSA/Bank",367908
"LEAD-12613","Amir Razif #2613","+60170002614","Damansara Heights Residence",6681,1647,28.3,"Tier 1: Pre-Approved LPPSA/Bank",368096
"LEAD-12616","Devi Lee #2616","+60120002617","SkyResidence Subang",6792,1704,28.8,"Tier 1: Pre-Approved LPPSA/Bank",368285
"LEAD-12619","Grace Zulkifli #2619","+60150002620","Damansara Heights Residence",6903,1761,29.3,"Tier 1: Pre-Approved LPPSA/Bank",368473
"LEAD-12622","Nurul Rosli #2622","+60180002623","SkyResidence Subang",7014,1818,29.8,"Tier 1: Pre-Approved LPPSA/Bank",368662
"LEAD-12625","Santhi Kumar #2625","+60130002626","Damansara Heights Residence",7125,1875,30.2,"Tier 1: Pre-Approved LPPSA/Bank",368850
"LEAD-12628","Sarah Faizal #2628","+60160002629","SkyResidence Subang",7236,1932,30.7,"Tier 1: Pre-Approved LPPSA/Bank",369038
"LEAD-12631","Siti Hassan #2631","+60190002632","Damansara Heights Residence",7347,1989,31.1,"Tier 1: Pre-Approved LPPSA/Bank",369227
"LEAD-12634","Syed Subramaniam #2634","+60140002635","SkyResidence Subang",7458,2046,31.5,"Tier 1: Pre-Approved LPPSA/Bank",369415
"LEAD-12637","Azman Goh #2637","+60170002638","Damansara Heights Residence",7569,2103,31.9,"Tier 1: Pre-Approved LPPSA/Bank",369604
"LEAD-12640","Muhammad Hariz #2640","+60120002641","SkyResidence Subang",7680,2160,32.3,"Tier 1: Pre-Approved LPPSA/Bank",369792
"LEAD-12643","Wong Wei Lun #2643","+60150002644","Damansara Heights Residence",7791,2217,32.7,"Tier 1: Pre-Approved LPPSA/Bank",369980
"LEAD-12646","Mohd Ibrahim #2646","+60180002647","SkyResidence Subang",7902,2274,33.1,"Tier 1: Pre-Approved LPPSA/Bank",370169
"LEAD-12649","Kevin Chen #2649","+60130002650","Damansara Heights Residence",8013,2331,33.4,"Tier 1: Pre-Approved LPPSA/Bank",370357
"LEAD-12652","Razif Nordin #2652","+60160002653","SkyResidence Subang",8124,2388,33.8,"Tier 1: Pre-Approved LPPSA/Bank",370546
"LEAD-12655","Chong Osman #2655","+60190002656","Damansara Heights Residence",8235,2445,34.1,"Tier 1: Pre-Approved LPPSA/Bank",370734
"LEAD-12658","Hafiz Aini #2658","+60140002659","SkyResidence Subang",8346,2502,34.5,"Tier 1: Pre-Approved LPPSA/Bank",370922
"LEAD-12661","Ahmad Razif #2661","+60170002662","Damansara Heights Residence",8457,2559,34.8,"Tier 1: Pre-Approved LPPSA/Bank",371111
"LEAD-12664","Tan Lee #2664","+60120002665","SkyResidence Subang",8568,2616,35.1,"Tier 1: Pre-Approved LPPSA/Bank",371299
"LEAD-12667","Farhan Zulkifli #2667","+60150002668","Damansara Heights Residence",8679,2673,35.4,"Tier 1: Pre-Approved LPPSA/Bank",371488
"LEAD-12670","Jason Rosli #2670","+60180002671","SkyResidence Subang",8790,2730,35.7,"Tier 1: Pre-Approved LPPSA/Bank",371676
"LEAD-12673","Amir Kumar #2673","+60130002674","Damansara Heights Residence",8901,2787,36,"Tier 1: Pre-Approved LPPSA/Bank",371864
"LEAD-12676","Devi Faizal #2676","+60160002677","SkyResidence Subang",9012,2844,36.3,"Tier 1: Pre-Approved LPPSA/Bank",372053
"LEAD-12679","Grace Hassan #2679","+60190002680","Damansara Heights Residence",9123,2901,36.6,"Tier 1: Pre-Approved LPPSA/Bank",372241
"LEAD-12682","Nurul Subramaniam #2682","+60140002683","SkyResidence Subang",9234,2958,36.8,"Tier 1: Pre-Approved LPPSA/Bank",372430
"LEAD-12685","Santhi Goh #2685","+60170002686","Damansara Heights Residence",9345,3015,37.1,"Tier 1: Pre-Approved LPPSA/Bank",372618
"LEAD-12688","Sarah Hariz #2688","+60120002689","SkyResidence Subang",9456,3072,37.3,"Tier 1: Pre-Approved LPPSA/Bank",372806
"LEAD-12691","Siti Wei Lun #2691","+60150002692","Damansara Heights Residence",9567,3129,37.6,"Tier 1: Pre-Approved LPPSA/Bank",372995
"LEAD-12694","Syed Ibrahim #2694","+60180002695","SkyResidence Subang",9678,3186,37.8,"Tier 1: Pre-Approved LPPSA/Bank",373183
"LEAD-12697","Azman Chen #2697","+60130002698","Damansara Heights Residence",9789,3243,38.1,"Tier 1: Pre-Approved LPPSA/Bank",373372
"LEAD-12700","Muhammad Nordin #2700","+60160002701","SkyResidence Subang",9900,3300,38.3,"Tier 1: Pre-Approved LPPSA/Bank",373560
"LEAD-12703","Wong Osman #2703","+60190002704","Damansara Heights Residence",10011,3357,38.5,"Tier 1: Pre-Approved LPPSA/Bank",373748
"LEAD-12706","Mohd Aini #2706","+60140002707","SkyResidence Subang",10122,3414,38.8,"Tier 1: Pre-Approved LPPSA/Bank",373937
"LEAD-12709","Kevin Razif #2709","+60170002710","Damansara Heights Residence",10233,3471,39,"Tier 1: Pre-Approved LPPSA/Bank",374125
"LEAD-12712","Razif Lee #2712","+60120002713","SkyResidence Subang",10344,3528,39.2,"Tier 1: Pre-Approved LPPSA/Bank",374314
"LEAD-12715","Chong Zulkifli #2715","+60150002716","Damansara Heights Residence",10455,3585,39.4,"Tier 1: Pre-Approved LPPSA/Bank",374502
"LEAD-12718","Hafiz Rosli #2718","+60180002719","SkyResidence Subang",10566,3642,39.6,"Tier 1: Pre-Approved LPPSA/Bank",374690
"LEAD-12721","Ahmad Kumar #2721","+60130002722","Damansara Heights Residence",10677,3699,39.8,"Tier 1: Pre-Approved LPPSA/Bank",374879
"LEAD-12724","Tan Faizal #2724","+60160002725","SkyResidence Subang",10788,3756,40,"Tier 1: Pre-Approved LPPSA/Bank",375067
"LEAD-12727","Farhan Hassan #2727","+60190002728","Damansara Heights Residence",10899,3813,40.2,"Tier 1: Pre-Approved LPPSA/Bank",375256
"LEAD-12730","Jason Subramaniam #2730","+60140002731","SkyResidence Subang",11010,3870,40.4,"Tier 1: Pre-Approved LPPSA/Bank",375444
"LEAD-12733","Amir Goh #2733","+60170002734","Damansara Heights Residence",11121,3927,40.6,"Tier 1: Pre-Approved LPPSA/Bank",375632
"LEAD-12736","Devi Hariz #2736","+60120002737","SkyResidence Subang",11232,3984,40.8,"Tier 1: Pre-Approved LPPSA/Bank",375821
"LEAD-12739","Grace Wei Lun #2739","+60150002740","Damansara Heights Residence",11343,4041,40.9,"Tier 1: Pre-Approved LPPSA/Bank",376009
"LEAD-12742","Nurul Ibrahim #2742","+60180002743","SkyResidence Subang",11454,4098,41.1,"Tier 1: Pre-Approved LPPSA/Bank",376198
"LEAD-12745","Santhi Chen #2745","+60130002746","Damansara Heights Residence",11565,4155,41.3,"Tier 1: Pre-Approved LPPSA/Bank",376386
"LEAD-12748","Sarah Nordin #2748","+60160002749","SkyResidence Subang",11676,4212,41.5,"Tier 1: Pre-Approved LPPSA/Bank",376574
"LEAD-12751","Siti Osman #2751","+60190002752","Damansara Heights Residence",11787,4269,41.6,"Tier 1: Pre-Approved LPPSA/Bank",376763
"LEAD-12754","Syed Aini #2754","+60140002755","SkyResidence Subang",11898,4326,41.8,"Tier 1: Pre-Approved LPPSA/Bank",376951
"LEAD-12757","Azman Razif #2757","+60170002758","Damansara Heights Residence",3509,4383,143.6,"Tier 4: High Risk DSR",0
"LEAD-12760","Muhammad Lee #2760","+60120002761","SkyResidence Subang",3620,4440,141,"Tier 4: High Risk DSR",0
"LEAD-12763","Wong Zulkifli #2763","+60150002764","Damansara Heights Residence",3731,4497,138.5,"Tier 4: High Risk DSR",0
"LEAD-12766","Mohd Rosli #2766","+60180002767","SkyResidence Subang",3842,1054,31.5,"Tier 3: Joint Loan Needed",190305
"LEAD-12769","Kevin Kumar #2769","+60130002770","Damansara Heights Residence",3953,1111,32.3,"Tier 3: Joint Loan Needed",190493
"LEAD-12772","Razif Faizal #2772","+60160002773","SkyResidence Subang",4064,1168,33,"Tier 3: Joint Loan Needed",190682
"LEAD-12775","Chong Hassan #2775","+60190002776","Damansara Heights Residence",4175,1225,33.7,"Tier 3: Joint Loan Needed",190870
"LEAD-12778","Hafiz Subramaniam #2778","+60140002779","SkyResidence Subang",4286,1282,34.4,"Tier 3: Joint Loan Needed",191058
"LEAD-12781","Ahmad Goh #2781","+60170002782","Damansara Heights Residence",4397,1339,35,"Tier 3: Joint Loan Needed",191247
"LEAD-12784","Tan Hariz #2784","+60120002785","SkyResidence Subang",4508,1396,35.6,"Tier 2: Qualified Bank Loan",191435
"LEAD-12787","Farhan Wei Lun #2787","+60150002788","Damansara Heights Residence",4619,1453,36.2,"Tier 2: Qualified Bank Loan",191624
"LEAD-12790","Jason Ibrahim #2790","+60180002791","SkyResidence Subang",4730,1510,36.7,"Tier 2: Qualified Bank Loan",191812
"LEAD-12793","Amir Chen #2793","+60130002794","Damansara Heights Residence",4841,1567,37.2,"Tier 2: Qualified Bank Loan",192000
"LEAD-12796","Devi Nordin #2796","+60160002797","SkyResidence Subang",4952,1624,37.7,"Tier 2: Qualified Bank Loan",192189
"LEAD-12799","Grace Osman #2799","+60190002800","Damansara Heights Residence",5063,1681,38.2,"Tier 2: Qualified Bank Loan",192377
"LEAD-12802","Nurul Aini #2802","+60140002803","SkyResidence Subang",5174,1738,38.6,"Tier 2: Qualified Bank Loan",192566
"LEAD-12805","Santhi Razif #2805","+60170002806","Damansara Heights Residence",5285,1795,39,"Tier 2: Qualified Bank Loan",192754
"LEAD-12808","Sarah Lee #2808","+60120002809","SkyResidence Subang",5396,1852,39.5,"Tier 2: Qualified Bank Loan",192942
"LEAD-12811","Siti Zulkifli #2811","+60150002812","Damansara Heights Residence",5507,1909,39.8,"Tier 2: Qualified Bank Loan",193131
"LEAD-12814","Syed Rosli #2814","+60180002815","SkyResidence Subang",5618,1966,40.2,"Tier 2: Qualified Bank Loan",193319
"LEAD-12817","Azman Kumar #2817","+60130002818","Damansara Heights Residence",5729,2023,40.6,"Tier 2: Qualified Bank Loan",193508
"LEAD-12820","Muhammad Faizal #2820","+60160002821","SkyResidence Subang",5840,2080,40.9,"Tier 2: Qualified Bank Loan",193696
"LEAD-12823","Wong Hassan #2823","+60190002824","Damansara Heights Residence",5951,2137,41.3,"Tier 2: Qualified Bank Loan",193884
"LEAD-12826","Mohd Subramaniam #2826","+60140002827","SkyResidence Subang",6062,2194,41.6,"Tier 2: Qualified Bank Loan",194073
"LEAD-12829","Kevin Goh #2829","+60170002830","Damansara Heights Residence",6173,2251,41.9,"Tier 2: Qualified Bank Loan",194261
"LEAD-12832","Razif Hariz #2832","+60120002833","SkyResidence Subang",6284,2308,42.2,"Tier 2: Qualified Bank Loan",194450
"LEAD-12835","Chong Wei Lun #2835","+60150002836","Damansara Heights Residence",6395,2365,42.5,"Tier 2: Qualified Bank Loan",194638
"LEAD-12838","Hafiz Ibrahim #2838","+60180002839","SkyResidence Subang",6506,2422,42.8,"Tier 1: Pre-Approved LPPSA/Bank",194826
"LEAD-12841","Ahmad Chen #2841","+60130002842","Damansara Heights Residence",6617,2479,43.1,"Tier 1: Pre-Approved LPPSA/Bank",195015
"LEAD-12844","Tan Nordin #2844","+60160002845","SkyResidence Subang",6728,2536,43.3,"Tier 1: Pre-Approved LPPSA/Bank",195203
"LEAD-12847","Farhan Osman #2847","+60190002848","Damansara Heights Residence",6839,2593,43.6,"Tier 1: Pre-Approved LPPSA/Bank",195392
"LEAD-12850","Jason Aini #2850","+60140002851","SkyResidence Subang",6950,2650,43.8,"Tier 1: Pre-Approved LPPSA/Bank",195580
"LEAD-12853","Amir Razif #2853","+60170002854","Damansara Heights Residence",7061,2707,44.1,"Tier 1: Pre-Approved LPPSA/Bank",195768
"LEAD-12856","Devi Lee #2856","+60120002857","SkyResidence Subang",7172,2764,44.3,"Tier 1: Pre-Approved LPPSA/Bank",195957
"LEAD-12859","Grace Zulkifli #2859","+60150002860","Damansara Heights Residence",7283,2821,44.5,"Tier 1: Pre-Approved LPPSA/Bank",196145
"LEAD-12862","Nurul Rosli #2862","+60180002863","SkyResidence Subang",7394,2878,44.7,"Tier 1: Pre-Approved LPPSA/Bank",196334
"LEAD-12865","Santhi Kumar #2865","+60130002866","Damansara Heights Residence",7505,2935,45,"Tier 1: Pre-Approved LPPSA/Bank",196522
"LEAD-12868","Sarah Faizal #2868","+60160002869","SkyResidence Subang",7616,2992,45.2,"Tier 2: Qualified Bank Loan",196710
"LEAD-12871","Siti Hassan #2871","+60190002872","Damansara Heights Residence",7727,3049,45.4,"Tier 2: Qualified Bank Loan",196899
"LEAD-12874","Syed Subramaniam #2874","+60140002875","SkyResidence Subang",7838,3106,45.5,"Tier 2: Qualified Bank Loan",197087
"LEAD-12877","Azman Goh #2877","+60170002878","Damansara Heights Residence",7949,3163,45.7,"Tier 2: Qualified Bank Loan",197276
"LEAD-12880","Muhammad Hariz #2880","+60120002881","SkyResidence Subang",8060,3220,45.9,"Tier 2: Qualified Bank Loan",197464
"LEAD-12883","Wong Wei Lun #2883","+60150002884","Damansara Heights Residence",8171,3277,46.1,"Tier 2: Qualified Bank Loan",197652
"LEAD-12886","Mohd Ibrahim #2886","+60180002887","SkyResidence Subang",8282,3334,46.3,"Tier 2: Qualified Bank Loan",197841
"LEAD-12889","Kevin Chen #2889","+60130002890","Damansara Heights Residence",8393,3391,46.4,"Tier 2: Qualified Bank Loan",198029
"LEAD-12892","Razif Nordin #2892","+60160002893","SkyResidence Subang",8504,3448,46.6,"Tier 2: Qualified Bank Loan",198218
"LEAD-12895","Chong Osman #2895","+60190002896","Damansara Heights Residence",8615,3505,46.8,"Tier 2: Qualified Bank Loan",198406
"LEAD-12898","Hafiz Aini #2898","+60140002899","SkyResidence Subang",8726,3562,46.9,"Tier 2: Qualified Bank Loan",198594
"LEAD-12901","Ahmad Razif #2901","+60170002902","Damansara Heights Residence",8837,3619,47.1,"Tier 2: Qualified Bank Loan",198783
"LEAD-12904","Tan Lee #2904","+60120002905","SkyResidence Subang",8948,3676,47.2,"Tier 2: Qualified Bank Loan",198971
"LEAD-12907","Farhan Zulkifli #2907","+60150002908","Damansara Heights Residence",9059,3733,47.4,"Tier 2: Qualified Bank Loan",199160
"LEAD-12910","Jason Rosli #2910","+60180002911","SkyResidence Subang",9170,3790,47.5,"Tier 2: Qualified Bank Loan",199348
"LEAD-12913","Amir Kumar #2913","+60130002914","Damansara Heights Residence",9281,3847,47.6,"Tier 2: Qualified Bank Loan",199536
"LEAD-12916","Devi Faizal #2916","+60160002917","SkyResidence Subang",9392,3904,47.8,"Tier 2: Qualified Bank Loan",199725
"LEAD-12919","Grace Hassan #2919","+60190002920","Damansara Heights Residence",9503,3961,47.9,"Tier 2: Qualified Bank Loan",199913
"LEAD-12922","Nurul Subramaniam #2922","+60140002923","SkyResidence Subang",9614,4018,48,"Tier 2: Qualified Bank Loan",200102
"LEAD-12925","Santhi Goh #2925","+60170002926","Damansara Heights Residence",9725,4075,48.2,"Tier 2: Qualified Bank Loan",200290
"LEAD-12928","Sarah Hariz #2928","+60120002929","SkyResidence Subang",9836,4132,48.3,"Tier 2: Qualified Bank Loan",200478
"LEAD-12931","Siti Wei Lun #2931","+60150002932","Damansara Heights Residence",9947,4189,48.4,"Tier 2: Qualified Bank Loan",200667
"LEAD-12934","Syed Ibrahim #2934","+60180002935","SkyResidence Subang",10058,4246,48.5,"Tier 2: Qualified Bank Loan",200855
"LEAD-12937","Azman Chen #2937","+60130002938","Damansara Heights Residence",10169,4303,48.6,"Tier 2: Qualified Bank Loan",201044
"LEAD-12940","Muhammad Nordin #2940","+60160002941","SkyResidence Subang",10280,4360,48.7,"Tier 2: Qualified Bank Loan",201232
"LEAD-12943","Wong Osman #2943","+60190002944","Damansara Heights Residence",10391,4417,48.9,"Tier 2: Qualified Bank Loan",201420
"LEAD-12946","Mohd Aini #2946","+60140002947","SkyResidence Subang",10502,4474,49,"Tier 2: Qualified Bank Loan",201609
"LEAD-12949","Kevin Razif #2949","+60170002950","Damansara Heights Residence",10613,1031,11.2,"Tier 1: Pre-Approved LPPSA/Bank",901797
"LEAD-12952","Razif Lee #2952","+60120002953","SkyResidence Subang",10724,1088,11.7,"Tier 1: Pre-Approved LPPSA/Bank",901986
"LEAD-12955","Chong Zulkifli #2955","+60150002956","Damansara Heights Residence",10835,1145,12.1,"Tier 1: Pre-Approved LPPSA/Bank",902174
"LEAD-12958","Hafiz Rosli #2958","+60180002959","SkyResidence Subang",10946,1202,12.6,"Tier 1: Pre-Approved LPPSA/Bank",902362
"LEAD-12961","Ahmad Kumar #2961","+60130002962","Damansara Heights Residence",11057,1259,13.1,"Tier 1: Pre-Approved LPPSA/Bank",902551
"LEAD-12964","Tan Faizal #2964","+60160002965","SkyResidence Subang",11168,1316,13.5,"Tier 1: Pre-Approved LPPSA/Bank",902739
"LEAD-12967","Farhan Hassan #2967","+60190002968","Damansara Heights Residence",11279,1373,14,"Tier 1: Pre-Approved LPPSA/Bank",902928
"LEAD-12970","Jason Subramaniam #2970","+60140002971","SkyResidence Subang",11390,1430,14.4,"Tier 1: Pre-Approved LPPSA/Bank",903116
"LEAD-12973","Amir Goh #2973","+60170002974","Damansara Heights Residence",11501,1487,14.9,"Tier 1: Pre-Approved LPPSA/Bank",903304
"LEAD-12976","Devi Hariz #2976","+60120002977","SkyResidence Subang",11612,1544,15.3,"Tier 1: Pre-Approved LPPSA/Bank",903493
"LEAD-12979","Grace Wei Lun #2979","+60150002980","Damansara Heights Residence",11723,1601,15.7,"Tier 1: Pre-Approved LPPSA/Bank",903681
"LEAD-12982","Nurul Ibrahim #2982","+60180002983","SkyResidence Subang",11834,1658,16.1,"Tier 1: Pre-Approved LPPSA/Bank",903870
"LEAD-12985","Santhi Chen #2985","+60130002986","Damansara Heights Residence",11945,1715,16.5,"Tier 1: Pre-Approved LPPSA/Bank",904058
"LEAD-12988","Sarah Nordin #2988","+60160002989","SkyResidence Subang",3556,1772,57.3,"Tier 3: Joint Loan Needed",16846
"LEAD-12991","Siti Osman #2991","+60190002992","Damansara Heights Residence",3667,1829,57.3,"Tier 3: Joint Loan Needed",17035
"LEAD-12994","Syed Aini #2994","+60140002995","SkyResidence Subang",3778,1886,57.4,"Tier 3: Joint Loan Needed",17223
"LEAD-12997","Azman Razif #2997","+60170002998","Damansara Heights Residence",3889,1943,57.4,"Tier 3: Joint Loan Needed",17412
"LEAD-13000","Muhammad Lee #3000","+60120003001","SkyResidence Subang",4000,2000,57.5,"Tier 3: Joint Loan Needed",17600
"LEAD-13003","Wong Zulkifli #3003","+60150003004","Damansara Heights Residence",4111,2057,57.5,"Tier 3: Joint Loan Needed",17788
"LEAD-13006","Mohd Rosli #3006","+60180003007","SkyResidence Subang",4222,2114,57.6,"Tier 3: Joint Loan Needed",17977
"LEAD-13009","Kevin Kumar #3009","+60130003010","Damansara Heights Residence",4333,2171,57.6,"Tier 3: Joint Loan Needed",18165
"LEAD-13012","Razif Faizal #3012","+60160003013","SkyResidence Subang",4444,2228,57.6,"Tier 3: Joint Loan Needed",18354
"LEAD-13015","Chong Hassan #3015","+60190003016","Damansara Heights Residence",4555,2285,57.7,"Tier 2: Qualified Bank Loan",18542
"LEAD-13018","Hafiz Subramaniam #3018","+60140003019","SkyResidence Subang",4666,2342,57.7,"Tier 2: Qualified Bank Loan",18730
"LEAD-13021","Ahmad Goh #3021","+60170003022","Damansara Heights Residence",4777,2399,57.7,"Tier 2: Qualified Bank Loan",18919
"LEAD-13024","Tan Hariz #3024","+60120003025","SkyResidence Subang",4888,2456,57.8,"Tier 2: Qualified Bank Loan",19107
"LEAD-13027","Farhan Wei Lun #3027","+60150003028","Damansara Heights Residence",4999,2513,57.8,"Tier 2: Qualified Bank Loan",19296
"LEAD-13030","Jason Ibrahim #3030","+60180003031","SkyResidence Subang",5110,2570,57.8,"Tier 2: Qualified Bank Loan",19484
"LEAD-13033","Amir Chen #3033","+60130003034","Damansara Heights Residence",5221,2627,57.8,"Tier 2: Qualified Bank Loan",19672
"LEAD-13036","Devi Nordin #3036","+60160003037","SkyResidence Subang",5332,2684,57.9,"Tier 2: Qualified Bank Loan",19861
"LEAD-13039","Grace Osman #3039","+60190003040","Damansara Heights Residence",5443,2741,57.9,"Tier 2: Qualified Bank Loan",20049
"LEAD-13042","Nurul Aini #3042","+60140003043","SkyResidence Subang",5554,2798,57.9,"Tier 2: Qualified Bank Loan",20238
"LEAD-13045","Santhi Razif #3045","+60170003046","Damansara Heights Residence",5665,2855,57.9,"Tier 2: Qualified Bank Loan",20426
"LEAD-13048","Sarah Lee #3048","+60120003049","SkyResidence Subang",5776,2912,57.9,"Tier 2: Qualified Bank Loan",20614
"LEAD-13051","Siti Zulkifli #3051","+60150003052","Damansara Heights Residence",5887,2969,58,"Tier 2: Qualified Bank Loan",20803
"LEAD-13054","Syed Rosli #3054","+60180003055","SkyResidence Subang",5998,3026,58,"Tier 2: Qualified Bank Loan",20991
"LEAD-13057","Azman Kumar #3057","+60130003058","Damansara Heights Residence",6109,3083,58,"Tier 2: Qualified Bank Loan",21180
"LEAD-13060","Muhammad Faizal #3060","+60160003061","SkyResidence Subang",6220,3140,58,"Tier 2: Qualified Bank Loan",21368
"LEAD-13063","Wong Hassan #3063","+60190003064","Damansara Heights Residence",6331,3197,58,"Tier 2: Qualified Bank Loan",21556
"LEAD-13066","Mohd Subramaniam #3066","+60140003067","SkyResidence Subang",6442,3254,58.1,"Tier 2: Qualified Bank Loan",21745
"LEAD-13069","Kevin Goh #3069","+60170003070","Damansara Heights Residence",6553,3311,58.1,"Tier 2: Qualified Bank Loan",21933
"LEAD-13072","Razif Hariz #3072","+60120003073","SkyResidence Subang",6664,3368,58.1,"Tier 2: Qualified Bank Loan",22122
"LEAD-13075","Chong Wei Lun #3075","+60150003076","Damansara Heights Residence",6775,3425,58.1,"Tier 2: Qualified Bank Loan",22310
"LEAD-13078","Hafiz Ibrahim #3078","+60180003079","SkyResidence Subang",6886,3482,58.1,"Tier 2: Qualified Bank Loan",22498
"LEAD-13081","Ahmad Chen #3081","+60130003082","Damansara Heights Residence",6997,3539,58.1,"Tier 2: Qualified Bank Loan",22687
"LEAD-13084","Tan Nordin #3084","+60160003085","SkyResidence Subang",7108,3596,58.2,"Tier 2: Qualified Bank Loan",22875
"LEAD-13087","Farhan Osman #3087","+60190003088","Damansara Heights Residence",7219,3653,58.2,"Tier 2: Qualified Bank Loan",23064
"LEAD-13090","Jason Aini #3090","+60140003091","SkyResidence Subang",7330,3710,58.2,"Tier 2: Qualified Bank Loan",23252
"LEAD-13093","Amir Razif #3093","+60170003094","Damansara Heights Residence",7441,3767,58.2,"Tier 2: Qualified Bank Loan",23440
"LEAD-13096","Devi Lee #3096","+60120003097","SkyResidence Subang",7552,3824,58.2,"Tier 2: Qualified Bank Loan",23629
"LEAD-13099","Grace Zulkifli #3099","+60150003100","Damansara Heights Residence",7663,3881,58.2,"Tier 2: Qualified Bank Loan",23817
"LEAD-13102","Nurul Rosli #3102","+60180003103","SkyResidence Subang",7774,3938,58.2,"Tier 2: Qualified Bank Loan",24006
"LEAD-13105","Santhi Kumar #3105","+60130003106","Damansara Heights Residence",7885,3995,58.2,"Tier 2: Qualified Bank Loan",24194
"LEAD-13108","Sarah Faizal #3108","+60160003109","SkyResidence Subang",7996,4052,58.2,"Tier 2: Qualified Bank Loan",24382
"LEAD-13111","Siti Hassan #3111","+60190003112","Damansara Heights Residence",8107,4109,58.3,"Tier 2: Qualified Bank Loan",24571
"LEAD-13114","Syed Subramaniam #3114","+60140003115","SkyResidence Subang",8218,4166,58.3,"Tier 2: Qualified Bank Loan",24759
"LEAD-13117","Azman Goh #3117","+60170003118","Damansara Heights Residence",8329,4223,58.3,"Tier 2: Qualified Bank Loan",24948
"LEAD-13120","Muhammad Hariz #3120","+60120003121","SkyResidence Subang",8440,4280,58.3,"Tier 2: Qualified Bank Loan",25136
"LEAD-13123","Wong Wei Lun #3123","+60150003124","Damansara Heights Residence",8551,4337,58.3,"Tier 2: Qualified Bank Loan",25324
"LEAD-13126","Mohd Ibrahim #3126","+60180003127","SkyResidence Subang",8662,4394,58.3,"Tier 2: Qualified Bank Loan",25513
"LEAD-13129","Kevin Chen #3129","+60130003130","Damansara Heights Residence",8773,4451,58.3,"Tier 2: Qualified Bank Loan",25701
"LEAD-13132","Razif Nordin #3132","+60160003133","SkyResidence Subang",8884,1008,13,"Tier 1: Pre-Approved LPPSA/Bank",725890
"LEAD-13135","Chong Osman #3135","+60190003136","Damansara Heights Residence",8995,1065,13.6,"Tier 1: Pre-Approved LPPSA/Bank",726078
"LEAD-13138","Hafiz Aini #3138","+60140003139","SkyResidence Subang",9106,1122,14.2,"Tier 1: Pre-Approved LPPSA/Bank",726266
"LEAD-13141","Ahmad Razif #3141","+60170003142","Damansara Heights Residence",9217,1179,14.7,"Tier 1: Pre-Approved LPPSA/Bank",726455
"LEAD-13144","Tan Lee #3144","+60120003145","SkyResidence Subang",9328,1236,15.2,"Tier 1: Pre-Approved LPPSA/Bank",726643
"LEAD-13147","Farhan Zulkifli #3147","+60150003148","Damansara Heights Residence",9439,1293,15.7,"Tier 1: Pre-Approved LPPSA/Bank",726832
"LEAD-13150","Jason Rosli #3150","+60180003151","SkyResidence Subang",9550,1350,16.2,"Tier 1: Pre-Approved LPPSA/Bank",727020
"LEAD-13153","Amir Kumar #3153","+60130003154","Damansara Heights Residence",9661,1407,16.7,"Tier 1: Pre-Approved LPPSA/Bank",727208
"LEAD-13156","Devi Faizal #3156","+60160003157","SkyResidence Subang",9772,1464,17.2,"Tier 1: Pre-Approved LPPSA/Bank",727397
"LEAD-13159","Grace Hassan #3159","+60190003160","Damansara Heights Residence",9883,1521,17.7,"Tier 1: Pre-Approved LPPSA/Bank",727585
"LEAD-13162","Nurul Subramaniam #3162","+60140003163","SkyResidence Subang",9994,1578,18.1,"Tier 1: Pre-Approved LPPSA/Bank",727774
"LEAD-13165","Santhi Goh #3165","+60170003166","Damansara Heights Residence",10105,1635,18.6,"Tier 1: Pre-Approved LPPSA/Bank",727962
"LEAD-13168","Sarah Hariz #3168","+60120003169","SkyResidence Subang",10216,1692,19,"Tier 1: Pre-Approved LPPSA/Bank",728150
"LEAD-13171","Siti Wei Lun #3171","+60150003172","Damansara Heights Residence",10327,1749,19.5,"Tier 1: Pre-Approved LPPSA/Bank",728339
"LEAD-13174","Syed Ibrahim #3174","+60180003175","SkyResidence Subang",10438,1806,19.9,"Tier 1: Pre-Approved LPPSA/Bank",728527
"LEAD-13177","Azman Chen #3177","+60130003178","Damansara Heights Residence",10549,1863,20.3,"Tier 1: Pre-Approved LPPSA/Bank",728716
"LEAD-13180","Muhammad Nordin #3180","+60160003181","SkyResidence Subang",10660,1920,20.7,"Tier 1: Pre-Approved LPPSA/Bank",728904
"LEAD-13183","Wong Osman #3183","+60190003184","Damansara Heights Residence",10771,1977,21.1,"Tier 1: Pre-Approved LPPSA/Bank",729092
"LEAD-13186","Mohd Aini #3186","+60140003187","SkyResidence Subang",10882,2034,21.5,"Tier 1: Pre-Approved LPPSA/Bank",729281
"LEAD-13189","Kevin Razif #3189","+60170003190","Damansara Heights Residence",10993,2091,21.9,"Tier 1: Pre-Approved LPPSA/Bank",729469
"LEAD-13192","Razif Lee #3192","+60120003193","SkyResidence Subang",11104,2148,22.2,"Tier 1: Pre-Approved LPPSA/Bank",729658
"LEAD-13195","Chong Zulkifli #3195","+60150003196","Damansara Heights Residence",11215,2205,22.6,"Tier 1: Pre-Approved LPPSA/Bank",729846
"LEAD-13198","Hafiz Rosli #3198","+60180003199","SkyResidence Subang",11326,2262,23,"Tier 1: Pre-Approved LPPSA/Bank",730034
"LEAD-13201","Ahmad Kumar #3201","+60130003202","Damansara Heights Residence",11437,2319,23.3,"Tier 1: Pre-Approved LPPSA/Bank",730223
"LEAD-13204","Tan Faizal #3204","+60160003205","SkyResidence Subang",11548,2376,23.6,"Tier 1: Pre-Approved LPPSA/Bank",730411
"LEAD-13207","Farhan Hassan #3207","+60190003208","Damansara Heights Residence",11659,2433,24,"Tier 1: Pre-Approved LPPSA/Bank",730600
"LEAD-13210","Jason Subramaniam #3210","+60140003211","SkyResidence Subang",11770,2490,24.3,"Tier 1: Pre-Approved LPPSA/Bank",730788
"LEAD-13213","Amir Goh #3213","+60170003214","Damansara Heights Residence",11881,2547,24.6,"Tier 1: Pre-Approved LPPSA/Bank",730976
"LEAD-13216","Devi Hariz #3216","+60120003217","SkyResidence Subang",11992,2604,25,"Tier 1: Pre-Approved LPPSA/Bank",731165
"LEAD-13219","Grace Wei Lun #3219","+60150003220","Damansara Heights Residence",3603,2661,84.9,"Tier 4: High Risk DSR",0
"LEAD-13222","Nurul Ibrahim #3222","+60180003223","SkyResidence Subang",3714,2718,84.1,"Tier 4: High Risk DSR",0
"LEAD-13225","Santhi Chen #3225","+60130003226","Damansara Heights Residence",3825,2775,83.4,"Tier 4: High Risk DSR",0
"LEAD-13228","Sarah Nordin #3228","+60160003229","SkyResidence Subang",3936,2832,82.7,"Tier 4: High Risk DSR",0
"LEAD-13231","Siti Osman #3231","+60190003232","Damansara Heights Residence",4047,2889,82.1,"Tier 4: High Risk DSR",0
"LEAD-13234","Syed Aini #3234","+60140003235","SkyResidence Subang",4158,2946,81.4,"Tier 4: High Risk DSR",0
"LEAD-13237","Azman Razif #3237","+60170003238","Damansara Heights Residence",4269,3003,80.9,"Tier 4: High Risk DSR",0
"LEAD-13240","Muhammad Lee #3240","+60120003241","SkyResidence Subang",4380,3060,80.3,"Tier 4: High Risk DSR",0
"LEAD-13243","Wong Zulkifli #3243","+60150003244","Damansara Heights Residence",4491,3117,79.8,"Tier 4: High Risk DSR",0
"LEAD-13246","Mohd Rosli #3246","+60180003247","SkyResidence Subang",4602,3174,79.3,"Tier 4: High Risk DSR",0
"LEAD-13249","Kevin Kumar #3249","+60130003250","Damansara Heights Residence",4713,3231,78.8,"Tier 4: High Risk DSR",0
"LEAD-13252","Razif Faizal #3252","+60160003253","SkyResidence Subang",4824,3288,78.3,"Tier 4: High Risk DSR",0
"LEAD-13255","Chong Hassan #3255","+60190003256","Damansara Heights Residence",4935,3345,77.9,"Tier 4: High Risk DSR",0
"LEAD-13258","Hafiz Subramaniam #3258","+60140003259","SkyResidence Subang",5046,3402,77.5,"Tier 4: High Risk DSR",0
"LEAD-13261","Ahmad Goh #3261","+60170003262","Damansara Heights Residence",5157,3459,77.1,"Tier 4: High Risk DSR",0
"LEAD-13264","Tan Hariz #3264","+60120003265","SkyResidence Subang",5268,3516,76.7,"Tier 4: High Risk DSR",0
"LEAD-13267","Farhan Wei Lun #3267","+60150003268","Damansara Heights Residence",5379,3573,76.4,"Tier 4: High Risk DSR",0
"LEAD-13270","Jason Ibrahim #3270","+60180003271","SkyResidence Subang",5490,3630,76,"Tier 4: High Risk DSR",0
"LEAD-13273","Amir Chen #3273","+60130003274","Damansara Heights Residence",5601,3687,75.7,"Tier 4: High Risk DSR",0
"LEAD-13276","Devi Nordin #3276","+60160003277","SkyResidence Subang",5712,3744,75.3,"Tier 4: High Risk DSR",0
"LEAD-13279","Grace Osman #3279","+60190003280","Damansara Heights Residence",5823,3801,75,"Tier 4: High Risk DSR",0
"LEAD-13282","Nurul Aini #3282","+60140003283","SkyResidence Subang",5934,3858,74.7,"Tier 3: Joint Loan Needed",0
"LEAD-13285","Santhi Razif #3285","+60170003286","Damansara Heights Residence",6045,3915,74.4,"Tier 3: Joint Loan Needed",0
"LEAD-13288","Sarah Lee #3288","+60120003289","SkyResidence Subang",6156,3972,74.2,"Tier 3: Joint Loan Needed",0
"LEAD-13291","Siti Zulkifli #3291","+60150003292","Damansara Heights Residence",6267,4029,73.9,"Tier 3: Joint Loan Needed",0
"LEAD-13294","Syed Rosli #3294","+60180003295","SkyResidence Subang",6378,4086,73.6,"Tier 3: Joint Loan Needed",0
"LEAD-13297","Azman Kumar #3297","+60130003298","Damansara Heights Residence",6489,4143,73.4,"Tier 3: Joint Loan Needed",0
"LEAD-13300","Muhammad Faizal #3300","+60160003301","SkyResidence Subang",6600,4200,73.1,"Tier 3: Joint Loan Needed",0
"LEAD-13303","Wong Hassan #3303","+60190003304","Damansara Heights Residence",6711,4257,72.9,"Tier 3: Joint Loan Needed",0
"LEAD-13306","Mohd Subramaniam #3306","+60140003307","SkyResidence Subang",6822,4314,72.7,"Tier 3: Joint Loan Needed",0
"LEAD-13309","Kevin Goh #3309","+60170003310","Damansara Heights Residence",6933,4371,72.5,"Tier 3: Joint Loan Needed",0
"LEAD-13312","Razif Hariz #3312","+60120003313","SkyResidence Subang",7044,4428,72.3,"Tier 3: Joint Loan Needed",0
"LEAD-13315","Chong Wei Lun #3315","+60150003316","Damansara Heights Residence",7155,4485,72,"Tier 3: Joint Loan Needed",0
"LEAD-13318","Hafiz Ibrahim #3318","+60180003319","SkyResidence Subang",7266,1042,16.5,"Tier 1: Pre-Approved LPPSA/Bank",550170
"LEAD-13321","Ahmad Chen #3321","+60130003322","Damansara Heights Residence",7377,1099,17.1,"Tier 1: Pre-Approved LPPSA/Bank",550359
"LEAD-13324","Tan Nordin #3324","+60160003325","SkyResidence Subang",7488,1156,17.7,"Tier 1: Pre-Approved LPPSA/Bank",550547
"LEAD-13327","Farhan Osman #3327","+60190003328","Damansara Heights Residence",7599,1213,18.3,"Tier 1: Pre-Approved LPPSA/Bank",550736
"LEAD-13330","Jason Aini #3330","+60140003331","SkyResidence Subang",7710,1270,18.9,"Tier 1: Pre-Approved LPPSA/Bank",550924
"LEAD-13333","Amir Razif #3333","+60170003334","Damansara Heights Residence",7821,1327,19.5,"Tier 1: Pre-Approved LPPSA/Bank",551112
"LEAD-13336","Devi Lee #3336","+60120003337","SkyResidence Subang",7932,1384,20.1,"Tier 1: Pre-Approved LPPSA/Bank",551301
"LEAD-13339","Grace Zulkifli #3339","+60150003340","Damansara Heights Residence",8043,1441,20.6,"Tier 1: Pre-Approved LPPSA/Bank",551489
"LEAD-13342","Nurul Rosli #3342","+60180003343","SkyResidence Subang",8154,1498,21.1,"Tier 1: Pre-Approved LPPSA/Bank",551678
"LEAD-13345","Santhi Kumar #3345","+60130003346","Damansara Heights Residence",8265,1555,21.6,"Tier 1: Pre-Approved LPPSA/Bank",551866
"LEAD-13348","Sarah Faizal #3348","+60160003349","SkyResidence Subang",8376,1612,22.1,"Tier 1: Pre-Approved LPPSA/Bank",552054
"LEAD-13351","Siti Hassan #3351","+60190003352","Damansara Heights Residence",8487,1669,22.6,"Tier 1: Pre-Approved LPPSA/Bank",552243
"LEAD-13354","Syed Subramaniam #3354","+60140003355","SkyResidence Subang",8598,1726,23.1,"Tier 1: Pre-Approved LPPSA/Bank",552431
"LEAD-13357","Azman Goh #3357","+60170003358","Damansara Heights Residence",8709,1783,23.5,"Tier 1: Pre-Approved LPPSA/Bank",552620
"LEAD-13360","Muhammad Hariz #3360","+60120003361","SkyResidence Subang",8820,1840,24,"Tier 1: Pre-Approved LPPSA/Bank",552808
"LEAD-13363","Wong Wei Lun #3363","+60150003364","Damansara Heights Residence",8931,1897,24.4,"Tier 1: Pre-Approved LPPSA/Bank",552996
"LEAD-13366","Mohd Ibrahim #3366","+60180003367","SkyResidence Subang",9042,1954,24.8,"Tier 1: Pre-Approved LPPSA/Bank",553185
"LEAD-13369","Kevin Chen #3369","+60130003370","Damansara Heights Residence",9153,2011,25.3,"Tier 1: Pre-Approved LPPSA/Bank",553373
"LEAD-13372","Razif Nordin #3372","+60160003373","SkyResidence Subang",9264,2068,25.7,"Tier 1: Pre-Approved LPPSA/Bank",553562
"LEAD-13375","Chong Osman #3375","+60190003376","Damansara Heights Residence",9375,2125,26.1,"Tier 1: Pre-Approved LPPSA/Bank",553750
"LEAD-13378","Hafiz Aini #3378","+60140003379","SkyResidence Subang",9486,2182,26.4,"Tier 1: Pre-Approved LPPSA/Bank",553938
"LEAD-13381","Ahmad Razif #3381","+60170003382","Damansara Heights Residence",9597,2239,26.8,"Tier 1: Pre-Approved LPPSA/Bank",554127
"LEAD-13384","Tan Lee #3384","+60120003385","SkyResidence Subang",9708,2296,27.2,"Tier 1: Pre-Approved LPPSA/Bank",554315
"LEAD-13387","Farhan Zulkifli #3387","+60150003388","Damansara Heights Residence",9819,2353,27.5,"Tier 1: Pre-Approved LPPSA/Bank",554504
"LEAD-13390","Jason Rosli #3390","+60180003391","SkyResidence Subang",9930,2410,27.9,"Tier 1: Pre-Approved LPPSA/Bank",554692
"LEAD-13393","Amir Kumar #3393","+60130003394","Damansara Heights Residence",10041,2467,28.2,"Tier 1: Pre-Approved LPPSA/Bank",554880
"LEAD-13396","Devi Faizal #3396","+60160003397","SkyResidence Subang",10152,2524,28.6,"Tier 1: Pre-Approved LPPSA/Bank",555069
"LEAD-13399","Grace Hassan #3399","+60190003400","Damansara Heights Residence",10263,2581,28.9,"Tier 1: Pre-Approved LPPSA/Bank",555257
"LEAD-13402","Nurul Subramaniam #3402","+60140003403","SkyResidence Subang",10374,2638,29.2,"Tier 1: Pre-Approved LPPSA/Bank",555446
"LEAD-13405","Santhi Goh #3405","+60170003406","Damansara Heights Residence",10485,2695,29.5,"Tier 1: Pre-Approved LPPSA/Bank",555634
"LEAD-13408","Sarah Hariz #3408","+60120003409","SkyResidence Subang",10596,2752,29.9,"Tier 1: Pre-Approved LPPSA/Bank",555822
"LEAD-13411","Siti Wei Lun #3411","+60150003412","Damansara Heights Residence",10707,2809,30.2,"Tier 1: Pre-Approved LPPSA/Bank",556011
"LEAD-13414","Syed Ibrahim #3414","+60180003415","SkyResidence Subang",10818,2866,30.5,"Tier 1: Pre-Approved LPPSA/Bank",556199
"LEAD-13417","Azman Chen #3417","+60130003418","Damansara Heights Residence",10929,2923,30.7,"Tier 1: Pre-Approved LPPSA/Bank",556388
"LEAD-13420","Muhammad Nordin #3420","+60160003421","SkyResidence Subang",11040,2980,31,"Tier 1: Pre-Approved LPPSA/Bank",556576
"LEAD-13423","Wong Osman #3423","+60190003424","Damansara Heights Residence",11151,3037,31.3,"Tier 1: Pre-Approved LPPSA/Bank",556764
"LEAD-13426","Mohd Aini #3426","+60140003427","SkyResidence Subang",11262,3094,31.6,"Tier 1: Pre-Approved LPPSA/Bank",556953
"LEAD-13429","Kevin Razif #3429","+60170003430","Damansara Heights Residence",11373,3151,31.8,"Tier 1: Pre-Approved LPPSA/Bank",557141
"LEAD-13432","Razif Lee #3432","+60120003433","SkyResidence Subang",11484,3208,32.1,"Tier 1: Pre-Approved LPPSA/Bank",557330
"LEAD-13435","Chong Zulkifli #3435","+60150003436","Damansara Heights Residence",11595,3265,32.4,"Tier 1: Pre-Approved LPPSA/Bank",557518
"LEAD-13438","Hafiz Rosli #3438","+60180003439","SkyResidence Subang",11706,3322,32.6,"Tier 1: Pre-Approved LPPSA/Bank",557706
"LEAD-13441","Ahmad Kumar #3441","+60130003442","Damansara Heights Residence",11817,3379,32.9,"Tier 1: Pre-Approved LPPSA/Bank",557895
"LEAD-13444","Tan Faizal #3444","+60160003445","SkyResidence Subang",11928,3436,33.1,"Tier 1: Pre-Approved LPPSA/Bank",558083
"LEAD-13447","Farhan Hassan #3447","+60190003448","Damansara Heights Residence",3539,3493,113.4,"Tier 4: High Risk DSR",0
"LEAD-13450","Jason Subramaniam #3450","+60140003451","SkyResidence Subang",3650,3550,111.8,"Tier 4: High Risk DSR",0
"LEAD-13453","Amir Goh #3453","+60170003454","Damansara Heights Residence",3761,3607,110.2,"Tier 4: High Risk DSR",0
"LEAD-13456","Devi Hariz #3456","+60120003457","SkyResidence Subang",3872,3664,108.8,"Tier 4: High Risk DSR",0
"LEAD-13459","Grace Wei Lun #3459","+60150003460","Damansara Heights Residence",3983,3721,107.4,"Tier 4: High Risk DSR",0
"LEAD-13462","Nurul Ibrahim #3462","+60180003463","SkyResidence Subang",4094,3778,106.1,"Tier 4: High Risk DSR",0
"LEAD-13465","Santhi Chen #3465","+60130003466","Damansara Heights Residence",4205,3835,104.8,"Tier 4: High Risk DSR",0
"LEAD-13468","Sarah Nordin #3468","+60160003469","SkyResidence Subang",4316,3892,103.7,"Tier 4: High Risk DSR",0
"LEAD-13471","Siti Osman #3471","+60190003472","Damansara Heights Residence",4427,3949,102.5,"Tier 4: High Risk DSR",0
"LEAD-13474","Syed Aini #3474","+60140003475","SkyResidence Subang",4538,4006,101.5,"Tier 4: High Risk DSR",0
"LEAD-13477","Azman Razif #3477","+60170003478","Damansara Heights Residence",4649,4063,100.5,"Tier 4: High Risk DSR",0
"LEAD-13480","Muhammad Lee #3480","+60120003481","SkyResidence Subang",4760,4120,99.5,"Tier 4: High Risk DSR",0
"LEAD-13483","Wong Zulkifli #3483","+60150003484","Damansara Heights Residence",4871,4177,98.6,"Tier 4: High Risk DSR",0
"LEAD-13486","Mohd Rosli #3486","+60180003487","SkyResidence Subang",4982,4234,97.7,"Tier 4: High Risk DSR",0
"LEAD-13489","Kevin Kumar #3489","+60130003490","Damansara Heights Residence",5093,4291,96.8,"Tier 4: High Risk DSR",0
"LEAD-13492","Razif Faizal #3492","+60160003493","SkyResidence Subang",5204,4348,96,"Tier 4: High Risk DSR",0
"LEAD-13495","Chong Hassan #3495","+60190003496","Damansara Heights Residence",5315,4405,95.3,"Tier 4: High Risk DSR",0
"LEAD-13498","Hafiz Subramaniam #3498","+60140003499","SkyResidence Subang",5426,4462,94.5,"Tier 4: High Risk DSR",0
"LEAD-13501","Ahmad Goh #3501","+60170003502","Damansara Heights Residence",5537,1019,21.2,"Tier 2: Qualified Bank Loan",374263
"LEAD-13504","Tan Hariz #3504","+60120003505","SkyResidence Subang",5648,1076,21.9,"Tier 2: Qualified Bank Loan",374451
"LEAD-13507","Farhan Wei Lun #3507","+60150003508","Damansara Heights Residence",5759,1133,22.6,"Tier 2: Qualified Bank Loan",374640
"LEAD-13510","Jason Ibrahim #3510","+60180003511","SkyResidence Subang",5870,1190,23.3,"Tier 2: Qualified Bank Loan",374828
"LEAD-13513","Amir Chen #3513","+60130003514","Damansara Heights Residence",5981,1247,24,"Tier 2: Qualified Bank Loan",375016
"LEAD-13516","Devi Nordin #3516","+60160003517","SkyResidence Subang",6092,1304,24.6,"Tier 2: Qualified Bank Loan",375205
"LEAD-13519","Grace Osman #3519","+60190003520","Damansara Heights Residence",6203,1361,25.2,"Tier 2: Qualified Bank Loan",375393
"LEAD-13522","Nurul Aini #3522","+60140003523","SkyResidence Subang",6314,1418,25.8,"Tier 2: Qualified Bank Loan",375582
"LEAD-13525","Santhi Razif #3525","+60170003526","Damansara Heights Residence",6425,1475,26.4,"Tier 2: Qualified Bank Loan",375770
"LEAD-13528","Sarah Lee #3528","+60120003529","SkyResidence Subang",6536,1532,26.9,"Tier 1: Pre-Approved LPPSA/Bank",375958
"LEAD-13531","Siti Zulkifli #3531","+60150003532","Damansara Heights Residence",6647,1589,27.5,"Tier 1: Pre-Approved LPPSA/Bank",376147
"LEAD-13534","Syed Rosli #3534","+60180003535","SkyResidence Subang",6758,1646,28,"Tier 1: Pre-Approved LPPSA/Bank",376335
"LEAD-13537","Azman Kumar #3537","+60130003538","Damansara Heights Residence",6869,1703,28.5,"Tier 1: Pre-Approved LPPSA/Bank",376524
"LEAD-13540","Muhammad Faizal #3540","+60160003541","SkyResidence Subang",6980,1760,29,"Tier 1: Pre-Approved LPPSA/Bank",376712
"LEAD-13543","Wong Hassan #3543","+60190003544","Damansara Heights Residence",7091,1817,29.5,"Tier 1: Pre-Approved LPPSA/Bank",376900
"LEAD-13546","Mohd Subramaniam #3546","+60140003547","SkyResidence Subang",7202,1874,29.9,"Tier 1: Pre-Approved LPPSA/Bank",377089
"LEAD-13549","Kevin Goh #3549","+60170003550","Damansara Heights Residence",7313,1931,30.4,"Tier 1: Pre-Approved LPPSA/Bank",377277
"LEAD-13552","Razif Hariz #3552","+60120003553","SkyResidence Subang",7424,1988,30.8,"Tier 1: Pre-Approved LPPSA/Bank",377466
"LEAD-13555","Chong Wei Lun #3555","+60150003556","Damansara Heights Residence",7535,2045,31.2,"Tier 1: Pre-Approved LPPSA/Bank",377654
"LEAD-13558","Hafiz Ibrahim #3558","+60180003559","SkyResidence Subang",7646,2102,31.6,"Tier 1: Pre-Approved LPPSA/Bank",377842
"LEAD-13561","Ahmad Chen #3561","+60130003562","Damansara Heights Residence",7757,2159,32,"Tier 1: Pre-Approved LPPSA/Bank",378031
"LEAD-13564","Tan Nordin #3564","+60160003565","SkyResidence Subang",7868,2216,32.4,"Tier 1: Pre-Approved LPPSA/Bank",378219
"LEAD-13567","Farhan Osman #3567","+60190003568","Damansara Heights Residence",7979,2273,32.7,"Tier 1: Pre-Approved LPPSA/Bank",378408
"LEAD-13570","Jason Aini #3570","+60140003571","SkyResidence Subang",8090,2330,33.1,"Tier 1: Pre-Approved LPPSA/Bank",378596
"LEAD-13573","Amir Razif #3573","+60170003574","Damansara Heights Residence",8201,2387,33.5,"Tier 1: Pre-Approved LPPSA/Bank",378784
"LEAD-13576","Devi Lee #3576","+60120003577","SkyResidence Subang",8312,2444,33.8,"Tier 1: Pre-Approved LPPSA/Bank",378973
"LEAD-13579","Grace Zulkifli #3579","+60150003580","Damansara Heights Residence",8423,2501,34.1,"Tier 1: Pre-Approved LPPSA/Bank",379161
"LEAD-13582","Nurul Rosli #3582","+60180003583","SkyResidence Subang",8534,2558,34.5,"Tier 1: Pre-Approved LPPSA/Bank",379350
"LEAD-13585","Santhi Kumar #3585","+60130003586","Damansara Heights Residence",8645,2615,34.8,"Tier 1: Pre-Approved LPPSA/Bank",379538
"LEAD-13588","Sarah Faizal #3588","+60160003589","SkyResidence Subang",8756,2672,35.1,"Tier 1: Pre-Approved LPPSA/Bank",379726
"LEAD-13591","Siti Hassan #3591","+60190003592","Damansara Heights Residence",8867,2729,35.4,"Tier 1: Pre-Approved LPPSA/Bank",379915
"LEAD-13594","Syed Subramaniam #3594","+60140003595","SkyResidence Subang",8978,2786,35.7,"Tier 1: Pre-Approved LPPSA/Bank",380103
"LEAD-13597","Azman Goh #3597","+60170003598","Damansara Heights Residence",9089,2843,36,"Tier 1: Pre-Approved LPPSA/Bank",380292
"LEAD-13600","Muhammad Hariz #3600","+60120003601","SkyResidence Subang",9200,2900,36.2,"Tier 1: Pre-Approved LPPSA/Bank",380480
"LEAD-13603","Wong Wei Lun #3603","+60150003604","Damansara Heights Residence",9311,2957,36.5,"Tier 1: Pre-Approved LPPSA/Bank",380668
"LEAD-13606","Mohd Ibrahim #3606","+60180003607","SkyResidence Subang",9422,3014,36.8,"Tier 1: Pre-Approved LPPSA/Bank",380857
"LEAD-13609","Kevin Chen #3609","+60130003610","Damansara Heights Residence",9533,3071,37,"Tier 1: Pre-Approved LPPSA/Bank",381045
"LEAD-13612","Razif Nordin #3612","+60160003613","SkyResidence Subang",9644,3128,37.3,"Tier 1: Pre-Approved LPPSA/Bank",381234
"LEAD-13615","Chong Osman #3615","+60190003616","Damansara Heights Residence",9755,3185,37.5,"Tier 1: Pre-Approved LPPSA/Bank",381422
"LEAD-13618","Hafiz Aini #3618","+60140003619","SkyResidence Subang",9866,3242,37.8,"Tier 1: Pre-Approved LPPSA/Bank",381610
"LEAD-13621","Ahmad Razif #3621","+60170003622","Damansara Heights Residence",9977,3299,38,"Tier 1: Pre-Approved LPPSA/Bank",381799
"LEAD-13624","Tan Lee #3624","+60120003625","SkyResidence Subang",10088,3356,38.2,"Tier 1: Pre-Approved LPPSA/Bank",381987
"LEAD-13627","Farhan Zulkifli #3627","+60150003628","Damansara Heights Residence",10199,3413,38.5,"Tier 1: Pre-Approved LPPSA/Bank",382176
"LEAD-13630","Jason Rosli #3630","+60180003631","SkyResidence Subang",10310,3470,38.7,"Tier 1: Pre-Approved LPPSA/Bank",382364
"LEAD-13633","Amir Kumar #3633","+60130003634","Damansara Heights Residence",10421,3527,38.9,"Tier 1: Pre-Approved LPPSA/Bank",382552
"LEAD-13636","Devi Faizal #3636","+60160003637","SkyResidence Subang",10532,3584,39.1,"Tier 1: Pre-Approved LPPSA/Bank",382741
"LEAD-13639","Grace Hassan #3639","+60190003640","Damansara Heights Residence",10643,3641,39.3,"Tier 1: Pre-Approved LPPSA/Bank",382929
"LEAD-13642","Nurul Subramaniam #3642","+60140003643","SkyResidence Subang",10754,3698,39.5,"Tier 1: Pre-Approved LPPSA/Bank",383118
"LEAD-13645","Santhi Goh #3645","+60170003646","Damansara Heights Residence",10865,3755,39.7,"Tier 1: Pre-Approved LPPSA/Bank",383306
"LEAD-13648","Sarah Hariz #3648","+60120003649","SkyResidence Subang",10976,3812,39.9,"Tier 1: Pre-Approved LPPSA/Bank",383494
"LEAD-13651","Siti Wei Lun #3651","+60150003652","Damansara Heights Residence",11087,3869,40.1,"Tier 1: Pre-Approved LPPSA/Bank",383683
"LEAD-13654","Syed Ibrahim #3654","+60180003655","SkyResidence Subang",11198,3926,40.3,"Tier 1: Pre-Approved LPPSA/Bank",383871
"LEAD-13657","Azman Chen #3657","+60130003658","Damansara Heights Residence",11309,3983,40.5,"Tier 1: Pre-Approved LPPSA/Bank",384060
"LEAD-13660","Muhammad Nordin #3660","+60160003661","SkyResidence Subang",11420,4040,40.7,"Tier 1: Pre-Approved LPPSA/Bank",384248
"LEAD-13663","Wong Osman #3663","+60190003664","Damansara Heights Residence",11531,4097,40.8,"Tier 1: Pre-Approved LPPSA/Bank",384436
"LEAD-13666","Mohd Aini #3666","+60140003667","SkyResidence Subang",11642,4154,41,"Tier 1: Pre-Approved LPPSA/Bank",384625
"LEAD-13669","Kevin Razif #3669","+60170003670","Damansara Heights Residence",11753,4211,41.2,"Tier 1: Pre-Approved LPPSA/Bank",384813
"LEAD-13672","Razif Lee #3672","+60120003673","SkyResidence Subang",11864,4268,41.3,"Tier 1: Pre-Approved LPPSA/Bank",385002
"LEAD-13675","Chong Zulkifli #3675","+60150003676","Damansara Heights Residence",11975,4325,41.5,"Tier 1: Pre-Approved LPPSA/Bank",385190
"LEAD-13678","Hafiz Rosli #3678","+60180003679","SkyResidence Subang",3586,4382,140.5,"Tier 4: High Risk DSR",0
"LEAD-13681","Ahmad Kumar #3681","+60130003682","Damansara Heights Residence",3697,4439,138,"Tier 4: High Risk DSR",0
"LEAD-13684","Tan Faizal #3684","+60160003685","SkyResidence Subang",3808,4496,135.7,"Tier 4: High Risk DSR",0
"LEAD-13687","Farhan Hassan #3687","+60190003688","Damansara Heights Residence",3919,1053,30.9,"Tier 3: Joint Loan Needed",198544
"LEAD-13690","Jason Subramaniam #3690","+60140003691","SkyResidence Subang",4030,1110,31.7,"Tier 3: Joint Loan Needed",198732
"LEAD-13693","Amir Goh #3693","+60170003694","Damansara Heights Residence",4141,1167,32.4,"Tier 3: Joint Loan Needed",198920
"LEAD-13696","Devi Hariz #3696","+60120003697","SkyResidence Subang",4252,1224,33.1,"Tier 3: Joint Loan Needed",199109
"LEAD-13699","Grace Wei Lun #3699","+60150003700","Damansara Heights Residence",4363,1281,33.7,"Tier 3: Joint Loan Needed",199297
"LEAD-13702","Nurul Ibrahim #3702","+60180003703","SkyResidence Subang",4474,1338,34.4,"Tier 3: Joint Loan Needed",199486
"LEAD-13705","Santhi Chen #3705","+60130003706","Damansara Heights Residence",4585,1395,35,"Tier 2: Qualified Bank Loan",199674
"LEAD-13708","Sarah Nordin #3708","+60160003709","SkyResidence Subang",4696,1452,35.5,"Tier 2: Qualified Bank Loan",199862
"LEAD-13711","Siti Osman #3711","+60190003712","Damansara Heights Residence",4807,1509,36.1,"Tier 2: Qualified Bank Loan",200051
"LEAD-13714","Syed Aini #3714","+60140003715","SkyResidence Subang",4918,1566,36.6,"Tier 2: Qualified Bank Loan",200239
"LEAD-13717","Azman Razif #3717","+60170003718","Damansara Heights Residence",5029,1623,37.1,"Tier 2: Qualified Bank Loan",200428
"LEAD-13720","Muhammad Lee #3720","+60120003721","SkyResidence Subang",5140,1680,37.6,"Tier 2: Qualified Bank Loan",200616
"LEAD-13723","Wong Zulkifli #3723","+60150003724","Damansara Heights Residence",5251,1737,38,"Tier 2: Qualified Bank Loan",200804
"LEAD-13726","Mohd Rosli #3726","+60180003727","SkyResidence Subang",5362,1794,38.5,"Tier 2: Qualified Bank Loan",200993
"LEAD-13729","Kevin Kumar #3729","+60130003730","Damansara Heights Residence",5473,1851,38.9,"Tier 2: Qualified Bank Loan",201181
"LEAD-13732","Razif Faizal #3732","+60160003733","SkyResidence Subang",5584,1908,39.3,"Tier 2: Qualified Bank Loan",201370
"LEAD-13735","Chong Hassan #3735","+60190003736","Damansara Heights Residence",5695,1965,39.7,"Tier 2: Qualified Bank Loan",201558
"LEAD-13738","Hafiz Subramaniam #3738","+60140003739","SkyResidence Subang",5806,2022,40,"Tier 2: Qualified Bank Loan",201746
"LEAD-13741","Ahmad Goh #3741","+60170003742","Damansara Heights Residence",5917,2079,40.4,"Tier 2: Qualified Bank Loan",201935
"LEAD-13744","Tan Hariz #3744","+60120003745","SkyResidence Subang",6028,2136,40.7,"Tier 2: Qualified Bank Loan",202123
"LEAD-13747","Farhan Wei Lun #3747","+60150003748","Damansara Heights Residence",6139,2193,41.1,"Tier 2: Qualified Bank Loan",202312
"LEAD-13750","Jason Ibrahim #3750","+60180003751","SkyResidence Subang",6250,2250,41.4,"Tier 2: Qualified Bank Loan",202500
"LEAD-13753","Amir Chen #3753","+60130003754","Damansara Heights Residence",6361,2307,41.7,"Tier 2: Qualified Bank Loan",202688
"LEAD-13756","Devi Nordin #3756","+60160003757","SkyResidence Subang",6472,2364,42,"Tier 2: Qualified Bank Loan",202877
"LEAD-13759","Grace Osman #3759","+60190003760","Damansara Heights Residence",6583,2421,42.3,"Tier 1: Pre-Approved LPPSA/Bank",203065
"LEAD-13762","Nurul Aini #3762","+60140003763","SkyResidence Subang",6694,2478,42.5,"Tier 1: Pre-Approved LPPSA/Bank",203254
"LEAD-13765","Santhi Razif #3765","+60170003766","Damansara Heights Residence",6805,2535,42.8,"Tier 1: Pre-Approved LPPSA/Bank",203442
"LEAD-13768","Sarah Lee #3768","+60120003769","SkyResidence Subang",6916,2592,43.1,"Tier 1: Pre-Approved LPPSA/Bank",203630
"LEAD-13771","Siti Zulkifli #3771","+60150003772","Damansara Heights Residence",7027,2649,43.3,"Tier 1: Pre-Approved LPPSA/Bank",203819
"LEAD-13774","Syed Rosli #3774","+60180003775","SkyResidence Subang",7138,2706,43.6,"Tier 1: Pre-Approved LPPSA/Bank",204007
"LEAD-13777","Azman Kumar #3777","+60130003778","Damansara Heights Residence",7249,2763,43.8,"Tier 1: Pre-Approved LPPSA/Bank",204196
"LEAD-13780","Muhammad Faizal #3780","+60160003781","SkyResidence Subang",7360,2820,44,"Tier 1: Pre-Approved LPPSA/Bank",204384
"LEAD-13783","Wong Hassan #3783","+60190003784","Damansara Heights Residence",7471,2877,44.3,"Tier 1: Pre-Approved LPPSA/Bank",204572
"LEAD-13786","Mohd Subramaniam #3786","+60140003787","SkyResidence Subang",7582,2934,44.5,"Tier 1: Pre-Approved LPPSA/Bank",204761
"LEAD-13789","Kevin Goh #3789","+60170003790","Damansara Heights Residence",7693,2991,44.7,"Tier 1: Pre-Approved LPPSA/Bank",204949
"LEAD-13792","Razif Hariz #3792","+60120003793","SkyResidence Subang",7804,3048,44.9,"Tier 1: Pre-Approved LPPSA/Bank",205138
"LEAD-13795","Chong Wei Lun #3795","+60150003796","Damansara Heights Residence",7915,3105,45.1,"Tier 2: Qualified Bank Loan",205326
"LEAD-13798","Hafiz Ibrahim #3798","+60180003799","SkyResidence Subang",8026,3162,45.3,"Tier 2: Qualified Bank Loan",205514
"LEAD-13801","Ahmad Chen #3801","+60130003802","Damansara Heights Residence",8137,3219,45.5,"Tier 2: Qualified Bank Loan",205703
"LEAD-13804","Tan Nordin #3804","+60160003805","SkyResidence Subang",8248,3276,45.7,"Tier 2: Qualified Bank Loan",205891
"LEAD-13807","Farhan Osman #3807","+60190003808","Damansara Heights Residence",8359,3333,45.8,"Tier 2: Qualified Bank Loan",206080
"LEAD-13810","Jason Aini #3810","+60140003811","SkyResidence Subang",8470,3390,46,"Tier 2: Qualified Bank Loan",206268
"LEAD-13813","Amir Razif #3813","+60170003814","Damansara Heights Residence",8581,3447,46.2,"Tier 2: Qualified Bank Loan",206456
"LEAD-13816","Devi Lee #3816","+60120003817","SkyResidence Subang",8692,3504,46.3,"Tier 2: Qualified Bank Loan",206645
"LEAD-13819","Grace Zulkifli #3819","+60150003820","Damansara Heights Residence",8803,3561,46.5,"Tier 2: Qualified Bank Loan",206833
"LEAD-13822","Nurul Rosli #3822","+60180003823","SkyResidence Subang",8914,3618,46.7,"Tier 2: Qualified Bank Loan",207022
"LEAD-13825","Santhi Kumar #3825","+60130003826","Damansara Heights Residence",9025,3675,46.8,"Tier 2: Qualified Bank Loan",207210
"LEAD-13828","Sarah Faizal #3828","+60160003829","SkyResidence Subang",9136,3732,47,"Tier 2: Qualified Bank Loan",207398
"LEAD-13831","Siti Hassan #3831","+60190003832","Damansara Heights Residence",9247,3789,47.1,"Tier 2: Qualified Bank Loan",207587
"LEAD-13834","Syed Subramaniam #3834","+60140003835","SkyResidence Subang",9358,3846,47.2,"Tier 2: Qualified Bank Loan",207775
"LEAD-13837","Azman Goh #3837","+60170003838","Damansara Heights Residence",9469,3903,47.4,"Tier 2: Qualified Bank Loan",207964
"LEAD-13840","Muhammad Hariz #3840","+60120003841","SkyResidence Subang",9580,3960,47.5,"Tier 2: Qualified Bank Loan",208152
"LEAD-13843","Wong Wei Lun #3843","+60150003844","Damansara Heights Residence",9691,4017,47.6,"Tier 2: Qualified Bank Loan",208340
"LEAD-13846","Mohd Ibrahim #3846","+60180003847","SkyResidence Subang",9802,4074,47.8,"Tier 2: Qualified Bank Loan",208529
"LEAD-13849","Kevin Chen #3849","+60130003850","Damansara Heights Residence",9913,4131,47.9,"Tier 2: Qualified Bank Loan",208717
"LEAD-13852","Razif Nordin #3852","+60160003853","SkyResidence Subang",10024,4188,48,"Tier 2: Qualified Bank Loan",208906
"LEAD-13855","Chong Osman #3855","+60190003856","Damansara Heights Residence",10135,4245,48.1,"Tier 2: Qualified Bank Loan",209094
"LEAD-13858","Hafiz Aini #3858","+60140003859","SkyResidence Subang",10246,4302,48.3,"Tier 2: Qualified Bank Loan",209282
"LEAD-13861","Ahmad Razif #3861","+60170003862","Damansara Heights Residence",10357,4359,48.4,"Tier 2: Qualified Bank Loan",209471
"LEAD-13864","Tan Lee #3864","+60120003865","SkyResidence Subang",10468,4416,48.5,"Tier 2: Qualified Bank Loan",209659
"LEAD-13867","Farhan Zulkifli #3867","+60150003868","Damansara Heights Residence",10579,4473,48.6,"Tier 2: Qualified Bank Loan",209848
"LEAD-13870","Jason Rosli #3870","+60180003871","SkyResidence Subang",10690,1030,11.1,"Tier 1: Pre-Approved LPPSA/Bank",910036
"LEAD-13873","Amir Kumar #3873","+60130003874","Damansara Heights Residence",10801,1087,11.6,"Tier 1: Pre-Approved LPPSA/Bank",910224
"LEAD-13876","Devi Faizal #3876","+60160003877","SkyResidence Subang",10912,1144,12.1,"Tier 1: Pre-Approved LPPSA/Bank",910413
"LEAD-13879","Grace Hassan #3879","+60190003880","Damansara Heights Residence",11023,1201,12.5,"Tier 1: Pre-Approved LPPSA/Bank",910601
"LEAD-13882","Nurul Subramaniam #3882","+60140003883","SkyResidence Subang",11134,1258,13,"Tier 1: Pre-Approved LPPSA/Bank",910790
"LEAD-13885","Santhi Goh #3885","+60170003886","Damansara Heights Residence",11245,1315,13.4,"Tier 1: Pre-Approved LPPSA/Bank",910978
"LEAD-13888","Sarah Hariz #3888","+60120003889","SkyResidence Subang",11356,1372,13.9,"Tier 1: Pre-Approved LPPSA/Bank",911166
"LEAD-13891","Siti Wei Lun #3891","+60150003892","Damansara Heights Residence",11467,1429,14.3,"Tier 1: Pre-Approved LPPSA/Bank",911355
"LEAD-13894","Syed Ibrahim #3894","+60180003895","SkyResidence Subang",11578,1486,14.8,"Tier 1: Pre-Approved LPPSA/Bank",911543
"LEAD-13897","Azman Chen #3897","+60130003898","Damansara Heights Residence",11689,1543,15.2,"Tier 1: Pre-Approved LPPSA/Bank",911732
"LEAD-13900","Muhammad Nordin #3900","+60160003901","SkyResidence Subang",11800,1600,15.6,"Tier 1: Pre-Approved LPPSA/Bank",911920
"LEAD-13903","Wong Osman #3903","+60190003904","Damansara Heights Residence",11911,1657,16,"Tier 1: Pre-Approved LPPSA/Bank",912108
"LEAD-13906","Mohd Aini #3906","+60140003907","SkyResidence Subang",3522,1714,55.9,"Tier 3: Joint Loan Needed",24897
"LEAD-13909","Kevin Razif #3909","+60170003910","Damansara Heights Residence",3633,1771,56,"Tier 3: Joint Loan Needed",25085
"LEAD-13912","Razif Lee #3912","+60120003913","SkyResidence Subang",3744,1828,56.1,"Tier 3: Joint Loan Needed",25274
"LEAD-13915","Chong Zulkifli #3915","+60150003916","Damansara Heights Residence",3855,1885,56.2,"Tier 3: Joint Loan Needed",25462
"LEAD-13918","Hafiz Rosli #3918","+60180003919","SkyResidence Subang",3966,1942,56.3,"Tier 3: Joint Loan Needed",25650
"LEAD-13921","Ahmad Kumar #3921","+60130003922","Damansara Heights Residence",4077,1999,56.4,"Tier 3: Joint Loan Needed",25839
"LEAD-13924","Tan Faizal #3924","+60160003925","SkyResidence Subang",4188,2056,56.4,"Tier 3: Joint Loan Needed",26027
"LEAD-13927","Farhan Hassan #3927","+60190003928","Damansara Heights Residence",4299,2113,56.5,"Tier 3: Joint Loan Needed",26216
"LEAD-13930","Jason Subramaniam #3930","+60140003931","SkyResidence Subang",4410,2170,56.6,"Tier 3: Joint Loan Needed",26404
"LEAD-13933","Amir Goh #3933","+60170003934","Damansara Heights Residence",4521,2227,56.6,"Tier 2: Qualified Bank Loan",26592
"LEAD-13936","Devi Hariz #3936","+60120003937","SkyResidence Subang",4632,2284,56.7,"Tier 2: Qualified Bank Loan",26781
"LEAD-13939","Grace Wei Lun #3939","+60150003940","Damansara Heights Residence",4743,2341,56.7,"Tier 2: Qualified Bank Loan",26969
"LEAD-13942","Nurul Ibrahim #3942","+60180003943","SkyResidence Subang",4854,2398,56.8,"Tier 2: Qualified Bank Loan",27158
"LEAD-13945","Santhi Chen #3945","+60130003946","Damansara Heights Residence",4965,2455,56.8,"Tier 2: Qualified Bank Loan",27346
"LEAD-13948","Sarah Nordin #3948","+60160003949","SkyResidence Subang",5076,2512,56.9,"Tier 2: Qualified Bank Loan",27534
"LEAD-13951","Siti Osman #3951","+60190003952","Damansara Heights Residence",5187,2569,56.9,"Tier 2: Qualified Bank Loan",27723
"LEAD-13954","Syed Aini #3954","+60140003955","SkyResidence Subang",5298,2626,57,"Tier 2: Qualified Bank Loan",27911
"LEAD-13957","Azman Razif #3957","+60170003958","Damansara Heights Residence",5409,2683,57,"Tier 2: Qualified Bank Loan",28100
"LEAD-13960","Muhammad Lee #3960","+60120003961","SkyResidence Subang",5520,2740,57.1,"Tier 2: Qualified Bank Loan",28288
"LEAD-13963","Wong Zulkifli #3963","+60150003964","Damansara Heights Residence",5631,2797,57.1,"Tier 2: Qualified Bank Loan",28476
"LEAD-13966","Mohd Rosli #3966","+60180003967","SkyResidence Subang",5742,2854,57.1,"Tier 2: Qualified Bank Loan",28665
"LEAD-13969","Kevin Kumar #3969","+60130003970","Damansara Heights Residence",5853,2911,57.2,"Tier 2: Qualified Bank Loan",28853
"LEAD-13972","Razif Faizal #3972","+60160003973","SkyResidence Subang",5964,2968,57.2,"Tier 2: Qualified Bank Loan",29042
"LEAD-13975","Chong Hassan #3975","+60190003976","Damansara Heights Residence",6075,3025,57.2,"Tier 2: Qualified Bank Loan",29230
"LEAD-13978","Hafiz Subramaniam #3978","+60140003979","SkyResidence Subang",6186,3082,57.3,"Tier 2: Qualified Bank Loan",29418
"LEAD-13981","Ahmad Goh #3981","+60170003982","Damansara Heights Residence",6297,3139,57.3,"Tier 2: Qualified Bank Loan",29607
"LEAD-13984","Tan Hariz #3984","+60120003985","SkyResidence Subang",6408,3196,57.3,"Tier 2: Qualified Bank Loan",29795
"LEAD-13987","Farhan Wei Lun #3987","+60150003988","Damansara Heights Residence",6519,3253,57.4,"Tier 2: Qualified Bank Loan",29984
"LEAD-13990","Jason Ibrahim #3990","+60180003991","SkyResidence Subang",6630,3310,57.4,"Tier 2: Qualified Bank Loan",30172
"LEAD-13993","Amir Chen #3993","+60130003994","Damansara Heights Residence",6741,3367,57.4,"Tier 2: Qualified Bank Loan",30360
"LEAD-13996","Devi Nordin #3996","+60160003997","SkyResidence Subang",6852,3424,57.4,"Tier 2: Qualified Bank Loan",30549
"LEAD-13999","Grace Osman #3999","+60190004000","Damansara Heights Residence",6963,3481,57.5,"Tier 2: Qualified Bank Loan",30737
"LEAD-14002","Nurul Aini #4002","+60140004003","SkyResidence Subang",7074,3538,57.5,"Tier 2: Qualified Bank Loan",30926
"LEAD-14005","Santhi Razif #4005","+60170004006","Damansara Heights Residence",7185,3595,57.5,"Tier 2: Qualified Bank Loan",31114
"LEAD-14008","Sarah Lee #4008","+60120004009","SkyResidence Subang",7296,3652,57.5,"Tier 2: Qualified Bank Loan",31302
"LEAD-14011","Siti Zulkifli #4011","+60150004012","Damansara Heights Residence",7407,3709,57.6,"Tier 2: Qualified Bank Loan",31491
"LEAD-14014","Syed Rosli #4014","+60180004015","SkyResidence Subang",7518,3766,57.6,"Tier 2: Qualified Bank Loan",31679
"LEAD-14017","Azman Kumar #4017","+60130004018","Damansara Heights Residence",7629,3823,57.6,"Tier 2: Qualified Bank Loan",31868
"LEAD-14020","Muhammad Faizal #4020","+60160004021","SkyResidence Subang",7740,3880,57.6,"Tier 2: Qualified Bank Loan",32056
"LEAD-14023","Wong Hassan #4023","+60190004024","Damansara Heights Residence",7851,3937,57.6,"Tier 2: Qualified Bank Loan",32244
"LEAD-14026","Mohd Subramaniam #4026","+60140004027","SkyResidence Subang",7962,3994,57.7,"Tier 2: Qualified Bank Loan",32433
"LEAD-14029","Kevin Goh #4029","+60170004030","Damansara Heights Residence",8073,4051,57.7,"Tier 2: Qualified Bank Loan",32621
"LEAD-14032","Razif Hariz #4032","+60120004033","SkyResidence Subang",8184,4108,57.7,"Tier 2: Qualified Bank Loan",32810
"LEAD-14035","Chong Wei Lun #4035","+60150004036","Damansara Heights Residence",8295,4165,57.7,"Tier 2: Qualified Bank Loan",32998
"LEAD-14038","Hafiz Ibrahim #4038","+60180004039","SkyResidence Subang",8406,4222,57.7,"Tier 2: Qualified Bank Loan",33186
"LEAD-14041","Ahmad Chen #4041","+60130004042","Damansara Heights Residence",8517,4279,57.7,"Tier 2: Qualified Bank Loan",33375
"LEAD-14044","Tan Nordin #4044","+60160004045","SkyResidence Subang",8628,4336,57.8,"Tier 2: Qualified Bank Loan",33563
"LEAD-14047","Farhan Osman #4047","+60190004048","Damansara Heights Residence",8739,4393,57.8,"Tier 2: Qualified Bank Loan",33752
"LEAD-14050","Jason Aini #4050","+60140004051","SkyResidence Subang",8850,4450,57.8,"Tier 2: Qualified Bank Loan",33940
"LEAD-14053","Amir Razif #4053","+60170004054","Damansara Heights Residence",8961,1007,12.9,"Tier 1: Pre-Approved LPPSA/Bank",734128
"LEAD-14056","Devi Lee #4056","+60120004057","SkyResidence Subang",9072,1064,13.5,"Tier 1: Pre-Approved LPPSA/Bank",734317
"LEAD-14059","Grace Zulkifli #4059","+60150004060","Damansara Heights Residence",9183,1121,14,"Tier 1: Pre-Approved LPPSA/Bank",734505
"LEAD-14062","Nurul Rosli #4062","+60180004063","SkyResidence Subang",9294,1178,14.6,"Tier 1: Pre-Approved LPPSA/Bank",734694
"LEAD-14065","Santhi Kumar #4065","+60130004066","Damansara Heights Residence",9405,1235,15.1,"Tier 1: Pre-Approved LPPSA/Bank",734882
"LEAD-14068","Sarah Faizal #4068","+60160004069","SkyResidence Subang",9516,1292,15.6,"Tier 1: Pre-Approved LPPSA/Bank",735070
"LEAD-14071","Siti Hassan #4071","+60190004072","Damansara Heights Residence",9627,1349,16.1,"Tier 1: Pre-Approved LPPSA/Bank",735259
"LEAD-14074","Syed Subramaniam #4074","+60140004075","SkyResidence Subang",9738,1406,16.6,"Tier 1: Pre-Approved LPPSA/Bank",735447
"LEAD-14077","Azman Goh #4077","+60170004078","Damansara Heights Residence",9849,1463,17.1,"Tier 1: Pre-Approved LPPSA/Bank",735636
"LEAD-14080","Muhammad Hariz #4080","+60120004081","SkyResidence Subang",9960,1520,17.5,"Tier 1: Pre-Approved LPPSA/Bank",735824
"LEAD-14083","Wong Wei Lun #4083","+60150004084","Damansara Heights Residence",10071,1577,18,"Tier 1: Pre-Approved LPPSA/Bank",736012
"LEAD-14086","Mohd Ibrahim #4086","+60180004087","SkyResidence Subang",10182,1634,18.4,"Tier 1: Pre-Approved LPPSA/Bank",736201
"LEAD-14089","Kevin Chen #4089","+60130004090","Damansara Heights Residence",10293,1691,18.9,"Tier 1: Pre-Approved LPPSA/Bank",736389
"LEAD-14092","Razif Nordin #4092","+60160004093","SkyResidence Subang",10404,1748,19.3,"Tier 1: Pre-Approved LPPSA/Bank",736578
"LEAD-14095","Chong Osman #4095","+60190004096","Damansara Heights Residence",10515,1805,19.7,"Tier 1: Pre-Approved LPPSA/Bank",736766
"LEAD-14098","Hafiz Aini #4098","+60140004099","SkyResidence Subang",10626,1862,20.1,"Tier 1: Pre-Approved LPPSA/Bank",736954
"LEAD-14101","Ahmad Razif #4101","+60170004102","Damansara Heights Residence",10737,1919,20.5,"Tier 1: Pre-Approved LPPSA/Bank",737143
"LEAD-14104","Tan Lee #4104","+60120004105","SkyResidence Subang",10848,1976,20.9,"Tier 1: Pre-Approved LPPSA/Bank",737331
"LEAD-14107","Farhan Zulkifli #4107","+60150004108","Damansara Heights Residence",10959,2033,21.3,"Tier 1: Pre-Approved LPPSA/Bank",737520
"LEAD-14110","Jason Rosli #4110","+60180004111","SkyResidence Subang",11070,2090,21.7,"Tier 1: Pre-Approved LPPSA/Bank",737708
"LEAD-14113","Amir Kumar #4113","+60130004114","Damansara Heights Residence",11181,2147,22.1,"Tier 1: Pre-Approved LPPSA/Bank",737896
"LEAD-14116","Devi Faizal #4116","+60160004117","SkyResidence Subang",11292,2204,22.4,"Tier 1: Pre-Approved LPPSA/Bank",738085
"LEAD-14119","Grace Hassan #4119","+60190004120","Damansara Heights Residence",11403,2261,22.8,"Tier 1: Pre-Approved LPPSA/Bank",738273
"LEAD-14122","Nurul Subramaniam #4122","+60140004123","SkyResidence Subang",11514,2318,23.1,"Tier 1: Pre-Approved LPPSA/Bank",738462
"LEAD-14125","Santhi Goh #4125","+60170004126","Damansara Heights Residence",11625,2375,23.5,"Tier 1: Pre-Approved LPPSA/Bank",738650
"LEAD-14128","Sarah Hariz #4128","+60120004129","SkyResidence Subang",11736,2432,23.8,"Tier 1: Pre-Approved LPPSA/Bank",738838
"LEAD-14131","Siti Wei Lun #4131","+60150004132","Damansara Heights Residence",11847,2489,24.1,"Tier 1: Pre-Approved LPPSA/Bank",739027
"LEAD-14134","Syed Ibrahim #4134","+60180004135","SkyResidence Subang",11958,2546,24.5,"Tier 1: Pre-Approved LPPSA/Bank",739215
"LEAD-14137","Azman Chen #4137","+60130004138","Damansara Heights Residence",3569,2603,83.8,"Tier 4: High Risk DSR",0
"LEAD-14140","Muhammad Nordin #4140","+60160004141","SkyResidence Subang",3680,2660,83.1,"Tier 4: High Risk DSR",0
"LEAD-14143","Wong Osman #4143","+60190004144","Damansara Heights Residence",3791,2717,82.4,"Tier 4: High Risk DSR",0
"LEAD-14146","Mohd Aini #4146","+60140004147","SkyResidence Subang",3902,2774,81.7,"Tier 4: High Risk DSR",0
"LEAD-14149","Kevin Razif #4149","+60170004150","Damansara Heights Residence",4013,2831,81.1,"Tier 4: High Risk DSR",0
"LEAD-14152","Razif Lee #4152","+60120004153","SkyResidence Subang",4124,2888,80.5,"Tier 4: High Risk DSR",0
"LEAD-14155","Chong Zulkifli #4155","+60150004156","Damansara Heights Residence",4235,2945,79.9,"Tier 4: High Risk DSR",0
"LEAD-14158","Hafiz Rosli #4158","+60180004159","SkyResidence Subang",4346,3002,79.4,"Tier 4: High Risk DSR",0
"LEAD-14161","Ahmad Kumar #4161","+60130004162","Damansara Heights Residence",4457,3059,78.9,"Tier 4: High Risk DSR",0
"LEAD-14164","Tan Faizal #4164","+60160004165","SkyResidence Subang",4568,3116,78.4,"Tier 4: High Risk DSR",0
"LEAD-14167","Farhan Hassan #4167","+60190004168","Damansara Heights Residence",4679,3173,77.9,"Tier 4: High Risk DSR",0
"LEAD-14170","Jason Subramaniam #4170","+60140004171","SkyResidence Subang",4790,3230,77.5,"Tier 4: High Risk DSR",0
"LEAD-14173","Amir Goh #4173","+60170004174","Damansara Heights Residence",4901,3287,77.1,"Tier 4: High Risk DSR",0
"LEAD-14176","Devi Hariz #4176","+60120004177","SkyResidence Subang",5012,3344,76.7,"Tier 4: High Risk DSR",0
"LEAD-14179","Grace Wei Lun #4179","+60150004180","Damansara Heights Residence",5123,3401,76.3,"Tier 4: High Risk DSR",0
"LEAD-14182","Nurul Ibrahim #4182","+60180004183","SkyResidence Subang",5234,3458,75.9,"Tier 4: High Risk DSR",0
"LEAD-14185","Santhi Chen #4185","+60130004186","Damansara Heights Residence",5345,3515,75.6,"Tier 4: High Risk DSR",0
"LEAD-14188","Sarah Nordin #4188","+60160004189","SkyResidence Subang",5456,3572,75.3,"Tier 4: High Risk DSR",0
"LEAD-14191","Siti Osman #4191","+60190004192","Damansara Heights Residence",5567,3629,74.9,"Tier 3: Joint Loan Needed",0
"LEAD-14194","Syed Aini #4194","+60140004195","SkyResidence Subang",5678,3686,74.6,"Tier 3: Joint Loan Needed",0
"LEAD-14197","Azman Razif #4197","+60170004198","Damansara Heights Residence",5789,3743,74.3,"Tier 3: Joint Loan Needed",0
"LEAD-14200","Muhammad Lee #4200","+60120004201","SkyResidence Subang",5900,3800,74,"Tier 3: Joint Loan Needed",0
"LEAD-14203","Wong Zulkifli #4203","+60150004204","Damansara Heights Residence",6011,3857,73.8,"Tier 3: Joint Loan Needed",0
"LEAD-14206","Mohd Rosli #4206","+60180004207","SkyResidence Subang",6122,3914,73.5,"Tier 3: Joint Loan Needed",0
"LEAD-14209","Kevin Kumar #4209","+60130004210","Damansara Heights Residence",6233,3971,73.2,"Tier 3: Joint Loan Needed",0
"LEAD-14212","Razif Faizal #4212","+60160004213","SkyResidence Subang",6344,4028,73,"Tier 3: Joint Loan Needed",0
"LEAD-14215","Chong Hassan #4215","+60190004216","Damansara Heights Residence",6455,4085,72.7,"Tier 3: Joint Loan Needed",0
"LEAD-14218","Hafiz Subramaniam #4218","+60140004219","SkyResidence Subang",6566,4142,72.5,"Tier 3: Joint Loan Needed",0
"LEAD-14221","Ahmad Goh #4221","+60170004222","Damansara Heights Residence",6677,4199,72.3,"Tier 3: Joint Loan Needed",0
"LEAD-14224","Tan Hariz #4224","+60120004225","SkyResidence Subang",6788,4256,72.1,"Tier 3: Joint Loan Needed",0
"LEAD-14227","Farhan Wei Lun #4227","+60150004228","Damansara Heights Residence",6899,4313,71.9,"Tier 3: Joint Loan Needed",0
"LEAD-14230","Jason Ibrahim #4230","+60180004231","SkyResidence Subang",7010,4370,71.7,"Tier 3: Joint Loan Needed",0
"LEAD-14233","Amir Chen #4233","+60130004234","Damansara Heights Residence",7121,4427,71.5,"Tier 3: Joint Loan Needed",0
"LEAD-14236","Devi Nordin #4236","+60160004237","SkyResidence Subang",7232,4484,71.3,"Tier 3: Joint Loan Needed",0
"LEAD-14239","Grace Osman #4239","+60190004240","Damansara Heights Residence",7343,1041,16.3,"Tier 1: Pre-Approved LPPSA/Bank",558409
"LEAD-14242","Nurul Aini #4242","+60140004243","SkyResidence Subang",7454,1098,16.9,"Tier 1: Pre-Approved LPPSA/Bank",558598
"LEAD-14245","Santhi Razif #4245","+60170004246","Damansara Heights Residence",7565,1155,17.5,"Tier 1: Pre-Approved LPPSA/Bank",558786
"LEAD-14248","Sarah Lee #4248","+60120004249","SkyResidence Subang",7676,1212,18.1,"Tier 1: Pre-Approved LPPSA/Bank",558974
"LEAD-14251","Siti Zulkifli #4251","+60150004252","Damansara Heights Residence",7787,1269,18.7,"Tier 1: Pre-Approved LPPSA/Bank",559163
"LEAD-14254","Syed Rosli #4254","+60180004255","SkyResidence Subang",7898,1326,19.3,"Tier 1: Pre-Approved LPPSA/Bank",559351
"LEAD-14257","Azman Kumar #4257","+60130004258","Damansara Heights Residence",8009,1383,19.8,"Tier 1: Pre-Approved LPPSA/Bank",559540
"LEAD-14260","Muhammad Faizal #4260","+60160004261","SkyResidence Subang",8120,1440,20.4,"Tier 1: Pre-Approved LPPSA/Bank",559728
"LEAD-14263","Wong Hassan #4263","+60190004264","Damansara Heights Residence",8231,1497,20.9,"Tier 1: Pre-Approved LPPSA/Bank",559916
"LEAD-14266","Mohd Subramaniam #4266","+60140004267","SkyResidence Subang",8342,1554,21.4,"Tier 1: Pre-Approved LPPSA/Bank",560105
"LEAD-14269","Kevin Goh #4269","+60170004270","Damansara Heights Residence",8453,1611,21.9,"Tier 1: Pre-Approved LPPSA/Bank",560293
"LEAD-14272","Razif Hariz #4272","+60120004273","SkyResidence Subang",8564,1668,22.4,"Tier 1: Pre-Approved LPPSA/Bank",560482
"LEAD-14275","Chong Wei Lun #4275","+60150004276","Damansara Heights Residence",8675,1725,22.9,"Tier 1: Pre-Approved LPPSA/Bank",560670
"LEAD-14278","Hafiz Ibrahim #4278","+60180004279","SkyResidence Subang",8786,1782,23.3,"Tier 1: Pre-Approved LPPSA/Bank",560858
"LEAD-14281","Ahmad Chen #4281","+60130004282","Damansara Heights Residence",8897,1839,23.8,"Tier 1: Pre-Approved LPPSA/Bank",561047
"LEAD-14284","Tan Nordin #4284","+60160004285","SkyResidence Subang",9008,1896,24.2,"Tier 1: Pre-Approved LPPSA/Bank",561235
"LEAD-14287","Farhan Osman #4287","+60190004288","Damansara Heights Residence",9119,1953,24.6,"Tier 1: Pre-Approved LPPSA/Bank",561424
"LEAD-14290","Jason Aini #4290","+60140004291","SkyResidence Subang",9230,2010,25,"Tier 1: Pre-Approved LPPSA/Bank",561612
"LEAD-14293","Amir Razif #4293","+60170004294","Damansara Heights Residence",9341,2067,25.4,"Tier 1: Pre-Approved LPPSA/Bank",561800
"LEAD-14296","Devi Lee #4296","+60120004297","SkyResidence Subang",9452,2124,25.8,"Tier 1: Pre-Approved LPPSA/Bank",561989
"LEAD-14299","Grace Zulkifli #4299","+60150004300","Damansara Heights Residence",9563,2181,26.2,"Tier 1: Pre-Approved LPPSA/Bank",562177
"LEAD-14302","Nurul Rosli #4302","+60180004303","SkyResidence Subang",9674,2238,26.6,"Tier 1: Pre-Approved LPPSA/Bank",562366
"LEAD-14305","Santhi Kumar #4305","+60130004306","Damansara Heights Residence",9785,2295,27,"Tier 1: Pre-Approved LPPSA/Bank",562554
"LEAD-14308","Sarah Faizal #4308","+60160004309","SkyResidence Subang",9896,2352,27.3,"Tier 1: Pre-Approved LPPSA/Bank",562742
"LEAD-14311","Siti Hassan #4311","+60190004312","Damansara Heights Residence",10007,2409,27.7,"Tier 1: Pre-Approved LPPSA/Bank",562931
"LEAD-14314","Syed Subramaniam #4314","+60140004315","SkyResidence Subang",10118,2466,28,"Tier 1: Pre-Approved LPPSA/Bank",563119
"LEAD-14317","Azman Goh #4317","+60170004318","Damansara Heights Residence",10229,2523,28.4,"Tier 1: Pre-Approved LPPSA/Bank",563308
"LEAD-14320","Muhammad Hariz #4320","+60120004321","SkyResidence Subang",10340,2580,28.7,"Tier 1: Pre-Approved LPPSA/Bank",563496
"LEAD-14323","Wong Wei Lun #4323","+60150004324","Damansara Heights Residence",10451,2637,29,"Tier 1: Pre-Approved LPPSA/Bank",563684
"LEAD-14326","Mohd Ibrahim #4326","+60180004327","SkyResidence Subang",10562,2694,29.3,"Tier 1: Pre-Approved LPPSA/Bank",563873
"LEAD-14329","Kevin Chen #4329","+60130004330","Damansara Heights Residence",10673,2751,29.6,"Tier 1: Pre-Approved LPPSA/Bank",564061
"LEAD-14332","Razif Nordin #4332","+60160004333","SkyResidence Subang",10784,2808,29.9,"Tier 1: Pre-Approved LPPSA/Bank",564250
"LEAD-14335","Chong Osman #4335","+60190004336","Damansara Heights Residence",10895,2865,30.2,"Tier 1: Pre-Approved LPPSA/Bank",564438
"LEAD-14338","Hafiz Aini #4338","+60140004339","SkyResidence Subang",11006,2922,30.5,"Tier 1: Pre-Approved LPPSA/Bank",564626
"LEAD-14341","Ahmad Razif #4341","+60170004342","Damansara Heights Residence",11117,2979,30.8,"Tier 1: Pre-Approved LPPSA/Bank",564815
"LEAD-14344","Tan Lee #4344","+60120004345","SkyResidence Subang",11228,3036,31.1,"Tier 1: Pre-Approved LPPSA/Bank",565003
"LEAD-14347","Farhan Zulkifli #4347","+60150004348","Damansara Heights Residence",11339,3093,31.4,"Tier 1: Pre-Approved LPPSA/Bank",565192
"LEAD-14350","Jason Rosli #4350","+60180004351","SkyResidence Subang",11450,3150,31.6,"Tier 1: Pre-Approved LPPSA/Bank",565380
"LEAD-14353","Amir Kumar #4353","+60130004354","Damansara Heights Residence",11561,3207,31.9,"Tier 1: Pre-Approved LPPSA/Bank",565568
"LEAD-14356","Devi Faizal #4356","+60160004357","SkyResidence Subang",11672,3264,32.1,"Tier 1: Pre-Approved LPPSA/Bank",565757
"LEAD-14359","Grace Hassan #4359","+60190004360","Damansara Heights Residence",11783,3321,32.4,"Tier 1: Pre-Approved LPPSA/Bank",565945
"LEAD-14362","Nurul Subramaniam #4362","+60140004363","SkyResidence Subang",11894,3378,32.6,"Tier 1: Pre-Approved LPPSA/Bank",566134
"LEAD-14365","Santhi Goh #4365","+60170004366","Damansara Heights Residence",3505,3435,112.6,"Tier 4: High Risk DSR",0
"LEAD-14368","Sarah Hariz #4368","+60120004369","SkyResidence Subang",3616,3492,111,"Tier 4: High Risk DSR",0
"LEAD-14371","Siti Wei Lun #4371","+60150004372","Damansara Heights Residence",3727,3549,109.5,"Tier 4: High Risk DSR",0
"LEAD-14374","Syed Ibrahim #4374","+60180004375","SkyResidence Subang",3838,3606,108,"Tier 4: High Risk DSR",0
"LEAD-14377","Azman Chen #4377","+60130004378","Damansara Heights Residence",3949,3663,106.6,"Tier 4: High Risk DSR",0
"LEAD-14380","Muhammad Nordin #4380","+60160004381","SkyResidence Subang",4060,3720,105.3,"Tier 4: High Risk DSR",0
"LEAD-14383","Wong Osman #4383","+60190004384","Damansara Heights Residence",4171,3777,104.1,"Tier 4: High Risk DSR",0
"LEAD-14386","Mohd Aini #4386","+60140004387","SkyResidence Subang",4282,3834,102.9,"Tier 4: High Risk DSR",0
"LEAD-14389","Kevin Razif #4389","+60170004390","Damansara Heights Residence",4393,3891,101.8,"Tier 4: High Risk DSR",0
"LEAD-14392","Razif Lee #4392","+60120004393","SkyResidence Subang",4504,3948,100.8,"Tier 4: High Risk DSR",0
"LEAD-14395","Chong Zulkifli #4395","+60150004396","Damansara Heights Residence",4615,4005,99.7,"Tier 4: High Risk DSR",0
"LEAD-14398","Hafiz Rosli #4398","+60180004399","SkyResidence Subang",4726,4062,98.8,"Tier 4: High Risk DSR",0
"LEAD-14401","Ahmad Kumar #4401","+60130004402","Damansara Heights Residence",4837,4119,97.9,"Tier 4: High Risk DSR",0
"LEAD-14404","Tan Faizal #4404","+60160004405","SkyResidence Subang",4948,4176,97,"Tier 4: High Risk DSR",0
"LEAD-14407","Farhan Hassan #4407","+60190004408","Damansara Heights Residence",5059,4233,96.2,"Tier 4: High Risk DSR",0
"LEAD-14410","Jason Subramaniam #4410","+60140004411","SkyResidence Subang",5170,4290,95.4,"Tier 4: High Risk DSR",0
"LEAD-14413","Amir Goh #4413","+60170004414","Damansara Heights Residence",5281,4347,94.6,"Tier 4: High Risk DSR",0
"LEAD-14416","Devi Hariz #4416","+60120004417","SkyResidence Subang",5392,4404,93.9,"Tier 4: High Risk DSR",0
"LEAD-14419","Grace Wei Lun #4419","+60150004420","Damansara Heights Residence",5503,4461,93.2,"Tier 4: High Risk DSR",0
"LEAD-14422","Nurul Ibrahim #4422","+60180004423","SkyResidence Subang",5614,1018,20.8,"Tier 2: Qualified Bank Loan",382502
"LEAD-14425","Santhi Chen #4425","+60130004426","Damansara Heights Residence",5725,1075,21.6,"Tier 2: Qualified Bank Loan",382690
"LEAD-14428","Sarah Nordin #4428","+60160004429","SkyResidence Subang",5836,1132,22.3,"Tier 2: Qualified Bank Loan",382878
"LEAD-14431","Siti Osman #4431","+60190004432","Damansara Heights Residence",5947,1189,23,"Tier 2: Qualified Bank Loan",383067
"LEAD-14434","Syed Aini #4434","+60140004435","SkyResidence Subang",6058,1246,23.6,"Tier 2: Qualified Bank Loan",383255
"LEAD-14437","Azman Razif #4437","+60170004438","Damansara Heights Residence",6169,1303,24.3,"Tier 2: Qualified Bank Loan",383444
"LEAD-14440","Muhammad Lee #4440","+60120004441","SkyResidence Subang",6280,1360,24.9,"Tier 2: Qualified Bank Loan",383632
"LEAD-14443","Wong Zulkifli #4443","+60150004444","Damansara Heights Residence",6391,1417,25.5,"Tier 2: Qualified Bank Loan",383820
"LEAD-14446","Mohd Rosli #4446","+60180004447","SkyResidence Subang",6502,1474,26.1,"Tier 1: Pre-Approved LPPSA/Bank",384009
"LEAD-14449","Kevin Kumar #4449","+60130004450","Damansara Heights Residence",6613,1531,26.6,"Tier 1: Pre-Approved LPPSA/Bank",384197
"LEAD-14452","Razif Faizal #4452","+60160004453","SkyResidence Subang",6724,1588,27.1,"Tier 1: Pre-Approved LPPSA/Bank",384386
"LEAD-14455","Chong Hassan #4455","+60190004456","Damansara Heights Residence",6835,1645,27.7,"Tier 1: Pre-Approved LPPSA/Bank",384574
"LEAD-14458","Hafiz Subramaniam #4458","+60140004459","SkyResidence Subang",6946,1702,28.2,"Tier 1: Pre-Approved LPPSA/Bank",384762
"LEAD-14461","Ahmad Goh #4461","+60170004462","Damansara Heights Residence",7057,1759,28.7,"Tier 1: Pre-Approved LPPSA/Bank",384951
"LEAD-14464","Tan Hariz #4464","+60120004465","SkyResidence Subang",7168,1816,29.1,"Tier 1: Pre-Approved LPPSA/Bank",385139
"LEAD-14467","Farhan Wei Lun #4467","+60150004468","Damansara Heights Residence",7279,1873,29.6,"Tier 1: Pre-Approved LPPSA/Bank",385328
"LEAD-14470","Jason Ibrahim #4470","+60180004471","SkyResidence Subang",7390,1930,30,"Tier 1: Pre-Approved LPPSA/Bank",385516
"LEAD-14473","Amir Chen #4473","+60130004474","Damansara Heights Residence",7501,1987,30.4,"Tier 1: Pre-Approved LPPSA/Bank",385704
"LEAD-14476","Devi Nordin #4476","+60160004477","SkyResidence Subang",7612,2044,30.9,"Tier 1: Pre-Approved LPPSA/Bank",385893
"LEAD-14479","Grace Osman #4479","+60190004480","Damansara Heights Residence",7723,2101,31.3,"Tier 1: Pre-Approved LPPSA/Bank",386081
"LEAD-14482","Nurul Aini #4482","+60140004483","SkyResidence Subang",7834,2158,31.7,"Tier 1: Pre-Approved LPPSA/Bank",386270
"LEAD-14485","Santhi Razif #4485","+60170004486","Damansara Heights Residence",7945,2215,32,"Tier 1: Pre-Approved LPPSA/Bank",386458
"LEAD-14488","Sarah Lee #4488","+60120004489","SkyResidence Subang",8056,2272,32.4,"Tier 1: Pre-Approved LPPSA/Bank",386646
"LEAD-14491","Siti Zulkifli #4491","+60150004492","Damansara Heights Residence",8167,2329,32.8,"Tier 1: Pre-Approved LPPSA/Bank",386835
"LEAD-14494","Syed Rosli #4494","+60180004495","SkyResidence Subang",8278,2386,33.1,"Tier 1: Pre-Approved LPPSA/Bank",387023
"LEAD-14497","Azman Kumar #4497","+60130004498","Damansara Heights Residence",8389,2443,33.5,"Tier 1: Pre-Approved LPPSA/Bank",387212
"LEAD-14500","Muhammad Faizal #4500","+60160004501","SkyResidence Subang",8500,2500,33.8,"Tier 1: Pre-Approved LPPSA/Bank",387400
"LEAD-14503","Wong Hassan #4503","+60190004504","Damansara Heights Residence",8611,2557,34.1,"Tier 1: Pre-Approved LPPSA/Bank",387588
"LEAD-14506","Mohd Subramaniam #4506","+60140004507","SkyResidence Subang",8722,2614,34.4,"Tier 1: Pre-Approved LPPSA/Bank",387777
"LEAD-14509","Kevin Goh #4509","+60170004510","Damansara Heights Residence",8833,2671,34.8,"Tier 1: Pre-Approved LPPSA/Bank",387965
"LEAD-14512","Razif Hariz #4512","+60120004513","SkyResidence Subang",8944,2728,35.1,"Tier 1: Pre-Approved LPPSA/Bank",388154
"LEAD-14515","Chong Wei Lun #4515","+60150004516","Damansara Heights Residence",9055,2785,35.4,"Tier 1: Pre-Approved LPPSA/Bank",388342
"LEAD-14518","Hafiz Ibrahim #4518","+60180004519","SkyResidence Subang",9166,2842,35.6,"Tier 1: Pre-Approved LPPSA/Bank",388530
"LEAD-14521","Ahmad Chen #4521","+60130004522","Damansara Heights Residence",9277,2899,35.9,"Tier 1: Pre-Approved LPPSA/Bank",388719
"LEAD-14524","Tan Nordin #4524","+60160004525","SkyResidence Subang",9388,2956,36.2,"Tier 1: Pre-Approved LPPSA/Bank",388907
"LEAD-14527","Farhan Osman #4527","+60190004528","Damansara Heights Residence",9499,3013,36.5,"Tier 1: Pre-Approved LPPSA/Bank",389096
"LEAD-14530","Jason Aini #4530","+60140004531","SkyResidence Subang",9610,3070,36.7,"Tier 1: Pre-Approved LPPSA/Bank",389284
"LEAD-14533","Amir Razif #4533","+60170004534","Damansara Heights Residence",9721,3127,37,"Tier 1: Pre-Approved LPPSA/Bank",389472
"LEAD-14536","Devi Lee #4536","+60120004537","SkyResidence Subang",9832,3184,37.2,"Tier 1: Pre-Approved LPPSA/Bank",389661
"LEAD-14539","Grace Zulkifli #4539","+60150004540","Damansara Heights Residence",9943,3241,37.5,"Tier 1: Pre-Approved LPPSA/Bank",389849
"LEAD-14542","Nurul Rosli #4542","+60180004543","SkyResidence Subang",10054,3298,37.7,"Tier 1: Pre-Approved LPPSA/Bank",390038
"LEAD-14545","Santhi Kumar #4545","+60130004546","Damansara Heights Residence",10165,3355,37.9,"Tier 1: Pre-Approved LPPSA/Bank",390226
"LEAD-14548","Sarah Faizal #4548","+60160004549","SkyResidence Subang",10276,3412,38.2,"Tier 1: Pre-Approved LPPSA/Bank",390414
"LEAD-14551","Siti Hassan #4551","+60190004552","Damansara Heights Residence",10387,3469,38.4,"Tier 1: Pre-Approved LPPSA/Bank",390603
"LEAD-14554","Syed Subramaniam #4554","+60140004555","SkyResidence Subang",10498,3526,38.6,"Tier 1: Pre-Approved LPPSA/Bank",390791
"LEAD-14557","Azman Goh #4557","+60170004558","Damansara Heights Residence",10609,3583,38.8,"Tier 1: Pre-Approved LPPSA/Bank",390980
"LEAD-14560","Muhammad Hariz #4560","+60120004561","SkyResidence Subang",10720,3640,39,"Tier 1: Pre-Approved LPPSA/Bank",391168
"LEAD-14563","Wong Wei Lun #4563","+60150004564","Damansara Heights Residence",10831,3697,39.2,"Tier 1: Pre-Approved LPPSA/Bank",391356
"LEAD-14566","Mohd Ibrahim #4566","+60180004567","SkyResidence Subang",10942,3754,39.4,"Tier 1: Pre-Approved LPPSA/Bank",391545
"LEAD-14569","Kevin Chen #4569","+60130004570","Damansara Heights Residence",11053,3811,39.6,"Tier 1: Pre-Approved LPPSA/Bank",391733
"LEAD-14572","Razif Nordin #4572","+60160004573","SkyResidence Subang",11164,3868,39.8,"Tier 1: Pre-Approved LPPSA/Bank",391922
"LEAD-14575","Chong Osman #4575","+60190004576","Damansara Heights Residence",11275,3925,40,"Tier 1: Pre-Approved LPPSA/Bank",392110
"LEAD-14578","Hafiz Aini #4578","+60140004579","SkyResidence Subang",11386,3982,40.2,"Tier 1: Pre-Approved LPPSA/Bank",392298
"LEAD-14581","Ahmad Razif #4581","+60170004582","Damansara Heights Residence",11497,4039,40.4,"Tier 1: Pre-Approved LPPSA/Bank",392487
"LEAD-14584","Tan Lee #4584","+60120004585","SkyResidence Subang",11608,4096,40.6,"Tier 1: Pre-Approved LPPSA/Bank",392675
"LEAD-14587","Farhan Zulkifli #4587","+60150004588","Damansara Heights Residence",11719,4153,40.7,"Tier 1: Pre-Approved LPPSA/Bank",392864
"LEAD-14590","Jason Rosli #4590","+60180004591","SkyResidence Subang",11830,4210,40.9,"Tier 1: Pre-Approved LPPSA/Bank",393052
"LEAD-14593","Amir Kumar #4593","+60130004594","Damansara Heights Residence",11941,4267,41.1,"Tier 1: Pre-Approved LPPSA/Bank",393240
"LEAD-14596","Devi Faizal #4596","+60160004597","SkyResidence Subang",3552,4324,139.9,"Tier 4: High Risk DSR",0
"LEAD-14599","Grace Hassan #4599","+60190004600","Damansara Heights Residence",3663,4381,137.5,"Tier 4: High Risk DSR",0
"LEAD-14602","Nurul Subramaniam #4602","+60140004603","SkyResidence Subang",3774,4438,135.2,"Tier 4: High Risk DSR",0
"LEAD-14605","Santhi Goh #4605","+60170004606","Damansara Heights Residence",3885,4495,133,"Tier 4: High Risk DSR",0
"LEAD-14608","Sarah Hariz #4608","+60120004609","SkyResidence Subang",3996,1052,30.3,"Tier 3: Joint Loan Needed",206782
"LEAD-14611","Siti Wei Lun #4611","+60150004612","Damansara Heights Residence",4107,1109,31,"Tier 3: Joint Loan Needed",206971
"LEAD-14614","Syed Ibrahim #4614","+60180004615","SkyResidence Subang",4218,1166,31.8,"Tier 3: Joint Loan Needed",207159
"LEAD-14617","Azman Chen #4617","+60130004618","Damansara Heights Residence",4329,1223,32.5,"Tier 3: Joint Loan Needed",207348
"LEAD-14620","Muhammad Nordin #4620","+60160004621","SkyResidence Subang",4440,1280,33.1,"Tier 3: Joint Loan Needed",207536
"LEAD-14623","Wong Osman #4623","+60190004624","Damansara Heights Residence",4551,1337,33.8,"Tier 2: Qualified Bank Loan",207724
"LEAD-14626","Mohd Aini #4626","+60140004627","SkyResidence Subang",4662,1394,34.4,"Tier 2: Qualified Bank Loan",207913
"LEAD-14629","Kevin Razif #4629","+60170004630","Damansara Heights Residence",4773,1451,34.9,"Tier 2: Qualified Bank Loan",208101
"LEAD-14632","Razif Lee #4632","+60120004633","SkyResidence Subang",4884,1508,35.5,"Tier 2: Qualified Bank Loan",208290
"LEAD-14635","Chong Zulkifli #4635","+60150004636","Damansara Heights Residence",4995,1565,36,"Tier 2: Qualified Bank Loan",208478
"LEAD-14638","Hafiz Rosli #4638","+60180004639","SkyResidence Subang",5106,1622,36.5,"Tier 2: Qualified Bank Loan",208666
"LEAD-14641","Ahmad Kumar #4641","+60130004642","Damansara Heights Residence",5217,1679,37,"Tier 2: Qualified Bank Loan",208855
"LEAD-14644","Tan Faizal #4644","+60160004645","SkyResidence Subang",5328,1736,37.5,"Tier 2: Qualified Bank Loan",209043
"LEAD-14647","Farhan Hassan #4647","+60190004648","Damansara Heights Residence",5439,1793,37.9,"Tier 2: Qualified Bank Loan",209232
"LEAD-14650","Jason Subramaniam #4650","+60140004651","SkyResidence Subang",5550,1850,38.3,"Tier 2: Qualified Bank Loan",209420
"LEAD-14653","Amir Goh #4653","+60170004654","Damansara Heights Residence",5661,1907,38.7,"Tier 2: Qualified Bank Loan",209608
"LEAD-14656","Devi Hariz #4656","+60120004657","SkyResidence Subang",5772,1964,39.1,"Tier 2: Qualified Bank Loan",209797
"LEAD-14659","Grace Wei Lun #4659","+60150004660","Damansara Heights Residence",5883,2021,39.5,"Tier 2: Qualified Bank Loan",209985
"LEAD-14662","Nurul Ibrahim #4662","+60180004663","SkyResidence Subang",5994,2078,39.8,"Tier 2: Qualified Bank Loan",210174
"LEAD-14665","Santhi Chen #4665","+60130004666","Damansara Heights Residence",6105,2135,40.2,"Tier 2: Qualified Bank Loan",210362
"LEAD-14668","Sarah Nordin #4668","+60160004669","SkyResidence Subang",6216,2192,40.5,"Tier 2: Qualified Bank Loan",210550
"LEAD-14671","Siti Osman #4671","+60190004672","Damansara Heights Residence",6327,2249,40.9,"Tier 2: Qualified Bank Loan",210739
"LEAD-14674","Syed Aini #4674","+60140004675","SkyResidence Subang",6438,2306,41.2,"Tier 2: Qualified Bank Loan",210927
"LEAD-14677","Azman Razif #4677","+60170004678","Damansara Heights Residence",6549,2363,41.5,"Tier 1: Pre-Approved LPPSA/Bank",211116
"LEAD-14680","Muhammad Lee #4680","+60120004681","SkyResidence Subang",6660,2420,41.8,"Tier 1: Pre-Approved LPPSA/Bank",211304
"LEAD-14683","Wong Zulkifli #4683","+60150004684","Damansara Heights Residence",6771,2477,42,"Tier 1: Pre-Approved LPPSA/Bank",211492
"LEAD-14686","Mohd Rosli #4686","+60180004687","SkyResidence Subang",6882,2534,42.3,"Tier 1: Pre-Approved LPPSA/Bank",211681
"LEAD-14689","Kevin Kumar #4689","+60130004690","Damansara Heights Residence",6993,2591,42.6,"Tier 1: Pre-Approved LPPSA/Bank",211869
"LEAD-14692","Razif Faizal #4692","+60160004693","SkyResidence Subang",7104,2648,42.8,"Tier 1: Pre-Approved LPPSA/Bank",212058
"LEAD-14695","Chong Hassan #4695","+60190004696","Damansara Heights Residence",7215,2705,43.1,"Tier 1: Pre-Approved LPPSA/Bank",212246
"LEAD-14698","Hafiz Subramaniam #4698","+60140004699","SkyResidence Subang",7326,2762,43.3,"Tier 1: Pre-Approved LPPSA/Bank",212434
"LEAD-14701","Ahmad Goh #4701","+60170004702","Damansara Heights Residence",7437,2819,43.6,"Tier 1: Pre-Approved LPPSA/Bank",212623
"LEAD-14704","Tan Hariz #4704","+60120004705","SkyResidence Subang",7548,2876,43.8,"Tier 1: Pre-Approved LPPSA/Bank",212811
"LEAD-14707","Farhan Wei Lun #4707","+60150004708","Damansara Heights Residence",7659,2933,44,"Tier 1: Pre-Approved LPPSA/Bank",213000
"LEAD-14710","Jason Ibrahim #4710","+60180004711","SkyResidence Subang",7770,2990,44.2,"Tier 1: Pre-Approved LPPSA/Bank",213188
"LEAD-14713","Amir Chen #4713","+60130004714","Damansara Heights Residence",7881,3047,44.4,"Tier 1: Pre-Approved LPPSA/Bank",213376
"LEAD-14716","Devi Nordin #4716","+60160004717","SkyResidence Subang",7992,3104,44.6,"Tier 1: Pre-Approved LPPSA/Bank",213565
"LEAD-14719","Grace Osman #4719","+60190004720","Damansara Heights Residence",8103,3161,44.8,"Tier 1: Pre-Approved LPPSA/Bank",213753
"LEAD-14722","Nurul Aini #4722","+60140004723","SkyResidence Subang",8214,3218,45,"Tier 2: Qualified Bank Loan",213942
"LEAD-14725","Santhi Razif #4725","+60170004726","Damansara Heights Residence",8325,3275,45.2,"Tier 2: Qualified Bank Loan",214130
"LEAD-14728","Sarah Lee #4728","+60120004729","SkyResidence Subang",8436,3332,45.4,"Tier 2: Qualified Bank Loan",214318
"LEAD-14731","Siti Zulkifli #4731","+60150004732","Damansara Heights Residence",8547,3389,45.6,"Tier 2: Qualified Bank Loan",214507
"LEAD-14734","Syed Rosli #4734","+60180004735","SkyResidence Subang",8658,3446,45.7,"Tier 2: Qualified Bank Loan",214695
"LEAD-14737","Azman Kumar #4737","+60130004738","Damansara Heights Residence",8769,3503,45.9,"Tier 2: Qualified Bank Loan",214884
"LEAD-14740","Muhammad Faizal #4740","+60160004741","SkyResidence Subang",8880,3560,46.1,"Tier 2: Qualified Bank Loan",215072
"LEAD-14743","Wong Hassan #4743","+60190004744","Damansara Heights Residence",8991,3617,46.2,"Tier 2: Qualified Bank Loan",215260
"LEAD-14746","Mohd Subramaniam #4746","+60140004747","SkyResidence Subang",9102,3674,46.4,"Tier 2: Qualified Bank Loan",215449
"LEAD-14749","Kevin Goh #4749","+60170004750","Damansara Heights Residence",9213,3731,46.5,"Tier 2: Qualified Bank Loan",215637
"LEAD-14752","Razif Hariz #4752","+60120004753","SkyResidence Subang",9324,3788,46.7,"Tier 2: Qualified Bank Loan",215826
"LEAD-14755","Chong Wei Lun #4755","+60150004756","Damansara Heights Residence",9435,3845,46.8,"Tier 2: Qualified Bank Loan",216014
"LEAD-14758","Hafiz Ibrahim #4758","+60180004759","SkyResidence Subang",9546,3902,47,"Tier 2: Qualified Bank Loan",216202
"LEAD-14761","Ahmad Chen #4761","+60130004762","Damansara Heights Residence",9657,3959,47.1,"Tier 2: Qualified Bank Loan",216391
"LEAD-14764","Tan Nordin #4764","+60160004765","SkyResidence Subang",9768,4016,47.3,"Tier 2: Qualified Bank Loan",216579
"LEAD-14767","Farhan Osman #4767","+60190004768","Damansara Heights Residence",9879,4073,47.4,"Tier 2: Qualified Bank Loan",216768
"LEAD-14770","Jason Aini #4770","+60140004771","SkyResidence Subang",9990,4130,47.5,"Tier 2: Qualified Bank Loan",216956
"LEAD-14773","Amir Razif #4773","+60170004774","Damansara Heights Residence",10101,4187,47.6,"Tier 2: Qualified Bank Loan",217144
"LEAD-14776","Devi Lee #4776","+60120004777","SkyResidence Subang",10212,4244,47.8,"Tier 2: Qualified Bank Loan",217333
"LEAD-14779","Grace Zulkifli #4779","+60150004780","Damansara Heights Residence",10323,4301,47.9,"Tier 2: Qualified Bank Loan",217521
"LEAD-14782","Nurul Rosli #4782","+60180004783","SkyResidence Subang",10434,4358,48,"Tier 2: Qualified Bank Loan",217710
"LEAD-14785","Santhi Kumar #4785","+60130004786","Damansara Heights Residence",10545,4415,48.1,"Tier 2: Qualified Bank Loan",217898
"LEAD-14788","Sarah Faizal #4788","+60160004789","SkyResidence Subang",10656,4472,48.2,"Tier 2: Qualified Bank Loan",218086
"LEAD-14791","Siti Hassan #4791","+60190004792","Damansara Heights Residence",10767,1029,11,"Tier 1: Pre-Approved LPPSA/Bank",918275
"LEAD-14794","Syed Subramaniam #4794","+60140004795","SkyResidence Subang",10878,1086,11.5,"Tier 1: Pre-Approved LPPSA/Bank",918463
"LEAD-14797","Azman Goh #4797","+60170004798","Damansara Heights Residence",10989,1143,12,"Tier 1: Pre-Approved LPPSA/Bank",918652
"LEAD-14800","Muhammad Hariz #4800","+60120004801","SkyResidence Subang",11100,1200,12.4,"Tier 1: Pre-Approved LPPSA/Bank",918840
"LEAD-14803","Wong Wei Lun #4803","+60150004804","Damansara Heights Residence",11211,1257,12.9,"Tier 1: Pre-Approved LPPSA/Bank",919028
"LEAD-14806","Mohd Ibrahim #4806","+60180004807","SkyResidence Subang",11322,1314,13.3,"Tier 1: Pre-Approved LPPSA/Bank",919217
"LEAD-14809","Kevin Chen #4809","+60130004810","Damansara Heights Residence",11433,1371,13.8,"Tier 1: Pre-Approved LPPSA/Bank",919405
"LEAD-14812","Razif Nordin #4812","+60160004813","SkyResidence Subang",11544,1428,14.2,"Tier 1: Pre-Approved LPPSA/Bank",919594
"LEAD-14815","Chong Osman #4815","+60190004816","Damansara Heights Residence",11655,1485,14.6,"Tier 1: Pre-Approved LPPSA/Bank",919782
"LEAD-14818","Hafiz Aini #4818","+60140004819","SkyResidence Subang",11766,1542,15.1,"Tier 1: Pre-Approved LPPSA/Bank",919970
"LEAD-14821","Ahmad Razif #4821","+60170004822","Damansara Heights Residence",11877,1599,15.5,"Tier 1: Pre-Approved LPPSA/Bank",920159
"LEAD-14824","Tan Lee #4824","+60120004825","SkyResidence Subang",11988,1656,15.9,"Tier 1: Pre-Approved LPPSA/Bank",920347
"LEAD-14827","Farhan Zulkifli #4827","+60150004828","Damansara Heights Residence",3599,1713,54.7,"Tier 3: Joint Loan Needed",33136
"LEAD-14830","Jason Rosli #4830","+60180004831","SkyResidence Subang",3710,1770,54.8,"Tier 3: Joint Loan Needed",33324
"LEAD-14833","Amir Kumar #4833","+60130004834","Damansara Heights Residence",3821,1827,55,"Tier 3: Joint Loan Needed",33512
"LEAD-14836","Devi Faizal #4836","+60160004837","SkyResidence Subang",3932,1884,55.1,"Tier 3: Joint Loan Needed",33701
"LEAD-14839","Grace Hassan #4839","+60190004840","Damansara Heights Residence",4043,1941,55.2,"Tier 3: Joint Loan Needed",33889
"LEAD-14842","Nurul Subramaniam #4842","+60140004843","SkyResidence Subang",4154,1998,55.3,"Tier 3: Joint Loan Needed",34078
"LEAD-14845","Santhi Goh #4845","+60170004846","Damansara Heights Residence",4265,2055,55.4,"Tier 3: Joint Loan Needed",34266
"LEAD-14848","Sarah Hariz #4848","+60120004849","SkyResidence Subang",4376,2112,55.5,"Tier 3: Joint Loan Needed",34454
"LEAD-14851","Siti Wei Lun #4851","+60150004852","Damansara Heights Residence",4487,2169,55.6,"Tier 3: Joint Loan Needed",34643
"LEAD-14854","Syed Ibrahim #4854","+60180004855","SkyResidence Subang",4598,2226,55.6,"Tier 2: Qualified Bank Loan",34831
"LEAD-14857","Azman Chen #4857","+60130004858","Damansara Heights Residence",4709,2283,55.7,"Tier 2: Qualified Bank Loan",35020
"LEAD-14860","Muhammad Nordin #4860","+60160004861","SkyResidence Subang",4820,2340,55.8,"Tier 2: Qualified Bank Loan",35208
"LEAD-14863","Wong Osman #4863","+60190004864","Damansara Heights Residence",4931,2397,55.9,"Tier 2: Qualified Bank Loan",35396
"LEAD-14866","Mohd Aini #4866","+60140004867","SkyResidence Subang",5042,2454,55.9,"Tier 2: Qualified Bank Loan",35585
"LEAD-14869","Kevin Razif #4869","+60170004870","Damansara Heights Residence",5153,2511,56,"Tier 2: Qualified Bank Loan",35773
"LEAD-14872","Razif Lee #4872","+60120004873","SkyResidence Subang",5264,2568,56.1,"Tier 2: Qualified Bank Loan",35962
"LEAD-14875","Chong Zulkifli #4875","+60150004876","Damansara Heights Residence",5375,2625,56.1,"Tier 2: Qualified Bank Loan",36150
"LEAD-14878","Hafiz Rosli #4878","+60180004879","SkyResidence Subang",5486,2682,56.2,"Tier 2: Qualified Bank Loan",36338
"LEAD-14881","Ahmad Kumar #4881","+60130004882","Damansara Heights Residence",5597,2739,56.2,"Tier 2: Qualified Bank Loan",36527
"LEAD-14884","Tan Faizal #4884","+60160004885","SkyResidence Subang",5708,2796,56.3,"Tier 2: Qualified Bank Loan",36715
"LEAD-14887","Farhan Hassan #4887","+60190004888","Damansara Heights Residence",5819,2853,56.4,"Tier 2: Qualified Bank Loan",36904
"LEAD-14890","Jason Subramaniam #4890","+60140004891","SkyResidence Subang",5930,2910,56.4,"Tier 2: Qualified Bank Loan",37092
"LEAD-14893","Amir Goh #4893","+60170004894","Damansara Heights Residence",6041,2967,56.5,"Tier 2: Qualified Bank Loan",37280
"LEAD-14896","Devi Hariz #4896","+60120004897","SkyResidence Subang",6152,3024,56.5,"Tier 2: Qualified Bank Loan",37469
"LEAD-14899","Grace Wei Lun #4899","+60150004900","Damansara Heights Residence",6263,3081,56.5,"Tier 2: Qualified Bank Loan",37657
"LEAD-14902","Nurul Ibrahim #4902","+60180004903","SkyResidence Subang",6374,3138,56.6,"Tier 2: Qualified Bank Loan",37846
"LEAD-14905","Santhi Chen #4905","+60130004906","Damansara Heights Residence",6485,3195,56.6,"Tier 2: Qualified Bank Loan",38034
"LEAD-14908","Sarah Nordin #4908","+60160004909","SkyResidence Subang",6596,3252,56.7,"Tier 2: Qualified Bank Loan",38222
"LEAD-14911","Siti Osman #4911","+60190004912","Damansara Heights Residence",6707,3309,56.7,"Tier 2: Qualified Bank Loan",38411
"LEAD-14914","Syed Aini #4914","+60140004915","SkyResidence Subang",6818,3366,56.7,"Tier 2: Qualified Bank Loan",38599
"LEAD-14917","Azman Razif #4917","+60170004918","Damansara Heights Residence",6929,3423,56.8,"Tier 2: Qualified Bank Loan",38788
"LEAD-14920","Muhammad Lee #4920","+60120004921","SkyResidence Subang",7040,3480,56.8,"Tier 2: Qualified Bank Loan",38976
"LEAD-14923","Wong Zulkifli #4923","+60150004924","Damansara Heights Residence",7151,3537,56.9,"Tier 2: Qualified Bank Loan",39164
"LEAD-14926","Mohd Rosli #4926","+60180004927","SkyResidence Subang",7262,3594,56.9,"Tier 2: Qualified Bank Loan",39353
"LEAD-14929","Kevin Kumar #4929","+60130004930","Damansara Heights Residence",7373,3651,56.9,"Tier 2: Qualified Bank Loan",39541
"LEAD-14932","Razif Faizal #4932","+60160004933","SkyResidence Subang",7484,3708,56.9,"Tier 2: Qualified Bank Loan",39730
"LEAD-14935","Chong Hassan #4935","+60190004936","Damansara Heights Residence",7595,3765,57,"Tier 2: Qualified Bank Loan",39918
"LEAD-14938","Hafiz Subramaniam #4938","+60140004939","SkyResidence Subang",7706,3822,57,"Tier 2: Qualified Bank Loan",40106
"LEAD-14941","Ahmad Goh #4941","+60170004942","Damansara Heights Residence",7817,3879,57,"Tier 2: Qualified Bank Loan",40295
"LEAD-14944","Tan Hariz #4944","+60120004945","SkyResidence Subang",7928,3936,57.1,"Tier 2: Qualified Bank Loan",40483
"LEAD-14947","Farhan Wei Lun #4947","+60150004948","Damansara Heights Residence",8039,3993,57.1,"Tier 2: Qualified Bank Loan",40672
"LEAD-14950","Jason Ibrahim #4950","+60180004951","SkyResidence Subang",8150,4050,57.1,"Tier 2: Qualified Bank Loan",40860
"LEAD-14953","Amir Chen #4953","+60130004954","Damansara Heights Residence",8261,4107,57.1,"Tier 2: Qualified Bank Loan",41048
"LEAD-14956","Devi Nordin #4956","+60160004957","SkyResidence Subang",8372,4164,57.2,"Tier 2: Qualified Bank Loan",41237
"LEAD-14959","Grace Osman #4959","+60190004960","Damansara Heights Residence",8483,4221,57.2,"Tier 2: Qualified Bank Loan",41425
"LEAD-14962","Nurul Aini #4962","+60140004963","SkyResidence Subang",8594,4278,57.2,"Tier 2: Qualified Bank Loan",41614
"LEAD-14965","Santhi Razif #4965","+60170004966","Damansara Heights Residence",8705,4335,57.2,"Tier 2: Qualified Bank Loan",41802
"LEAD-14968","Sarah Lee #4968","+60120004969","SkyResidence Subang",8816,4392,57.3,"Tier 2: Qualified Bank Loan",41990
"LEAD-14971","Siti Zulkifli #4971","+60150004972","Damansara Heights Residence",8927,4449,57.3,"Tier 2: Qualified Bank Loan",42179
"LEAD-14974","Syed Rosli #4974","+60180004975","SkyResidence Subang",9038,1006,12.8,"Tier 1: Pre-Approved LPPSA/Bank",742367
"LEAD-14977","Azman Kumar #4977","+60130004978","Damansara Heights Residence",9149,1063,13.4,"Tier 1: Pre-Approved LPPSA/Bank",742556
"LEAD-14980","Muhammad Faizal #4980","+60160004981","SkyResidence Subang",9260,1120,13.9,"Tier 1: Pre-Approved LPPSA/Bank",742744
"LEAD-14983","Wong Hassan #4983","+60190004984","Damansara Heights Residence",9371,1177,14.4,"Tier 1: Pre-Approved LPPSA/Bank",742932
"LEAD-14986","Mohd Subramaniam #4986","+60140004987","SkyResidence Subang",9482,1234,15,"Tier 1: Pre-Approved LPPSA/Bank",743121
"LEAD-14989","Kevin Goh #4989","+60170004990","Damansara Heights Residence",9593,1291,15.5,"Tier 1: Pre-Approved LPPSA/Bank",743309
"LEAD-14992","Razif Hariz #4992","+60120004993","SkyResidence Subang",9704,1348,16,"Tier 1: Pre-Approved LPPSA/Bank",743498
"LEAD-14995","Chong Wei Lun #4995","+60150004996","Damansara Heights Residence",9815,1405,16.5,"Tier 1: Pre-Approved LPPSA/Bank",743686
"LEAD-14998","Hafiz Ibrahim #4998","+60180004999","SkyResidence Subang",9926,1462,16.9,"Tier 1: Pre-Approved LPPSA/Bank",743874
"LEAD-15001","Ahmad Chen #5001","+60130005002","Damansara Heights Residence",10037,1519,17.4,"Tier 1: Pre-Approved LPPSA/Bank",744063
"LEAD-15004","Tan Nordin #5004","+60160005005","SkyResidence Subang",10148,1576,17.9,"Tier 1: Pre-Approved LPPSA/Bank",744251
"LEAD-15007","Farhan Osman #5007","+60190005008","Damansara Heights Residence",10259,1633,18.3,"Tier 1: Pre-Approved LPPSA/Bank",744440
"LEAD-15010","Jason Aini #5010","+60140005011","SkyResidence Subang",10370,1690,18.7,"Tier 1: Pre-Approved LPPSA/Bank",744628
"LEAD-15013","Amir Razif #5013","+60170005014","Damansara Heights Residence",10481,1747,19.2,"Tier 1: Pre-Approved LPPSA/Bank",744816
"LEAD-15016","Devi Lee #5016","+60120005017","SkyResidence Subang",10592,1804,19.6,"Tier 1: Pre-Approved LPPSA/Bank",745005
"LEAD-15019","Grace Zulkifli #5019","+60150005020","Damansara Heights Residence",10703,1861,20,"Tier 1: Pre-Approved LPPSA/Bank",745193
"LEAD-15022","Nurul Rosli #5022","+60180005023","SkyResidence Subang",10814,1918,20.4,"Tier 1: Pre-Approved LPPSA/Bank",745382
"LEAD-15025","Santhi Kumar #5025","+60130005026","Damansara Heights Residence",10925,1975,20.8,"Tier 1: Pre-Approved LPPSA/Bank",745570
"LEAD-15028","Sarah Faizal #5028","+60160005029","SkyResidence Subang",11036,2032,21.2,"Tier 1: Pre-Approved LPPSA/Bank",745758
"LEAD-15031","Siti Hassan #5031","+60190005032","Damansara Heights Residence",11147,2089,21.5,"Tier 1: Pre-Approved LPPSA/Bank",745947
"LEAD-15034","Syed Subramaniam #5034","+60140005035","SkyResidence Subang",11258,2146,21.9,"Tier 1: Pre-Approved LPPSA/Bank",746135
"LEAD-15037","Azman Goh #5037","+60170005038","Damansara Heights Residence",11369,2203,22.3,"Tier 1: Pre-Approved LPPSA/Bank",746324
"LEAD-15040","Muhammad Hariz #5040","+60120005041","SkyResidence Subang",11480,2260,22.6,"Tier 1: Pre-Approved LPPSA/Bank",746512
"LEAD-15043","Wong Wei Lun #5043","+60150005044","Damansara Heights Residence",11591,2317,23,"Tier 1: Pre-Approved LPPSA/Bank",746700
"LEAD-15046","Mohd Ibrahim #5046","+60180005047","SkyResidence Subang",11702,2374,23.3,"Tier 1: Pre-Approved LPPSA/Bank",746889
"LEAD-15049","Kevin Chen #5049","+60130005050","Damansara Heights Residence",11813,2431,23.7,"Tier 1: Pre-Approved LPPSA/Bank",747077
"LEAD-15052","Razif Nordin #5052","+60160005053","SkyResidence Subang",11924,2488,24,"Tier 1: Pre-Approved LPPSA/Bank",747266
"LEAD-15055","Chong Osman #5055","+60190005056","Damansara Heights Residence",3535,2545,82.8,"Tier 4: High Risk DSR",0
"LEAD-15058","Hafiz Aini #5058","+60140005059","SkyResidence Subang",3646,2602,82,"Tier 4: High Risk DSR",0
"LEAD-15061","Ahmad Razif #5061","+60170005062","Damansara Heights Residence",3757,2659,81.4,"Tier 4: High Risk DSR",0
"LEAD-15064","Tan Lee #5064","+60120005065","SkyResidence Subang",3868,2716,80.7,"Tier 4: High Risk DSR",0
"LEAD-15067","Farhan Zulkifli #5067","+60150005068","Damansara Heights Residence",3979,2773,80.1,"Tier 4: High Risk DSR",0
"LEAD-15070","Jason Rosli #5070","+60180005071","SkyResidence Subang",4090,2830,79.5,"Tier 4: High Risk DSR",0
"LEAD-15073","Amir Kumar #5073","+60130005074","Damansara Heights Residence",4201,2887,79,"Tier 4: High Risk DSR",0
"LEAD-15076","Devi Faizal #5076","+60160005077","SkyResidence Subang",4312,2944,78.5,"Tier 4: High Risk DSR",0
"LEAD-15079","Grace Hassan #5079","+60190005080","Damansara Heights Residence",4423,3001,78,"Tier 4: High Risk DSR",0
"LEAD-15082","Nurul Subramaniam #5082","+60140005083","SkyResidence Subang",4534,3058,77.5,"Tier 4: High Risk DSR",0
"LEAD-15085","Santhi Goh #5085","+60170005086","Damansara Heights Residence",4645,3115,77.1,"Tier 4: High Risk DSR",0
"LEAD-15088","Sarah Hariz #5088","+60120005089","SkyResidence Subang",4756,3172,76.7,"Tier 4: High Risk DSR",0
"LEAD-15091","Siti Wei Lun #5091","+60150005092","Damansara Heights Residence",4867,3229,76.3,"Tier 4: High Risk DSR",0
"LEAD-15094","Syed Ibrahim #5094","+60180005095","SkyResidence Subang",4978,3286,75.9,"Tier 4: High Risk DSR",0
"LEAD-15097","Azman Chen #5097","+60130005098","Damansara Heights Residence",5089,3343,75.5,"Tier 4: High Risk DSR",0
"LEAD-15100","Muhammad Nordin #5100","+60160005101","SkyResidence Subang",5200,3400,75.2,"Tier 4: High Risk DSR",0
"LEAD-15103","Wong Osman #5103","+60190005104","Damansara Heights Residence",5311,3457,74.8,"Tier 3: Joint Loan Needed",0
"LEAD-15106","Mohd Aini #5106","+60140005107","SkyResidence Subang",5422,3514,74.5,"Tier 3: Joint Loan Needed",0
"LEAD-15109","Kevin Razif #5109","+60170005110","Damansara Heights Residence",5533,3571,74.2,"Tier 3: Joint Loan Needed",0
"LEAD-15112","Razif Lee #5112","+60120005113","SkyResidence Subang",5644,3628,73.9,"Tier 3: Joint Loan Needed",0
"LEAD-15115","Chong Zulkifli #5115","+60150005116","Damansara Heights Residence",5755,3685,73.6,"Tier 3: Joint Loan Needed",0
"LEAD-15118","Hafiz Rosli #5118","+60180005119","SkyResidence Subang",5866,3742,73.3,"Tier 3: Joint Loan Needed",0
"LEAD-15121","Ahmad Kumar #5121","+60130005122","Damansara Heights Residence",5977,3799,73.1,"Tier 3: Joint Loan Needed",0
"LEAD-15124","Tan Faizal #5124","+60160005125","SkyResidence Subang",6088,3856,72.8,"Tier 3: Joint Loan Needed",0
"LEAD-15127","Farhan Hassan #5127","+60190005128","Damansara Heights Residence",6199,3913,72.6,"Tier 3: Joint Loan Needed",0
"LEAD-15130","Jason Subramaniam #5130","+60140005131","SkyResidence Subang",6310,3970,72.3,"Tier 3: Joint Loan Needed",0
"LEAD-15133","Amir Goh #5133","+60170005134","Damansara Heights Residence",6421,4027,72.1,"Tier 3: Joint Loan Needed",0
"LEAD-15136","Devi Hariz #5136","+60120005137","SkyResidence Subang",6532,4084,71.9,"Tier 3: Joint Loan Needed",0
"LEAD-15139","Grace Wei Lun #5139","+60150005140","Damansara Heights Residence",6643,4141,71.7,"Tier 3: Joint Loan Needed",0
"LEAD-15142","Nurul Ibrahim #5142","+60180005143","SkyResidence Subang",6754,4198,71.4,"Tier 3: Joint Loan Needed",0
"LEAD-15145","Santhi Chen #5145","+60130005146","Damansara Heights Residence",6865,4255,71.2,"Tier 3: Joint Loan Needed",0
"LEAD-15148","Sarah Nordin #5148","+60160005149","SkyResidence Subang",6976,4312,71,"Tier 3: Joint Loan Needed",0
"LEAD-15151","Siti Osman #5151","+60190005152","Damansara Heights Residence",7087,4369,70.9,"Tier 3: Joint Loan Needed",0
"LEAD-15154","Syed Aini #5154","+60140005155","SkyResidence Subang",7198,4426,70.7,"Tier 3: Joint Loan Needed",0
"LEAD-15157","Azman Razif #5157","+60170005158","Damansara Heights Residence",7309,4483,70.5,"Tier 3: Joint Loan Needed",0
"LEAD-15160","Muhammad Lee #5160","+60120005161","SkyResidence Subang",7420,1040,16.1,"Tier 1: Pre-Approved LPPSA/Bank",566648
"LEAD-15163","Wong Zulkifli #5163","+60150005164","Damansara Heights Residence",7531,1097,16.7,"Tier 1: Pre-Approved LPPSA/Bank",566836
"LEAD-15166","Mohd Rosli #5166","+60180005167","SkyResidence Subang",7642,1154,17.4,"Tier 1: Pre-Approved LPPSA/Bank",567025
"LEAD-15169","Kevin Kumar #5169","+60130005170","Damansara Heights Residence",7753,1211,18,"Tier 1: Pre-Approved LPPSA/Bank",567213
"LEAD-15172","Razif Faizal #5172","+60160005173","SkyResidence Subang",7864,1268,18.5,"Tier 1: Pre-Approved LPPSA/Bank",567402
"LEAD-15175","Chong Hassan #5175","+60190005176","Damansara Heights Residence",7975,1325,19.1,"Tier 1: Pre-Approved LPPSA/Bank",567590
"LEAD-15178","Hafiz Subramaniam #5178","+60140005179","SkyResidence Subang",8086,1382,19.6,"Tier 1: Pre-Approved LPPSA/Bank",567778
"LEAD-15181","Ahmad Goh #5181","+60170005182","Damansara Heights Residence",8197,1439,20.2,"Tier 1: Pre-Approved LPPSA/Bank",567967
"LEAD-15184","Tan Hariz #5184","+60120005185","SkyResidence Subang",8308,1496,20.7,"Tier 1: Pre-Approved LPPSA/Bank",568155
"LEAD-15187","Farhan Wei Lun #5187","+60150005188","Damansara Heights Residence",8419,1553,21.2,"Tier 1: Pre-Approved LPPSA/Bank",568344
"LEAD-15190","Jason Ibrahim #5190","+60180005191","SkyResidence Subang",8530,1610,21.7,"Tier 1: Pre-Approved LPPSA/Bank",568532
"LEAD-15193","Amir Chen #5193","+60130005194","Damansara Heights Residence",8641,1667,22.2,"Tier 1: Pre-Approved LPPSA/Bank",568720
"LEAD-15196","Devi Nordin #5196","+60160005197","SkyResidence Subang",8752,1724,22.6,"Tier 1: Pre-Approved LPPSA/Bank",568909
"LEAD-15199","Grace Osman #5199","+60190005200","Damansara Heights Residence",8863,1781,23.1,"Tier 1: Pre-Approved LPPSA/Bank",569097
"LEAD-15202","Nurul Aini #5202","+60140005203","SkyResidence Subang",8974,1838,23.5,"Tier 1: Pre-Approved LPPSA/Bank",569286
"LEAD-15205","Santhi Razif #5205","+60170005206","Damansara Heights Residence",9085,1895,24,"Tier 1: Pre-Approved LPPSA/Bank",569474
"LEAD-15208","Sarah Lee #5208","+60120005209","SkyResidence Subang",9196,1952,24.4,"Tier 1: Pre-Approved LPPSA/Bank",569662
"LEAD-15211","Siti Zulkifli #5211","+60150005212","Damansara Heights Residence",9307,2009,24.8,"Tier 1: Pre-Approved LPPSA/Bank",569851
"LEAD-15214","Syed Rosli #5214","+60180005215","SkyResidence Subang",9418,2066,25.2,"Tier 1: Pre-Approved LPPSA/Bank",570039
"LEAD-15217","Azman Kumar #5217","+60130005218","Damansara Heights Residence",9529,2123,25.6,"Tier 1: Pre-Approved LPPSA/Bank",570228
"LEAD-15220","Muhammad Faizal #5220","+60160005221","SkyResidence Subang",9640,2180,26,"Tier 1: Pre-Approved LPPSA/Bank",570416
"LEAD-15223","Wong Hassan #5223","+60190005224","Damansara Heights Residence",9751,2237,26.4,"Tier 1: Pre-Approved LPPSA/Bank",570604
"LEAD-15226","Mohd Subramaniam #5226","+60140005227","SkyResidence Subang",9862,2294,26.7,"Tier 1: Pre-Approved LPPSA/Bank",570793
"LEAD-15229","Kevin Goh #5229","+60170005230","Damansara Heights Residence",9973,2351,27.1,"Tier 1: Pre-Approved LPPSA/Bank",570981
"LEAD-15232","Razif Hariz #5232","+60120005233","SkyResidence Subang",10084,2408,27.4,"Tier 1: Pre-Approved LPPSA/Bank",571170
"LEAD-15235","Chong Wei Lun #5235","+60150005236","Damansara Heights Residence",10195,2465,27.8,"Tier 1: Pre-Approved LPPSA/Bank",571358
"LEAD-15238","Hafiz Ibrahim #5238","+60180005239","SkyResidence Subang",10306,2522,28.1,"Tier 1: Pre-Approved LPPSA/Bank",571546
"LEAD-15241","Ahmad Chen #5241","+60130005242","Damansara Heights Residence",10417,2579,28.5,"Tier 1: Pre-Approved LPPSA/Bank",571735
"LEAD-15244","Tan Nordin #5244","+60160005245","SkyResidence Subang",10528,2636,28.8,"Tier 1: Pre-Approved LPPSA/Bank",571923
"LEAD-15247","Farhan Osman #5247","+60190005248","Damansara Heights Residence",10639,2693,29.1,"Tier 1: Pre-Approved LPPSA/Bank",572112
"LEAD-15250","Jason Aini #5250","+60140005251","SkyResidence Subang",10750,2750,29.4,"Tier 1: Pre-Approved LPPSA/Bank",572300
"LEAD-15253","Amir Razif #5253","+60170005254","Damansara Heights Residence",10861,2807,29.7,"Tier 1: Pre-Approved LPPSA/Bank",572488
"LEAD-15256","Devi Lee #5256","+60120005257","SkyResidence Subang",10972,2864,30,"Tier 1: Pre-Approved LPPSA/Bank",572677
"LEAD-15259","Grace Zulkifli #5259","+60150005260","Damansara Heights Residence",11083,2921,30.3,"Tier 1: Pre-Approved LPPSA/Bank",572865
"LEAD-15262","Nurul Rosli #5262","+60180005263","SkyResidence Subang",11194,2978,30.6,"Tier 1: Pre-Approved LPPSA/Bank",573054
"LEAD-15265","Santhi Kumar #5265","+60130005266","Damansara Heights Residence",11305,3035,30.9,"Tier 1: Pre-Approved LPPSA/Bank",573242
"LEAD-15268","Sarah Faizal #5268","+60160005269","SkyResidence Subang",11416,3092,31.1,"Tier 1: Pre-Approved LPPSA/Bank",573430
"LEAD-15271","Siti Hassan #5271","+60190005272","Damansara Heights Residence",11527,3149,31.4,"Tier 1: Pre-Approved LPPSA/Bank",573619
"LEAD-15274","Syed Subramaniam #5274","+60140005275","SkyResidence Subang",11638,3206,31.7,"Tier 1: Pre-Approved LPPSA/Bank",573807
"LEAD-15277","Azman Goh #5277","+60170005278","Damansara Heights Residence",11749,3263,31.9,"Tier 1: Pre-Approved LPPSA/Bank",573996
"LEAD-15280","Muhammad Hariz #5280","+60120005281","SkyResidence Subang",11860,3320,32.2,"Tier 1: Pre-Approved LPPSA/Bank",574184
"LEAD-15283","Wong Wei Lun #5283","+60150005284","Damansara Heights Residence",11971,3377,32.4,"Tier 1: Pre-Approved LPPSA/Bank",574372
"LEAD-15286","Mohd Ibrahim #5286","+60180005287","SkyResidence Subang",3582,3434,110.2,"Tier 4: High Risk DSR",0
"LEAD-15289","Kevin Chen #5289","+60130005290","Damansara Heights Residence",3693,3491,108.7,"Tier 4: High Risk DSR",0
"LEAD-15292","Razif Nordin #5292","+60160005293","SkyResidence Subang",3804,3548,107.2,"Tier 4: High Risk DSR",0
"LEAD-15295","Chong Osman #5295","+60190005296","Damansara Heights Residence",3915,3605,105.8,"Tier 4: High Risk DSR",0
"LEAD-15298","Hafiz Aini #5298","+60140005299","SkyResidence Subang",4026,3662,104.6,"Tier 4: High Risk DSR",0
"LEAD-15301","Ahmad Razif #5301","+60170005302","Damansara Heights Residence",4137,3719,103.3,"Tier 4: High Risk DSR",0
"LEAD-15304","Tan Lee #5304","+60120005305","SkyResidence Subang",4248,3776,102.2,"Tier 4: High Risk DSR",0
"LEAD-15307","Farhan Zulkifli #5307","+60150005308","Damansara Heights Residence",4359,3833,101.1,"Tier 4: High Risk DSR",0
"LEAD-15310","Jason Rosli #5310","+60180005311","SkyResidence Subang",4470,3890,100,"Tier 4: High Risk DSR",0
"LEAD-15313","Amir Kumar #5313","+60130005314","Damansara Heights Residence",4581,3947,99,"Tier 4: High Risk DSR",0
"LEAD-15316","Devi Faizal #5316","+60160005317","SkyResidence Subang",4692,4004,98.1,"Tier 4: High Risk DSR",0
"LEAD-15319","Grace Hassan #5319","+60190005320","Damansara Heights Residence",4803,4061,97.2,"Tier 4: High Risk DSR",0
"LEAD-15322","Nurul Subramaniam #5322","+60140005323","SkyResidence Subang",4914,4118,96.3,"Tier 4: High Risk DSR",0
"LEAD-15325","Santhi Goh #5325","+60170005326","Damansara Heights Residence",5025,4175,95.5,"Tier 4: High Risk DSR",0
"LEAD-15328","Sarah Hariz #5328","+60120005329","SkyResidence Subang",5136,4232,94.7,"Tier 4: High Risk DSR",0
"LEAD-15331","Siti Wei Lun #5331","+60150005332","Damansara Heights Residence",5247,4289,94,"Tier 4: High Risk DSR",0
"LEAD-15334","Syed Ibrahim #5334","+60180005335","SkyResidence Subang",5358,4346,93.2,"Tier 4: High Risk DSR",0
"LEAD-15337","Azman Chen #5337","+60130005338","Damansara Heights Residence",5469,4403,92.5,"Tier 4: High Risk DSR",0
"LEAD-15340","Muhammad Nordin #5340","+60160005341","SkyResidence Subang",5580,4460,91.9,"Tier 4: High Risk DSR",0
"LEAD-15343","Wong Osman #5343","+60190005344","Damansara Heights Residence",5691,1017,20.5,"Tier 2: Qualified Bank Loan",390740
"LEAD-15346","Mohd Aini #5346","+60140005347","SkyResidence Subang",5802,1074,21.3,"Tier 2: Qualified Bank Loan",390929
"LEAD-15349","Kevin Razif #5349","+60170005350","Damansara Heights Residence",5913,1131,22,"Tier 2: Qualified Bank Loan",391117
"LEAD-15352","Razif Lee #5352","+60120005353","SkyResidence Subang",6024,1188,22.7,"Tier 2: Qualified Bank Loan",391306
"LEAD-15355","Chong Zulkifli #5355","+60150005356","Damansara Heights Residence",6135,1245,23.3,"Tier 2: Qualified Bank Loan",391494
"LEAD-15358","Hafiz Rosli #5358","+60180005359","SkyResidence Subang",6246,1302,24,"Tier 2: Qualified Bank Loan",391682
"LEAD-15361","Ahmad Kumar #5361","+60130005362","Damansara Heights Residence",6357,1359,24.6,"Tier 2: Qualified Bank Loan",391871
"LEAD-15364","Tan Faizal #5364","+60160005365","SkyResidence Subang",6468,1416,25.2,"Tier 2: Qualified Bank Loan",392059
"LEAD-15367","Farhan Hassan #5367","+60190005368","Damansara Heights Residence",6579,1473,25.7,"Tier 1: Pre-Approved LPPSA/Bank",392248
"LEAD-15370","Jason Subramaniam #5370","+60140005371","SkyResidence Subang",6690,1530,26.3,"Tier 1: Pre-Approved LPPSA/Bank",392436
"LEAD-15373","Amir Goh #5373","+60170005374","Damansara Heights Residence",6801,1587,26.8,"Tier 1: Pre-Approved LPPSA/Bank",392624
"LEAD-15376","Devi Hariz #5376","+60120005377","SkyResidence Subang",6912,1644,27.3,"Tier 1: Pre-Approved LPPSA/Bank",392813
"LEAD-15379","Grace Wei Lun #5379","+60150005380","Damansara Heights Residence",7023,1701,27.8,"Tier 1: Pre-Approved LPPSA/Bank",393001
"LEAD-15382","Nurul Ibrahim #5382","+60180005383","SkyResidence Subang",7134,1758,28.3,"Tier 1: Pre-Approved LPPSA/Bank",393190
"LEAD-15385","Santhi Chen #5385","+60130005386","Damansara Heights Residence",7245,1815,28.8,"Tier 1: Pre-Approved LPPSA/Bank",393378
"LEAD-15388","Sarah Nordin #5388","+60160005389","SkyResidence Subang",7356,1872,29.3,"Tier 1: Pre-Approved LPPSA/Bank",393566
"LEAD-15391","Siti Osman #5391","+60190005392","Damansara Heights Residence",7467,1929,29.7,"Tier 1: Pre-Approved LPPSA/Bank",393755
"LEAD-15394","Syed Aini #5394","+60140005395","SkyResidence Subang",7578,1986,30.1,"Tier 1: Pre-Approved LPPSA/Bank",393943
"LEAD-15397","Azman Razif #5397","+60170005398","Damansara Heights Residence",7689,2043,30.5,"Tier 1: Pre-Approved LPPSA/Bank",394132
"LEAD-15400","Muhammad Lee #5400","+60120005401","SkyResidence Subang",7800,2100,30.9,"Tier 1: Pre-Approved LPPSA/Bank",394320
"LEAD-15403","Wong Zulkifli #5403","+60150005404","Damansara Heights Residence",7911,2157,31.3,"Tier 1: Pre-Approved LPPSA/Bank",394508
"LEAD-15406","Mohd Rosli #5406","+60180005407","SkyResidence Subang",8022,2214,31.7,"Tier 1: Pre-Approved LPPSA/Bank",394697
"LEAD-15409","Kevin Kumar #5409","+60130005410","Damansara Heights Residence",8133,2271,32.1,"Tier 1: Pre-Approved LPPSA/Bank",394885
"LEAD-15412","Razif Faizal #5412","+60160005413","SkyResidence Subang",8244,2328,32.5,"Tier 1: Pre-Approved LPPSA/Bank",395074
"LEAD-15415","Chong Hassan #5415","+60190005416","Damansara Heights Residence",8355,2385,32.8,"Tier 1: Pre-Approved LPPSA/Bank",395262
"LEAD-15418","Hafiz Subramaniam #5418","+60140005419","SkyResidence Subang",8466,2442,33.2,"Tier 1: Pre-Approved LPPSA/Bank",395450
"LEAD-15421","Ahmad Goh #5421","+60170005422","Damansara Heights Residence",8577,2499,33.5,"Tier 1: Pre-Approved LPPSA/Bank",395639
"LEAD-15424","Tan Hariz #5424","+60120005425","SkyResidence Subang",8688,2556,33.8,"Tier 1: Pre-Approved LPPSA/Bank",395827
"LEAD-15427","Farhan Wei Lun #5427","+60150005428","Damansara Heights Residence",8799,2613,34.1,"Tier 1: Pre-Approved LPPSA/Bank",396016
"LEAD-15430","Jason Ibrahim #5430","+60180005431","SkyResidence Subang",8910,2670,34.4,"Tier 1: Pre-Approved LPPSA/Bank",396204
"LEAD-15433","Amir Chen #5433","+60130005434","Damansara Heights Residence",9021,2727,34.7,"Tier 1: Pre-Approved LPPSA/Bank",396392
"LEAD-15436","Devi Nordin #5436","+60160005437","SkyResidence Subang",9132,2784,35,"Tier 1: Pre-Approved LPPSA/Bank",396581
"LEAD-15439","Grace Osman #5439","+60190005440","Damansara Heights Residence",9243,2841,35.3,"Tier 1: Pre-Approved LPPSA/Bank",396769
"LEAD-15442","Nurul Aini #5442","+60140005443","SkyResidence Subang",9354,2898,35.6,"Tier 1: Pre-Approved LPPSA/Bank",396958
"LEAD-15445","Santhi Razif #5445","+60170005446","Damansara Heights Residence",9465,2955,35.9,"Tier 1: Pre-Approved LPPSA/Bank",397146
"LEAD-15448","Sarah Lee #5448","+60120005449","SkyResidence Subang",9576,3012,36.2,"Tier 1: Pre-Approved LPPSA/Bank",397334
"LEAD-15451","Siti Zulkifli #5451","+60150005452","Damansara Heights Residence",9687,3069,36.4,"Tier 1: Pre-Approved LPPSA/Bank",397523
"LEAD-15454","Syed Rosli #5454","+60180005455","SkyResidence Subang",9798,3126,36.7,"Tier 1: Pre-Approved LPPSA/Bank",397711
"LEAD-15457","Azman Kumar #5457","+60130005458","Damansara Heights Residence",9909,3183,36.9,"Tier 1: Pre-Approved LPPSA/Bank",397900
"LEAD-15460","Muhammad Faizal #5460","+60160005461","SkyResidence Subang",10020,3240,37.2,"Tier 1: Pre-Approved LPPSA/Bank",398088
"LEAD-15463","Wong Hassan #5463","+60190005464","Damansara Heights Residence",10131,3297,37.4,"Tier 1: Pre-Approved LPPSA/Bank",398276
"LEAD-15466","Mohd Subramaniam #5466","+60140005467","SkyResidence Subang",10242,3354,37.6,"Tier 1: Pre-Approved LPPSA/Bank",398465
"LEAD-15469","Kevin Goh #5469","+60170005470","Damansara Heights Residence",10353,3411,37.9,"Tier 1: Pre-Approved LPPSA/Bank",398653
"LEAD-15472","Razif Hariz #5472","+60120005473","SkyResidence Subang",10464,3468,38.1,"Tier 1: Pre-Approved LPPSA/Bank",398842
"LEAD-15475","Chong Wei Lun #5475","+60150005476","Damansara Heights Residence",10575,3525,38.3,"Tier 1: Pre-Approved LPPSA/Bank",399030
"LEAD-15478","Hafiz Ibrahim #5478","+60180005479","SkyResidence Subang",10686,3582,38.5,"Tier 1: Pre-Approved LPPSA/Bank",399218
"LEAD-15481","Ahmad Chen #5481","+60130005482","Damansara Heights Residence",10797,3639,38.7,"Tier 1: Pre-Approved LPPSA/Bank",399407
"LEAD-15484","Tan Nordin #5484","+60160005485","SkyResidence Subang",10908,3696,38.9,"Tier 1: Pre-Approved LPPSA/Bank",399595
"LEAD-15487","Farhan Osman #5487","+60190005488","Damansara Heights Residence",11019,3753,39.1,"Tier 1: Pre-Approved LPPSA/Bank",399784
"LEAD-15490","Jason Aini #5490","+60140005491","SkyResidence Subang",11130,3810,39.3,"Tier 1: Pre-Approved LPPSA/Bank",399972
"LEAD-15493","Amir Razif #5493","+60170005494","Damansara Heights Residence",11241,3867,39.5,"Tier 1: Pre-Approved LPPSA/Bank",400160
"LEAD-15496","Devi Lee #5496","+60120005497","SkyResidence Subang",11352,3924,39.7,"Tier 1: Pre-Approved LPPSA/Bank",400349
"LEAD-15499","Grace Zulkifli #5499","+60150005500","Damansara Heights Residence",11463,3981,39.9,"Tier 1: Pre-Approved LPPSA/Bank",400537
"LEAD-15502","Nurul Rosli #5502","+60180005503","SkyResidence Subang",11574,4038,40.1,"Tier 1: Pre-Approved LPPSA/Bank",400726
"LEAD-15505","Santhi Kumar #5505","+60130005506","Damansara Heights Residence",11685,4095,40.3,"Tier 1: Pre-Approved LPPSA/Bank",400914
"LEAD-15508","Sarah Faizal #5508","+60160005509","SkyResidence Subang",11796,4152,40.5,"Tier 1: Pre-Approved LPPSA/Bank",401102
"LEAD-15511","Siti Hassan #5511","+60190005512","Damansara Heights Residence",11907,4209,40.6,"Tier 1: Pre-Approved LPPSA/Bank",401291
"LEAD-15514","Syed Subramaniam #5514","+60140005515","SkyResidence Subang",3518,4266,139.4,"Tier 4: High Risk DSR",0
"LEAD-15517","Azman Goh #5517","+60170005518","Damansara Heights Residence",3629,4323,136.9,"Tier 4: High Risk DSR",0
"LEAD-15520","Muhammad Hariz #5520","+60120005521","SkyResidence Subang",3740,4380,134.6,"Tier 4: High Risk DSR",0
"LEAD-15523","Wong Wei Lun #5523","+60150005524","Damansara Heights Residence",3851,4437,132.4,"Tier 4: High Risk DSR",0
"LEAD-15526","Mohd Ibrahim #5526","+60180005527","SkyResidence Subang",3962,4494,130.4,"Tier 4: High Risk DSR",0
"LEAD-15529","Kevin Chen #5529","+60130005530","Damansara Heights Residence",4073,1051,29.7,"Tier 3: Joint Loan Needed",215021
"LEAD-15532","Razif Nordin #5532","+60160005533","SkyResidence Subang",4184,1108,30.4,"Tier 3: Joint Loan Needed",215210
"LEAD-15535","Chong Osman #5535","+60190005536","Damansara Heights Residence",4295,1165,31.2,"Tier 3: Joint Loan Needed",215398
"LEAD-15538","Hafiz Aini #5538","+60140005539","SkyResidence Subang",4406,1222,31.9,"Tier 3: Joint Loan Needed",215586
"LEAD-15541","Ahmad Razif #5541","+60170005542","Damansara Heights Residence",4517,1279,32.5,"Tier 2: Qualified Bank Loan",215775
"LEAD-15544","Tan Lee #5544","+60120005545","SkyResidence Subang",4628,1336,33.2,"Tier 2: Qualified Bank Loan",215963
"LEAD-15547","Farhan Zulkifli #5547","+60150005548","Damansara Heights Residence",4739,1393,33.8,"Tier 2: Qualified Bank Loan",216152
"LEAD-15550","Jason Rosli #5550","+60180005551","SkyResidence Subang",4850,1450,34.4,"Tier 2: Qualified Bank Loan",216340
"LEAD-15553","Amir Kumar #5553","+60130005554","Damansara Heights Residence",4961,1507,34.9,"Tier 2: Qualified Bank Loan",216528
"LEAD-15556","Devi Faizal #5556","+60160005557","SkyResidence Subang",5072,1564,35.4,"Tier 2: Qualified Bank Loan",216717
"LEAD-15559","Grace Hassan #5559","+60190005560","Damansara Heights Residence",5183,1621,35.9,"Tier 2: Qualified Bank Loan",216905
"LEAD-15562","Nurul Subramaniam #5562","+60140005563","SkyResidence Subang",5294,1678,36.4,"Tier 2: Qualified Bank Loan",217094
"LEAD-15565","Santhi Goh #5565","+60170005566","Damansara Heights Residence",5405,1735,36.9,"Tier 2: Qualified Bank Loan",217282
"LEAD-15568","Sarah Hariz #5568","+60120005569","SkyResidence Subang",5516,1792,37.3,"Tier 2: Qualified Bank Loan",217470
"LEAD-15571","Siti Wei Lun #5571","+60150005572","Damansara Heights Residence",5627,1849,37.8,"Tier 2: Qualified Bank Loan",217659
"LEAD-15574","Syed Ibrahim #5574","+60180005575","SkyResidence Subang",5738,1906,38.2,"Tier 2: Qualified Bank Loan",217847
"LEAD-15577","Azman Chen #5577","+60130005578","Damansara Heights Residence",5849,1963,38.6,"Tier 2: Qualified Bank Loan",218036
"LEAD-15580","Muhammad Nordin #5580","+60160005581","SkyResidence Subang",5960,2020,39,"Tier 2: Qualified Bank Loan",218224
"LEAD-15583","Wong Osman #5583","+60190005584","Damansara Heights Residence",6071,2077,39.3,"Tier 2: Qualified Bank Loan",218412
"LEAD-15586","Mohd Aini #5586","+60140005587","SkyResidence Subang",6182,2134,39.7,"Tier 2: Qualified Bank Loan",218601
"LEAD-15589","Kevin Razif #5589","+60170005590","Damansara Heights Residence",6293,2191,40,"Tier 2: Qualified Bank Loan",218789
"LEAD-15592","Razif Lee #5592","+60120005593","SkyResidence Subang",6404,2248,40.3,"Tier 2: Qualified Bank Loan",218978
"LEAD-15595","Chong Zulkifli #5595","+60150005596","Damansara Heights Residence",6515,2305,40.7,"Tier 1: Pre-Approved LPPSA/Bank",219166
"LEAD-15598","Hafiz Rosli #5598","+60180005599","SkyResidence Subang",6626,2362,41,"Tier 1: Pre-Approved LPPSA/Bank",219354
"LEAD-15601","Ahmad Kumar #5601","+60130005602","Damansara Heights Residence",6737,2419,41.3,"Tier 1: Pre-Approved LPPSA/Bank",219543
"LEAD-15604","Tan Faizal #5604","+60160005605","SkyResidence Subang",6848,2476,41.6,"Tier 1: Pre-Approved LPPSA/Bank",219731
"LEAD-15607","Farhan Hassan #5607","+60190005608","Damansara Heights Residence",6959,2533,41.8,"Tier 1: Pre-Approved LPPSA/Bank",219920
"LEAD-15610","Jason Subramaniam #5610","+60140005611","SkyResidence Subang",7070,2590,42.1,"Tier 1: Pre-Approved LPPSA/Bank",220108
"LEAD-15613","Amir Goh #5613","+60170005614","Damansara Heights Residence",7181,2647,42.4,"Tier 1: Pre-Approved LPPSA/Bank",220296
"LEAD-15616","Devi Hariz #5616","+60120005617","SkyResidence Subang",7292,2704,42.6,"Tier 1: Pre-Approved LPPSA/Bank",220485
"LEAD-15619","Grace Wei Lun #5619","+60150005620","Damansara Heights Residence",7403,2761,42.9,"Tier 1: Pre-Approved LPPSA/Bank",220673
"LEAD-15622","Nurul Ibrahim #5622","+60180005623","SkyResidence Subang",7514,2818,43.1,"Tier 1: Pre-Approved LPPSA/Bank",220862
"LEAD-15625","Santhi Chen #5625","+60130005626","Damansara Heights Residence",7625,2875,43.3,"Tier 1: Pre-Approved LPPSA/Bank",221050
"LEAD-15628","Sarah Nordin #5628","+60160005629","SkyResidence Subang",7736,2932,43.6,"Tier 1: Pre-Approved LPPSA/Bank",221238
"LEAD-15631","Siti Osman #5631","+60190005632","Damansara Heights Residence",7847,2989,43.8,"Tier 1: Pre-Approved LPPSA/Bank",221427
"LEAD-15634","Syed Aini #5634","+60140005635","SkyResidence Subang",7958,3046,44,"Tier 1: Pre-Approved LPPSA/Bank",221615
"LEAD-15637","Azman Razif #5637","+60170005638","Damansara Heights Residence",8069,3103,44.2,"Tier 1: Pre-Approved LPPSA/Bank",221804
"LEAD-15640","Muhammad Lee #5640","+60120005641","SkyResidence Subang",8180,3160,44.4,"Tier 1: Pre-Approved LPPSA/Bank",221992
"LEAD-15643","Wong Zulkifli #5643","+60150005644","Damansara Heights Residence",8291,3217,44.6,"Tier 1: Pre-Approved LPPSA/Bank",222180
"LEAD-15646","Mohd Rosli #5646","+60180005647","SkyResidence Subang",8402,3274,44.8,"Tier 1: Pre-Approved LPPSA/Bank",222369
"LEAD-15649","Kevin Kumar #5649","+60130005650","Damansara Heights Residence",8513,3331,45,"Tier 1: Pre-Approved LPPSA/Bank",222557
"LEAD-15652","Razif Faizal #5652","+60160005653","SkyResidence Subang",8624,3388,45.2,"Tier 2: Qualified Bank Loan",222746
"LEAD-15655","Chong Hassan #5655","+60190005656","Damansara Heights Residence",8735,3445,45.3,"Tier 2: Qualified Bank Loan",222934
"LEAD-15658","Hafiz Subramaniam #5658","+60140005659","SkyResidence Subang",8846,3502,45.5,"Tier 2: Qualified Bank Loan",223122
"LEAD-15661","Ahmad Goh #5661","+60170005662","Damansara Heights Residence",8957,3559,45.7,"Tier 2: Qualified Bank Loan",223311
"LEAD-15664","Tan Hariz #5664","+60120005665","SkyResidence Subang",9068,3616,45.8,"Tier 2: Qualified Bank Loan",223499
"LEAD-15667","Farhan Wei Lun #5667","+60150005668","Damansara Heights Residence",9179,3673,46,"Tier 2: Qualified Bank Loan",223688
"LEAD-15670","Jason Ibrahim #5670","+60180005671","SkyResidence Subang",9290,3730,46.2,"Tier 2: Qualified Bank Loan",223876
"LEAD-15673","Amir Chen #5673","+60130005674","Damansara Heights Residence",9401,3787,46.3,"Tier 2: Qualified Bank Loan",224064
"LEAD-15676","Devi Nordin #5676","+60160005677","SkyResidence Subang",9512,3844,46.5,"Tier 2: Qualified Bank Loan",224253
"LEAD-15679","Grace Osman #5679","+60190005680","Damansara Heights Residence",9623,3901,46.6,"Tier 2: Qualified Bank Loan",224441
"LEAD-15682","Nurul Aini #5682","+60140005683","SkyResidence Subang",9734,3958,46.7,"Tier 2: Qualified Bank Loan",224630
"LEAD-15685","Santhi Razif #5685","+60170005686","Damansara Heights Residence",9845,4015,46.9,"Tier 2: Qualified Bank Loan",224818
"LEAD-15688","Sarah Lee #5688","+60120005689","SkyResidence Subang",9956,4072,47,"Tier 2: Qualified Bank Loan",225006
"LEAD-15691","Siti Zulkifli #5691","+60150005692","Damansara Heights Residence",10067,4129,47.1,"Tier 2: Qualified Bank Loan",225195
"LEAD-15694","Syed Rosli #5694","+60180005695","SkyResidence Subang",10178,4186,47.3,"Tier 2: Qualified Bank Loan",225383
"LEAD-15697","Azman Kumar #5697","+60130005698","Damansara Heights Residence",10289,4243,47.4,"Tier 2: Qualified Bank Loan",225572
"LEAD-15700","Muhammad Faizal #5700","+60160005701","SkyResidence Subang",10400,4300,47.5,"Tier 2: Qualified Bank Loan",225760
"LEAD-15703","Wong Hassan #5703","+60190005704","Damansara Heights Residence",10511,4357,47.6,"Tier 2: Qualified Bank Loan",225948
"LEAD-15706","Mohd Subramaniam #5706","+60140005707","SkyResidence Subang",10622,4414,47.8,"Tier 2: Qualified Bank Loan",226137
"LEAD-15709","Kevin Goh #5709","+60170005710","Damansara Heights Residence",10733,4471,47.9,"Tier 2: Qualified Bank Loan",226325
"LEAD-15712","Razif Hariz #5712","+60120005713","SkyResidence Subang",10844,1028,10.9,"Tier 1: Pre-Approved LPPSA/Bank",926514
"LEAD-15715","Chong Wei Lun #5715","+60150005716","Damansara Heights Residence",10955,1085,11.4,"Tier 1: Pre-Approved LPPSA/Bank",926702
"LEAD-15718","Hafiz Ibrahim #5718","+60180005719","SkyResidence Subang",11066,1142,11.9,"Tier 1: Pre-Approved LPPSA/Bank",926890
"LEAD-15721","Ahmad Chen #5721","+60130005722","Damansara Heights Residence",11177,1199,12.3,"Tier 1: Pre-Approved LPPSA/Bank",927079
"LEAD-15724","Tan Nordin #5724","+60160005725","SkyResidence Subang",11288,1256,12.8,"Tier 1: Pre-Approved LPPSA/Bank",927267
"LEAD-15727","Farhan Osman #5727","+60190005728","Damansara Heights Residence",11399,1313,13.2,"Tier 1: Pre-Approved LPPSA/Bank",927456
"LEAD-15730","Jason Aini #5730","+60140005731","SkyResidence Subang",11510,1370,13.7,"Tier 1: Pre-Approved LPPSA/Bank",927644
"LEAD-15733","Amir Razif #5733","+60170005734","Damansara Heights Residence",11621,1427,14.1,"Tier 1: Pre-Approved LPPSA/Bank",927832
"LEAD-15736","Devi Lee #5736","+60120005737","SkyResidence Subang",11732,1484,14.5,"Tier 1: Pre-Approved LPPSA/Bank",928021
"LEAD-15739","Grace Zulkifli #5739","+60150005740","Damansara Heights Residence",11843,1541,15,"Tier 1: Pre-Approved LPPSA/Bank",928209
"LEAD-15742","Nurul Rosli #5742","+60180005743","SkyResidence Subang",11954,1598,15.4,"Tier 1: Pre-Approved LPPSA/Bank",928398
"LEAD-15745","Santhi Kumar #5745","+60130005746","Damansara Heights Residence",3565,1655,53.4,"Tier 3: Joint Loan Needed",41186
"LEAD-15748","Sarah Faizal #5748","+60160005749","SkyResidence Subang",3676,1712,53.5,"Tier 3: Joint Loan Needed",41374
"LEAD-15751","Siti Hassan #5751","+60190005752","Damansara Heights Residence",3787,1769,53.7,"Tier 3: Joint Loan Needed",41563
"LEAD-15754","Syed Subramaniam #5754","+60140005755","SkyResidence Subang",3898,1826,53.8,"Tier 3: Joint Loan Needed",41751
"LEAD-15757","Azman Goh #5757","+60170005758","Damansara Heights Residence",4009,1883,54,"Tier 3: Joint Loan Needed",41940
"LEAD-15760","Muhammad Hariz #5760","+60120005761","SkyResidence Subang",4120,1940,54.1,"Tier 3: Joint Loan Needed",42128
"LEAD-15763","Wong Wei Lun #5763","+60150005764","Damansara Heights Residence",4231,1997,54.3,"Tier 3: Joint Loan Needed",42316
"LEAD-15766","Mohd Ibrahim #5766","+60180005767","SkyResidence Subang",4342,2054,54.4,"Tier 3: Joint Loan Needed",42505
"LEAD-15769","Kevin Chen #5769","+60130005770","Damansara Heights Residence",4453,2111,54.5,"Tier 3: Joint Loan Needed",42693
"LEAD-15772","Razif Nordin #5772","+60160005773","SkyResidence Subang",4564,2168,54.6,"Tier 2: Qualified Bank Loan",42882
"LEAD-15775","Chong Osman #5775","+60190005776","Damansara Heights Residence",4675,2225,54.7,"Tier 2: Qualified Bank Loan",43070
"LEAD-15778","Hafiz Aini #5778","+60140005779","SkyResidence Subang",4786,2282,54.8,"Tier 2: Qualified Bank Loan",43258
"LEAD-15781","Ahmad Razif #5781","+60170005782","Damansara Heights Residence",4897,2339,54.9,"Tier 2: Qualified Bank Loan",43447
"LEAD-15784","Tan Lee #5784","+60120005785","SkyResidence Subang",5008,2396,55,"Tier 2: Qualified Bank Loan",43635
"LEAD-15787","Farhan Zulkifli #5787","+60150005788","Damansara Heights Residence",5119,2453,55.1,"Tier 2: Qualified Bank Loan",43824
"LEAD-15790","Jason Rosli #5790","+60180005791","SkyResidence Subang",5230,2510,55.2,"Tier 2: Qualified Bank Loan",44012
"LEAD-15793","Amir Kumar #5793","+60130005794","Damansara Heights Residence",5341,2567,55.2,"Tier 2: Qualified Bank Loan",44200
"LEAD-15796","Devi Faizal #5796","+60160005797","SkyResidence Subang",5452,2624,55.3,"Tier 2: Qualified Bank Loan",44389
"LEAD-15799","Grace Hassan #5799","+60190005800","Damansara Heights Residence",5563,2681,55.4,"Tier 2: Qualified Bank Loan",44577
"LEAD-15802","Nurul Subramaniam #5802","+60140005803","SkyResidence Subang",5674,2738,55.5,"Tier 2: Qualified Bank Loan",44766
"LEAD-15805","Santhi Goh #5805","+60170005806","Damansara Heights Residence",5785,2795,55.5,"Tier 2: Qualified Bank Loan",44954
"LEAD-15808","Sarah Hariz #5808","+60120005809","SkyResidence Subang",5896,2852,55.6,"Tier 2: Qualified Bank Loan",45142
"LEAD-15811","Siti Wei Lun #5811","+60150005812","Damansara Heights Residence",6007,2909,55.7,"Tier 2: Qualified Bank Loan",45331
"LEAD-15814","Syed Ibrahim #5814","+60180005815","SkyResidence Subang",6118,2966,55.7,"Tier 2: Qualified Bank Loan",45519
"LEAD-15817","Azman Chen #5817","+60130005818","Damansara Heights Residence",6229,3023,55.8,"Tier 2: Qualified Bank Loan",45708
"LEAD-15820","Muhammad Nordin #5820","+60160005821","SkyResidence Subang",6340,3080,55.8,"Tier 2: Qualified Bank Loan",45896
"LEAD-15823","Wong Osman #5823","+60190005824","Damansara Heights Residence",6451,3137,55.9,"Tier 2: Qualified Bank Loan",46084
"LEAD-15826","Mohd Aini #5826","+60140005827","SkyResidence Subang",6562,3194,55.9,"Tier 2: Qualified Bank Loan",46273
"LEAD-15829","Kevin Razif #5829","+60170005830","Damansara Heights Residence",6673,3251,56,"Tier 2: Qualified Bank Loan",46461
"LEAD-15832","Razif Lee #5832","+60120005833","SkyResidence Subang",6784,3308,56,"Tier 2: Qualified Bank Loan",46650
"LEAD-15835","Chong Zulkifli #5835","+60150005836","Damansara Heights Residence",6895,3365,56.1,"Tier 2: Qualified Bank Loan",46838
"LEAD-15838","Hafiz Rosli #5838","+60180005839","SkyResidence Subang",7006,3422,56.1,"Tier 2: Qualified Bank Loan",47026
"LEAD-15841","Ahmad Kumar #5841","+60130005842","Damansara Heights Residence",7117,3479,56.2,"Tier 2: Qualified Bank Loan",47215
"LEAD-15844","Tan Faizal #5844","+60160005845","SkyResidence Subang",7228,3536,56.2,"Tier 2: Qualified Bank Loan",47403
"LEAD-15847","Farhan Hassan #5847","+60190005848","Damansara Heights Residence",7339,3593,56.3,"Tier 2: Qualified Bank Loan",47592
"LEAD-15850","Jason Subramaniam #5850","+60140005851","SkyResidence Subang",7450,3650,56.3,"Tier 2: Qualified Bank Loan",47780
"LEAD-15853","Amir Goh #5853","+60170005854","Damansara Heights Residence",7561,3707,56.4,"Tier 2: Qualified Bank Loan",47968
"LEAD-15856","Devi Hariz #5856","+60120005857","SkyResidence Subang",7672,3764,56.4,"Tier 2: Qualified Bank Loan",48157
"LEAD-15859","Grace Wei Lun #5859","+60150005860","Damansara Heights Residence",7783,3821,56.4,"Tier 2: Qualified Bank Loan",48345
"LEAD-15862","Nurul Ibrahim #5862","+60180005863","SkyResidence Subang",7894,3878,56.5,"Tier 2: Qualified Bank Loan",48534
"LEAD-15865","Santhi Chen #5865","+60130005866","Damansara Heights Residence",8005,3935,56.5,"Tier 2: Qualified Bank Loan",48722
"LEAD-15868","Sarah Nordin #5868","+60160005869","SkyResidence Subang",8116,3992,56.5,"Tier 2: Qualified Bank Loan",48910
"LEAD-15871","Siti Osman #5871","+60190005872","Damansara Heights Residence",8227,4049,56.6,"Tier 2: Qualified Bank Loan",49099
"LEAD-15874","Syed Aini #5874","+60140005875","SkyResidence Subang",8338,4106,56.6,"Tier 2: Qualified Bank Loan",49287
"LEAD-15877","Azman Razif #5877","+60170005878","Damansara Heights Residence",8449,4163,56.6,"Tier 2: Qualified Bank Loan",49476
"LEAD-15880","Muhammad Lee #5880","+60120005881","SkyResidence Subang",8560,4220,56.7,"Tier 2: Qualified Bank Loan",49664
"LEAD-15883","Wong Zulkifli #5883","+60150005884","Damansara Heights Residence",8671,4277,56.7,"Tier 2: Qualified Bank Loan",49852
"LEAD-15886","Mohd Rosli #5886","+60180005887","SkyResidence Subang",8782,4334,56.7,"Tier 2: Qualified Bank Loan",50041
"LEAD-15889","Kevin Kumar #5889","+60130005890","Damansara Heights Residence",8893,4391,56.8,"Tier 2: Qualified Bank Loan",50229
"LEAD-15892","Razif Faizal #5892","+60160005893","SkyResidence Subang",9004,4448,56.8,"Tier 2: Qualified Bank Loan",50418
"LEAD-15895","Chong Hassan #5895","+60190005896","Damansara Heights Residence",9115,1005,12.7,"Tier 1: Pre-Approved LPPSA/Bank",750606
"LEAD-15898","Hafiz Subramaniam #5898","+60140005899","SkyResidence Subang",9226,1062,13.2,"Tier 1: Pre-Approved LPPSA/Bank",750794
"LEAD-15901","Ahmad Goh #5901","+60170005902","Damansara Heights Residence",9337,1119,13.8,"Tier 1: Pre-Approved LPPSA/Bank",750983
"LEAD-15904","Tan Hariz #5904","+60120005905","SkyResidence Subang",9448,1176,14.3,"Tier 1: Pre-Approved LPPSA/Bank",751171
"LEAD-15907","Farhan Wei Lun #5907","+60150005908","Damansara Heights Residence",9559,1233,14.8,"Tier 1: Pre-Approved LPPSA/Bank",751360
"LEAD-15910","Jason Ibrahim #5910","+60180005911","SkyResidence Subang",9670,1290,15.3,"Tier 1: Pre-Approved LPPSA/Bank",751548
"LEAD-15913","Amir Chen #5913","+60130005914","Damansara Heights Residence",9781,1347,15.8,"Tier 1: Pre-Approved LPPSA/Bank",751736
"LEAD-15916","Devi Nordin #5916","+60160005917","SkyResidence Subang",9892,1404,16.3,"Tier 1: Pre-Approved LPPSA/Bank",751925
"LEAD-15919","Grace Osman #5919","+60190005920","Damansara Heights Residence",10003,1461,16.8,"Tier 1: Pre-Approved LPPSA/Bank",752113
"LEAD-15922","Nurul Aini #5922","+60140005923","SkyResidence Subang",10114,1518,17.3,"Tier 1: Pre-Approved LPPSA/Bank",752302
"LEAD-15925","Santhi Razif #5925","+60170005926","Damansara Heights Residence",10225,1575,17.7,"Tier 1: Pre-Approved LPPSA/Bank",752490
"LEAD-15928","Sarah Lee #5928","+60120005929","SkyResidence Subang",10336,1632,18.1,"Tier 1: Pre-Approved LPPSA/Bank",752678
"LEAD-15931","Siti Zulkifli #5931","+60150005932","Damansara Heights Residence",10447,1689,18.6,"Tier 1: Pre-Approved LPPSA/Bank",752867
"LEAD-15934","Syed Rosli #5934","+60180005935","SkyResidence Subang",10558,1746,19,"Tier 1: Pre-Approved LPPSA/Bank",753055
"LEAD-15937","Azman Kumar #5937","+60130005938","Damansara Heights Residence",10669,1803,19.4,"Tier 1: Pre-Approved LPPSA/Bank",753244
"LEAD-15940","Muhammad Faizal #5940","+60160005941","SkyResidence Subang",10780,1860,19.8,"Tier 1: Pre-Approved LPPSA/Bank",753432
"LEAD-15943","Wong Hassan #5943","+60190005944","Damansara Heights Residence",10891,1917,20.2,"Tier 1: Pre-Approved LPPSA/Bank",753620
"LEAD-15946","Mohd Subramaniam #5946","+60140005947","SkyResidence Subang",11002,1974,20.6,"Tier 1: Pre-Approved LPPSA/Bank",753809
"LEAD-15949","Kevin Goh #5949","+60170005950","Damansara Heights Residence",11113,2031,21,"Tier 1: Pre-Approved LPPSA/Bank",753997
"LEAD-15952","Razif Hariz #5952","+60120005953","SkyResidence Subang",11224,2088,21.4,"Tier 1: Pre-Approved LPPSA/Bank",754186
"LEAD-15955","Chong Wei Lun #5955","+60150005956","Damansara Heights Residence",11335,2145,21.8,"Tier 1: Pre-Approved LPPSA/Bank",754374
"LEAD-15958","Hafiz Ibrahim #5958","+60180005959","SkyResidence Subang",11446,2202,22.1,"Tier 1: Pre-Approved LPPSA/Bank",754562
"LEAD-15961","Ahmad Chen #5961","+60130005962","Damansara Heights Residence",11557,2259,22.5,"Tier 1: Pre-Approved LPPSA/Bank",754751
"LEAD-15964","Tan Nordin #5964","+60160005965","SkyResidence Subang",11668,2316,22.8,"Tier 1: Pre-Approved LPPSA/Bank",754939
"LEAD-15967","Farhan Osman #5967","+60190005968","Damansara Heights Residence",11779,2373,23.2,"Tier 1: Pre-Approved LPPSA/Bank",755128
"LEAD-15970","Jason Aini #5970","+60140005971","SkyResidence Subang",11890,2430,23.5,"Tier 1: Pre-Approved LPPSA/Bank",755316
"LEAD-15973","Amir Razif #5973","+60170005974","Damansara Heights Residence",3501,2487,81.7,"Tier 4: High Risk DSR",0
"LEAD-15976","Devi Lee #5976","+60120005977","SkyResidence Subang",3612,2544,81,"Tier 4: High Risk DSR",0
"LEAD-15979","Grace Zulkifli #5979","+60150005980","Damansara Heights Residence",3723,2601,80.3,"Tier 4: High Risk DSR",0
"LEAD-15982","Nurul Rosli #5982","+60180005983","SkyResidence Subang",3834,2658,79.7,"Tier 4: High Risk DSR",0
"LEAD-15985","Santhi Kumar #5985","+60130005986","Damansara Heights Residence",3945,2715,79.1,"Tier 4: High Risk DSR",0
"LEAD-15988","Sarah Faizal #5988","+60160005989","SkyResidence Subang",4056,2772,78.6,"Tier 4: High Risk DSR",0
"LEAD-15991","Siti Hassan #5991","+60190005992","Damansara Heights Residence",4167,2829,78,"Tier 4: High Risk DSR",0
"LEAD-15994","Syed Subramaniam #5994","+60140005995","SkyResidence Subang",4278,2886,77.5,"Tier 4: High Risk DSR",0
"LEAD-15997","Azman Goh #5997","+60170005998","Damansara Heights Residence",4389,2943,77.1,"Tier 4: High Risk DSR",0
"LEAD-16000","Muhammad Hariz #6000","+60120006001","SkyResidence Subang",4500,3000,76.6,"Tier 4: High Risk DSR",0
"LEAD-16003","Wong Wei Lun #6003","+60150006004","Damansara Heights Residence",4611,3057,76.2,"Tier 4: High Risk DSR",0
"LEAD-16006","Mohd Ibrahim #6006","+60180006007","SkyResidence Subang",4722,3114,75.8,"Tier 4: High Risk DSR",0
"LEAD-16009","Kevin Chen #6009","+60130006010","Damansara Heights Residence",4833,3171,75.4,"Tier 4: High Risk DSR",0
"LEAD-16012","Razif Nordin #6012","+60160006013","SkyResidence Subang",4944,3228,75,"Tier 4: High Risk DSR",0
"LEAD-16015","Chong Osman #6015","+60190006016","Damansara Heights Residence",5055,3285,74.7,"Tier 3: Joint Loan Needed",0
"LEAD-16018","Hafiz Aini #6018","+60140006019","SkyResidence Subang",5166,3342,74.4,"Tier 3: Joint Loan Needed",0
"LEAD-16021","Ahmad Razif #6021","+60170006022","Damansara Heights Residence",5277,3399,74,"Tier 3: Joint Loan Needed",0
"LEAD-16024","Tan Lee #6024","+60120006025","SkyResidence Subang",5388,3456,73.7,"Tier 3: Joint Loan Needed",0
"LEAD-16027","Farhan Zulkifli #6027","+60150006028","Damansara Heights Residence",5499,3513,73.4,"Tier 3: Joint Loan Needed",0
"LEAD-16030","Jason Rosli #6030","+60180006031","SkyResidence Subang",5610,3570,73.1,"Tier 3: Joint Loan Needed",0
"LEAD-16033","Amir Kumar #6033","+60130006034","Damansara Heights Residence",5721,3627,72.9,"Tier 3: Joint Loan Needed",0
"LEAD-16036","Devi Faizal #6036","+60160006037","SkyResidence Subang",5832,3684,72.6,"Tier 3: Joint Loan Needed",0
"LEAD-16039","Grace Hassan #6039","+60190006040","Damansara Heights Residence",5943,3741,72.4,"Tier 3: Joint Loan Needed",0
"LEAD-16042","Nurul Subramaniam #6042","+60140006043","SkyResidence Subang",6054,3798,72.1,"Tier 3: Joint Loan Needed",0
"LEAD-16045","Santhi Goh #6045","+60170006046","Damansara Heights Residence",6165,3855,71.9,"Tier 3: Joint Loan Needed",0
"LEAD-16048","Sarah Hariz #6048","+60120006049","SkyResidence Subang",6276,3912,71.6,"Tier 3: Joint Loan Needed",0
"LEAD-16051","Siti Wei Lun #6051","+60150006052","Damansara Heights Residence",6387,3969,71.4,"Tier 3: Joint Loan Needed",0
"LEAD-16054","Syed Ibrahim #6054","+60180006055","SkyResidence Subang",6498,4026,71.2,"Tier 3: Joint Loan Needed",0
"LEAD-16057","Azman Chen #6057","+60130006058","Damansara Heights Residence",6609,4083,71,"Tier 3: Joint Loan Needed",0
"LEAD-16060","Muhammad Nordin #6060","+60160006061","SkyResidence Subang",6720,4140,70.8,"Tier 3: Joint Loan Needed",0
"LEAD-16063","Wong Osman #6063","+60190006064","Damansara Heights Residence",6831,4197,70.6,"Tier 3: Joint Loan Needed",0
"LEAD-16066","Mohd Aini #6066","+60140006067","SkyResidence Subang",6942,4254,70.4,"Tier 3: Joint Loan Needed",0
"LEAD-16069","Kevin Razif #6069","+60170006070","Damansara Heights Residence",7053,4311,70.3,"Tier 3: Joint Loan Needed",0
"LEAD-16072","Razif Lee #6072","+60120006073","SkyResidence Subang",7164,4368,70.1,"Tier 3: Joint Loan Needed",0
"LEAD-16075","Chong Zulkifli #6075","+60150006076","Damansara Heights Residence",7275,4425,69.9,"Tier 3: Joint Loan Needed",0
"LEAD-16078","Hafiz Rosli #6078","+60180006079","SkyResidence Subang",7386,4482,69.7,"Tier 3: Joint Loan Needed",0
"LEAD-16081","Ahmad Kumar #6081","+60130006082","Damansara Heights Residence",7497,1039,15.9,"Tier 1: Pre-Approved LPPSA/Bank",574887
"LEAD-16084","Tan Faizal #6084","+60160006085","SkyResidence Subang",7608,1096,16.6,"Tier 1: Pre-Approved LPPSA/Bank",575075
"LEAD-16087","Farhan Hassan #6087","+60190006088","Damansara Heights Residence",7719,1153,17.2,"Tier 1: Pre-Approved LPPSA/Bank",575264
"LEAD-16090","Jason Subramaniam #6090","+60140006091","SkyResidence Subang",7830,1210,17.8,"Tier 1: Pre-Approved LPPSA/Bank",575452
"LEAD-16093","Amir Goh #6093","+60170006094","Damansara Heights Residence",7941,1267,18.3,"Tier 1: Pre-Approved LPPSA/Bank",575640
"LEAD-16096","Devi Hariz #6096","+60120006097","SkyResidence Subang",8052,1324,18.9,"Tier 1: Pre-Approved LPPSA/Bank",575829
"LEAD-16099","Grace Wei Lun #6099","+60150006100","Damansara Heights Residence",8163,1381,19.4,"Tier 1: Pre-Approved LPPSA/Bank",576017
"LEAD-16102","Nurul Ibrahim #6102","+60180006103","SkyResidence Subang",8274,1438,20,"Tier 1: Pre-Approved LPPSA/Bank",576206
"LEAD-16105","Santhi Chen #6105","+60130006106","Damansara Heights Residence",8385,1495,20.5,"Tier 1: Pre-Approved LPPSA/Bank",576394
"LEAD-16108","Sarah Nordin #6108","+60160006109","SkyResidence Subang",8496,1552,21,"Tier 1: Pre-Approved LPPSA/Bank",576582
"LEAD-16111","Siti Osman #6111","+60190006112","Damansara Heights Residence",8607,1609,21.5,"Tier 1: Pre-Approved LPPSA/Bank",576771
"LEAD-16114","Syed Aini #6114","+60140006115","SkyResidence Subang",8718,1666,22,"Tier 1: Pre-Approved LPPSA/Bank",576959
"LEAD-16117","Azman Razif #6117","+60170006118","Damansara Heights Residence",8829,1723,22.4,"Tier 1: Pre-Approved LPPSA/Bank",577148
"LEAD-16120","Muhammad Lee #6120","+60120006121","SkyResidence Subang",8940,1780,22.9,"Tier 1: Pre-Approved LPPSA/Bank",577336
"LEAD-16123","Wong Zulkifli #6123","+60150006124","Damansara Heights Residence",9051,1837,23.3,"Tier 1: Pre-Approved LPPSA/Bank",577524
"LEAD-16126","Mohd Rosli #6126","+60180006127","SkyResidence Subang",9162,1894,23.8,"Tier 1: Pre-Approved LPPSA/Bank",577713
"LEAD-16129","Kevin Kumar #6129","+60130006130","Damansara Heights Residence",9273,1951,24.2,"Tier 1: Pre-Approved LPPSA/Bank",577901
"LEAD-16132","Razif Faizal #6132","+60160006133","SkyResidence Subang",9384,2008,24.6,"Tier 1: Pre-Approved LPPSA/Bank",578090
"LEAD-16135","Chong Hassan #6135","+60190006136","Damansara Heights Residence",9495,2065,25,"Tier 1: Pre-Approved LPPSA/Bank",578278
"LEAD-16138","Hafiz Subramaniam #6138","+60140006139","SkyResidence Subang",9606,2122,25.4,"Tier 1: Pre-Approved LPPSA/Bank",578466
"LEAD-16141","Ahmad Goh #6141","+60170006142","Damansara Heights Residence",9717,2179,25.8,"Tier 1: Pre-Approved LPPSA/Bank",578655
"LEAD-16144","Tan Hariz #6144","+60120006145","SkyResidence Subang",9828,2236,26.2,"Tier 1: Pre-Approved LPPSA/Bank",578843
"LEAD-16147","Farhan Wei Lun #6147","+60150006148","Damansara Heights Residence",9939,2293,26.5,"Tier 1: Pre-Approved LPPSA/Bank",579032
"LEAD-16150","Jason Ibrahim #6150","+60180006151","SkyResidence Subang",10050,2350,26.9,"Tier 1: Pre-Approved LPPSA/Bank",579220
"LEAD-16153","Amir Chen #6153","+60130006154","Damansara Heights Residence",10161,2407,27.2,"Tier 1: Pre-Approved LPPSA/Bank",579408
"LEAD-16156","Devi Nordin #6156","+60160006157","SkyResidence Subang",10272,2464,27.6,"Tier 1: Pre-Approved LPPSA/Bank",579597
"LEAD-16159","Grace Osman #6159","+60190006160","Damansara Heights Residence",10383,2521,27.9,"Tier 1: Pre-Approved LPPSA/Bank",579785
"LEAD-16162","Nurul Aini #6162","+60140006163","SkyResidence Subang",10494,2578,28.2,"Tier 1: Pre-Approved LPPSA/Bank",579974
"LEAD-16165","Santhi Razif #6165","+60170006166","Damansara Heights Residence",10605,2635,28.6,"Tier 1: Pre-Approved LPPSA/Bank",580162
"LEAD-16168","Sarah Lee #6168","+60120006169","SkyResidence Subang",10716,2692,28.9,"Tier 1: Pre-Approved LPPSA/Bank",580350
"LEAD-16171","Siti Zulkifli #6171","+60150006172","Damansara Heights Residence",10827,2749,29.2,"Tier 1: Pre-Approved LPPSA/Bank",580539
"LEAD-16174","Syed Rosli #6174","+60180006175","SkyResidence Subang",10938,2806,29.5,"Tier 1: Pre-Approved LPPSA/Bank",580727
"LEAD-16177","Azman Kumar #6177","+60130006178","Damansara Heights Residence",11049,2863,29.8,"Tier 1: Pre-Approved LPPSA/Bank",580916
"LEAD-16180","Muhammad Faizal #6180","+60160006181","SkyResidence Subang",11160,2920,30.1,"Tier 1: Pre-Approved LPPSA/Bank",581104
"LEAD-16183","Wong Hassan #6183","+60190006184","Damansara Heights Residence",11271,2977,30.4,"Tier 1: Pre-Approved LPPSA/Bank",581292
"LEAD-16186","Mohd Subramaniam #6186","+60140006187","SkyResidence Subang",11382,3034,30.6,"Tier 1: Pre-Approved LPPSA/Bank",581481
"LEAD-16189","Kevin Goh #6189","+60170006190","Damansara Heights Residence",11493,3091,30.9,"Tier 1: Pre-Approved LPPSA/Bank",581669
"LEAD-16192","Razif Hariz #6192","+60120006193","SkyResidence Subang",11604,3148,31.2,"Tier 1: Pre-Approved LPPSA/Bank",581858
"LEAD-16195","Chong Wei Lun #6195","+60150006196","Damansara Heights Residence",11715,3205,31.4,"Tier 1: Pre-Approved LPPSA/Bank",582046
"LEAD-16198","Hafiz Ibrahim #6198","+60180006199","SkyResidence Subang",11826,3262,31.7,"Tier 1: Pre-Approved LPPSA/Bank",582234
"LEAD-16201","Ahmad Chen #6201","+60130006202","Damansara Heights Residence",11937,3319,32,"Tier 1: Pre-Approved LPPSA/Bank",582423
"LEAD-16204","Tan Nordin #6204","+60160006205","SkyResidence Subang",3548,3376,109.4,"Tier 4: High Risk DSR",0
"LEAD-16207","Farhan Osman #6207","+60190006208","Damansara Heights Residence",3659,3433,107.8,"Tier 4: High Risk DSR",0
"LEAD-16210","Jason Aini #6210","+60140006211","SkyResidence Subang",3770,3490,106.4,"Tier 4: High Risk DSR",0
"LEAD-16213","Amir Razif #6213","+60170006214","Damansara Heights Residence",3881,3547,105.1,"Tier 4: High Risk DSR",0
"LEAD-16216","Devi Lee #6216","+60120006217","SkyResidence Subang",3992,3604,103.8,"Tier 4: High Risk DSR",0
"LEAD-16219","Grace Zulkifli #6219","+60150006220","Damansara Heights Residence",4103,3661,102.6,"Tier 4: High Risk DSR",0
"LEAD-16222","Nurul Rosli #6222","+60180006223","SkyResidence Subang",4214,3718,101.4,"Tier 4: High Risk DSR",0
"LEAD-16225","Santhi Kumar #6225","+60130006226","Damansara Heights Residence",4325,3775,100.3,"Tier 4: High Risk DSR",0
"LEAD-16228","Sarah Faizal #6228","+60160006229","SkyResidence Subang",4436,3832,99.3,"Tier 4: High Risk DSR",0
"LEAD-16231","Siti Hassan #6231","+60190006232","Damansara Heights Residence",4547,3889,98.3,"Tier 4: High Risk DSR",0
"LEAD-16234","Syed Subramaniam #6234","+60140006235","SkyResidence Subang",4658,3946,97.4,"Tier 4: High Risk DSR",0
"LEAD-16237","Azman Goh #6237","+60170006238","Damansara Heights Residence",4769,4003,96.5,"Tier 4: High Risk DSR",0
"LEAD-16240","Muhammad Hariz #6240","+60120006241","SkyResidence Subang",4880,4060,95.6,"Tier 4: High Risk DSR",0
"LEAD-16243","Wong Wei Lun #6243","+60150006244","Damansara Heights Residence",4991,4117,94.8,"Tier 4: High Risk DSR",0
"LEAD-16246","Mohd Ibrahim #6246","+60180006247","SkyResidence Subang",5102,4174,94,"Tier 4: High Risk DSR",0
"LEAD-16249","Kevin Chen #6249","+60130006250","Damansara Heights Residence",5213,4231,93.3,"Tier 4: High Risk DSR",0
"LEAD-16252","Razif Nordin #6252","+60160006253","SkyResidence Subang",5324,4288,92.6,"Tier 4: High Risk DSR",0
"LEAD-16255","Chong Osman #6255","+60190006256","Damansara Heights Residence",5435,4345,91.9,"Tier 4: High Risk DSR",0
"LEAD-16258","Hafiz Aini #6258","+60140006259","SkyResidence Subang",5546,4402,91.2,"Tier 4: High Risk DSR",0
"LEAD-16261","Ahmad Razif #6261","+60170006262","Damansara Heights Residence",5657,4459,90.6,"Tier 4: High Risk DSR",0
"LEAD-16264","Tan Lee #6264","+60120006265","SkyResidence Subang",5768,1016,20.2,"Tier 2: Qualified Bank Loan",398979
"LEAD-16267","Farhan Zulkifli #6267","+60150006268","Damansara Heights Residence",5879,1073,21,"Tier 2: Qualified Bank Loan",399168
"LEAD-16270","Jason Rosli #6270","+60180006271","SkyResidence Subang",5990,1130,21.7,"Tier 2: Qualified Bank Loan",399356
"LEAD-16273","Amir Kumar #6273","+60130006274","Damansara Heights Residence",6101,1187,22.4,"Tier 2: Qualified Bank Loan",399544
"LEAD-16276","Devi Faizal #6276","+60160006277","SkyResidence Subang",6212,1244,23,"Tier 2: Qualified Bank Loan",399733
"LEAD-16279","Grace Hassan #6279","+60190006280","Damansara Heights Residence",6323,1301,23.7,"Tier 2: Qualified Bank Loan",399921
"LEAD-16282","Nurul Subramaniam #6282","+60140006283","SkyResidence Subang",6434,1358,24.3,"Tier 2: Qualified Bank Loan",400110
"LEAD-16285","Santhi Goh #6285","+60170006286","Damansara Heights Residence",6545,1415,24.9,"Tier 1: Pre-Approved LPPSA/Bank",400298
"LEAD-16288","Sarah Hariz #6288","+60120006289","SkyResidence Subang",6656,1472,25.4,"Tier 1: Pre-Approved LPPSA/Bank",400486
"LEAD-16291","Siti Wei Lun #6291","+60150006292","Damansara Heights Residence",6767,1529,26,"Tier 1: Pre-Approved LPPSA/Bank",400675
"LEAD-16294","Syed Ibrahim #6294","+60180006295","SkyResidence Subang",6878,1586,26.5,"Tier 1: Pre-Approved LPPSA/Bank",400863
"LEAD-16297","Azman Chen #6297","+60130006298","Damansara Heights Residence",6989,1643,27,"Tier 1: Pre-Approved LPPSA/Bank",401052
"LEAD-16300","Muhammad Nordin #6300","+60160006301","SkyResidence Subang",7100,1700,27.5,"Tier 1: Pre-Approved LPPSA/Bank",401240
"LEAD-16303","Wong Osman #6303","+60190006304","Damansara Heights Residence",7211,1757,28,"Tier 1: Pre-Approved LPPSA/Bank",401428
"LEAD-16306","Mohd Aini #6306","+60140006307","SkyResidence Subang",7322,1814,28.5,"Tier 1: Pre-Approved LPPSA/Bank",401617
"LEAD-16309","Kevin Razif #6309","+60170006310","Damansara Heights Residence",7433,1871,28.9,"Tier 1: Pre-Approved LPPSA/Bank",401805
"LEAD-16312","Razif Lee #6312","+60120006313","SkyResidence Subang",7544,1928,29.4,"Tier 1: Pre-Approved LPPSA/Bank",401994
"LEAD-16315","Chong Zulkifli #6315","+60150006316","Damansara Heights Residence",7655,1985,29.8,"Tier 1: Pre-Approved LPPSA/Bank",402182
"LEAD-16318","Hafiz Rosli #6318","+60180006319","SkyResidence Subang",7766,2042,30.2,"Tier 1: Pre-Approved LPPSA/Bank",402370
"LEAD-16321","Ahmad Kumar #6321","+60130006322","Damansara Heights Residence",7877,2099,30.6,"Tier 1: Pre-Approved LPPSA/Bank",402559
"LEAD-16324","Tan Faizal #6324","+60160006325","SkyResidence Subang",7988,2156,31,"Tier 1: Pre-Approved LPPSA/Bank",402747
"LEAD-16327","Farhan Hassan #6327","+60190006328","Damansara Heights Residence",8099,2213,31.4,"Tier 1: Pre-Approved LPPSA/Bank",402936
"LEAD-16330","Jason Subramaniam #6330","+60140006331","SkyResidence Subang",8210,2270,31.8,"Tier 1: Pre-Approved LPPSA/Bank",403124
"LEAD-16333","Amir Goh #6333","+60170006334","Damansara Heights Residence",8321,2327,32.1,"Tier 1: Pre-Approved LPPSA/Bank",403312
"LEAD-16336","Devi Hariz #6336","+60120006337","SkyResidence Subang",8432,2384,32.5,"Tier 1: Pre-Approved LPPSA/Bank",403501
"LEAD-16339","Grace Wei Lun #6339","+60150006340","Damansara Heights Residence",8543,2441,32.8,"Tier 1: Pre-Approved LPPSA/Bank",403689
"LEAD-16342","Nurul Ibrahim #6342","+60180006343","SkyResidence Subang",8654,2498,33.2,"Tier 1: Pre-Approved LPPSA/Bank",403878
"LEAD-16345","Santhi Chen #6345","+60130006346","Damansara Heights Residence",8765,2555,33.5,"Tier 1: Pre-Approved LPPSA/Bank",404066
"LEAD-16348","Sarah Nordin #6348","+60160006349","SkyResidence Subang",8876,2612,33.8,"Tier 1: Pre-Approved LPPSA/Bank",404254
"LEAD-16351","Siti Osman #6351","+60190006352","Damansara Heights Residence",8987,2669,34.1,"Tier 1: Pre-Approved LPPSA/Bank",404443
"LEAD-16354","Syed Aini #6354","+60140006355","SkyResidence Subang",9098,2726,34.4,"Tier 1: Pre-Approved LPPSA/Bank",404631
"LEAD-16357","Azman Razif #6357","+60170006358","Damansara Heights Residence",9209,2783,34.7,"Tier 1: Pre-Approved LPPSA/Bank",404820
"LEAD-16360","Muhammad Lee #6360","+60120006361","SkyResidence Subang",9320,2840,35,"Tier 1: Pre-Approved LPPSA/Bank",405008
"LEAD-16363","Wong Zulkifli #6363","+60150006364","Damansara Heights Residence",9431,2897,35.3,"Tier 1: Pre-Approved LPPSA/Bank",405196
"LEAD-16366","Mohd Rosli #6366","+60180006367","SkyResidence Subang",9542,2954,35.6,"Tier 1: Pre-Approved LPPSA/Bank",405385
"LEAD-16369","Kevin Kumar #6369","+60130006370","Damansara Heights Residence",9653,3011,35.9,"Tier 1: Pre-Approved LPPSA/Bank",405573
"LEAD-16372","Razif Faizal #6372","+60160006373","SkyResidence Subang",9764,3068,36.1,"Tier 1: Pre-Approved LPPSA/Bank",405762
"LEAD-16375","Chong Hassan #6375","+60190006376","Damansara Heights Residence",9875,3125,36.4,"Tier 1: Pre-Approved LPPSA/Bank",405950
"LEAD-16378","Hafiz Subramaniam #6378","+60140006379","SkyResidence Subang",9986,3182,36.6,"Tier 1: Pre-Approved LPPSA/Bank",406138
"LEAD-16381","Ahmad Goh #6381","+60170006382","Damansara Heights Residence",10097,3239,36.9,"Tier 1: Pre-Approved LPPSA/Bank",406327
"LEAD-16384","Tan Hariz #6384","+60120006385","SkyResidence Subang",10208,3296,37.1,"Tier 1: Pre-Approved LPPSA/Bank",406515
"LEAD-16387","Farhan Wei Lun #6387","+60150006388","Damansara Heights Residence",10319,3353,37.3,"Tier 1: Pre-Approved LPPSA/Bank",406704
"LEAD-16390","Jason Ibrahim #6390","+60180006391","SkyResidence Subang",10430,3410,37.6,"Tier 1: Pre-Approved LPPSA/Bank",406892
"LEAD-16393","Amir Chen #6393","+60130006394","Damansara Heights Residence",10541,3467,37.8,"Tier 1: Pre-Approved LPPSA/Bank",407080
"LEAD-16396","Devi Nordin #6396","+60160006397","SkyResidence Subang",10652,3524,38,"Tier 1: Pre-Approved LPPSA/Bank",407269
"LEAD-16399","Grace Osman #6399","+60190006400","Damansara Heights Residence",10763,3581,38.2,"Tier 1: Pre-Approved LPPSA/Bank",407457
"LEAD-16402","Nurul Aini #6402","+60140006403","SkyResidence Subang",10874,3638,38.5,"Tier 1: Pre-Approved LPPSA/Bank",407646
"LEAD-16405","Santhi Razif #6405","+60170006406","Damansara Heights Residence",10985,3695,38.7,"Tier 1: Pre-Approved LPPSA/Bank",407834
"LEAD-16408","Sarah Lee #6408","+60120006409","SkyResidence Subang",11096,3752,38.9,"Tier 1: Pre-Approved LPPSA/Bank",408022
"LEAD-16411","Siti Zulkifli #6411","+60150006412","Damansara Heights Residence",11207,3809,39.1,"Tier 1: Pre-Approved LPPSA/Bank",408211
"LEAD-16414","Syed Rosli #6414","+60180006415","SkyResidence Subang",11318,3866,39.3,"Tier 1: Pre-Approved LPPSA/Bank",408399
"LEAD-16417","Azman Kumar #6417","+60130006418","Damansara Heights Residence",11429,3923,39.5,"Tier 1: Pre-Approved LPPSA/Bank",408588
"LEAD-16420","Muhammad Faizal #6420","+60160006421","SkyResidence Subang",11540,3980,39.6,"Tier 1: Pre-Approved LPPSA/Bank",408776
"LEAD-16423","Wong Hassan #6423","+60190006424","Damansara Heights Residence",11651,4037,39.8,"Tier 1: Pre-Approved LPPSA/Bank",408964
"LEAD-16426","Mohd Subramaniam #6426","+60140006427","SkyResidence Subang",11762,4094,40,"Tier 1: Pre-Approved LPPSA/Bank",409153
"LEAD-16429","Kevin Goh #6429","+60170006430","Damansara Heights Residence",11873,4151,40.2,"Tier 1: Pre-Approved LPPSA/Bank",409341
"LEAD-16432","Razif Hariz #6432","+60120006433","SkyResidence Subang",11984,4208,40.4,"Tier 1: Pre-Approved LPPSA/Bank",409530
"LEAD-16435","Chong Wei Lun #6435","+60150006436","Damansara Heights Residence",3595,4265,136.4,"Tier 4: High Risk DSR",0
"LEAD-16438","Hafiz Ibrahim #6438","+60180006439","SkyResidence Subang",3706,4322,134,"Tier 4: High Risk DSR",0
"LEAD-16441","Ahmad Chen #6441","+60130006442","Damansara Heights Residence",3817,4379,131.9,"Tier 4: High Risk DSR",0
"LEAD-16444","Tan Nordin #6444","+60160006445","SkyResidence Subang",3928,4436,129.8,"Tier 4: High Risk DSR",0
"LEAD-16447","Farhan Osman #6447","+60190006448","Damansara Heights Residence",4039,4493,127.9,"Tier 4: High Risk DSR",0
"LEAD-16450","Jason Aini #6450","+60140006451","SkyResidence Subang",4150,1050,29.1,"Tier 3: Joint Loan Needed",223260
"LEAD-16453","Amir Razif #6453","+60170006454","Damansara Heights Residence",4261,1107,29.9,"Tier 3: Joint Loan Needed",223448
"LEAD-16456","Devi Lee #6456","+60120006457","SkyResidence Subang",4372,1164,30.6,"Tier 3: Joint Loan Needed",223637
"LEAD-16459","Grace Zulkifli #6459","+60150006460","Damansara Heights Residence",4483,1221,31.3,"Tier 3: Joint Loan Needed",223825
"LEAD-16462","Nurul Rosli #6462","+60180006463","SkyResidence Subang",4594,1278,32,"Tier 2: Qualified Bank Loan",224014
"LEAD-16465","Santhi Kumar #6465","+60130006466","Damansara Heights Residence",4705,1335,32.6,"Tier 2: Qualified Bank Loan",224202
"LEAD-16468","Sarah Faizal #6468","+60160006469","SkyResidence Subang",4816,1392,33.2,"Tier 2: Qualified Bank Loan",224390
"LEAD-16471","Siti Hassan #6471","+60190006472","Damansara Heights Residence",4927,1449,33.8,"Tier 2: Qualified Bank Loan",224579
"LEAD-16474","Syed Subramaniam #6474","+60140006475","SkyResidence Subang",5038,1506,34.4,"Tier 2: Qualified Bank Loan",224767
"LEAD-16477","Azman Goh #6477","+60170006478","Damansara Heights Residence",5149,1563,34.9,"Tier 2: Qualified Bank Loan",224956
"LEAD-16480","Muhammad Hariz #6480","+60120006481","SkyResidence Subang",5260,1620,35.4,"Tier 2: Qualified Bank Loan",225144
"LEAD-16483","Wong Wei Lun #6483","+60150006484","Damansara Heights Residence",5371,1677,35.9,"Tier 2: Qualified Bank Loan",225332
"LEAD-16486","Mohd Ibrahim #6486","+60180006487","SkyResidence Subang",5482,1734,36.4,"Tier 2: Qualified Bank Loan",225521
"LEAD-16489","Kevin Chen #6489","+60130006490","Damansara Heights Residence",5593,1791,36.8,"Tier 2: Qualified Bank Loan",225709
"LEAD-16492","Razif Nordin #6492","+60160006493","SkyResidence Subang",5704,1848,37.2,"Tier 2: Qualified Bank Loan",225898
"LEAD-16495","Chong Osman #6495","+60190006496","Damansara Heights Residence",5815,1905,37.7,"Tier 2: Qualified Bank Loan",226086
"LEAD-16498","Hafiz Aini #6498","+60140006499","SkyResidence Subang",5926,1962,38.1,"Tier 2: Qualified Bank Loan",226274
"LEAD-16501","Ahmad Razif #6501","+60170006502","Damansara Heights Residence",6037,2019,38.4,"Tier 2: Qualified Bank Loan",226463
"LEAD-16504","Tan Lee #6504","+60120006505","SkyResidence Subang",6148,2076,38.8,"Tier 2: Qualified Bank Loan",226651
"LEAD-16507","Farhan Zulkifli #6507","+60150006508","Damansara Heights Residence",6259,2133,39.2,"Tier 2: Qualified Bank Loan",226840
"LEAD-16510","Jason Rosli #6510","+60180006511","SkyResidence Subang",6370,2190,39.5,"Tier 2: Qualified Bank Loan",227028
"LEAD-16513","Amir Kumar #6513","+60130006514","Damansara Heights Residence",6481,2247,39.9,"Tier 2: Qualified Bank Loan",227216
"LEAD-16516","Devi Faizal #6516","+60160006517","SkyResidence Subang",6592,2304,40.2,"Tier 1: Pre-Approved LPPSA/Bank",227405
"LEAD-16519","Grace Hassan #6519","+60190006520","Damansara Heights Residence",6703,2361,40.5,"Tier 1: Pre-Approved LPPSA/Bank",227593
"LEAD-16522","Nurul Subramaniam #6522","+60140006523","SkyResidence Subang",6814,2418,40.8,"Tier 1: Pre-Approved LPPSA/Bank",227782
"LEAD-16525","Santhi Goh #6525","+60170006526","Damansara Heights Residence",6925,2475,41.1,"Tier 1: Pre-Approved LPPSA/Bank",227970
"LEAD-16528","Sarah Hariz #6528","+60120006529","SkyResidence Subang",7036,2532,41.4,"Tier 1: Pre-Approved LPPSA/Bank",228158
"LEAD-16531","Siti Wei Lun #6531","+60150006532","Damansara Heights Residence",7147,2589,41.6,"Tier 1: Pre-Approved LPPSA/Bank",228347
"LEAD-16534","Syed Ibrahim #6534","+60180006535","SkyResidence Subang",7258,2646,41.9,"Tier 1: Pre-Approved LPPSA/Bank",228535
"LEAD-16537","Azman Chen #6537","+60130006538","Damansara Heights Residence",7369,2703,42.2,"Tier 1: Pre-Approved LPPSA/Bank",228724
"LEAD-16540","Muhammad Nordin #6540","+60160006541","SkyResidence Subang",7480,2760,42.4,"Tier 1: Pre-Approved LPPSA/Bank",228912
"LEAD-16543","Wong Osman #6543","+60190006544","Damansara Heights Residence",7591,2817,42.7,"Tier 1: Pre-Approved LPPSA/Bank",229100
"LEAD-16546","Mohd Aini #6546","+60140006547","SkyResidence Subang",7702,2874,42.9,"Tier 1: Pre-Approved LPPSA/Bank",229289
"LEAD-16549","Kevin Razif #6549","+60170006550","Damansara Heights Residence",7813,2931,43.1,"Tier 1: Pre-Approved LPPSA/Bank",229477
"LEAD-16552","Razif Lee #6552","+60120006553","SkyResidence Subang",7924,2988,43.3,"Tier 1: Pre-Approved LPPSA/Bank",229666
"LEAD-16555","Chong Zulkifli #6555","+60150006556","Damansara Heights Residence",8035,3045,43.6,"Tier 1: Pre-Approved LPPSA/Bank",229854
"LEAD-16558","Hafiz Rosli #6558","+60180006559","SkyResidence Subang",8146,3102,43.8,"Tier 1: Pre-Approved LPPSA/Bank",230042
"LEAD-16561","Ahmad Kumar #6561","+60130006562","Damansara Heights Residence",8257,3159,44,"Tier 1: Pre-Approved LPPSA/Bank",230231
"LEAD-16564","Tan Faizal #6564","+60160006565","SkyResidence Subang",8368,3216,44.2,"Tier 1: Pre-Approved LPPSA/Bank",230419
"LEAD-16567","Farhan Hassan #6567","+60190006568","Damansara Heights Residence",8479,3273,44.4,"Tier 1: Pre-Approved LPPSA/Bank",230608
"LEAD-16570","Jason Subramaniam #6570","+60140006571","SkyResidence Subang",8590,3330,44.6,"Tier 1: Pre-Approved LPPSA/Bank",230796
"LEAD-16573","Amir Goh #6573","+60170006574","Damansara Heights Residence",8701,3387,44.7,"Tier 1: Pre-Approved LPPSA/Bank",230984
"LEAD-16576","Devi Hariz #6576","+60120006577","SkyResidence Subang",8812,3444,44.9,"Tier 1: Pre-Approved LPPSA/Bank",231173
"LEAD-16579","Grace Wei Lun #6579","+60150006580","Damansara Heights Residence",8923,3501,45.1,"Tier 2: Qualified Bank Loan",231361
"LEAD-16582","Nurul Ibrahim #6582","+60180006583","SkyResidence Subang",9034,3558,45.3,"Tier 2: Qualified Bank Loan",231550
"LEAD-16585","Santhi Chen #6585","+60130006586","Damansara Heights Residence",9145,3615,45.4,"Tier 2: Qualified Bank Loan",231738
"LEAD-16588","Sarah Nordin #6588","+60160006589","SkyResidence Subang",9256,3672,45.6,"Tier 2: Qualified Bank Loan",231926
"LEAD-16591","Siti Osman #6591","+60190006592","Damansara Heights Residence",9367,3729,45.8,"Tier 2: Qualified Bank Loan",232115
"LEAD-16594","Syed Aini #6594","+60140006595","SkyResidence Subang",9478,3786,45.9,"Tier 2: Qualified Bank Loan",232303
"LEAD-16597","Azman Razif #6597","+60170006598","Damansara Heights Residence",9589,3843,46.1,"Tier 2: Qualified Bank Loan",232492
"LEAD-16600","Muhammad Lee #6600","+60120006601","SkyResidence Subang",9700,3900,46.2,"Tier 2: Qualified Bank Loan",232680
"LEAD-16603","Wong Zulkifli #6603","+60150006604","Damansara Heights Residence",9811,3957,46.4,"Tier 2: Qualified Bank Loan",232868
"LEAD-16606","Mohd Rosli #6606","+60180006607","SkyResidence Subang",9922,4014,46.5,"Tier 2: Qualified Bank Loan",233057
"LEAD-16609","Kevin Kumar #6609","+60130006610","Damansara Heights Residence",10033,4071,46.6,"Tier 2: Qualified Bank Loan",233245
"LEAD-16612","Razif Faizal #6612","+60160006613","SkyResidence Subang",10144,4128,46.8,"Tier 2: Qualified Bank Loan",233434
"LEAD-16615","Chong Hassan #6615","+60190006616","Damansara Heights Residence",10255,4185,46.9,"Tier 2: Qualified Bank Loan",233622
"LEAD-16618","Hafiz Subramaniam #6618","+60140006619","SkyResidence Subang",10366,4242,47,"Tier 2: Qualified Bank Loan",233810
"LEAD-16621","Ahmad Goh #6621","+60170006622","Damansara Heights Residence",10477,4299,47.2,"Tier 2: Qualified Bank Loan",233999
"LEAD-16624","Tan Hariz #6624","+60120006625","SkyResidence Subang",10588,4356,47.3,"Tier 2: Qualified Bank Loan",234187
"LEAD-16627","Farhan Wei Lun #6627","+60150006628","Damansara Heights Residence",10699,4413,47.4,"Tier 2: Qualified Bank Loan",234376
"LEAD-16630","Jason Ibrahim #6630","+60180006631","SkyResidence Subang",10810,4470,47.5,"Tier 2: Qualified Bank Loan",234564
"LEAD-16633","Amir Chen #6633","+60130006634","Damansara Heights Residence",10921,1027,10.8,"Tier 1: Pre-Approved LPPSA/Bank",934752
"LEAD-16636","Devi Nordin #6636","+60160006637","SkyResidence Subang",11032,1084,11.3,"Tier 1: Pre-Approved LPPSA/Bank",934941
"LEAD-16639","Grace Osman #6639","+60190006640","Damansara Heights Residence",11143,1141,11.8,"Tier 1: Pre-Approved LPPSA/Bank",935129
"LEAD-16642","Nurul Aini #6642","+60140006643","SkyResidence Subang",11254,1198,12.2,"Tier 1: Pre-Approved LPPSA/Bank",935318
"LEAD-16645","Santhi Razif #6645","+60170006646","Damansara Heights Residence",11365,1255,12.7,"Tier 1: Pre-Approved LPPSA/Bank",935506
"LEAD-16648","Sarah Lee #6648","+60120006649","SkyResidence Subang",11476,1312,13.1,"Tier 1: Pre-Approved LPPSA/Bank",935694
"LEAD-16651","Siti Zulkifli #6651","+60150006652","Damansara Heights Residence",11587,1369,13.6,"Tier 1: Pre-Approved LPPSA/Bank",935883
"LEAD-16654","Syed Rosli #6654","+60180006655","SkyResidence Subang",11698,1426,14,"Tier 1: Pre-Approved LPPSA/Bank",936071
"LEAD-16657","Azman Kumar #6657","+60130006658","Damansara Heights Residence",11809,1483,14.4,"Tier 1: Pre-Approved LPPSA/Bank",936260
"LEAD-16660","Muhammad Faizal #6660","+60160006661","SkyResidence Subang",11920,1540,14.8,"Tier 1: Pre-Approved LPPSA/Bank",936448
"LEAD-16663","Wong Hassan #6663","+60190006664","Damansara Heights Residence",3531,1597,52,"Tier 3: Joint Loan Needed",49236
"LEAD-16666","Mohd Subramaniam #6666","+60140006667","SkyResidence Subang",3642,1654,52.2,"Tier 3: Joint Loan Needed",49425
"LEAD-16669","Kevin Goh #6669","+60170006670","Damansara Heights Residence",3753,1711,52.4,"Tier 3: Joint Loan Needed",49613
"LEAD-16672","Razif Hariz #6672","+60120006673","SkyResidence Subang",3864,1768,52.6,"Tier 3: Joint Loan Needed",49802
"LEAD-16675","Chong Wei Lun #6675","+60150006676","Damansara Heights Residence",3975,1825,52.8,"Tier 3: Joint Loan Needed",49990
"LEAD-16678","Hafiz Ibrahim #6678","+60180006679","SkyResidence Subang",4086,1882,52.9,"Tier 3: Joint Loan Needed",50178
"LEAD-16681","Ahmad Chen #6681","+60130006682","Damansara Heights Residence",4197,1939,53.1,"Tier 3: Joint Loan Needed",50367
"LEAD-16684","Tan Nordin #6684","+60160006685","SkyResidence Subang",4308,1996,53.3,"Tier 3: Joint Loan Needed",50555
"LEAD-16687","Farhan Osman #6687","+60190006688","Damansara Heights Residence",4419,2053,53.4,"Tier 3: Joint Loan Needed",50744
"LEAD-16690","Jason Aini #6690","+60140006691","SkyResidence Subang",4530,2110,53.5,"Tier 2: Qualified Bank Loan",50932
"LEAD-16693","Amir Razif #6693","+60170006694","Damansara Heights Residence",4641,2167,53.7,"Tier 2: Qualified Bank Loan",51120
"LEAD-16696","Devi Lee #6696","+60120006697","SkyResidence Subang",4752,2224,53.8,"Tier 2: Qualified Bank Loan",51309
"LEAD-16699","Grace Zulkifli #6699","+60150006700","Damansara Heights Residence",4863,2281,53.9,"Tier 2: Qualified Bank Loan",51497
"LEAD-16702","Nurul Rosli #6702","+60180006703","SkyResidence Subang",4974,2338,54,"Tier 2: Qualified Bank Loan",51686
"LEAD-16705","Santhi Kumar #6705","+60130006706","Damansara Heights Residence",5085,2395,54.1,"Tier 2: Qualified Bank Loan",51874
"LEAD-16708","Sarah Faizal #6708","+60160006709","SkyResidence Subang",5196,2452,54.2,"Tier 2: Qualified Bank Loan",52062
"LEAD-16711","Siti Hassan #6711","+60190006712","Damansara Heights Residence",5307,2509,54.3,"Tier 2: Qualified Bank Loan",52251
"LEAD-16714","Syed Subramaniam #6714","+60140006715","SkyResidence Subang",5418,2566,54.4,"Tier 2: Qualified Bank Loan",52439
"LEAD-16717","Azman Goh #6717","+60170006718","Damansara Heights Residence",5529,2623,54.5,"Tier 2: Qualified Bank Loan",52628
"LEAD-16720","Muhammad Hariz #6720","+60120006721","SkyResidence Subang",5640,2680,54.6,"Tier 2: Qualified Bank Loan",52816
"LEAD-16723","Wong Wei Lun #6723","+60150006724","Damansara Heights Residence",5751,2737,54.7,"Tier 2: Qualified Bank Loan",53004
"LEAD-16726","Mohd Ibrahim #6726","+60180006727","SkyResidence Subang",5862,2794,54.8,"Tier 2: Qualified Bank Loan",53193
"LEAD-16729","Kevin Chen #6729","+60130006730","Damansara Heights Residence",5973,2851,54.9,"Tier 2: Qualified Bank Loan",53381
"LEAD-16732","Razif Nordin #6732","+60160006733","SkyResidence Subang",6084,2908,54.9,"Tier 2: Qualified Bank Loan",53570
"LEAD-16735","Chong Osman #6735","+60190006736","Damansara Heights Residence",6195,2965,55,"Tier 2: Qualified Bank Loan",53758
"LEAD-16738","Hafiz Aini #6738","+60140006739","SkyResidence Subang",6306,3022,55.1,"Tier 2: Qualified Bank Loan",53946
"LEAD-16741","Ahmad Razif #6741","+60170006742","Damansara Heights Residence",6417,3079,55.2,"Tier 2: Qualified Bank Loan",54135
"LEAD-16744","Tan Lee #6744","+60120006745","SkyResidence Subang",6528,3136,55.2,"Tier 2: Qualified Bank Loan",54323
"LEAD-16747","Farhan Zulkifli #6747","+60150006748","Damansara Heights Residence",6639,3193,55.3,"Tier 2: Qualified Bank Loan",54512
"LEAD-16750","Jason Rosli #6750","+60180006751","SkyResidence Subang",6750,3250,55.3,"Tier 2: Qualified Bank Loan",54700
"LEAD-16753","Amir Kumar #6753","+60130006754","Damansara Heights Residence",6861,3307,55.4,"Tier 2: Qualified Bank Loan",54888
"LEAD-16756","Devi Faizal #6756","+60160006757","SkyResidence Subang",6972,3364,55.5,"Tier 2: Qualified Bank Loan",55077
"LEAD-16759","Grace Hassan #6759","+60190006760","Damansara Heights Residence",7083,3421,55.5,"Tier 2: Qualified Bank Loan",55265
"LEAD-16762","Nurul Subramaniam #6762","+60140006763","SkyResidence Subang",7194,3478,55.6,"Tier 2: Qualified Bank Loan",55454
"LEAD-16765","Santhi Goh #6765","+60170006766","Damansara Heights Residence",7305,3535,55.6,"Tier 2: Qualified Bank Loan",55642
"LEAD-16768","Sarah Hariz #6768","+60120006769","SkyResidence Subang",7416,3592,55.7,"Tier 2: Qualified Bank Loan",55830
"LEAD-16771","Siti Wei Lun #6771","+60150006772","Damansara Heights Residence",7527,3649,55.7,"Tier 2: Qualified Bank Loan",56019
"LEAD-16774","Syed Ibrahim #6774","+60180006775","SkyResidence Subang",7638,3706,55.8,"Tier 2: Qualified Bank Loan",56207
"LEAD-16777","Azman Chen #6777","+60130006778","Damansara Heights Residence",7749,3763,55.8,"Tier 2: Qualified Bank Loan",56396
"LEAD-16780","Muhammad Nordin #6780","+60160006781","SkyResidence Subang",7860,3820,55.9,"Tier 2: Qualified Bank Loan",56584
"LEAD-16783","Wong Osman #6783","+60190006784","Damansara Heights Residence",7971,3877,55.9,"Tier 2: Qualified Bank Loan",56772
"LEAD-16786","Mohd Aini #6786","+60140006787","SkyResidence Subang",8082,3934,55.9,"Tier 2: Qualified Bank Loan",56961
"LEAD-16789","Kevin Razif #6789","+60170006790","Damansara Heights Residence",8193,3991,56,"Tier 2: Qualified Bank Loan",57149
"LEAD-16792","Razif Lee #6792","+60120006793","SkyResidence Subang",8304,4048,56,"Tier 2: Qualified Bank Loan",57338
"LEAD-16795","Chong Zulkifli #6795","+60150006796","Damansara Heights Residence",8415,4105,56.1,"Tier 2: Qualified Bank Loan",57526
"LEAD-16798","Hafiz Rosli #6798","+60180006799","SkyResidence Subang",8526,4162,56.1,"Tier 2: Qualified Bank Loan",57714
"LEAD-16801","Ahmad Kumar #6801","+60130006802","Damansara Heights Residence",8637,4219,56.1,"Tier 2: Qualified Bank Loan",57903
"LEAD-16804","Tan Faizal #6804","+60160006805","SkyResidence Subang",8748,4276,56.2,"Tier 2: Qualified Bank Loan",58091
"LEAD-16807","Farhan Hassan #6807","+60190006808","Damansara Heights Residence",8859,4333,56.2,"Tier 2: Qualified Bank Loan",58280
"LEAD-16810","Jason Subramaniam #6810","+60140006811","SkyResidence Subang",8970,4390,56.3,"Tier 2: Qualified Bank Loan",58468
"LEAD-16813","Amir Goh #6813","+60170006814","Damansara Heights Residence",9081,4447,56.3,"Tier 2: Qualified Bank Loan",58656
"LEAD-16816","Devi Hariz #6816","+60120006817","SkyResidence Subang",9192,1004,12.6,"Tier 1: Pre-Approved LPPSA/Bank",758845
"LEAD-16819","Grace Wei Lun #6819","+60150006820","Damansara Heights Residence",9303,1061,13.1,"Tier 1: Pre-Approved LPPSA/Bank",759033
"LEAD-16822","Nurul Ibrahim #6822","+60180006823","SkyResidence Subang",9414,1118,13.7,"Tier 1: Pre-Approved LPPSA/Bank",759222
"LEAD-16825","Santhi Chen #6825","+60130006826","Damansara Heights Residence",9525,1175,14.2,"Tier 1: Pre-Approved LPPSA/Bank",759410
"LEAD-16828","Sarah Nordin #6828","+60160006829","SkyResidence Subang",9636,1232,14.7,"Tier 1: Pre-Approved LPPSA/Bank",759598
"LEAD-16831","Siti Osman #6831","+60190006832","Damansara Heights Residence",9747,1289,15.2,"Tier 1: Pre-Approved LPPSA/Bank",759787
"LEAD-16834","Syed Aini #6834","+60140006835","SkyResidence Subang",9858,1346,15.7,"Tier 1: Pre-Approved LPPSA/Bank",759975
"LEAD-16837","Azman Razif #6837","+60170006838","Damansara Heights Residence",9969,1403,16.2,"Tier 1: Pre-Approved LPPSA/Bank",760164
"LEAD-16840","Muhammad Lee #6840","+60120006841","SkyResidence Subang",10080,1460,16.6,"Tier 1: Pre-Approved LPPSA/Bank",760352
"LEAD-16843","Wong Zulkifli #6843","+60150006844","Damansara Heights Residence",10191,1517,17.1,"Tier 1: Pre-Approved LPPSA/Bank",760540
"LEAD-16846","Mohd Rosli #6846","+60180006847","SkyResidence Subang",10302,1574,17.6,"Tier 1: Pre-Approved LPPSA/Bank",760729
"LEAD-16849","Kevin Kumar #6849","+60130006850","Damansara Heights Residence",10413,1631,18,"Tier 1: Pre-Approved LPPSA/Bank",760917
"LEAD-16852","Razif Faizal #6852","+60160006853","SkyResidence Subang",10524,1688,18.4,"Tier 1: Pre-Approved LPPSA/Bank",761106
"LEAD-16855","Chong Hassan #6855","+60190006856","Damansara Heights Residence",10635,1745,18.9,"Tier 1: Pre-Approved LPPSA/Bank",761294
"LEAD-16858","Hafiz Subramaniam #6858","+60140006859","SkyResidence Subang",10746,1802,19.3,"Tier 1: Pre-Approved LPPSA/Bank",761482
"LEAD-16861","Ahmad Goh #6861","+60170006862","Damansara Heights Residence",10857,1859,19.7,"Tier 1: Pre-Approved LPPSA/Bank",761671
"LEAD-16864","Tan Hariz #6864","+60120006865","SkyResidence Subang",10968,1916,20.1,"Tier 1: Pre-Approved LPPSA/Bank",761859
"LEAD-16867","Farhan Wei Lun #6867","+60150006868","Damansara Heights Residence",11079,1973,20.5,"Tier 1: Pre-Approved LPPSA/Bank",762048
"LEAD-16870","Jason Ibrahim #6870","+60180006871","SkyResidence Subang",11190,2030,20.9,"Tier 1: Pre-Approved LPPSA/Bank",762236
"LEAD-16873","Amir Chen #6873","+60130006874","Damansara Heights Residence",11301,2087,21.2,"Tier 1: Pre-Approved LPPSA/Bank",762424
"LEAD-16876","Devi Nordin #6876","+60160006877","SkyResidence Subang",11412,2144,21.6,"Tier 1: Pre-Approved LPPSA/Bank",762613
"LEAD-16879","Grace Osman #6879","+60190006880","Damansara Heights Residence",11523,2201,22,"Tier 1: Pre-Approved LPPSA/Bank",762801
"LEAD-16882","Nurul Aini #6882","+60140006883","SkyResidence Subang",11634,2258,22.3,"Tier 1: Pre-Approved LPPSA/Bank",762990
"LEAD-16885","Santhi Razif #6885","+60170006886","Damansara Heights Residence",11745,2315,22.7,"Tier 1: Pre-Approved LPPSA/Bank",763178
"LEAD-16888","Sarah Lee #6888","+60120006889","SkyResidence Subang",11856,2372,23,"Tier 1: Pre-Approved LPPSA/Bank",763366
"LEAD-16891","Siti Zulkifli #6891","+60150006892","Damansara Heights Residence",11967,2429,23.3,"Tier 1: Pre-Approved LPPSA/Bank",763555
"LEAD-16894","Syed Rosli #6894","+60180006895","SkyResidence Subang",3578,2486,79.9,"Tier 4: High Risk DSR",0
"LEAD-16897","Azman Kumar #6897","+60130006898","Damansara Heights Residence",3689,2543,79.2,"Tier 4: High Risk DSR",0
"LEAD-16900","Muhammad Faizal #6900","+60160006901","SkyResidence Subang",3800,2600,78.6,"Tier 4: High Risk DSR",0
"LEAD-16903","Wong Hassan #6903","+60190006904","Damansara Heights Residence",3911,2657,78.1,"Tier 4: High Risk DSR",0
"LEAD-16906","Mohd Subramaniam #6906","+60140006907","SkyResidence Subang",4022,2714,77.6,"Tier 4: High Risk DSR",0
"LEAD-16909","Kevin Goh #6909","+60170006910","Damansara Heights Residence",4133,2771,77.1,"Tier 4: High Risk DSR",0
"LEAD-16912","Razif Hariz #6912","+60120006913","SkyResidence Subang",4244,2828,76.6,"Tier 4: High Risk DSR",0
"LEAD-16915","Chong Wei Lun #6915","+60150006916","Damansara Heights Residence",4355,2885,76.1,"Tier 4: High Risk DSR",0
"LEAD-16918","Hafiz Ibrahim #6918","+60180006919","SkyResidence Subang",4466,2942,75.7,"Tier 4: High Risk DSR",0
"LEAD-16921","Ahmad Chen #6921","+60130006922","Damansara Heights Residence",4577,2999,75.3,"Tier 4: High Risk DSR",0
"LEAD-16924","Tan Nordin #6924","+60160006925","SkyResidence Subang",4688,3056,74.9,"Tier 3: Joint Loan Needed",0
"LEAD-16927","Farhan Osman #6927","+60190006928","Damansara Heights Residence",4799,3113,74.6,"Tier 3: Joint Loan Needed",0
"LEAD-16930","Jason Aini #6930","+60140006931","SkyResidence Subang",4910,3170,74.2,"Tier 3: Joint Loan Needed",0
"LEAD-16933","Amir Razif #6933","+60170006934","Damansara Heights Residence",5021,3227,73.9,"Tier 3: Joint Loan Needed",0
"LEAD-16936","Devi Lee #6936","+60120006937","SkyResidence Subang",5132,3284,73.6,"Tier 3: Joint Loan Needed",0
"LEAD-16939","Grace Zulkifli #6939","+60150006940","Damansara Heights Residence",5243,3341,73.2,"Tier 3: Joint Loan Needed",0
"LEAD-16942","Nurul Rosli #6942","+60180006943","SkyResidence Subang",5354,3398,73,"Tier 3: Joint Loan Needed",0
"LEAD-16945","Santhi Kumar #6945","+60130006946","Damansara Heights Residence",5465,3455,72.7,"Tier 3: Joint Loan Needed",0
"LEAD-16948","Sarah Faizal #6948","+60160006949","SkyResidence Subang",5576,3512,72.4,"Tier 3: Joint Loan Needed",0
"LEAD-16951","Siti Hassan #6951","+60190006952","Damansara Heights Residence",5687,3569,72.1,"Tier 3: Joint Loan Needed",0
"LEAD-16954","Syed Subramaniam #6954","+60140006955","SkyResidence Subang",5798,3626,71.9,"Tier 3: Joint Loan Needed",0
"LEAD-16957","Azman Goh #6957","+60170006958","Damansara Heights Residence",5909,3683,71.6,"Tier 3: Joint Loan Needed",0
"LEAD-16960","Muhammad Hariz #6960","+60120006961","SkyResidence Subang",6020,3740,71.4,"Tier 3: Joint Loan Needed",0
"LEAD-16963","Wong Wei Lun #6963","+60150006964","Damansara Heights Residence",6131,3797,71.2,"Tier 3: Joint Loan Needed",0
"LEAD-16966","Mohd Ibrahim #6966","+60180006967","SkyResidence Subang",6242,3854,71,"Tier 3: Joint Loan Needed",0
"LEAD-16969","Kevin Chen #6969","+60130006970","Damansara Heights Residence",6353,3911,70.8,"Tier 3: Joint Loan Needed",0
"LEAD-16972","Razif Nordin #6972","+60160006973","SkyResidence Subang",6464,3968,70.6,"Tier 3: Joint Loan Needed",0
"LEAD-16975","Chong Osman #6975","+60190006976","Damansara Heights Residence",6575,4025,70.4,"Tier 3: Joint Loan Needed",0
"LEAD-16978","Hafiz Aini #6978","+60140006979","SkyResidence Subang",6686,4082,70.2,"Tier 3: Joint Loan Needed",0
"LEAD-16981","Ahmad Razif #6981","+60170006982","Damansara Heights Residence",6797,4139,70,"Tier 3: Joint Loan Needed",0
"LEAD-16984","Tan Lee #6984","+60120006985","SkyResidence Subang",6908,4196,69.8,"Tier 3: Joint Loan Needed",0
"LEAD-16987","Farhan Zulkifli #6987","+60150006988","Damansara Heights Residence",7019,4253,69.6,"Tier 3: Joint Loan Needed",0
"LEAD-16990","Jason Rosli #6990","+60180006991","SkyResidence Subang",7130,4310,69.5,"Tier 3: Joint Loan Needed",0
"LEAD-16993","Amir Kumar #6993","+60130006994","Damansara Heights Residence",7241,4367,69.3,"Tier 3: Joint Loan Needed",0
"LEAD-16996","Devi Faizal #6996","+60160006997","SkyResidence Subang",7352,4424,69.2,"Tier 3: Joint Loan Needed",0
"LEAD-16999","Grace Hassan #6999","+60190007000","Damansara Heights Residence",7463,4481,69,"Tier 3: Joint Loan Needed",0
"LEAD-17002","Nurul Subramaniam #7002","+60140007003","SkyResidence Subang",7574,1038,15.8,"Tier 1: Pre-Approved LPPSA/Bank",583126
"LEAD-17005","Santhi Goh #7005","+60170007006","Damansara Heights Residence",7685,1095,16.4,"Tier 1: Pre-Approved LPPSA/Bank",583314
"LEAD-17008","Sarah Hariz #7008","+60120007009","SkyResidence Subang",7796,1152,17,"Tier 1: Pre-Approved LPPSA/Bank",583502
"LEAD-17011","Siti Wei Lun #7011","+60150007012","Damansara Heights Residence",7907,1209,17.6,"Tier 1: Pre-Approved LPPSA/Bank",583691
"LEAD-17014","Syed Ibrahim #7014","+60180007015","SkyResidence Subang",8018,1266,18.1,"Tier 1: Pre-Approved LPPSA/Bank",583879
"LEAD-17017","Azman Chen #7017","+60130007018","Damansara Heights Residence",8129,1323,18.7,"Tier 1: Pre-Approved LPPSA/Bank",584068
"LEAD-17020","Muhammad Nordin #7020","+60160007021","SkyResidence Subang",8240,1380,19.3,"Tier 1: Pre-Approved LPPSA/Bank",584256
"LEAD-17023","Wong Osman #7023","+60190007024","Damansara Heights Residence",8351,1437,19.8,"Tier 1: Pre-Approved LPPSA/Bank",584444
"LEAD-17026","Mohd Aini #7026","+60140007027","SkyResidence Subang",8462,1494,20.3,"Tier 1: Pre-Approved LPPSA/Bank",584633
"LEAD-17029","Kevin Razif #7029","+60170007030","Damansara Heights Residence",8573,1551,20.8,"Tier 1: Pre-Approved LPPSA/Bank",584821
"LEAD-17032","Razif Lee #7032","+60120007033","SkyResidence Subang",8684,1608,21.3,"Tier 1: Pre-Approved LPPSA/Bank",585010
"LEAD-17035","Chong Zulkifli #7035","+60150007036","Damansara Heights Residence",8795,1665,21.8,"Tier 1: Pre-Approved LPPSA/Bank",585198
"LEAD-17038","Hafiz Rosli #7038","+60180007039","SkyResidence Subang",8906,1722,22.2,"Tier 1: Pre-Approved LPPSA/Bank",585386
"LEAD-17041","Ahmad Kumar #7041","+60130007042","Damansara Heights Residence",9017,1779,22.7,"Tier 1: Pre-Approved LPPSA/Bank",585575
"LEAD-17044","Tan Faizal #7044","+60160007045","SkyResidence Subang",9128,1836,23.1,"Tier 1: Pre-Approved LPPSA/Bank",585763
"LEAD-17047","Farhan Hassan #7047","+60190007048","Damansara Heights Residence",9239,1893,23.6,"Tier 1: Pre-Approved LPPSA/Bank",585952
"LEAD-17050","Jason Subramaniam #7050","+60140007051","SkyResidence Subang",9350,1950,24,"Tier 1: Pre-Approved LPPSA/Bank",586140
"LEAD-17053","Amir Goh #7053","+60170007054","Damansara Heights Residence",9461,2007,24.4,"Tier 1: Pre-Approved LPPSA/Bank",586328
"LEAD-17056","Devi Hariz #7056","+60120007057","SkyResidence Subang",9572,2064,24.8,"Tier 1: Pre-Approved LPPSA/Bank",586517
"LEAD-17059","Grace Wei Lun #7059","+60150007060","Damansara Heights Residence",9683,2121,25.2,"Tier 1: Pre-Approved LPPSA/Bank",586705
"LEAD-17062","Nurul Ibrahim #7062","+60180007063","SkyResidence Subang",9794,2178,25.6,"Tier 1: Pre-Approved LPPSA/Bank",586894
"LEAD-17065","Santhi Chen #7065","+60130007066","Damansara Heights Residence",9905,2235,25.9,"Tier 1: Pre-Approved LPPSA/Bank",587082
"LEAD-17068","Sarah Nordin #7068","+60160007069","SkyResidence Subang",10016,2292,26.3,"Tier 1: Pre-Approved LPPSA/Bank",587270
"LEAD-17071","Siti Osman #7071","+60190007072","Damansara Heights Residence",10127,2349,26.7,"Tier 1: Pre-Approved LPPSA/Bank",587459
"LEAD-17074","Syed Aini #7074","+60140007075","SkyResidence Subang",10238,2406,27,"Tier 1: Pre-Approved LPPSA/Bank",587647
"LEAD-17077","Azman Razif #7077","+60170007078","Damansara Heights Residence",10349,2463,27.4,"Tier 1: Pre-Approved LPPSA/Bank",587836
"LEAD-17080","Muhammad Lee #7080","+60120007081","SkyResidence Subang",10460,2520,27.7,"Tier 1: Pre-Approved LPPSA/Bank",588024
"LEAD-17083","Wong Zulkifli #7083","+60150007084","Damansara Heights Residence",10571,2577,28,"Tier 1: Pre-Approved LPPSA/Bank",588212
"LEAD-17086","Mohd Rosli #7086","+60180007087","SkyResidence Subang",10682,2634,28.3,"Tier 1: Pre-Approved LPPSA/Bank",588401
"LEAD-17089","Kevin Kumar #7089","+60130007090","Damansara Heights Residence",10793,2691,28.7,"Tier 1: Pre-Approved LPPSA/Bank",588589
"LEAD-17092","Razif Faizal #7092","+60160007093","SkyResidence Subang",10904,2748,29,"Tier 1: Pre-Approved LPPSA/Bank",588778
"LEAD-17095","Chong Hassan #7095","+60190007096","Damansara Heights Residence",11015,2805,29.3,"Tier 1: Pre-Approved LPPSA/Bank",588966
"LEAD-17098","Hafiz Subramaniam #7098","+60140007099","SkyResidence Subang",11126,2862,29.6,"Tier 1: Pre-Approved LPPSA/Bank",589154
"LEAD-17101","Ahmad Goh #7101","+60170007102","Damansara Heights Residence",11237,2919,29.9,"Tier 1: Pre-Approved LPPSA/Bank",589343
"LEAD-17104","Tan Hariz #7104","+60120007105","SkyResidence Subang",11348,2976,30.1,"Tier 1: Pre-Approved LPPSA/Bank",589531
"LEAD-17107","Farhan Wei Lun #7107","+60150007108","Damansara Heights Residence",11459,3033,30.4,"Tier 1: Pre-Approved LPPSA/Bank",589720
"LEAD-17110","Jason Ibrahim #7110","+60180007111","SkyResidence Subang",11570,3090,30.7,"Tier 1: Pre-Approved LPPSA/Bank",589908
"LEAD-17113","Amir Chen #7113","+60130007114","Damansara Heights Residence",11681,3147,31,"Tier 1: Pre-Approved LPPSA/Bank",590096
"LEAD-17116","Devi Nordin #7116","+60160007117","SkyResidence Subang",11792,3204,31.2,"Tier 1: Pre-Approved LPPSA/Bank",590285
"LEAD-17119","Grace Osman #7119","+60190007120","Damansara Heights Residence",11903,3261,31.5,"Tier 1: Pre-Approved LPPSA/Bank",590473
"LEAD-17122","Nurul Aini #7122","+60140007123","SkyResidence Subang",3514,3318,108.5,"Tier 4: High Risk DSR",0
"LEAD-17125","Santhi Razif #7125","+60170007126","Damansara Heights Residence",3625,3375,107,"Tier 4: High Risk DSR",0
"LEAD-17128","Sarah Lee #7128","+60120007129","SkyResidence Subang",3736,3432,105.6,"Tier 4: High Risk DSR",0
"LEAD-17131","Siti Zulkifli #7131","+60150007132","Damansara Heights Residence",3847,3489,104.2,"Tier 4: High Risk DSR",0
"LEAD-17134","Syed Rosli #7134","+60180007135","SkyResidence Subang",3958,3546,103,"Tier 4: High Risk DSR",0
"LEAD-17137","Azman Kumar #7137","+60130007138","Damansara Heights Residence",4069,3603,101.8,"Tier 4: High Risk DSR",0
"LEAD-17140","Muhammad Faizal #7140","+60160007141","SkyResidence Subang",4180,3660,100.6,"Tier 4: High Risk DSR",0
"LEAD-17143","Wong Hassan #7143","+60190007144","Damansara Heights Residence",4291,3717,99.6,"Tier 4: High Risk DSR",0
"LEAD-17146","Mohd Subramaniam #7146","+60140007147","SkyResidence Subang",4402,3774,98.5,"Tier 4: High Risk DSR",0
"LEAD-17149","Kevin Goh #7149","+60170007150","Damansara Heights Residence",4513,3831,97.6,"Tier 4: High Risk DSR",0
"LEAD-17152","Razif Hariz #7152","+60120007153","SkyResidence Subang",4624,3888,96.6,"Tier 4: High Risk DSR",0
"LEAD-17155","Chong Wei Lun #7155","+60150007156","Damansara Heights Residence",4735,3945,95.8,"Tier 4: High Risk DSR",0
"LEAD-17158","Hafiz Ibrahim #7158","+60180007159","SkyResidence Subang",4846,4002,94.9,"Tier 4: High Risk DSR",0
"LEAD-17161","Ahmad Chen #7161","+60130007162","Damansara Heights Residence",4957,4059,94.1,"Tier 4: High Risk DSR",0
"LEAD-17164","Tan Nordin #7164","+60160007165","SkyResidence Subang",5068,4116,93.4,"Tier 4: High Risk DSR",0
"LEAD-17167","Farhan Osman #7167","+60190007168","Damansara Heights Residence",5179,4173,92.6,"Tier 4: High Risk DSR",0
"LEAD-17170","Jason Aini #7170","+60140007171","SkyResidence Subang",5290,4230,91.9,"Tier 4: High Risk DSR",0
"LEAD-17173","Amir Razif #7173","+60170007174","Damansara Heights Residence",5401,4287,91.2,"Tier 4: High Risk DSR",0
"LEAD-17176","Devi Lee #7176","+60120007177","SkyResidence Subang",5512,4344,90.6,"Tier 4: High Risk DSR",0
"LEAD-17179","Grace Zulkifli #7179","+60150007180","Damansara Heights Residence",5623,4401,90,"Tier 4: High Risk DSR",0
"LEAD-17182","Nurul Rosli #7182","+60180007183","SkyResidence Subang",5734,4458,89.4,"Tier 4: High Risk DSR",0
"LEAD-17185","Santhi Kumar #7185","+60130007186","Damansara Heights Residence",5845,1015,20,"Tier 2: Qualified Bank Loan",407218
"LEAD-17188","Sarah Faizal #7188","+60160007189","SkyResidence Subang",5956,1072,20.7,"Tier 2: Qualified Bank Loan",407406
"LEAD-17191","Siti Hassan #7191","+60190007192","Damansara Heights Residence",6067,1129,21.4,"Tier 2: Qualified Bank Loan",407595
"LEAD-17194","Syed Subramaniam #7194","+60140007195","SkyResidence Subang",6178,1186,22.1,"Tier 2: Qualified Bank Loan",407783
"LEAD-17197","Azman Goh #7197","+60170007198","Damansara Heights Residence",6289,1243,22.7,"Tier 2: Qualified Bank Loan",407972
"LEAD-17200","Muhammad Hariz #7200","+60120007201","SkyResidence Subang",6400,1300,23.3,"Tier 2: Qualified Bank Loan",408160
"LEAD-17203","Wong Wei Lun #7203","+60150007204","Damansara Heights Residence",6511,1357,24,"Tier 1: Pre-Approved LPPSA/Bank",408348
"LEAD-17206","Mohd Ibrahim #7206","+60180007207","SkyResidence Subang",6622,1414,24.5,"Tier 1: Pre-Approved LPPSA/Bank",408537
"LEAD-17209","Kevin Chen #7209","+60130007210","Damansara Heights Residence",6733,1471,25.1,"Tier 1: Pre-Approved LPPSA/Bank",408725
"LEAD-17212","Razif Nordin #7212","+60160007213","SkyResidence Subang",6844,1528,25.7,"Tier 1: Pre-Approved LPPSA/Bank",408914
"LEAD-17215","Chong Osman #7215","+60190007216","Damansara Heights Residence",6955,1585,26.2,"Tier 1: Pre-Approved LPPSA/Bank",409102
"LEAD-17218","Hafiz Aini #7218","+60140007219","SkyResidence Subang",7066,1642,26.7,"Tier 1: Pre-Approved LPPSA/Bank",409290
"LEAD-17221","Ahmad Razif #7221","+60170007222","Damansara Heights Residence",7177,1699,27.2,"Tier 1: Pre-Approved LPPSA/Bank",409479
"LEAD-17224","Tan Lee #7224","+60120007225","SkyResidence Subang",7288,1756,27.7,"Tier 1: Pre-Approved LPPSA/Bank",409667
"LEAD-17227","Farhan Zulkifli #7227","+60150007228","Damansara Heights Residence",7399,1813,28.2,"Tier 1: Pre-Approved LPPSA/Bank",409856
"LEAD-17230","Jason Rosli #7230","+60180007231","SkyResidence Subang",7510,1870,28.6,"Tier 1: Pre-Approved LPPSA/Bank",410044
"LEAD-17233","Amir Kumar #7233","+60130007234","Damansara Heights Residence",7621,1927,29.1,"Tier 1: Pre-Approved LPPSA/Bank",410232
"LEAD-17236","Devi Faizal #7236","+60160007237","SkyResidence Subang",7732,1984,29.5,"Tier 1: Pre-Approved LPPSA/Bank",410421
"LEAD-17239","Grace Hassan #7239","+60190007240","Damansara Heights Residence",7843,2041,29.9,"Tier 1: Pre-Approved LPPSA/Bank",410609
"LEAD-17242","Nurul Subramaniam #7242","+60140007243","SkyResidence Subang",7954,2098,30.3,"Tier 1: Pre-Approved LPPSA/Bank",410798
"LEAD-17245","Santhi Goh #7245","+60170007246","Damansara Heights Residence",8065,2155,30.7,"Tier 1: Pre-Approved LPPSA/Bank",410986
"LEAD-17248","Sarah Hariz #7248","+60120007249","SkyResidence Subang",8176,2212,31.1,"Tier 1: Pre-Approved LPPSA/Bank",411174
"LEAD-17251","Siti Wei Lun #7251","+60150007252","Damansara Heights Residence",8287,2269,31.5,"Tier 1: Pre-Approved LPPSA/Bank",411363
"LEAD-17254","Syed Ibrahim #7254","+60180007255","SkyResidence Subang",8398,2326,31.8,"Tier 1: Pre-Approved LPPSA/Bank",411551
"LEAD-17257","Azman Chen #7257","+60130007258","Damansara Heights Residence",8509,2383,32.2,"Tier 1: Pre-Approved LPPSA/Bank",411740
"LEAD-17260","Muhammad Nordin #7260","+60160007261","SkyResidence Subang",8620,2440,32.5,"Tier 1: Pre-Approved LPPSA/Bank",411928
"LEAD-17263","Wong Osman #7263","+60190007264","Damansara Heights Residence",8731,2497,32.9,"Tier 1: Pre-Approved LPPSA/Bank",412116
"LEAD-17266","Mohd Aini #7266","+60140007267","SkyResidence Subang",8842,2554,33.2,"Tier 1: Pre-Approved LPPSA/Bank",412305
"LEAD-17269","Kevin Razif #7269","+60170007270","Damansara Heights Residence",8953,2611,33.5,"Tier 1: Pre-Approved LPPSA/Bank",412493
"LEAD-17272","Razif Lee #7272","+60120007273","SkyResidence Subang",9064,2668,33.8,"Tier 1: Pre-Approved LPPSA/Bank",412682
"LEAD-17275","Chong Zulkifli #7275","+60150007276","Damansara Heights Residence",9175,2725,34.1,"Tier 1: Pre-Approved LPPSA/Bank",412870
"LEAD-17278","Hafiz Rosli #7278","+60180007279","SkyResidence Subang",9286,2782,34.4,"Tier 1: Pre-Approved LPPSA/Bank",413058
"LEAD-17281","Ahmad Kumar #7281","+60130007282","Damansara Heights Residence",9397,2839,34.7,"Tier 1: Pre-Approved LPPSA/Bank",413247
"LEAD-17284","Tan Faizal #7284","+60160007285","SkyResidence Subang",9508,2896,35,"Tier 1: Pre-Approved LPPSA/Bank",413435
"LEAD-17287","Farhan Hassan #7287","+60190007288","Damansara Heights Residence",9619,2953,35.3,"Tier 1: Pre-Approved LPPSA/Bank",413624
"LEAD-17290","Jason Subramaniam #7290","+60140007291","SkyResidence Subang",9730,3010,35.6,"Tier 1: Pre-Approved LPPSA/Bank",413812
"LEAD-17293","Amir Goh #7293","+60170007294","Damansara Heights Residence",9841,3067,35.8,"Tier 1: Pre-Approved LPPSA/Bank",414000
"LEAD-17296","Devi Hariz #7296","+60120007297","SkyResidence Subang",9952,3124,36.1,"Tier 1: Pre-Approved LPPSA/Bank",414189
"LEAD-17299","Grace Wei Lun #7299","+60150007300","Damansara Heights Residence",10063,3181,36.3,"Tier 1: Pre-Approved LPPSA/Bank",414377
"LEAD-17302","Nurul Ibrahim #7302","+60180007303","SkyResidence Subang",10174,3238,36.6,"Tier 1: Pre-Approved LPPSA/Bank",414566
"LEAD-17305","Santhi Chen #7305","+60130007306","Damansara Heights Residence",10285,3295,36.8,"Tier 1: Pre-Approved LPPSA/Bank",414754
"LEAD-17308","Sarah Nordin #7308","+60160007309","SkyResidence Subang",10396,3352,37.1,"Tier 1: Pre-Approved LPPSA/Bank",414942
"LEAD-17311","Siti Osman #7311","+60190007312","Damansara Heights Residence",10507,3409,37.3,"Tier 1: Pre-Approved LPPSA/Bank",415131
"LEAD-17314","Syed Aini #7314","+60140007315","SkyResidence Subang",10618,3466,37.5,"Tier 1: Pre-Approved LPPSA/Bank",415319
"LEAD-17317","Azman Razif #7317","+60170007318","Damansara Heights Residence",10729,3523,37.7,"Tier 1: Pre-Approved LPPSA/Bank",415508
"LEAD-17320","Muhammad Lee #7320","+60120007321","SkyResidence Subang",10840,3580,38,"Tier 1: Pre-Approved LPPSA/Bank",415696
"LEAD-17323","Wong Zulkifli #7323","+60150007324","Damansara Heights Residence",10951,3637,38.2,"Tier 1: Pre-Approved LPPSA/Bank",415884
"LEAD-17326","Mohd Rosli #7326","+60180007327","SkyResidence Subang",11062,3694,38.4,"Tier 1: Pre-Approved LPPSA/Bank",416073
"LEAD-17329","Kevin Kumar #7329","+60130007330","Damansara Heights Residence",11173,3751,38.6,"Tier 1: Pre-Approved LPPSA/Bank",416261
"LEAD-17332","Razif Faizal #7332","+60160007333","SkyResidence Subang",11284,3808,38.8,"Tier 1: Pre-Approved LPPSA/Bank",416450
"LEAD-17335","Chong Hassan #7335","+60190007336","Damansara Heights Residence",11395,3865,39,"Tier 1: Pre-Approved LPPSA/Bank",416638
"LEAD-17338","Hafiz Subramaniam #7338","+60140007339","SkyResidence Subang",11506,3922,39.2,"Tier 1: Pre-Approved LPPSA/Bank",416826
"LEAD-17341","Ahmad Goh #7341","+60170007342","Damansara Heights Residence",11617,3979,39.4,"Tier 1: Pre-Approved LPPSA/Bank",417015
"LEAD-17344","Tan Hariz #7344","+60120007345","SkyResidence Subang",11728,4036,39.6,"Tier 1: Pre-Approved LPPSA/Bank",417203
"LEAD-17347","Farhan Wei Lun #7347","+60150007348","Damansara Heights Residence",11839,4093,39.7,"Tier 1: Pre-Approved LPPSA/Bank",417392
"LEAD-17350","Jason Ibrahim #7350","+60180007351","SkyResidence Subang",11950,4150,39.9,"Tier 1: Pre-Approved LPPSA/Bank",417580
"LEAD-17353","Amir Chen #7353","+60130007354","Damansara Heights Residence",3561,4207,135.8,"Tier 4: High Risk DSR",0
"LEAD-17356","Devi Nordin #7356","+60160007357","SkyResidence Subang",3672,4264,133.5,"Tier 4: High Risk DSR",0
"LEAD-17359","Grace Osman #7359","+60190007360","Damansara Heights Residence",3783,4321,131.3,"Tier 4: High Risk DSR",0
"LEAD-17362","Nurul Aini #7362","+60140007363","SkyResidence Subang",3894,4378,129.2,"Tier 4: High Risk DSR",0
"LEAD-17365","Santhi Razif #7365","+60170007366","Damansara Heights Residence",4005,4435,127.3,"Tier 4: High Risk DSR",0
"LEAD-17368","Sarah Lee #7368","+60120007369","SkyResidence Subang",4116,4492,125.4,"Tier 4: High Risk DSR",0
"LEAD-17371","Siti Zulkifli #7371","+60150007372","Damansara Heights Residence",4227,1049,28.5,"Tier 3: Joint Loan Needed",231499
"LEAD-17374","Syed Rosli #7374","+60180007375","SkyResidence Subang",4338,1106,29.3,"Tier 3: Joint Loan Needed",231687
"LEAD-17377","Azman Kumar #7377","+60130007378","Damansara Heights Residence",4449,1163,30,"Tier 3: Joint Loan Needed",231876
"LEAD-17380","Muhammad Faizal #7380","+60160007381","SkyResidence Subang",4560,1220,30.8,"Tier 2: Qualified Bank Loan",232064
"LEAD-17383","Wong Hassan #7383","+60190007384","Damansara Heights Residence",4671,1277,31.4,"Tier 2: Qualified Bank Loan",232252
"LEAD-17386","Mohd Subramaniam #7386","+60140007387","SkyResidence Subang",4782,1334,32.1,"Tier 2: Qualified Bank Loan",232441
"LEAD-17389","Kevin Goh #7389","+60170007390","Damansara Heights Residence",4893,1391,32.7,"Tier 2: Qualified Bank Loan",232629
"LEAD-17392","Razif Hariz #7392","+60120007393","SkyResidence Subang",5004,1448,33.3,"Tier 2: Qualified Bank Loan",232818
"LEAD-17395","Chong Wei Lun #7395","+60150007396","Damansara Heights Residence",5115,1505,33.8,"Tier 2: Qualified Bank Loan",233006
"LEAD-17398","Hafiz Ibrahim #7398","+60180007399","SkyResidence Subang",5226,1562,34.4,"Tier 2: Qualified Bank Loan",233194
"LEAD-17401","Ahmad Chen #7401","+60130007402","Damansara Heights Residence",5337,1619,34.9,"Tier 2: Qualified Bank Loan",233383
"LEAD-17404","Tan Nordin #7404","+60160007405","SkyResidence Subang",5448,1676,35.4,"Tier 2: Qualified Bank Loan",233571
"LEAD-17407","Farhan Osman #7407","+60190007408","Damansara Heights Residence",5559,1733,35.8,"Tier 2: Qualified Bank Loan",233760
"LEAD-17410","Jason Aini #7410","+60140007411","SkyResidence Subang",5670,1790,36.3,"Tier 2: Qualified Bank Loan",233948
"LEAD-17413","Amir Razif #7413","+60170007414","Damansara Heights Residence",5781,1847,36.7,"Tier 2: Qualified Bank Loan",234136
"LEAD-17416","Devi Lee #7416","+60120007417","SkyResidence Subang",5892,1904,37.1,"Tier 2: Qualified Bank Loan",234325
"LEAD-17419","Grace Zulkifli #7419","+60150007420","Damansara Heights Residence",6003,1961,37.5,"Tier 2: Qualified Bank Loan",234513
"LEAD-17422","Nurul Rosli #7422","+60180007423","SkyResidence Subang",6114,2018,37.9,"Tier 2: Qualified Bank Loan",234702
"LEAD-17425","Santhi Kumar #7425","+60130007426","Damansara Heights Residence",6225,2075,38.3,"Tier 2: Qualified Bank Loan",234890
"LEAD-17428","Sarah Faizal #7428","+60160007429","SkyResidence Subang",6336,2132,38.7,"Tier 2: Qualified Bank Loan",235078
"LEAD-17431","Siti Hassan #7431","+60190007432","Damansara Heights Residence",6447,2189,39,"Tier 2: Qualified Bank Loan",235267
"LEAD-17434","Syed Subramaniam #7434","+60140007435","SkyResidence Subang",6558,2246,39.4,"Tier 1: Pre-Approved LPPSA/Bank",235455
"LEAD-17437","Azman Goh #7437","+60170007438","Damansara Heights Residence",6669,2303,39.7,"Tier 1: Pre-Approved LPPSA/Bank",235644
"LEAD-17440","Muhammad Hariz #7440","+60120007441","SkyResidence Subang",6780,2360,40,"Tier 1: Pre-Approved LPPSA/Bank",235832
"LEAD-17443","Wong Wei Lun #7443","+60150007444","Damansara Heights Residence",6891,2417,40.3,"Tier 1: Pre-Approved LPPSA/Bank",236020
"LEAD-17446","Mohd Ibrahim #7446","+60180007447","SkyResidence Subang",7002,2474,40.6,"Tier 1: Pre-Approved LPPSA/Bank",236209
"LEAD-17449","Kevin Chen #7449","+60130007450","Damansara Heights Residence",7113,2531,40.9,"Tier 1: Pre-Approved LPPSA/Bank",236397
"LEAD-17452","Razif Nordin #7452","+60160007453","SkyResidence Subang",7224,2588,41.2,"Tier 1: Pre-Approved LPPSA/Bank",236586
"LEAD-17455","Chong Osman #7455","+60190007456","Damansara Heights Residence",7335,2645,41.4,"Tier 1: Pre-Approved LPPSA/Bank",236774
"LEAD-17458","Hafiz Aini #7458","+60140007459","SkyResidence Subang",7446,2702,41.7,"Tier 1: Pre-Approved LPPSA/Bank",236962
"LEAD-17461","Ahmad Razif #7461","+60170007462","Damansara Heights Residence",7557,2759,42,"Tier 1: Pre-Approved LPPSA/Bank",237151
"LEAD-17464","Tan Lee #7464","+60120007465","SkyResidence Subang",7668,2816,42.2,"Tier 1: Pre-Approved LPPSA/Bank",237339
"LEAD-17467","Farhan Zulkifli #7467","+60150007468","Damansara Heights Residence",7779,2873,42.5,"Tier 1: Pre-Approved LPPSA/Bank",237528
"LEAD-17470","Jason Rosli #7470","+60180007471","SkyResidence Subang",7890,2930,42.7,"Tier 1: Pre-Approved LPPSA/Bank",237716
"LEAD-17473","Amir Kumar #7473","+60130007474","Damansara Heights Residence",8001,2987,42.9,"Tier 1: Pre-Approved LPPSA/Bank",237904
"LEAD-17476","Devi Faizal #7476","+60160007477","SkyResidence Subang",8112,3044,43.1,"Tier 1: Pre-Approved LPPSA/Bank",238093
"LEAD-17479","Grace Hassan #7479","+60190007480","Damansara Heights Residence",8223,3101,43.3,"Tier 1: Pre-Approved LPPSA/Bank",238281
"LEAD-17482","Nurul Subramaniam #7482","+60140007483","SkyResidence Subang",8334,3158,43.6,"Tier 1: Pre-Approved LPPSA/Bank",238470
"LEAD-17485","Santhi Goh #7485","+60170007486","Damansara Heights Residence",8445,3215,43.8,"Tier 1: Pre-Approved LPPSA/Bank",238658
"LEAD-17488","Sarah Hariz #7488","+60120007489","SkyResidence Subang",8556,3272,44,"Tier 1: Pre-Approved LPPSA/Bank",238846
"LEAD-17491","Siti Wei Lun #7491","+60150007492","Damansara Heights Residence",8667,3329,44.1,"Tier 1: Pre-Approved LPPSA/Bank",239035
"LEAD-17494","Syed Ibrahim #7494","+60180007495","SkyResidence Subang",8778,3386,44.3,"Tier 1: Pre-Approved LPPSA/Bank",239223
"LEAD-17497","Azman Chen #7497","+60130007498","Damansara Heights Residence",8889,3443,44.5,"Tier 1: Pre-Approved LPPSA/Bank",239412
"LEAD-17500","Muhammad Nordin #7500","+60160007501","SkyResidence Subang",9000,3500,44.7,"Tier 1: Pre-Approved LPPSA/Bank",239600
"LEAD-17503","Wong Osman #7503","+60190007504","Damansara Heights Residence",9111,3557,44.9,"Tier 1: Pre-Approved LPPSA/Bank",239788
"LEAD-17506","Mohd Aini #7506","+60140007507","SkyResidence Subang",9222,3614,45,"Tier 2: Qualified Bank Loan",239977
"LEAD-17509","Kevin Razif #7509","+60170007510","Damansara Heights Residence",9333,3671,45.2,"Tier 2: Qualified Bank Loan",240165
"LEAD-17512","Razif Lee #7512","+60120007513","SkyResidence Subang",9444,3728,45.4,"Tier 2: Qualified Bank Loan",240354
"LEAD-17515","Chong Zulkifli #7515","+60150007516","Damansara Heights Residence",9555,3785,45.5,"Tier 2: Qualified Bank Loan",240542
"LEAD-17518","Hafiz Rosli #7518","+60180007519","SkyResidence Subang",9666,3842,45.7,"Tier 2: Qualified Bank Loan",240730
"LEAD-17521","Ahmad Kumar #7521","+60130007522","Damansara Heights Residence",9777,3899,45.8,"Tier 2: Qualified Bank Loan",240919
"LEAD-17524","Tan Faizal #7524","+60160007525","SkyResidence Subang",9888,3956,46,"Tier 2: Qualified Bank Loan",241107
"LEAD-17527","Farhan Hassan #7527","+60190007528","Damansara Heights Residence",9999,4013,46.1,"Tier 2: Qualified Bank Loan",241296
"LEAD-17530","Jason Subramaniam #7530","+60140007531","SkyResidence Subang",10110,4070,46.3,"Tier 2: Qualified Bank Loan",241484
"LEAD-17533","Amir Goh #7533","+60170007534","Damansara Heights Residence",10221,4127,46.4,"Tier 2: Qualified Bank Loan",241672
"LEAD-17536","Devi Hariz #7536","+60120007537","SkyResidence Subang",10332,4184,46.5,"Tier 2: Qualified Bank Loan",241861
"LEAD-17539","Grace Wei Lun #7539","+60150007540","Damansara Heights Residence",10443,4241,46.7,"Tier 2: Qualified Bank Loan",242049
"LEAD-17542","Nurul Ibrahim #7542","+60180007543","SkyResidence Subang",10554,4298,46.8,"Tier 2: Qualified Bank Loan",242238
"LEAD-17545","Santhi Chen #7545","+60130007546","Damansara Heights Residence",10665,4355,46.9,"Tier 2: Qualified Bank Loan",242426
"LEAD-17548","Sarah Nordin #7548","+60160007549","SkyResidence Subang",10776,4412,47.1,"Tier 2: Qualified Bank Loan",242614
"LEAD-17551","Siti Osman #7551","+60190007552","Damansara Heights Residence",10887,4469,47.2,"Tier 2: Qualified Bank Loan",242803
"LEAD-17554","Syed Aini #7554","+60140007555","SkyResidence Subang",10998,1026,10.7,"Tier 1: Pre-Approved LPPSA/Bank",942991
"LEAD-17557","Azman Razif #7557","+60170007558","Damansara Heights Residence",11109,1083,11.2,"Tier 1: Pre-Approved LPPSA/Bank",943180
"LEAD-17560","Muhammad Lee #7560","+60120007561","SkyResidence Subang",11220,1140,11.7,"Tier 1: Pre-Approved LPPSA/Bank",943368
"LEAD-17563","Wong Zulkifli #7563","+60150007564","Damansara Heights Residence",11331,1197,12.1,"Tier 1: Pre-Approved LPPSA/Bank",943556
"LEAD-17566","Mohd Rosli #7566","+60180007567","SkyResidence Subang",11442,1254,12.6,"Tier 1: Pre-Approved LPPSA/Bank",943745
"LEAD-17569","Kevin Kumar #7569","+60130007570","Damansara Heights Residence",11553,1311,13,"Tier 1: Pre-Approved LPPSA/Bank",943933
"LEAD-17572","Razif Faizal #7572","+60160007573","SkyResidence Subang",11664,1368,13.5,"Tier 1: Pre-Approved LPPSA/Bank",944122
"LEAD-17575","Chong Hassan #7575","+60190007576","Damansara Heights Residence",11775,1425,13.9,"Tier 1: Pre-Approved LPPSA/Bank",944310
"LEAD-17578","Hafiz Subramaniam #7578","+60140007579","SkyResidence Subang",11886,1482,14.3,"Tier 1: Pre-Approved LPPSA/Bank",944498
"LEAD-17581","Ahmad Goh #7581","+60170007582","Damansara Heights Residence",11997,1539,14.7,"Tier 1: Pre-Approved LPPSA/Bank",944687
"LEAD-17584","Tan Hariz #7584","+60120007585","SkyResidence Subang",3608,1596,50.8,"Tier 3: Joint Loan Needed",57475
"LEAD-17587","Farhan Wei Lun #7587","+60150007588","Damansara Heights Residence",3719,1653,51.1,"Tier 3: Joint Loan Needed",57664
"LEAD-17590","Jason Ibrahim #7590","+60180007591","SkyResidence Subang",3830,1710,51.3,"Tier 3: Joint Loan Needed",57852
"LEAD-17593","Amir Chen #7593","+60130007594","Damansara Heights Residence",3941,1767,51.5,"Tier 3: Joint Loan Needed",58040
"LEAD-17596","Devi Nordin #7596","+60160007597","SkyResidence Subang",4052,1824,51.7,"Tier 3: Joint Loan Needed",58229
"LEAD-17599","Grace Osman #7599","+60190007600","Damansara Heights Residence",4163,1881,51.9,"Tier 3: Joint Loan Needed",58417
"LEAD-17602","Nurul Aini #7602","+60140007603","SkyResidence Subang",4274,1938,52.1,"Tier 3: Joint Loan Needed",58606
"LEAD-17605","Santhi Razif #7605","+60170007606","Damansara Heights Residence",4385,1995,52.3,"Tier 3: Joint Loan Needed",58794
"LEAD-17608","Sarah Lee #7608","+60120007609","SkyResidence Subang",4496,2052,52.5,"Tier 3: Joint Loan Needed",58982
"LEAD-17611","Siti Zulkifli #7611","+60150007612","Damansara Heights Residence",4607,2109,52.6,"Tier 2: Qualified Bank Loan",59171
"LEAD-17614","Syed Rosli #7614","+60180007615","SkyResidence Subang",4718,2166,52.8,"Tier 2: Qualified Bank Loan",59359
"LEAD-17617","Azman Kumar #7617","+60130007618","Damansara Heights Residence",4829,2223,52.9,"Tier 2: Qualified Bank Loan",59548
"LEAD-17620","Muhammad Faizal #7620","+60160007621","SkyResidence Subang",4940,2280,53.1,"Tier 2: Qualified Bank Loan",59736
"LEAD-17623","Wong Hassan #7623","+60190007624","Damansara Heights Residence",5051,2337,53.2,"Tier 2: Qualified Bank Loan",59924
"LEAD-17626","Mohd Subramaniam #7626","+60140007627","SkyResidence Subang",5162,2394,53.3,"Tier 2: Qualified Bank Loan",60113
"LEAD-17629","Kevin Goh #7629","+60170007630","Damansara Heights Residence",5273,2451,53.4,"Tier 2: Qualified Bank Loan",60301
"LEAD-17632","Razif Hariz #7632","+60120007633","SkyResidence Subang",5384,2508,53.5,"Tier 2: Qualified Bank Loan",60490
"LEAD-17635","Chong Wei Lun #7635","+60150007636","Damansara Heights Residence",5495,2565,53.7,"Tier 2: Qualified Bank Loan",60678
"LEAD-17638","Hafiz Ibrahim #7638","+60180007639","SkyResidence Subang",5606,2622,53.8,"Tier 2: Qualified Bank Loan",60866
"LEAD-17641","Ahmad Chen #7641","+60130007642","Damansara Heights Residence",5717,2679,53.9,"Tier 2: Qualified Bank Loan",61055
"LEAD-17644","Tan Nordin #7644","+60160007645","SkyResidence Subang",5828,2736,54,"Tier 2: Qualified Bank Loan",61243
"LEAD-17647","Farhan Osman #7647","+60190007648","Damansara Heights Residence",5939,2793,54.1,"Tier 2: Qualified Bank Loan",61432
"LEAD-17650","Jason Aini #7650","+60140007651","SkyResidence Subang",6050,2850,54.1,"Tier 2: Qualified Bank Loan",61620
"LEAD-17653","Amir Razif #7653","+60170007654","Damansara Heights Residence",6161,2907,54.2,"Tier 2: Qualified Bank Loan",61808
"LEAD-17656","Devi Lee #7656","+60120007657","SkyResidence Subang",6272,2964,54.3,"Tier 2: Qualified Bank Loan",61997
"LEAD-17659","Grace Zulkifli #7659","+60150007660","Damansara Heights Residence",6383,3021,54.4,"Tier 2: Qualified Bank Loan",62185
"LEAD-17662","Nurul Rosli #7662","+60180007663","SkyResidence Subang",6494,3078,54.5,"Tier 2: Qualified Bank Loan",62374
"LEAD-17665","Santhi Kumar #7665","+60130007666","Damansara Heights Residence",6605,3135,54.6,"Tier 2: Qualified Bank Loan",62562
"LEAD-17668","Sarah Faizal #7668","+60160007669","SkyResidence Subang",6716,3192,54.6,"Tier 2: Qualified Bank Loan",62750
"LEAD-17671","Siti Hassan #7671","+60190007672","Damansara Heights Residence",6827,3249,54.7,"Tier 2: Qualified Bank Loan",62939
"LEAD-17674","Syed Subramaniam #7674","+60140007675","SkyResidence Subang",6938,3306,54.8,"Tier 2: Qualified Bank Loan",63127
"LEAD-17677","Azman Goh #7677","+60170007678","Damansara Heights Residence",7049,3363,54.8,"Tier 2: Qualified Bank Loan",63316
"LEAD-17680","Muhammad Hariz #7680","+60120007681","SkyResidence Subang",7160,3420,54.9,"Tier 2: Qualified Bank Loan",63504
"LEAD-17683","Wong Wei Lun #7683","+60150007684","Damansara Heights Residence",7271,3477,55,"Tier 2: Qualified Bank Loan",63692
"LEAD-17686","Mohd Ibrahim #7686","+60180007687","SkyResidence Subang",7382,3534,55,"Tier 2: Qualified Bank Loan",63881
"LEAD-17689","Kevin Chen #7689","+60130007690","Damansara Heights Residence",7493,3591,55.1,"Tier 2: Qualified Bank Loan",64069
"LEAD-17692","Razif Nordin #7692","+60160007693","SkyResidence Subang",7604,3648,55.1,"Tier 2: Qualified Bank Loan",64258
"LEAD-17695","Chong Osman #7695","+60190007696","Damansara Heights Residence",7715,3705,55.2,"Tier 2: Qualified Bank Loan",64446
"LEAD-17698","Hafiz Aini #7698","+60140007699","SkyResidence Subang",7826,3762,55.3,"Tier 2: Qualified Bank Loan",64634
"LEAD-17701","Ahmad Razif #7701","+60170007702","Damansara Heights Residence",7937,3819,55.3,"Tier 2: Qualified Bank Loan",64823
"LEAD-17704","Tan Lee #7704","+60120007705","SkyResidence Subang",8048,3876,55.4,"Tier 2: Qualified Bank Loan",65011
"LEAD-17707","Farhan Zulkifli #7707","+60150007708","Damansara Heights Residence",8159,3933,55.4,"Tier 2: Qualified Bank Loan",65200
"LEAD-17710","Jason Rosli #7710","+60180007711","SkyResidence Subang",8270,3990,55.5,"Tier 2: Qualified Bank Loan",65388
"LEAD-17713","Amir Kumar #7713","+60130007714","Damansara Heights Residence",8381,4047,55.5,"Tier 2: Qualified Bank Loan",65576
"LEAD-17716","Devi Faizal #7716","+60160007717","SkyResidence Subang",8492,4104,55.5,"Tier 2: Qualified Bank Loan",65765
"LEAD-17719","Grace Hassan #7719","+60190007720","Damansara Heights Residence",8603,4161,55.6,"Tier 2: Qualified Bank Loan",65953
"LEAD-17722","Nurul Subramaniam #7722","+60140007723","SkyResidence Subang",8714,4218,55.6,"Tier 2: Qualified Bank Loan",66142
"LEAD-17725","Santhi Goh #7725","+60170007726","Damansara Heights Residence",8825,4275,55.7,"Tier 2: Qualified Bank Loan",66330
"LEAD-17728","Sarah Hariz #7728","+60120007729","SkyResidence Subang",8936,4332,55.7,"Tier 2: Qualified Bank Loan",66518
"LEAD-17731","Siti Wei Lun #7731","+60150007732","Damansara Heights Residence",9047,4389,55.8,"Tier 2: Qualified Bank Loan",66707
"LEAD-17734","Syed Ibrahim #7734","+60180007735","SkyResidence Subang",9158,4446,55.8,"Tier 2: Qualified Bank Loan",66895
"LEAD-17737","Azman Chen #7737","+60130007738","Damansara Heights Residence",9269,1003,12.4,"Tier 1: Pre-Approved LPPSA/Bank",767084
"LEAD-17740","Muhammad Nordin #7740","+60160007741","SkyResidence Subang",9380,1060,13,"Tier 1: Pre-Approved LPPSA/Bank",767272
"LEAD-17743","Wong Osman #7743","+60190007744","Damansara Heights Residence",9491,1117,13.5,"Tier 1: Pre-Approved LPPSA/Bank",767460
"LEAD-17746","Mohd Aini #7746","+60140007747","SkyResidence Subang",9602,1174,14.1,"Tier 1: Pre-Approved LPPSA/Bank",767649
"LEAD-17749","Kevin Razif #7749","+60170007750","Damansara Heights Residence",9713,1231,14.6,"Tier 1: Pre-Approved LPPSA/Bank",767837
"LEAD-17752","Razif Lee #7752","+60120007753","SkyResidence Subang",9824,1288,15.1,"Tier 1: Pre-Approved LPPSA/Bank",768026
"LEAD-17755","Chong Zulkifli #7755","+60150007756","Damansara Heights Residence",9935,1345,15.6,"Tier 1: Pre-Approved LPPSA/Bank",768214
"LEAD-17758","Hafiz Rosli #7758","+60180007759","SkyResidence Subang",10046,1402,16,"Tier 1: Pre-Approved LPPSA/Bank",768402
"LEAD-17761","Ahmad Kumar #7761","+60130007762","Damansara Heights Residence",10157,1459,16.5,"Tier 1: Pre-Approved LPPSA/Bank",768591
"LEAD-17764","Tan Faizal #7764","+60160007765","SkyResidence Subang",10268,1516,17,"Tier 1: Pre-Approved LPPSA/Bank",768779
"LEAD-17767","Farhan Hassan #7767","+60190007768","Damansara Heights Residence",10379,1573,17.4,"Tier 1: Pre-Approved LPPSA/Bank",768968
"LEAD-17770","Jason Subramaniam #7770","+60140007771","SkyResidence Subang",10490,1630,17.9,"Tier 1: Pre-Approved LPPSA/Bank",769156
"LEAD-17773","Amir Goh #7773","+60170007774","Damansara Heights Residence",10601,1687,18.3,"Tier 1: Pre-Approved LPPSA/Bank",769344
"LEAD-17776","Devi Hariz #7776","+60120007777","SkyResidence Subang",10712,1744,18.7,"Tier 1: Pre-Approved LPPSA/Bank",769533
"LEAD-17779","Grace Wei Lun #7779","+60150007780","Damansara Heights Residence",10823,1801,19.1,"Tier 1: Pre-Approved LPPSA/Bank",769721
"LEAD-17782","Nurul Ibrahim #7782","+60180007783","SkyResidence Subang",10934,1858,19.5,"Tier 1: Pre-Approved LPPSA/Bank",769910
"LEAD-17785","Santhi Chen #7785","+60130007786","Damansara Heights Residence",11045,1915,19.9,"Tier 1: Pre-Approved LPPSA/Bank",770098
"LEAD-17788","Sarah Nordin #7788","+60160007789","SkyResidence Subang",11156,1972,20.3,"Tier 1: Pre-Approved LPPSA/Bank",770286
"LEAD-17791","Siti Osman #7791","+60190007792","Damansara Heights Residence",11267,2029,20.7,"Tier 1: Pre-Approved LPPSA/Bank",770475
"LEAD-17794","Syed Aini #7794","+60140007795","SkyResidence Subang",11378,2086,21.1,"Tier 1: Pre-Approved LPPSA/Bank",770663
"LEAD-17797","Azman Razif #7797","+60170007798","Damansara Heights Residence",11489,2143,21.4,"Tier 1: Pre-Approved LPPSA/Bank",770852
"LEAD-17800","Muhammad Lee #7800","+60120007801","SkyResidence Subang",11600,2200,21.8,"Tier 1: Pre-Approved LPPSA/Bank",771040
"LEAD-17803","Wong Zulkifli #7803","+60150007804","Damansara Heights Residence",11711,2257,22.2,"Tier 1: Pre-Approved LPPSA/Bank",771228
"LEAD-17806","Mohd Rosli #7806","+60180007807","SkyResidence Subang",11822,2314,22.5,"Tier 1: Pre-Approved LPPSA/Bank",771417
"LEAD-17809","Kevin Kumar #7809","+60130007810","Damansara Heights Residence",11933,2371,22.8,"Tier 1: Pre-Approved LPPSA/Bank",771605
"LEAD-17812","Razif Faizal #7812","+60160007813","SkyResidence Subang",3544,2428,78.7,"Tier 4: High Risk DSR",0
"LEAD-17815","Chong Hassan #7815","+60190007816","Damansara Heights Residence",3655,2485,78.1,"Tier 4: High Risk DSR",0
"LEAD-17818","Hafiz Subramaniam #7818","+60140007819","SkyResidence Subang",3766,2542,77.6,"Tier 4: High Risk DSR",0
"LEAD-17821","Ahmad Goh #7821","+60170007822","Damansara Heights Residence",3877,2599,77.1,"Tier 4: High Risk DSR",0
"LEAD-17824","Tan Hariz #7824","+60120007825","SkyResidence Subang",3988,2656,76.6,"Tier 4: High Risk DSR",0
"LEAD-17827","Farhan Wei Lun #7827","+60150007828","Damansara Heights Residence",4099,2713,76.1,"Tier 4: High Risk DSR",0
"LEAD-17830","Jason Ibrahim #7830","+60180007831","SkyResidence Subang",4210,2770,75.6,"Tier 4: High Risk DSR",0
"LEAD-17833","Amir Chen #7833","+60130007834","Damansara Heights Residence",4321,2827,75.2,"Tier 4: High Risk DSR",0
"LEAD-17836","Devi Nordin #7836","+60160007837","SkyResidence Subang",4432,2884,74.8,"Tier 3: Joint Loan Needed",0
"LEAD-17839","Grace Osman #7839","+60190007840","Damansara Heights Residence",4543,2941,74.4,"Tier 3: Joint Loan Needed",0
"LEAD-17842","Nurul Aini #7842","+60140007843","SkyResidence Subang",4654,2998,74,"Tier 3: Joint Loan Needed",0
"LEAD-17845","Santhi Razif #7845","+60170007846","Damansara Heights Residence",4765,3055,73.7,"Tier 3: Joint Loan Needed",0
"LEAD-17848","Sarah Lee #7848","+60120007849","SkyResidence Subang",4876,3112,73.4,"Tier 3: Joint Loan Needed",0
"LEAD-17851","Siti Zulkifli #7851","+60150007852","Damansara Heights Residence",4987,3169,73,"Tier 3: Joint Loan Needed",0
"LEAD-17854","Syed Rosli #7854","+60180007855","SkyResidence Subang",5098,3226,72.7,"Tier 3: Joint Loan Needed",0
"LEAD-17857","Azman Kumar #7857","+60130007858","Damansara Heights Residence",5209,3283,72.4,"Tier 3: Joint Loan Needed",0
"LEAD-17860","Muhammad Faizal #7860","+60160007861","SkyResidence Subang",5320,3340,72.2,"Tier 3: Joint Loan Needed",0
"LEAD-17863","Wong Hassan #7863","+60190007864","Damansara Heights Residence",5431,3397,71.9,"Tier 3: Joint Loan Needed",0
"LEAD-17866","Mohd Subramaniam #7866","+60140007867","SkyResidence Subang",5542,3454,71.6,"Tier 3: Joint Loan Needed",0
"LEAD-17869","Kevin Goh #7869","+60170007870","Damansara Heights Residence",5653,3511,71.4,"Tier 3: Joint Loan Needed",0
"LEAD-17872","Razif Hariz #7872","+60120007873","SkyResidence Subang",5764,3568,71.2,"Tier 3: Joint Loan Needed",0
"LEAD-17875","Chong Wei Lun #7875","+60150007876","Damansara Heights Residence",5875,3625,70.9,"Tier 3: Joint Loan Needed",0
"LEAD-17878","Hafiz Ibrahim #7878","+60180007879","SkyResidence Subang",5986,3682,70.7,"Tier 3: Joint Loan Needed",0
"LEAD-17881","Ahmad Chen #7881","+60130007882","Damansara Heights Residence",6097,3739,70.5,"Tier 3: Joint Loan Needed",0
"LEAD-17884","Tan Nordin #7884","+60160007885","SkyResidence Subang",6208,3796,70.3,"Tier 3: Joint Loan Needed",0
"LEAD-17887","Farhan Osman #7887","+60190007888","Damansara Heights Residence",6319,3853,70.1,"Tier 3: Joint Loan Needed",0
"LEAD-17890","Jason Aini #7890","+60140007891","SkyResidence Subang",6430,3910,69.9,"Tier 3: Joint Loan Needed",0
"LEAD-17893","Amir Razif #7893","+60170007894","Damansara Heights Residence",6541,3967,69.7,"Tier 3: Joint Loan Needed",0
"LEAD-17896","Devi Lee #7896","+60120007897","SkyResidence Subang",6652,4024,69.5,"Tier 3: Joint Loan Needed",0
"LEAD-17899","Grace Zulkifli #7899","+60150007900","Damansara Heights Residence",6763,4081,69.4,"Tier 3: Joint Loan Needed",0
"LEAD-17902","Nurul Rosli #7902","+60180007903","SkyResidence Subang",6874,4138,69.2,"Tier 3: Joint Loan Needed",0
"LEAD-17905","Santhi Kumar #7905","+60130007906","Damansara Heights Residence",6985,4195,69,"Tier 3: Joint Loan Needed",0
"LEAD-17908","Sarah Faizal #7908","+60160007909","SkyResidence Subang",7096,4252,68.9,"Tier 3: Joint Loan Needed",0
"LEAD-17911","Siti Hassan #7911","+60190007912","Damansara Heights Residence",7207,4309,68.7,"Tier 3: Joint Loan Needed",0
"LEAD-17914","Syed Subramaniam #7914","+60140007915","SkyResidence Subang",7318,4366,68.6,"Tier 3: Joint Loan Needed",0
"LEAD-17917","Azman Goh #7917","+60170007918","Damansara Heights Residence",7429,4423,68.4,"Tier 3: Joint Loan Needed",0
"LEAD-17920","Muhammad Hariz #7920","+60120007921","SkyResidence Subang",7540,4480,68.3,"Tier 3: Joint Loan Needed",0
"LEAD-17923","Wong Wei Lun #7923","+60150007924","Damansara Heights Residence",7651,1037,15.6,"Tier 1: Pre-Approved LPPSA/Bank",591364
"LEAD-17926","Mohd Ibrahim #7926","+60180007927","SkyResidence Subang",7762,1094,16.2,"Tier 1: Pre-Approved LPPSA/Bank",591553
"LEAD-17929","Kevin Chen #7929","+60130007930","Damansara Heights Residence",7873,1151,16.8,"Tier 1: Pre-Approved LPPSA/Bank",591741
"LEAD-17932","Razif Nordin #7932","+60160007933","SkyResidence Subang",7984,1208,17.4,"Tier 1: Pre-Approved LPPSA/Bank",591930
"LEAD-17935","Chong Osman #7935","+60190007936","Damansara Heights Residence",8095,1265,18,"Tier 1: Pre-Approved LPPSA/Bank",592118
"LEAD-17938","Hafiz Aini #7938","+60140007939","SkyResidence Subang",8206,1322,18.5,"Tier 1: Pre-Approved LPPSA/Bank",592306
"LEAD-17941","Ahmad Razif #7941","+60170007942","Damansara Heights Residence",8317,1379,19.1,"Tier 1: Pre-Approved LPPSA/Bank",592495
"LEAD-17944","Tan Lee #7944","+60120007945","SkyResidence Subang",8428,1436,19.6,"Tier 1: Pre-Approved LPPSA/Bank",592683
"LEAD-17947","Farhan Zulkifli #7947","+60150007948","Damansara Heights Residence",8539,1493,20.1,"Tier 1: Pre-Approved LPPSA/Bank",592872
"LEAD-17950","Jason Rosli #7950","+60180007951","SkyResidence Subang",8650,1550,20.6,"Tier 1: Pre-Approved LPPSA/Bank",593060
"LEAD-17953","Amir Kumar #7953","+60130007954","Damansara Heights Residence",8761,1607,21.1,"Tier 1: Pre-Approved LPPSA/Bank",593248
"LEAD-17956","Devi Faizal #7956","+60160007957","SkyResidence Subang",8872,1664,21.6,"Tier 1: Pre-Approved LPPSA/Bank",593437
"LEAD-17959","Grace Hassan #7959","+60190007960","Damansara Heights Residence",8983,1721,22,"Tier 1: Pre-Approved LPPSA/Bank",593625
"LEAD-17962","Nurul Subramaniam #7962","+60140007963","SkyResidence Subang",9094,1778,22.5,"Tier 1: Pre-Approved LPPSA/Bank",593814
"LEAD-17965","Santhi Goh #7965","+60170007966","Damansara Heights Residence",9205,1835,22.9,"Tier 1: Pre-Approved LPPSA/Bank",594002
"LEAD-17968","Sarah Hariz #7968","+60120007969","SkyResidence Subang",9316,1892,23.3,"Tier 1: Pre-Approved LPPSA/Bank",594190
"LEAD-17971","Siti Wei Lun #7971","+60150007972","Damansara Heights Residence",9427,1949,23.8,"Tier 1: Pre-Approved LPPSA/Bank",594379
"LEAD-17974","Syed Ibrahim #7974","+60180007975","SkyResidence Subang",9538,2006,24.2,"Tier 1: Pre-Approved LPPSA/Bank",594567
"LEAD-17977","Azman Chen #7977","+60130007978","Damansara Heights Residence",9649,2063,24.6,"Tier 1: Pre-Approved LPPSA/Bank",594756
"LEAD-17980","Muhammad Nordin #7980","+60160007981","SkyResidence Subang",9760,2120,25,"Tier 1: Pre-Approved LPPSA/Bank",594944
"LEAD-17983","Wong Osman #7983","+60190007984","Damansara Heights Residence",9871,2177,25.4,"Tier 1: Pre-Approved LPPSA/Bank",595132
"LEAD-17986","Mohd Aini #7986","+60140007987","SkyResidence Subang",9982,2234,25.7,"Tier 1: Pre-Approved LPPSA/Bank",595321
"LEAD-17989","Kevin Razif #7989","+60170007990","Damansara Heights Residence",10093,2291,26.1,"Tier 1: Pre-Approved LPPSA/Bank",595509
"LEAD-17992","Razif Lee #7992","+60120007993","SkyResidence Subang",10204,2348,26.4,"Tier 1: Pre-Approved LPPSA/Bank",595698
"LEAD-17995","Chong Zulkifli #7995","+60150007996","Damansara Heights Residence",10315,2405,26.8,"Tier 1: Pre-Approved LPPSA/Bank",595886
"LEAD-17998","Hafiz Rosli #7998","+60180007999","SkyResidence Subang",10426,2462,27.1,"Tier 1: Pre-Approved LPPSA/Bank",596074
"LEAD-18001","Ahmad Kumar #8001","+60130008002","Damansara Heights Residence",10537,2519,27.5,"Tier 1: Pre-Approved LPPSA/Bank",596263
"LEAD-18004","Tan Faizal #8004","+60160008005","SkyResidence Subang",10648,2576,27.8,"Tier 1: Pre-Approved LPPSA/Bank",596451
"LEAD-18007","Farhan Hassan #8007","+60190008008","Damansara Heights Residence",10759,2633,28.1,"Tier 1: Pre-Approved LPPSA/Bank",596640
"LEAD-18010","Jason Subramaniam #8010","+60140008011","SkyResidence Subang",10870,2690,28.4,"Tier 1: Pre-Approved LPPSA/Bank",596828
"LEAD-18013","Amir Goh #8013","+60170008014","Damansara Heights Residence",10981,2747,28.8,"Tier 1: Pre-Approved LPPSA/Bank",597016
"LEAD-18016","Devi Hariz #8016","+60120008017","SkyResidence Subang",11092,2804,29.1,"Tier 1: Pre-Approved LPPSA/Bank",597205
"LEAD-18019","Grace Wei Lun #8019","+60150008020","Damansara Heights Residence",11203,2861,29.4,"Tier 1: Pre-Approved LPPSA/Bank",597393
"LEAD-18022","Nurul Ibrahim #8022","+60180008023","SkyResidence Subang",11314,2918,29.6,"Tier 1: Pre-Approved LPPSA/Bank",597582
"LEAD-18025","Santhi Chen #8025","+60130008026","Damansara Heights Residence",11425,2975,29.9,"Tier 1: Pre-Approved LPPSA/Bank",597770
"LEAD-18028","Sarah Nordin #8028","+60160008029","SkyResidence Subang",11536,3032,30.2,"Tier 1: Pre-Approved LPPSA/Bank",597958
"LEAD-18031","Siti Osman #8031","+60190008032","Damansara Heights Residence",11647,3089,30.5,"Tier 1: Pre-Approved LPPSA/Bank",598147
"LEAD-18034","Syed Aini #8034","+60140008035","SkyResidence Subang",11758,3146,30.8,"Tier 1: Pre-Approved LPPSA/Bank",598335
"LEAD-18037","Azman Razif #8037","+60170008038","Damansara Heights Residence",11869,3203,31,"Tier 1: Pre-Approved LPPSA/Bank",598524
"LEAD-18040","Muhammad Lee #8040","+60120008041","SkyResidence Subang",11980,3260,31.3,"Tier 1: Pre-Approved LPPSA/Bank",598712
"LEAD-18043","Wong Zulkifli #8043","+60150008044","Damansara Heights Residence",3591,3317,106.2,"Tier 4: High Risk DSR",0
"LEAD-18046","Mohd Rosli #8046","+60180008047","SkyResidence Subang",3702,3374,104.8,"Tier 4: High Risk DSR",0
"LEAD-18049","Kevin Kumar #8049","+60130008050","Damansara Heights Residence",3813,3431,103.4,"Tier 4: High Risk DSR",0
"LEAD-18052","Razif Faizal #8052","+60160008053","SkyResidence Subang",3924,3488,102.2,"Tier 4: High Risk DSR",0
"LEAD-18055","Chong Hassan #8055","+60190008056","Damansara Heights Residence",4035,3545,101,"Tier 4: High Risk DSR",0
"LEAD-18058","Hafiz Subramaniam #8058","+60140008059","SkyResidence Subang",4146,3602,99.9,"Tier 4: High Risk DSR",0
"LEAD-18061","Ahmad Goh #8061","+60170008062","Damansara Heights Residence",4257,3659,98.8,"Tier 4: High Risk DSR",0
"LEAD-18064","Tan Hariz #8064","+60120008065","SkyResidence Subang",4368,3716,97.8,"Tier 4: High Risk DSR",0
"LEAD-18067","Farhan Wei Lun #8067","+60150008068","Damansara Heights Residence",4479,3773,96.8,"Tier 4: High Risk DSR",0
"LEAD-18070","Jason Ibrahim #8070","+60180008071","SkyResidence Subang",4590,3830,95.9,"Tier 4: High Risk DSR",0
"LEAD-18073","Amir Chen #8073","+60130008074","Damansara Heights Residence",4701,3887,95,"Tier 4: High Risk DSR",0
"LEAD-18076","Devi Nordin #8076","+60160008077","SkyResidence Subang",4812,3944,94.2,"Tier 4: High Risk DSR",0
"LEAD-18079","Grace Osman #8079","+60190008080","Damansara Heights Residence",4923,4001,93.4,"Tier 4: High Risk DSR",0
"LEAD-18082","Nurul Aini #8082","+60140008083","SkyResidence Subang",5034,4058,92.7,"Tier 4: High Risk DSR",0
"LEAD-18085","Santhi Razif #8085","+60170008086","Damansara Heights Residence",5145,4115,91.9,"Tier 4: High Risk DSR",0
"LEAD-18088","Sarah Lee #8088","+60120008089","SkyResidence Subang",5256,4172,91.2,"Tier 4: High Risk DSR",0
"LEAD-18091","Siti Zulkifli #8091","+60150008092","Damansara Heights Residence",5367,4229,90.6,"Tier 4: High Risk DSR",0
"LEAD-18094","Syed Rosli #8094","+60180008095","SkyResidence Subang",5478,4286,89.9,"Tier 4: High Risk DSR",0
"LEAD-18097","Azman Kumar #8097","+60130008098","Damansara Heights Residence",5589,4343,89.3,"Tier 4: High Risk DSR",0
"LEAD-18100","Muhammad Faizal #8100","+60160008101","SkyResidence Subang",5700,4400,88.7,"Tier 4: High Risk DSR",0
"LEAD-18103","Wong Hassan #8103","+60190008104","Damansara Heights Residence",5811,4457,88.2,"Tier 4: High Risk DSR",0
"LEAD-18106","Mohd Subramaniam #8106","+60140008107","SkyResidence Subang",5922,1014,19.7,"Tier 2: Qualified Bank Loan",415457
"LEAD-18109","Kevin Goh #8109","+60170008110","Damansara Heights Residence",6033,1071,20.4,"Tier 2: Qualified Bank Loan",415645
"LEAD-18112","Razif Hariz #8112","+60120008113","SkyResidence Subang",6144,1128,21.1,"Tier 2: Qualified Bank Loan",415834
"LEAD-18115","Chong Wei Lun #8115","+60150008116","Damansara Heights Residence",6255,1185,21.8,"Tier 2: Qualified Bank Loan",416022
"LEAD-18118","Hafiz Ibrahim #8118","+60180008119","SkyResidence Subang",6366,1242,22.4,"Tier 2: Qualified Bank Loan",416210
"LEAD-18121","Ahmad Chen #8121","+60130008122","Damansara Heights Residence",6477,1299,23.1,"Tier 2: Qualified Bank Loan",416399
"LEAD-18124","Tan Nordin #8124","+60160008125","SkyResidence Subang",6588,1356,23.7,"Tier 1: Pre-Approved LPPSA/Bank",416587
"LEAD-18127","Farhan Osman #8127","+60190008128","Damansara Heights Residence",6699,1413,24.2,"Tier 1: Pre-Approved LPPSA/Bank",416776
"LEAD-18130","Jason Aini #8130","+60140008131","SkyResidence Subang",6810,1470,24.8,"Tier 1: Pre-Approved LPPSA/Bank",416964
"LEAD-18133","Amir Razif #8133","+60170008134","Damansara Heights Residence",6921,1527,25.4,"Tier 1: Pre-Approved LPPSA/Bank",417152
"LEAD-18136","Devi Lee #8136","+60120008137","SkyResidence Subang",7032,1584,25.9,"Tier 1: Pre-Approved LPPSA/Bank",417341
"LEAD-18139","Grace Zulkifli #8139","+60150008140","Damansara Heights Residence",7143,1641,26.4,"Tier 1: Pre-Approved LPPSA/Bank",417529
"LEAD-18142","Nurul Rosli #8142","+60180008143","SkyResidence Subang",7254,1698,26.9,"Tier 1: Pre-Approved LPPSA/Bank",417718
"LEAD-18145","Santhi Kumar #8145","+60130008146","Damansara Heights Residence",7365,1755,27.4,"Tier 1: Pre-Approved LPPSA/Bank",417906
"LEAD-18148","Sarah Faizal #8148","+60160008149","SkyResidence Subang",7476,1812,27.9,"Tier 1: Pre-Approved LPPSA/Bank",418094
"LEAD-18151","Siti Hassan #8151","+60190008152","Damansara Heights Residence",7587,1869,28.3,"Tier 1: Pre-Approved LPPSA/Bank",418283
"LEAD-18154","Syed Subramaniam #8154","+60140008155","SkyResidence Subang",7698,1926,28.8,"Tier 1: Pre-Approved LPPSA/Bank",418471
"LEAD-18157","Azman Goh #8157","+60170008158","Damansara Heights Residence",7809,1983,29.2,"Tier 1: Pre-Approved LPPSA/Bank",418660
"LEAD-18160","Muhammad Hariz #8160","+60120008161","SkyResidence Subang",7920,2040,29.6,"Tier 1: Pre-Approved LPPSA/Bank",418848
"LEAD-18163","Wong Wei Lun #8163","+60150008164","Damansara Heights Residence",8031,2097,30,"Tier 1: Pre-Approved LPPSA/Bank",419036
"LEAD-18166","Mohd Ibrahim #8166","+60180008167","SkyResidence Subang",8142,2154,30.4,"Tier 1: Pre-Approved LPPSA/Bank",419225
"LEAD-18169","Kevin Chen #8169","+60130008170","Damansara Heights Residence",8253,2211,30.8,"Tier 1: Pre-Approved LPPSA/Bank",419413
"LEAD-18172","Razif Nordin #8172","+60160008173","SkyResidence Subang",8364,2268,31.2,"Tier 1: Pre-Approved LPPSA/Bank",419602
"LEAD-18175","Chong Osman #8175","+60190008176","Damansara Heights Residence",8475,2325,31.5,"Tier 1: Pre-Approved LPPSA/Bank",419790
"LEAD-18178","Hafiz Aini #8178","+60140008179","SkyResidence Subang",8586,2382,31.9,"Tier 1: Pre-Approved LPPSA/Bank",419978
"LEAD-18181","Ahmad Razif #8181","+60170008182","Damansara Heights Residence",8697,2439,32.2,"Tier 1: Pre-Approved LPPSA/Bank",420167
"LEAD-18184","Tan Lee #8184","+60120008185","SkyResidence Subang",8808,2496,32.6,"Tier 1: Pre-Approved LPPSA/Bank",420355
"LEAD-18187","Farhan Zulkifli #8187","+60150008188","Damansara Heights Residence",8919,2553,32.9,"Tier 1: Pre-Approved LPPSA/Bank",420544
"LEAD-18190","Jason Rosli #8190","+60180008191","SkyResidence Subang",9030,2610,33.2,"Tier 1: Pre-Approved LPPSA/Bank",420732
"LEAD-18193","Amir Kumar #8193","+60130008194","Damansara Heights Residence",9141,2667,33.5,"Tier 1: Pre-Approved LPPSA/Bank",420920
"LEAD-18196","Devi Faizal #8196","+60160008197","SkyResidence Subang",9252,2724,33.8,"Tier 1: Pre-Approved LPPSA/Bank",421109
"LEAD-18199","Grace Hassan #8199","+60190008200","Damansara Heights Residence",9363,2781,34.1,"Tier 1: Pre-Approved LPPSA/Bank",421297
"LEAD-18202","Nurul Subramaniam #8202","+60140008203","SkyResidence Subang",9474,2838,34.4,"Tier 1: Pre-Approved LPPSA/Bank",421486
"LEAD-18205","Santhi Goh #8205","+60170008206","Damansara Heights Residence",9585,2895,34.7,"Tier 1: Pre-Approved LPPSA/Bank",421674
"LEAD-18208","Sarah Hariz #8208","+60120008209","SkyResidence Subang",9696,2952,35,"Tier 1: Pre-Approved LPPSA/Bank",421862
"LEAD-18211","Siti Wei Lun #8211","+60150008212","Damansara Heights Residence",9807,3009,35.3,"Tier 1: Pre-Approved LPPSA/Bank",422051
"LEAD-18214","Syed Ibrahim #8214","+60180008215","SkyResidence Subang",9918,3066,35.5,"Tier 1: Pre-Approved LPPSA/Bank",422239
"LEAD-18217","Azman Chen #8217","+60130008218","Damansara Heights Residence",10029,3123,35.8,"Tier 1: Pre-Approved LPPSA/Bank",422428
"LEAD-18220","Muhammad Nordin #8220","+60160008221","SkyResidence Subang",10140,3180,36,"Tier 1: Pre-Approved LPPSA/Bank",422616
"LEAD-18223","Wong Osman #8223","+60190008224","Damansara Heights Residence",10251,3237,36.3,"Tier 1: Pre-Approved LPPSA/Bank",422804
"LEAD-18226","Mohd Aini #8226","+60140008227","SkyResidence Subang",10362,3294,36.5,"Tier 1: Pre-Approved LPPSA/Bank",422993
"LEAD-18229","Kevin Razif #8229","+60170008230","Damansara Heights Residence",10473,3351,36.8,"Tier 1: Pre-Approved LPPSA/Bank",423181
"LEAD-18232","Razif Lee #8232","+60120008233","SkyResidence Subang",10584,3408,37,"Tier 1: Pre-Approved LPPSA/Bank",423370
"LEAD-18235","Chong Zulkifli #8235","+60150008236","Damansara Heights Residence",10695,3465,37.2,"Tier 1: Pre-Approved LPPSA/Bank",423558
"LEAD-18238","Hafiz Rosli #8238","+60180008239","SkyResidence Subang",10806,3522,37.5,"Tier 1: Pre-Approved LPPSA/Bank",423746
"LEAD-18241","Ahmad Kumar #8241","+60130008242","Damansara Heights Residence",10917,3579,37.7,"Tier 1: Pre-Approved LPPSA/Bank",423935
"LEAD-18244","Tan Faizal #8244","+60160008245","SkyResidence Subang",11028,3636,37.9,"Tier 1: Pre-Approved LPPSA/Bank",424123
"LEAD-18247","Farhan Hassan #8247","+60190008248","Damansara Heights Residence",11139,3693,38.1,"Tier 1: Pre-Approved LPPSA/Bank",424312
"LEAD-18250","Jason Subramaniam #8250","+60140008251","SkyResidence Subang",11250,3750,38.3,"Tier 1: Pre-Approved LPPSA/Bank",424500
"LEAD-18253","Amir Goh #8253","+60170008254","Damansara Heights Residence",11361,3807,38.5,"Tier 1: Pre-Approved LPPSA/Bank",424688
"LEAD-18256","Devi Hariz #8256","+60120008257","SkyResidence Subang",11472,3864,38.7,"Tier 1: Pre-Approved LPPSA/Bank",424877
"LEAD-18259","Grace Wei Lun #8259","+60150008260","Damansara Heights Residence",11583,3921,38.9,"Tier 1: Pre-Approved LPPSA/Bank",425065
"LEAD-18262","Nurul Ibrahim #8262","+60180008263","SkyResidence Subang",11694,3978,39.1,"Tier 1: Pre-Approved LPPSA/Bank",425254
"LEAD-18265","Santhi Chen #8265","+60130008266","Damansara Heights Residence",11805,4035,39.3,"Tier 1: Pre-Approved LPPSA/Bank",425442
"LEAD-18268","Sarah Nordin #8268","+60160008269","SkyResidence Subang",11916,4092,39.5,"Tier 1: Pre-Approved LPPSA/Bank",425630
"LEAD-18271","Siti Osman #8271","+60190008272","Damansara Heights Residence",3527,4149,135.2,"Tier 4: High Risk DSR",0
"LEAD-18274","Syed Aini #8274","+60140008275","SkyResidence Subang",3638,4206,132.9,"Tier 4: High Risk DSR",0
"LEAD-18277","Azman Razif #8277","+60170008278","Damansara Heights Residence",3749,4263,130.7,"Tier 4: High Risk DSR",0
"LEAD-18280","Muhammad Lee #8280","+60120008281","SkyResidence Subang",3860,4320,128.6,"Tier 4: High Risk DSR",0
"LEAD-18283","Wong Zulkifli #8283","+60150008284","Damansara Heights Residence",3971,4377,126.7,"Tier 4: High Risk DSR",0
"LEAD-18286","Mohd Rosli #8286","+60180008287","SkyResidence Subang",4082,4434,124.9,"Tier 4: High Risk DSR",0
"LEAD-18289","Kevin Kumar #8289","+60130008290","Damansara Heights Residence",4193,4491,123.1,"Tier 4: High Risk DSR",0
"LEAD-18292","Razif Faizal #8292","+60160008293","SkyResidence Subang",4304,1048,28,"Tier 3: Joint Loan Needed",239738
"LEAD-18295","Chong Hassan #8295","+60190008296","Damansara Heights Residence",4415,1105,28.8,"Tier 3: Joint Loan Needed",239926
"LEAD-18298","Hafiz Subramaniam #8298","+60140008299","SkyResidence Subang",4526,1162,29.5,"Tier 2: Qualified Bank Loan",240114
"LEAD-18301","Ahmad Goh #8301","+60170008302","Damansara Heights Residence",4637,1219,30.2,"Tier 2: Qualified Bank Loan",240303
"LEAD-18304","Tan Hariz #8304","+60120008305","SkyResidence Subang",4748,1276,30.9,"Tier 2: Qualified Bank Loan",240491
"LEAD-18307","Farhan Wei Lun #8307","+60150008308","Damansara Heights Residence",4859,1333,31.5,"Tier 2: Qualified Bank Loan",240680
"LEAD-18310","Jason Ibrahim #8310","+60180008311","SkyResidence Subang",4970,1390,32.1,"Tier 2: Qualified Bank Loan",240868
"LEAD-18313","Amir Chen #8313","+60130008314","Damansara Heights Residence",5081,1447,32.7,"Tier 2: Qualified Bank Loan",241056
"LEAD-18316","Devi Nordin #8316","+60160008317","SkyResidence Subang",5192,1504,33.3,"Tier 2: Qualified Bank Loan",241245
"LEAD-18319","Grace Osman #8319","+60190008320","Damansara Heights Residence",5303,1561,33.8,"Tier 2: Qualified Bank Loan",241433
"LEAD-18322","Nurul Aini #8322","+60140008323","SkyResidence Subang",5414,1618,34.4,"Tier 2: Qualified Bank Loan",241622
"LEAD-18325","Santhi Razif #8325","+60170008326","Damansara Heights Residence",5525,1675,34.8,"Tier 2: Qualified Bank Loan",241810
"LEAD-18328","Sarah Lee #8328","+60120008329","SkyResidence Subang",5636,1732,35.3,"Tier 2: Qualified Bank Loan",241998
"LEAD-18331","Siti Zulkifli #8331","+60150008332","Damansara Heights Residence",5747,1789,35.8,"Tier 2: Qualified Bank Loan",242187
"LEAD-18334","Syed Rosli #8334","+60180008335","SkyResidence Subang",5858,1846,36.2,"Tier 2: Qualified Bank Loan",242375
"LEAD-18337","Azman Kumar #8337","+60130008338","Damansara Heights Residence",5969,1903,36.6,"Tier 2: Qualified Bank Loan",242564
"LEAD-18340","Muhammad Faizal #8340","+60160008341","SkyResidence Subang",6080,1960,37.1,"Tier 2: Qualified Bank Loan",242752
"LEAD-18343","Wong Hassan #8343","+60190008344","Damansara Heights Residence",6191,2017,37.4,"Tier 2: Qualified Bank Loan",242940
"LEAD-18346","Mohd Subramaniam #8346","+60140008347","SkyResidence Subang",6302,2074,37.8,"Tier 2: Qualified Bank Loan",243129
"LEAD-18349","Kevin Goh #8349","+60170008350","Damansara Heights Residence",6413,2131,38.2,"Tier 2: Qualified Bank Loan",243317
"LEAD-18352","Razif Hariz #8352","+60120008353","SkyResidence Subang",6524,2188,38.5,"Tier 1: Pre-Approved LPPSA/Bank",243506
"LEAD-18355","Chong Wei Lun #8355","+60150008356","Damansara Heights Residence",6635,2245,38.9,"Tier 1: Pre-Approved LPPSA/Bank",243694
"LEAD-18358","Hafiz Ibrahim #8358","+60180008359","SkyResidence Subang",6746,2302,39.2,"Tier 1: Pre-Approved LPPSA/Bank",243882
"LEAD-18361","Ahmad Chen #8361","+60130008362","Damansara Heights Residence",6857,2359,39.5,"Tier 1: Pre-Approved LPPSA/Bank",244071
"LEAD-18364","Tan Nordin #8364","+60160008365","SkyResidence Subang",6968,2416,39.9,"Tier 1: Pre-Approved LPPSA/Bank",244259
"LEAD-18367","Farhan Osman #8367","+60190008368","Damansara Heights Residence",7079,2473,40.2,"Tier 1: Pre-Approved LPPSA/Bank",244448
"LEAD-18370","Jason Aini #8370","+60140008371","SkyResidence Subang",7190,2530,40.4,"Tier 1: Pre-Approved LPPSA/Bank",244636
"LEAD-18373","Amir Razif #8373","+60170008374","Damansara Heights Residence",7301,2587,40.7,"Tier 1: Pre-Approved LPPSA/Bank",244824
"LEAD-18376","Devi Lee #8376","+60120008377","SkyResidence Subang",7412,2644,41,"Tier 1: Pre-Approved LPPSA/Bank",245013
"LEAD-18379","Grace Zulkifli #8379","+60150008380","Damansara Heights Residence",7523,2701,41.3,"Tier 1: Pre-Approved LPPSA/Bank",245201
"LEAD-18382","Nurul Rosli #8382","+60180008383","SkyResidence Subang",7634,2758,41.5,"Tier 1: Pre-Approved LPPSA/Bank",245390
"LEAD-18385","Santhi Kumar #8385","+60130008386","Damansara Heights Residence",7745,2815,41.8,"Tier 1: Pre-Approved LPPSA/Bank",245578
"LEAD-18388","Sarah Faizal #8388","+60160008389","SkyResidence Subang",7856,2872,42,"Tier 1: Pre-Approved LPPSA/Bank",245766
"LEAD-18391","Siti Hassan #8391","+60190008392","Damansara Heights Residence",7967,2929,42.3,"Tier 1: Pre-Approved LPPSA/Bank",245955
"LEAD-18394","Syed Subramaniam #8394","+60140008395","SkyResidence Subang",8078,2986,42.5,"Tier 1: Pre-Approved LPPSA/Bank",246143
"LEAD-18397","Azman Goh #8397","+60170008398","Damansara Heights Residence",8189,3043,42.7,"Tier 1: Pre-Approved LPPSA/Bank",246332
"LEAD-18400","Muhammad Hariz #8400","+60120008401","SkyResidence Subang",8300,3100,42.9,"Tier 1: Pre-Approved LPPSA/Bank",246520
"LEAD-18403","Wong Wei Lun #8403","+60150008404","Damansara Heights Residence",8411,3157,43.1,"Tier 1: Pre-Approved LPPSA/Bank",246708
"LEAD-18406","Mohd Ibrahim #8406","+60180008407","SkyResidence Subang",8522,3214,43.3,"Tier 1: Pre-Approved LPPSA/Bank",246897
"LEAD-18409","Kevin Chen #8409","+60130008410","Damansara Heights Residence",8633,3271,43.6,"Tier 1: Pre-Approved LPPSA/Bank",247085
"LEAD-18412","Razif Nordin #8412","+60160008413","SkyResidence Subang",8744,3328,43.7,"Tier 1: Pre-Approved LPPSA/Bank",247274
"LEAD-18415","Chong Osman #8415","+60190008416","Damansara Heights Residence",8855,3385,43.9,"Tier 1: Pre-Approved LPPSA/Bank",247462
"LEAD-18418","Hafiz Aini #8418","+60140008419","SkyResidence Subang",8966,3442,44.1,"Tier 1: Pre-Approved LPPSA/Bank",247650
"LEAD-18421","Ahmad Razif #8421","+60170008422","Damansara Heights Residence",9077,3499,44.3,"Tier 1: Pre-Approved LPPSA/Bank",247839
"LEAD-18424","Tan Lee #8424","+60120008425","SkyResidence Subang",9188,3556,44.5,"Tier 1: Pre-Approved LPPSA/Bank",248027
"LEAD-18427","Farhan Zulkifli #8427","+60150008428","Damansara Heights Residence",9299,3613,44.7,"Tier 1: Pre-Approved LPPSA/Bank",248216
"LEAD-18430","Jason Rosli #8430","+60180008431","SkyResidence Subang",9410,3670,44.8,"Tier 1: Pre-Approved LPPSA/Bank",248404
"LEAD-18433","Amir Kumar #8433","+60130008434","Damansara Heights Residence",9521,3727,45,"Tier 1: Pre-Approved LPPSA/Bank",248592
"LEAD-18436","Devi Faizal #8436","+60160008437","SkyResidence Subang",9632,3784,45.2,"Tier 2: Qualified Bank Loan",248781
"LEAD-18439","Grace Hassan #8439","+60190008440","Damansara Heights Residence",9743,3841,45.3,"Tier 2: Qualified Bank Loan",248969
"LEAD-18442","Nurul Subramaniam #8442","+60140008443","SkyResidence Subang",9854,3898,45.5,"Tier 2: Qualified Bank Loan",249158
"LEAD-18445","Santhi Goh #8445","+60170008446","Damansara Heights Residence",9965,3955,45.6,"Tier 2: Qualified Bank Loan",249346
"LEAD-18448","Sarah Hariz #8448","+60120008449","SkyResidence Subang",10076,4012,45.8,"Tier 2: Qualified Bank Loan",249534
"LEAD-18451","Siti Wei Lun #8451","+60150008452","Damansara Heights Residence",10187,4069,45.9,"Tier 2: Qualified Bank Loan",249723
"LEAD-18454","Syed Ibrahim #8454","+60180008455","SkyResidence Subang",10298,4126,46.1,"Tier 2: Qualified Bank Loan",249911
"LEAD-18457","Azman Chen #8457","+60130008458","Damansara Heights Residence",10409,4183,46.2,"Tier 2: Qualified Bank Loan",250100
"LEAD-18460","Muhammad Nordin #8460","+60160008461","SkyResidence Subang",10520,4240,46.3,"Tier 2: Qualified Bank Loan",250288
"LEAD-18463","Wong Osman #8463","+60190008464","Damansara Heights Residence",10631,4297,46.5,"Tier 2: Qualified Bank Loan",250476
"LEAD-18466","Mohd Aini #8466","+60140008467","SkyResidence Subang",10742,4354,46.6,"Tier 2: Qualified Bank Loan",250665
"LEAD-18469","Kevin Razif #8469","+60170008470","Damansara Heights Residence",10853,4411,46.7,"Tier 2: Qualified Bank Loan",250853
"LEAD-18472","Razif Lee #8472","+60120008473","SkyResidence Subang",10964,4468,46.8,"Tier 2: Qualified Bank Loan",251042
"LEAD-18475","Chong Zulkifli #8475","+60150008476","Damansara Heights Residence",11075,1025,10.6,"Tier 1: Pre-Approved LPPSA/Bank",951230
"LEAD-18478","Hafiz Rosli #8478","+60180008479","SkyResidence Subang",11186,1082,11.1,"Tier 1: Pre-Approved LPPSA/Bank",951418
"LEAD-18481","Ahmad Kumar #8481","+60130008482","Damansara Heights Residence",11297,1139,11.6,"Tier 1: Pre-Approved LPPSA/Bank",951607
"LEAD-18484","Tan Faizal #8484","+60160008485","SkyResidence Subang",11408,1196,12.1,"Tier 1: Pre-Approved LPPSA/Bank",951795
"LEAD-18487","Farhan Hassan #8487","+60190008488","Damansara Heights Residence",11519,1253,12.5,"Tier 1: Pre-Approved LPPSA/Bank",951984
"LEAD-18490","Jason Subramaniam #8490","+60140008491","SkyResidence Subang",11630,1310,12.9,"Tier 1: Pre-Approved LPPSA/Bank",952172
"LEAD-18493","Amir Goh #8493","+60170008494","Damansara Heights Residence",11741,1367,13.4,"Tier 1: Pre-Approved LPPSA/Bank",952360
"LEAD-18496","Devi Hariz #8496","+60120008497","SkyResidence Subang",11852,1424,13.8,"Tier 1: Pre-Approved LPPSA/Bank",952549
"LEAD-18499","Grace Wei Lun #8499","+60150008500","Damansara Heights Residence",11963,1481,14.2,"Tier 1: Pre-Approved LPPSA/Bank",952737
"LEAD-18502","Nurul Ibrahim #8502","+60180008503","SkyResidence Subang",3574,1538,49.5,"Tier 3: Joint Loan Needed",65526
"LEAD-18505","Santhi Chen #8505","+60130008506","Damansara Heights Residence",3685,1595,49.8,"Tier 3: Joint Loan Needed",65714
"LEAD-18508","Sarah Nordin #8508","+60160008509","SkyResidence Subang",3796,1652,50,"Tier 3: Joint Loan Needed",65902
"LEAD-18511","Siti Osman #8511","+60190008512","Damansara Heights Residence",3907,1709,50.3,"Tier 3: Joint Loan Needed",66091
"LEAD-18514","Syed Aini #8514","+60140008515","SkyResidence Subang",4018,1766,50.5,"Tier 3: Joint Loan Needed",66279
"LEAD-18517","Azman Razif #8517","+60170008518","Damansara Heights Residence",4129,1823,50.7,"Tier 3: Joint Loan Needed",66468
"LEAD-18520","Muhammad Lee #8520","+60120008521","SkyResidence Subang",4240,1880,51,"Tier 3: Joint Loan Needed",66656
"LEAD-18523","Wong Zulkifli #8523","+60150008524","Damansara Heights Residence",4351,1937,51.2,"Tier 3: Joint Loan Needed",66844
"LEAD-18526","Mohd Rosli #8526","+60180008527","SkyResidence Subang",4462,1994,51.4,"Tier 3: Joint Loan Needed",67033
"LEAD-18529","Kevin Kumar #8529","+60130008530","Damansara Heights Residence",4573,2051,51.6,"Tier 2: Qualified Bank Loan",67221
"LEAD-18532","Razif Faizal #8532","+60160008533","SkyResidence Subang",4684,2108,51.7,"Tier 2: Qualified Bank Loan",67410
"LEAD-18535","Chong Hassan #8535","+60190008536","Damansara Heights Residence",4795,2165,51.9,"Tier 2: Qualified Bank Loan",67598
"LEAD-18538","Hafiz Subramaniam #8538","+60140008539","SkyResidence Subang",4906,2222,52.1,"Tier 2: Qualified Bank Loan",67786
"LEAD-18541","Ahmad Goh #8541","+60170008542","Damansara Heights Residence",5017,2279,52.2,"Tier 2: Qualified Bank Loan",67975
"LEAD-18544","Tan Hariz #8544","+60120008545","SkyResidence Subang",5128,2336,52.4,"Tier 2: Qualified Bank Loan",68163
"LEAD-18547","Farhan Wei Lun #8547","+60150008548","Damansara Heights Residence",5239,2393,52.5,"Tier 2: Qualified Bank Loan",68352
"LEAD-18550","Jason Ibrahim #8550","+60180008551","SkyResidence Subang",5350,2450,52.6,"Tier 2: Qualified Bank Loan",68540
"LEAD-18553","Amir Chen #8553","+60130008554","Damansara Heights Residence",5461,2507,52.8,"Tier 2: Qualified Bank Loan",68728
"LEAD-18556","Devi Nordin #8556","+60160008557","SkyResidence Subang",5572,2564,52.9,"Tier 2: Qualified Bank Loan",68917
"LEAD-18559","Grace Osman #8559","+60190008560","Damansara Heights Residence",5683,2621,53,"Tier 2: Qualified Bank Loan",69105
"LEAD-18562","Nurul Aini #8562","+60140008563","SkyResidence Subang",5794,2678,53.1,"Tier 2: Qualified Bank Loan",69294
"LEAD-18565","Santhi Razif #8565","+60170008566","Damansara Heights Residence",5905,2735,53.2,"Tier 2: Qualified Bank Loan",69482
"LEAD-18568","Sarah Lee #8568","+60120008569","SkyResidence Subang",6016,2792,53.3,"Tier 2: Qualified Bank Loan",69670
"LEAD-18571","Siti Zulkifli #8571","+60150008572","Damansara Heights Residence",6127,2849,53.4,"Tier 2: Qualified Bank Loan",69859
"LEAD-18574","Syed Rosli #8574","+60180008575","SkyResidence Subang",6238,2906,53.5,"Tier 2: Qualified Bank Loan",70047
"LEAD-18577","Azman Kumar #8577","+60130008578","Damansara Heights Residence",6349,2963,53.6,"Tier 2: Qualified Bank Loan",70236
"LEAD-18580","Muhammad Faizal #8580","+60160008581","SkyResidence Subang",6460,3020,53.7,"Tier 2: Qualified Bank Loan",70424
"LEAD-18583","Wong Hassan #8583","+60190008584","Damansara Heights Residence",6571,3077,53.8,"Tier 2: Qualified Bank Loan",70612
"LEAD-18586","Mohd Subramaniam #8586","+60140008587","SkyResidence Subang",6682,3134,53.9,"Tier 2: Qualified Bank Loan",70801
"LEAD-18589","Kevin Goh #8589","+60170008590","Damansara Heights Residence",6793,3191,54,"Tier 2: Qualified Bank Loan",70989
"LEAD-18592","Razif Hariz #8592","+60120008593","SkyResidence Subang",6904,3248,54.1,"Tier 2: Qualified Bank Loan",71178
"LEAD-18595","Chong Wei Lun #8595","+60150008596","Damansara Heights Residence",7015,3305,54.2,"Tier 2: Qualified Bank Loan",71366
"LEAD-18598","Hafiz Ibrahim #8598","+60180008599","SkyResidence Subang",7126,3362,54.2,"Tier 2: Qualified Bank Loan",71554
"LEAD-18601","Ahmad Chen #8601","+60130008602","Damansara Heights Residence",7237,3419,54.3,"Tier 2: Qualified Bank Loan",71743
"LEAD-18604","Tan Nordin #8604","+60160008605","SkyResidence Subang",7348,3476,54.4,"Tier 2: Qualified Bank Loan",71931
"LEAD-18607","Farhan Osman #8607","+60190008608","Damansara Heights Residence",7459,3533,54.4,"Tier 2: Qualified Bank Loan",72120
"LEAD-18610","Jason Aini #8610","+60140008611","SkyResidence Subang",7570,3590,54.5,"Tier 2: Qualified Bank Loan",72308
"LEAD-18613","Amir Razif #8613","+60170008614","Damansara Heights Residence",7681,3647,54.6,"Tier 2: Qualified Bank Loan",72496
"LEAD-18616","Devi Lee #8616","+60120008617","SkyResidence Subang",7792,3704,54.6,"Tier 2: Qualified Bank Loan",72685
"LEAD-18619","Grace Zulkifli #8619","+60150008620","Damansara Heights Residence",7903,3761,54.7,"Tier 2: Qualified Bank Loan",72873
"LEAD-18622","Nurul Rosli #8622","+60180008623","SkyResidence Subang",8014,3818,54.8,"Tier 2: Qualified Bank Loan",73062
"LEAD-18625","Santhi Kumar #8625","+60130008626","Damansara Heights Residence",8125,3875,54.8,"Tier 2: Qualified Bank Loan",73250
"LEAD-18628","Sarah Faizal #8628","+60160008629","SkyResidence Subang",8236,3932,54.9,"Tier 2: Qualified Bank Loan",73438
"LEAD-18631","Siti Hassan #8631","+60190008632","Damansara Heights Residence",8347,3989,54.9,"Tier 2: Qualified Bank Loan",73627
"LEAD-18634","Syed Subramaniam #8634","+60140008635","SkyResidence Subang",8458,4046,55,"Tier 2: Qualified Bank Loan",73815
"LEAD-18637","Azman Goh #8637","+60170008638","Damansara Heights Residence",8569,4103,55,"Tier 2: Qualified Bank Loan",74004
"LEAD-18640","Muhammad Hariz #8640","+60120008641","SkyResidence Subang",8680,4160,55.1,"Tier 2: Qualified Bank Loan",74192
"LEAD-18643","Wong Wei Lun #8643","+60150008644","Damansara Heights Residence",8791,4217,55.1,"Tier 2: Qualified Bank Loan",74380
"LEAD-18646","Mohd Ibrahim #8646","+60180008647","SkyResidence Subang",8902,4274,55.2,"Tier 2: Qualified Bank Loan",74569
"LEAD-18649","Kevin Chen #8649","+60130008650","Damansara Heights Residence",9013,4331,55.2,"Tier 2: Qualified Bank Loan",74757
"LEAD-18652","Razif Nordin #8652","+60160008653","SkyResidence Subang",9124,4388,55.3,"Tier 2: Qualified Bank Loan",74946
"LEAD-18655","Chong Osman #8655","+60190008656","Damansara Heights Residence",9235,4445,55.3,"Tier 2: Qualified Bank Loan",75134
"LEAD-18658","Hafiz Aini #8658","+60140008659","SkyResidence Subang",9346,1002,12.3,"Tier 1: Pre-Approved LPPSA/Bank",775322
"LEAD-18661","Ahmad Razif #8661","+60170008662","Damansara Heights Residence",9457,1059,12.9,"Tier 1: Pre-Approved LPPSA/Bank",775511
"LEAD-18664","Tan Lee #8664","+60120008665","SkyResidence Subang",9568,1116,13.4,"Tier 1: Pre-Approved LPPSA/Bank",775699
"LEAD-18667","Farhan Zulkifli #8667","+60150008668","Damansara Heights Residence",9679,1173,13.9,"Tier 1: Pre-Approved LPPSA/Bank",775888
"LEAD-18670","Jason Rosli #8670","+60180008671","SkyResidence Subang",9790,1230,14.4,"Tier 1: Pre-Approved LPPSA/Bank",776076
"LEAD-18673","Amir Kumar #8673","+60130008674","Damansara Heights Residence",9901,1287,14.9,"Tier 1: Pre-Approved LPPSA/Bank",776264
"LEAD-18676","Devi Faizal #8676","+60160008677","SkyResidence Subang",10012,1344,15.4,"Tier 1: Pre-Approved LPPSA/Bank",776453
"LEAD-18679","Grace Hassan #8679","+60190008680","Damansara Heights Residence",10123,1401,15.9,"Tier 1: Pre-Approved LPPSA/Bank",776641
"LEAD-18682","Nurul Subramaniam #8682","+60140008683","SkyResidence Subang",10234,1458,16.4,"Tier 1: Pre-Approved LPPSA/Bank",776830
"LEAD-18685","Santhi Goh #8685","+60170008686","Damansara Heights Residence",10345,1515,16.8,"Tier 1: Pre-Approved LPPSA/Bank",777018
"LEAD-18688","Sarah Hariz #8688","+60120008689","SkyResidence Subang",10456,1572,17.3,"Tier 1: Pre-Approved LPPSA/Bank",777206
"LEAD-18691","Siti Wei Lun #8691","+60150008692","Damansara Heights Residence",10567,1629,17.7,"Tier 1: Pre-Approved LPPSA/Bank",777395
"LEAD-18694","Syed Ibrahim #8694","+60180008695","SkyResidence Subang",10678,1686,18.1,"Tier 1: Pre-Approved LPPSA/Bank",777583
"LEAD-18697","Azman Chen #8697","+60130008698","Damansara Heights Residence",10789,1743,18.6,"Tier 1: Pre-Approved LPPSA/Bank",777772
"LEAD-18700","Muhammad Nordin #8700","+60160008701","SkyResidence Subang",10900,1800,19,"Tier 1: Pre-Approved LPPSA/Bank",777960
"LEAD-18703","Wong Osman #8703","+60190008704","Damansara Heights Residence",11011,1857,19.4,"Tier 1: Pre-Approved LPPSA/Bank",778148
"LEAD-18706","Mohd Aini #8706","+60140008707","SkyResidence Subang",11122,1914,19.8,"Tier 1: Pre-Approved LPPSA/Bank",778337
"LEAD-18709","Kevin Razif #8709","+60170008710","Damansara Heights Residence",11233,1971,20.2,"Tier 1: Pre-Approved LPPSA/Bank",778525
"LEAD-18712","Razif Lee #8712","+60120008713","SkyResidence Subang",11344,2028,20.5,"Tier 1: Pre-Approved LPPSA/Bank",778714
"LEAD-18715","Chong Zulkifli #8715","+60150008716","Damansara Heights Residence",11455,2085,20.9,"Tier 1: Pre-Approved LPPSA/Bank",778902
"LEAD-18718","Hafiz Rosli #8718","+60180008719","SkyResidence Subang",11566,2142,21.3,"Tier 1: Pre-Approved LPPSA/Bank",779090
"LEAD-18721","Ahmad Kumar #8721","+60130008722","Damansara Heights Residence",11677,2199,21.6,"Tier 1: Pre-Approved LPPSA/Bank",779279
"LEAD-18724","Tan Faizal #8724","+60160008725","SkyResidence Subang",11788,2256,22,"Tier 1: Pre-Approved LPPSA/Bank",779467
"LEAD-18727","Farhan Hassan #8727","+60190008728","Damansara Heights Residence",11899,2313,22.3,"Tier 1: Pre-Approved LPPSA/Bank",779656
"LEAD-18730","Jason Subramaniam #8730","+60140008731","SkyResidence Subang",3510,2370,77.6,"Tier 4: High Risk DSR",0
"LEAD-18733","Amir Goh #8733","+60170008734","Damansara Heights Residence",3621,2427,77,"Tier 4: High Risk DSR",0
"LEAD-18736","Devi Hariz #8736","+60120008737","SkyResidence Subang",3732,2484,76.5,"Tier 4: High Risk DSR",0
"LEAD-18739","Grace Wei Lun #8739","+60150008740","Damansara Heights Residence",3843,2541,76,"Tier 4: High Risk DSR",0
"LEAD-18742","Nurul Ibrahim #8742","+60180008743","SkyResidence Subang",3954,2598,75.5,"Tier 4: High Risk DSR",0
"LEAD-18745","Santhi Chen #8745","+60130008746","Damansara Heights Residence",4065,2655,75.1,"Tier 4: High Risk DSR",0
"LEAD-18748","Sarah Nordin #8748","+60160008749","SkyResidence Subang",4176,2712,74.6,"Tier 3: Joint Loan Needed",0
"LEAD-18751","Siti Osman #8751","+60190008752","Damansara Heights Residence",4287,2769,74.2,"Tier 3: Joint Loan Needed",0
"LEAD-18754","Syed Aini #8754","+60140008755","SkyResidence Subang",4398,2826,73.9,"Tier 3: Joint Loan Needed",0
"LEAD-18757","Azman Razif #8757","+60170008758","Damansara Heights Residence",4509,2883,73.5,"Tier 3: Joint Loan Needed",0
"LEAD-18760","Muhammad Lee #8760","+60120008761","SkyResidence Subang",4620,2940,73.1,"Tier 3: Joint Loan Needed",0
"LEAD-18763","Wong Zulkifli #8763","+60150008764","Damansara Heights Residence",4731,2997,72.8,"Tier 3: Joint Loan Needed",0
"LEAD-18766","Mohd Rosli #8766","+60180008767","SkyResidence Subang",4842,3054,72.5,"Tier 3: Joint Loan Needed",0
"LEAD-18769","Kevin Kumar #8769","+60130008770","Damansara Heights Residence",4953,3111,72.2,"Tier 3: Joint Loan Needed",0
"LEAD-18772","Razif Faizal #8772","+60160008773","SkyResidence Subang",5064,3168,71.9,"Tier 3: Joint Loan Needed",0
"LEAD-18775","Chong Hassan #8775","+60190008776","Damansara Heights Residence",5175,3225,71.6,"Tier 3: Joint Loan Needed",0
"LEAD-18778","Hafiz Subramaniam #8778","+60140008779","SkyResidence Subang",5286,3282,71.4,"Tier 3: Joint Loan Needed",0
"LEAD-18781","Ahmad Goh #8781","+60170008782","Damansara Heights Residence",5397,3339,71.1,"Tier 3: Joint Loan Needed",0
"LEAD-18784","Tan Hariz #8784","+60120008785","SkyResidence Subang",5508,3396,70.9,"Tier 3: Joint Loan Needed",0
"LEAD-18787","Farhan Wei Lun #8787","+60150008788","Damansara Heights Residence",5619,3453,70.6,"Tier 3: Joint Loan Needed",0
"LEAD-18790","Jason Ibrahim #8790","+60180008791","SkyResidence Subang",5730,3510,70.4,"Tier 3: Joint Loan Needed",0
"LEAD-18793","Amir Chen #8793","+60130008794","Damansara Heights Residence",5841,3567,70.2,"Tier 3: Joint Loan Needed",0
"LEAD-18796","Devi Nordin #8796","+60160008797","SkyResidence Subang",5952,3624,70,"Tier 3: Joint Loan Needed",0
"LEAD-18799","Grace Osman #8799","+60190008800","Damansara Heights Residence",6063,3681,69.8,"Tier 3: Joint Loan Needed",0
"LEAD-18802","Nurul Aini #8802","+60140008803","SkyResidence Subang",6174,3738,69.6,"Tier 3: Joint Loan Needed",0
"LEAD-18805","Santhi Razif #8805","+60170008806","Damansara Heights Residence",6285,3795,69.4,"Tier 3: Joint Loan Needed",0
"LEAD-18808","Sarah Lee #8808","+60120008809","SkyResidence Subang",6396,3852,69.2,"Tier 3: Joint Loan Needed",0
"LEAD-18811","Siti Zulkifli #8811","+60150008812","Damansara Heights Residence",6507,3909,69.1,"Tier 3: Joint Loan Needed",0
"LEAD-18814","Syed Rosli #8814","+60180008815","SkyResidence Subang",6618,3966,68.9,"Tier 3: Joint Loan Needed",0
"LEAD-18817","Azman Kumar #8817","+60130008818","Damansara Heights Residence",6729,4023,68.7,"Tier 3: Joint Loan Needed",0
"LEAD-18820","Muhammad Faizal #8820","+60160008821","SkyResidence Subang",6840,4080,68.6,"Tier 3: Joint Loan Needed",0
"LEAD-18823","Wong Hassan #8823","+60190008824","Damansara Heights Residence",6951,4137,68.4,"Tier 3: Joint Loan Needed",0
"LEAD-18826","Mohd Subramaniam #8826","+60140008827","SkyResidence Subang",7062,4194,68.3,"Tier 3: Joint Loan Needed",0
"LEAD-18829","Kevin Goh #8829","+60170008830","Damansara Heights Residence",7173,4251,68.1,"Tier 3: Joint Loan Needed",0
"LEAD-18832","Razif Hariz #8832","+60120008833","SkyResidence Subang",7284,4308,68,"Tier 3: Joint Loan Needed",0
"LEAD-18835","Chong Wei Lun #8835","+60150008836","Damansara Heights Residence",7395,4365,67.8,"Tier 3: Joint Loan Needed",0
"LEAD-18838","Hafiz Ibrahim #8838","+60180008839","SkyResidence Subang",7506,4422,67.7,"Tier 3: Joint Loan Needed",0
"LEAD-18841","Ahmad Chen #8841","+60130008842","Damansara Heights Residence",7617,4479,67.6,"Tier 3: Joint Loan Needed",0
"LEAD-18844","Tan Nordin #8844","+60160008845","SkyResidence Subang",7728,1036,15.4,"Tier 1: Pre-Approved LPPSA/Bank",599603
"LEAD-18847","Farhan Osman #8847","+60190008848","Damansara Heights Residence",7839,1093,16,"Tier 1: Pre-Approved LPPSA/Bank",599792
"LEAD-18850","Jason Aini #8850","+60140008851","SkyResidence Subang",7950,1150,16.6,"Tier 1: Pre-Approved LPPSA/Bank",599980
"LEAD-18853","Amir Razif #8853","+60170008854","Damansara Heights Residence",8061,1207,17.2,"Tier 1: Pre-Approved LPPSA/Bank",600168
"LEAD-18856","Devi Lee #8856","+60120008857","SkyResidence Subang",8172,1264,17.8,"Tier 1: Pre-Approved LPPSA/Bank",600357
"LEAD-18859","Grace Zulkifli #8859","+60150008860","Damansara Heights Residence",8283,1321,18.3,"Tier 1: Pre-Approved LPPSA/Bank",600545
"LEAD-18862","Nurul Rosli #8862","+60180008863","SkyResidence Subang",8394,1378,18.9,"Tier 1: Pre-Approved LPPSA/Bank",600734
"LEAD-18865","Santhi Kumar #8865","+60130008866","Damansara Heights Residence",8505,1435,19.4,"Tier 1: Pre-Approved LPPSA/Bank",600922
"LEAD-18868","Sarah Faizal #8868","+60160008869","SkyResidence Subang",8616,1492,19.9,"Tier 1: Pre-Approved LPPSA/Bank",601110
"LEAD-18871","Siti Hassan #8871","+60190008872","Damansara Heights Residence",8727,1549,20.4,"Tier 1: Pre-Approved LPPSA/Bank",601299
"LEAD-18874","Syed Subramaniam #8874","+60140008875","SkyResidence Subang",8838,1606,20.9,"Tier 1: Pre-Approved LPPSA/Bank",601487
"LEAD-18877","Azman Goh #8877","+60170008878","Damansara Heights Residence",8949,1663,21.4,"Tier 1: Pre-Approved LPPSA/Bank",601676
"LEAD-18880","Muhammad Hariz #8880","+60120008881","SkyResidence Subang",9060,1720,21.8,"Tier 1: Pre-Approved LPPSA/Bank",601864
"LEAD-18883","Wong Wei Lun #8883","+60150008884","Damansara Heights Residence",9171,1777,22.3,"Tier 1: Pre-Approved LPPSA/Bank",602052
"LEAD-18886","Mohd Ibrahim #8886","+60180008887","SkyResidence Subang",9282,1834,22.7,"Tier 1: Pre-Approved LPPSA/Bank",602241
"LEAD-18889","Kevin Chen #8889","+60130008890","Damansara Heights Residence",9393,1891,23.1,"Tier 1: Pre-Approved LPPSA/Bank",602429
"LEAD-18892","Razif Nordin #8892","+60160008893","SkyResidence Subang",9504,1948,23.6,"Tier 1: Pre-Approved LPPSA/Bank",602618
"LEAD-18895","Chong Osman #8895","+60190008896","Damansara Heights Residence",9615,2005,24,"Tier 1: Pre-Approved LPPSA/Bank",602806
"LEAD-18898","Hafiz Aini #8898","+60140008899","SkyResidence Subang",9726,2062,24.4,"Tier 1: Pre-Approved LPPSA/Bank",602994
"LEAD-18901","Ahmad Razif #8901","+60170008902","Damansara Heights Residence",9837,2119,24.8,"Tier 1: Pre-Approved LPPSA/Bank",603183
"LEAD-18904","Tan Lee #8904","+60120008905","SkyResidence Subang",9948,2176,25.1,"Tier 1: Pre-Approved LPPSA/Bank",603371
"LEAD-18907","Farhan Zulkifli #8907","+60150008908","Damansara Heights Residence",10059,2233,25.5,"Tier 1: Pre-Approved LPPSA/Bank",603560
"LEAD-18910","Jason Rosli #8910","+60180008911","SkyResidence Subang",10170,2290,25.9,"Tier 1: Pre-Approved LPPSA/Bank",603748
"LEAD-18913","Amir Kumar #8913","+60130008914","Damansara Heights Residence",10281,2347,26.2,"Tier 1: Pre-Approved LPPSA/Bank",603936
"LEAD-18916","Devi Faizal #8916","+60160008917","SkyResidence Subang",10392,2404,26.6,"Tier 1: Pre-Approved LPPSA/Bank",604125
"LEAD-18919","Grace Hassan #8919","+60190008920","Damansara Heights Residence",10503,2461,26.9,"Tier 1: Pre-Approved LPPSA/Bank",604313
"LEAD-18922","Nurul Subramaniam #8922","+60140008923","SkyResidence Subang",10614,2518,27.3,"Tier 1: Pre-Approved LPPSA/Bank",604502
"LEAD-18925","Santhi Goh #8925","+60170008926","Damansara Heights Residence",10725,2575,27.6,"Tier 1: Pre-Approved LPPSA/Bank",604690
"LEAD-18928","Sarah Hariz #8928","+60120008929","SkyResidence Subang",10836,2632,27.9,"Tier 1: Pre-Approved LPPSA/Bank",604878
"LEAD-18931","Siti Wei Lun #8931","+60150008932","Damansara Heights Residence",10947,2689,28.2,"Tier 1: Pre-Approved LPPSA/Bank",605067
"LEAD-18934","Syed Ibrahim #8934","+60180008935","SkyResidence Subang",11058,2746,28.5,"Tier 1: Pre-Approved LPPSA/Bank",605255
"LEAD-18937","Azman Chen #8937","+60130008938","Damansara Heights Residence",11169,2803,28.8,"Tier 1: Pre-Approved LPPSA/Bank",605444
"LEAD-18940","Muhammad Nordin #8940","+60160008941","SkyResidence Subang",11280,2860,29.1,"Tier 1: Pre-Approved LPPSA/Bank",605632
"LEAD-18943","Wong Osman #8943","+60190008944","Damansara Heights Residence",11391,2917,29.4,"Tier 1: Pre-Approved LPPSA/Bank",605820
"LEAD-18946","Mohd Aini #8946","+60140008947","SkyResidence Subang",11502,2974,29.7,"Tier 1: Pre-Approved LPPSA/Bank",606009
"LEAD-18949","Kevin Razif #8949","+60170008950","Damansara Heights Residence",11613,3031,30,"Tier 1: Pre-Approved LPPSA/Bank",606197
"LEAD-18952","Razif Lee #8952","+60120008953","SkyResidence Subang",11724,3088,30.3,"Tier 1: Pre-Approved LPPSA/Bank",606386
"LEAD-18955","Chong Zulkifli #8955","+60150008956","Damansara Heights Residence",11835,3145,30.5,"Tier 1: Pre-Approved LPPSA/Bank",606574
"LEAD-18958","Hafiz Rosli #8958","+60180008959","SkyResidence Subang",11946,3202,30.8,"Tier 1: Pre-Approved LPPSA/Bank",606762
"LEAD-18961","Ahmad Kumar #8961","+60130008962","Damansara Heights Residence",3557,3259,105.3,"Tier 4: High Risk DSR",0
"LEAD-18964","Tan Faizal #8964","+60160008965","SkyResidence Subang",3668,3316,103.9,"Tier 4: High Risk DSR",0
"LEAD-18967","Farhan Hassan #8967","+60190008968","Damansara Heights Residence",3779,3373,102.6,"Tier 4: High Risk DSR",0
"LEAD-18970","Jason Subramaniam #8970","+60140008971","SkyResidence Subang",3890,3430,101.4,"Tier 4: High Risk DSR",0
"LEAD-18973","Amir Goh #8973","+60170008974","Damansara Heights Residence",4001,3487,100.2,"Tier 4: High Risk DSR",0
"LEAD-18976","Devi Hariz #8976","+60120008977","SkyResidence Subang",4112,3544,99.1,"Tier 4: High Risk DSR",0
"LEAD-18979","Grace Wei Lun #8979","+60150008980","Damansara Heights Residence",4223,3601,98,"Tier 4: High Risk DSR",0
"LEAD-18982","Nurul Ibrahim #8982","+60180008983","SkyResidence Subang",4334,3658,97,"Tier 4: High Risk DSR",0
"LEAD-18985","Santhi Chen #8985","+60130008986","Damansara Heights Residence",4445,3715,96.1,"Tier 4: High Risk DSR",0
"LEAD-18988","Sarah Nordin #8988","+60160008989","SkyResidence Subang",4556,3772,95.2,"Tier 4: High Risk DSR",0
"LEAD-18991","Siti Osman #8991","+60190008992","Damansara Heights Residence",4667,3829,94.3,"Tier 4: High Risk DSR",0
"LEAD-18994","Syed Aini #8994","+60140008995","SkyResidence Subang",4778,3886,93.5,"Tier 4: High Risk DSR",0
"LEAD-18997","Azman Razif #8997","+60170008998","Damansara Heights Residence",4889,3943,92.7,"Tier 4: High Risk DSR",0
"LEAD-19000","Muhammad Lee #9000","+60120009001","SkyResidence Subang",5000,4000,92,"Tier 4: High Risk DSR",0
"LEAD-19003","Wong Zulkifli #9003","+60150009004","Damansara Heights Residence",5111,4057,91.2,"Tier 4: High Risk DSR",0
"LEAD-19006","Mohd Rosli #9006","+60180009007","SkyResidence Subang",5222,4114,90.6,"Tier 4: High Risk DSR",0
"LEAD-19009","Kevin Kumar #9009","+60130009010","Damansara Heights Residence",5333,4171,89.9,"Tier 4: High Risk DSR",0
"LEAD-19012","Razif Faizal #9012","+60160009013","SkyResidence Subang",5444,4228,89.3,"Tier 4: High Risk DSR",0
"LEAD-19015","Chong Hassan #9015","+60190009016","Damansara Heights Residence",5555,4285,88.7,"Tier 4: High Risk DSR",0
"LEAD-19018","Hafiz Subramaniam #9018","+60140009019","SkyResidence Subang",5666,4342,88.1,"Tier 4: High Risk DSR",0
"LEAD-19021","Ahmad Goh #9021","+60170009022","Damansara Heights Residence",5777,4399,87.5,"Tier 4: High Risk DSR",0
"LEAD-19024","Tan Hariz #9024","+60120009025","SkyResidence Subang",5888,4456,87,"Tier 4: High Risk DSR",0
"LEAD-19027","Farhan Wei Lun #9027","+60150009028","Damansara Heights Residence",5999,1013,19.4,"Tier 2: Qualified Bank Loan",423696
"LEAD-19030","Jason Ibrahim #9030","+60180009031","SkyResidence Subang",6110,1070,20.1,"Tier 2: Qualified Bank Loan",423884
"LEAD-19033","Amir Chen #9033","+60130009034","Damansara Heights Residence",6221,1127,20.8,"Tier 2: Qualified Bank Loan",424072
"LEAD-19036","Devi Nordin #9036","+60160009037","SkyResidence Subang",6332,1184,21.5,"Tier 2: Qualified Bank Loan",424261
"LEAD-19039","Grace Osman #9039","+60190009040","Damansara Heights Residence",6443,1241,22.1,"Tier 2: Qualified Bank Loan",424449
"LEAD-19042","Nurul Aini #9042","+60140009043","SkyResidence Subang",6554,1298,22.8,"Tier 1: Pre-Approved LPPSA/Bank",424638
"LEAD-19045","Santhi Razif #9045","+60170009046","Damansara Heights Residence",6665,1355,23.4,"Tier 1: Pre-Approved LPPSA/Bank",424826
"LEAD-19048","Sarah Lee #9048","+60120009049","SkyResidence Subang",6776,1412,24,"Tier 1: Pre-Approved LPPSA/Bank",425014
"LEAD-19051","Siti Zulkifli #9051","+60150009052","Damansara Heights Residence",6887,1469,24.5,"Tier 1: Pre-Approved LPPSA/Bank",425203
"LEAD-19054","Syed Rosli #9054","+60180009055","SkyResidence Subang",6998,1526,25.1,"Tier 1: Pre-Approved LPPSA/Bank",425391
"LEAD-19057","Azman Kumar #9057","+60130009058","Damansara Heights Residence",7109,1583,25.6,"Tier 1: Pre-Approved LPPSA/Bank",425580
"LEAD-19060","Muhammad Faizal #9060","+60160009061","SkyResidence Subang",7220,1640,26.1,"Tier 1: Pre-Approved LPPSA/Bank",425768
"LEAD-19063","Wong Hassan #9063","+60190009064","Damansara Heights Residence",7331,1697,26.6,"Tier 1: Pre-Approved LPPSA/Bank",425956
"LEAD-19066","Mohd Subramaniam #9066","+60140009067","SkyResidence Subang",7442,1754,27.1,"Tier 1: Pre-Approved LPPSA/Bank",426145
"LEAD-19069","Kevin Goh #9069","+60170009070","Damansara Heights Residence",7553,1811,27.6,"Tier 1: Pre-Approved LPPSA/Bank",426333
"LEAD-19072","Razif Hariz #9072","+60120009073","SkyResidence Subang",7664,1868,28,"Tier 1: Pre-Approved LPPSA/Bank",426522
"LEAD-19075","Chong Wei Lun #9075","+60150009076","Damansara Heights Residence",7775,1925,28.5,"Tier 1: Pre-Approved LPPSA/Bank",426710
"LEAD-19078","Hafiz Ibrahim #9078","+60180009079","SkyResidence Subang",7886,1982,28.9,"Tier 1: Pre-Approved LPPSA/Bank",426898
"LEAD-19081","Ahmad Chen #9081","+60130009082","Damansara Heights Residence",7997,2039,29.3,"Tier 1: Pre-Approved LPPSA/Bank",427087
"LEAD-19084","Tan Nordin #9084","+60160009085","SkyResidence Subang",8108,2096,29.7,"Tier 1: Pre-Approved LPPSA/Bank",427275
"LEAD-19087","Farhan Osman #9087","+60190009088","Damansara Heights Residence",8219,2153,30.1,"Tier 1: Pre-Approved LPPSA/Bank",427464
"LEAD-19090","Jason Aini #9090","+60140009091","SkyResidence Subang",8330,2210,30.5,"Tier 1: Pre-Approved LPPSA/Bank",427652
"LEAD-19093","Amir Razif #9093","+60170009094","Damansara Heights Residence",8441,2267,30.9,"Tier 1: Pre-Approved LPPSA/Bank",427840
"LEAD-19096","Devi Lee #9096","+60120009097","SkyResidence Subang",8552,2324,31.2,"Tier 1: Pre-Approved LPPSA/Bank",428029
"LEAD-19099","Grace Zulkifli #9099","+60150009100","Damansara Heights Residence",8663,2381,31.6,"Tier 1: Pre-Approved LPPSA/Bank",428217
"LEAD-19102","Nurul Rosli #9102","+60180009103","SkyResidence Subang",8774,2438,31.9,"Tier 1: Pre-Approved LPPSA/Bank",428406
"LEAD-19105","Santhi Kumar #9105","+60130009106","Damansara Heights Residence",8885,2495,32.3,"Tier 1: Pre-Approved LPPSA/Bank",428594
"LEAD-19108","Sarah Faizal #9108","+60160009109","SkyResidence Subang",8996,2552,32.6,"Tier 1: Pre-Approved LPPSA/Bank",428782
"LEAD-19111","Siti Hassan #9111","+60190009112","Damansara Heights Residence",9107,2609,32.9,"Tier 1: Pre-Approved LPPSA/Bank",428971
"LEAD-19114","Syed Subramaniam #9114","+60140009115","SkyResidence Subang",9218,2666,33.2,"Tier 1: Pre-Approved LPPSA/Bank",429159
"LEAD-19117","Azman Goh #9117","+60170009118","Damansara Heights Residence",9329,2723,33.6,"Tier 1: Pre-Approved LPPSA/Bank",429348
"LEAD-19120","Muhammad Hariz #9120","+60120009121","SkyResidence Subang",9440,2780,33.8,"Tier 1: Pre-Approved LPPSA/Bank",429536
"LEAD-19123","Wong Wei Lun #9123","+60150009124","Damansara Heights Residence",9551,2837,34.1,"Tier 1: Pre-Approved LPPSA/Bank",429724
"LEAD-19126","Mohd Ibrahim #9126","+60180009127","SkyResidence Subang",9662,2894,34.4,"Tier 1: Pre-Approved LPPSA/Bank",429913
"LEAD-19129","Kevin Chen #9129","+60130009130","Damansara Heights Residence",9773,2951,34.7,"Tier 1: Pre-Approved LPPSA/Bank",430101
"LEAD-19132","Razif Nordin #9132","+60160009133","SkyResidence Subang",9884,3008,35,"Tier 1: Pre-Approved LPPSA/Bank",430290
"LEAD-19135","Chong Osman #9135","+60190009136","Damansara Heights Residence",9995,3065,35.2,"Tier 1: Pre-Approved LPPSA/Bank",430478
"LEAD-19138","Hafiz Aini #9138","+60140009139","SkyResidence Subang",10106,3122,35.5,"Tier 1: Pre-Approved LPPSA/Bank",430666
"LEAD-19141","Ahmad Razif #9141","+60170009142","Damansara Heights Residence",10217,3179,35.8,"Tier 1: Pre-Approved LPPSA/Bank",430855
"LEAD-19144","Tan Lee #9144","+60120009145","SkyResidence Subang",10328,3236,36,"Tier 1: Pre-Approved LPPSA/Bank",431043
"LEAD-19147","Farhan Zulkifli #9147","+60150009148","Damansara Heights Residence",10439,3293,36.3,"Tier 1: Pre-Approved LPPSA/Bank",431232
"LEAD-19150","Jason Rosli #9150","+60180009151","SkyResidence Subang",10550,3350,36.5,"Tier 1: Pre-Approved LPPSA/Bank",431420
"LEAD-19153","Amir Kumar #9153","+60130009154","Damansara Heights Residence",10661,3407,36.7,"Tier 1: Pre-Approved LPPSA/Bank",431608
"LEAD-19156","Devi Faizal #9156","+60160009157","SkyResidence Subang",10772,3464,37,"Tier 1: Pre-Approved LPPSA/Bank",431797
"LEAD-19159","Grace Hassan #9159","+60190009160","Damansara Heights Residence",10883,3521,37.2,"Tier 1: Pre-Approved LPPSA/Bank",431985
"LEAD-19162","Nurul Subramaniam #9162","+60140009163","SkyResidence Subang",10994,3578,37.4,"Tier 1: Pre-Approved LPPSA/Bank",432174
"LEAD-19165","Santhi Goh #9165","+60170009166","Damansara Heights Residence",11105,3635,37.6,"Tier 1: Pre-Approved LPPSA/Bank",432362
"LEAD-19168","Sarah Hariz #9168","+60120009169","SkyResidence Subang",11216,3692,37.8,"Tier 1: Pre-Approved LPPSA/Bank",432550
"LEAD-19171","Siti Wei Lun #9171","+60150009172","Damansara Heights Residence",11327,3749,38,"Tier 1: Pre-Approved LPPSA/Bank",432739
"LEAD-19174","Syed Ibrahim #9174","+60180009175","SkyResidence Subang",11438,3806,38.2,"Tier 1: Pre-Approved LPPSA/Bank",432927
"LEAD-19177","Azman Chen #9177","+60130009178","Damansara Heights Residence",11549,3863,38.4,"Tier 1: Pre-Approved LPPSA/Bank",433116
"LEAD-19180","Muhammad Nordin #9180","+60160009181","SkyResidence Subang",11660,3920,38.6,"Tier 1: Pre-Approved LPPSA/Bank",433304
"LEAD-19183","Wong Osman #9183","+60190009184","Damansara Heights Residence",11771,3977,38.8,"Tier 1: Pre-Approved LPPSA/Bank",433492
"LEAD-19186","Mohd Aini #9186","+60140009187","SkyResidence Subang",11882,4034,39,"Tier 1: Pre-Approved LPPSA/Bank",433681
"LEAD-19189","Kevin Razif #9189","+60170009190","Damansara Heights Residence",11993,4091,39.2,"Tier 1: Pre-Approved LPPSA/Bank",433869
"LEAD-19192","Razif Lee #9192","+60120009193","SkyResidence Subang",3604,4148,132.3,"Tier 4: High Risk DSR",0
"LEAD-19195","Chong Zulkifli #9195","+60150009196","Damansara Heights Residence",3715,4205,130.1,"Tier 4: High Risk DSR",0
"LEAD-19198","Hafiz Rosli #9198","+60180009199","SkyResidence Subang",3826,4262,128,"Tier 4: High Risk DSR",0
"LEAD-19201","Ahmad Kumar #9201","+60130009202","Damansara Heights Residence",3937,4319,126.1,"Tier 4: High Risk DSR",0
"LEAD-19204","Tan Faizal #9204","+60160009205","SkyResidence Subang",4048,4376,124.3,"Tier 4: High Risk DSR",0
"LEAD-19207","Farhan Hassan #9207","+60190009208","Damansara Heights Residence",4159,4433,122.5,"Tier 4: High Risk DSR",0
"LEAD-19210","Jason Subramaniam #9210","+60140009211","SkyResidence Subang",4270,4490,120.9,"Tier 4: High Risk DSR",0
"LEAD-19213","Amir Goh #9213","+60170009214","Damansara Heights Residence",4381,1047,27.5,"Tier 3: Joint Loan Needed",247976
"LEAD-19216","Devi Hariz #9216","+60120009217","SkyResidence Subang",4492,1104,28.2,"Tier 3: Joint Loan Needed",248165
"LEAD-19219","Grace Wei Lun #9219","+60150009220","Damansara Heights Residence",4603,1161,29,"Tier 2: Qualified Bank Loan",248353
"LEAD-19222","Nurul Ibrahim #9222","+60180009223","SkyResidence Subang",4714,1218,29.7,"Tier 2: Qualified Bank Loan",248542
"LEAD-19225","Santhi Chen #9225","+60130009226","Damansara Heights Residence",4825,1275,30.4,"Tier 2: Qualified Bank Loan",248730
"LEAD-19228","Sarah Nordin #9228","+60160009229","SkyResidence Subang",4936,1332,31,"Tier 2: Qualified Bank Loan",248918
"LEAD-19231","Siti Osman #9231","+60190009232","Damansara Heights Residence",5047,1389,31.6,"Tier 2: Qualified Bank Loan",249107
"LEAD-19234","Syed Aini #9234","+60140009235","SkyResidence Subang",5158,1446,32.2,"Tier 2: Qualified Bank Loan",249295
"LEAD-19237","Azman Razif #9237","+60170009238","Damansara Heights Residence",5269,1503,32.8,"Tier 2: Qualified Bank Loan",249484
"LEAD-19240","Muhammad Lee #9240","+60120009241","SkyResidence Subang",5380,1560,33.3,"Tier 2: Qualified Bank Loan",249672
"LEAD-19243","Wong Zulkifli #9243","+60150009244","Damansara Heights Residence",5491,1617,33.8,"Tier 2: Qualified Bank Loan",249860
"LEAD-19246","Mohd Rosli #9246","+60180009247","SkyResidence Subang",5602,1674,34.3,"Tier 2: Qualified Bank Loan",250049
"LEAD-19249","Kevin Kumar #9249","+60130009250","Damansara Heights Residence",5713,1731,34.8,"Tier 2: Qualified Bank Loan",250237
"LEAD-19252","Razif Faizal #9252","+60160009253","SkyResidence Subang",5824,1788,35.3,"Tier 2: Qualified Bank Loan",250426
"LEAD-19255","Chong Hassan #9255","+60190009256","Damansara Heights Residence",5935,1845,35.7,"Tier 2: Qualified Bank Loan",250614
"LEAD-19258","Hafiz Subramaniam #9258","+60140009259","SkyResidence Subang",6046,1902,36.2,"Tier 2: Qualified Bank Loan",250802
"LEAD-19261","Ahmad Goh #9261","+60170009262","Damansara Heights Residence",6157,1959,36.6,"Tier 2: Qualified Bank Loan",250991
"LEAD-19264","Tan Hariz #9264","+60120009265","SkyResidence Subang",6268,2016,37,"Tier 2: Qualified Bank Loan",251179
"LEAD-19267","Farhan Wei Lun #9267","+60150009268","Damansara Heights Residence",6379,2073,37.4,"Tier 2: Qualified Bank Loan",251368
"LEAD-19270","Jason Ibrahim #9270","+60180009271","SkyResidence Subang",6490,2130,37.7,"Tier 2: Qualified Bank Loan",251556
"LEAD-19273","Amir Chen #9273","+60130009274","Damansara Heights Residence",6601,2187,38.1,"Tier 1: Pre-Approved LPPSA/Bank",251744
"LEAD-19276","Devi Nordin #9276","+60160009277","SkyResidence Subang",6712,2244,38.4,"Tier 1: Pre-Approved LPPSA/Bank",251933
"LEAD-19279","Grace Osman #9279","+60190009280","Damansara Heights Residence",6823,2301,38.8,"Tier 1: Pre-Approved LPPSA/Bank",252121
"LEAD-19282","Nurul Aini #9282","+60140009283","SkyResidence Subang",6934,2358,39.1,"Tier 1: Pre-Approved LPPSA/Bank",252310
"LEAD-19285","Santhi Razif #9285","+60170009286","Damansara Heights Residence",7045,2415,39.4,"Tier 1: Pre-Approved LPPSA/Bank",252498
"LEAD-19288","Sarah Lee #9288","+60120009289","SkyResidence Subang",7156,2472,39.7,"Tier 1: Pre-Approved LPPSA/Bank",252686
"LEAD-19291","Siti Zulkifli #9291","+60150009292","Damansara Heights Residence",7267,2529,40,"Tier 1: Pre-Approved LPPSA/Bank",252875
"LEAD-19294","Syed Rosli #9294","+60180009295","SkyResidence Subang",7378,2586,40.3,"Tier 1: Pre-Approved LPPSA/Bank",253063
"LEAD-19297","Azman Kumar #9297","+60130009298","Damansara Heights Residence",7489,2643,40.6,"Tier 1: Pre-Approved LPPSA/Bank",253252
"LEAD-19300","Muhammad Faizal #9300","+60160009301","SkyResidence Subang",7600,2700,40.8,"Tier 1: Pre-Approved LPPSA/Bank",253440
"LEAD-19303","Wong Hassan #9303","+60190009304","Damansara Heights Residence",7711,2757,41.1,"Tier 1: Pre-Approved LPPSA/Bank",253628
"LEAD-19306","Mohd Subramaniam #9306","+60140009307","SkyResidence Subang",7822,2814,41.4,"Tier 1: Pre-Approved LPPSA/Bank",253817
"LEAD-19309","Kevin Goh #9309","+60170009310","Damansara Heights Residence",7933,2871,41.6,"Tier 1: Pre-Approved LPPSA/Bank",254005
"LEAD-19312","Razif Hariz #9312","+60120009313","SkyResidence Subang",8044,2928,41.8,"Tier 1: Pre-Approved LPPSA/Bank",254194
"LEAD-19315","Chong Wei Lun #9315","+60150009316","Damansara Heights Residence",8155,2985,42.1,"Tier 1: Pre-Approved LPPSA/Bank",254382
"LEAD-19318","Hafiz Ibrahim #9318","+60180009319","SkyResidence Subang",8266,3042,42.3,"Tier 1: Pre-Approved LPPSA/Bank",254570
"LEAD-19321","Ahmad Chen #9321","+60130009322","Damansara Heights Residence",8377,3099,42.5,"Tier 1: Pre-Approved LPPSA/Bank",254759
"LEAD-19324","Tan Nordin #9324","+60160009325","SkyResidence Subang",8488,3156,42.7,"Tier 1: Pre-Approved LPPSA/Bank",254947
"LEAD-19327","Farhan Osman #9327","+60190009328","Damansara Heights Residence",8599,3213,42.9,"Tier 1: Pre-Approved LPPSA/Bank",255136
"LEAD-19330","Jason Aini #9330","+60140009331","SkyResidence Subang",8710,3270,43.2,"Tier 1: Pre-Approved LPPSA/Bank",255324
"LEAD-19333","Amir Razif #9333","+60170009334","Damansara Heights Residence",8821,3327,43.4,"Tier 1: Pre-Approved LPPSA/Bank",255512
"LEAD-19336","Devi Lee #9336","+60120009337","SkyResidence Subang",8932,3384,43.5,"Tier 1: Pre-Approved LPPSA/Bank",255701
"LEAD-19339","Grace Zulkifli #9339","+60150009340","Damansara Heights Residence",9043,3441,43.7,"Tier 1: Pre-Approved LPPSA/Bank",255889
"LEAD-19342","Nurul Rosli #9342","+60180009343","SkyResidence Subang",9154,3498,43.9,"Tier 1: Pre-Approved LPPSA/Bank",256078
"LEAD-19345","Santhi Kumar #9345","+60130009346","Damansara Heights Residence",9265,3555,44.1,"Tier 1: Pre-Approved LPPSA/Bank",256266
"LEAD-19348","Sarah Faizal #9348","+60160009349","SkyResidence Subang",9376,3612,44.3,"Tier 1: Pre-Approved LPPSA/Bank",256454
"LEAD-19351","Siti Hassan #9351","+60190009352","Damansara Heights Residence",9487,3669,44.5,"Tier 1: Pre-Approved LPPSA/Bank",256643
"LEAD-19354","Syed Subramaniam #9354","+60140009355","SkyResidence Subang",9598,3726,44.6,"Tier 1: Pre-Approved LPPSA/Bank",256831
"LEAD-19357","Azman Goh #9357","+60170009358","Damansara Heights Residence",9709,3783,44.8,"Tier 1: Pre-Approved LPPSA/Bank",257020
"LEAD-19360","Muhammad Hariz #9360","+60120009361","SkyResidence Subang",9820,3840,44.9,"Tier 1: Pre-Approved LPPSA/Bank",257208
"LEAD-19363","Wong Wei Lun #9363","+60150009364","Damansara Heights Residence",9931,3897,45.1,"Tier 2: Qualified Bank Loan",257396
"LEAD-19366","Mohd Ibrahim #9366","+60180009367","SkyResidence Subang",10042,3954,45.3,"Tier 2: Qualified Bank Loan",257585
"LEAD-19369","Kevin Chen #9369","+60130009370","Damansara Heights Residence",10153,4011,45.4,"Tier 2: Qualified Bank Loan",257773
"LEAD-19372","Razif Nordin #9372","+60160009373","SkyResidence Subang",10264,4068,45.6,"Tier 2: Qualified Bank Loan",257962
"LEAD-19375","Chong Osman #9375","+60190009376","Damansara Heights Residence",10375,4125,45.7,"Tier 2: Qualified Bank Loan",258150
"LEAD-19378","Hafiz Aini #9378","+60140009379","SkyResidence Subang",10486,4182,45.8,"Tier 2: Qualified Bank Loan",258338
"LEAD-19381","Ahmad Razif #9381","+60170009382","Damansara Heights Residence",10597,4239,46,"Tier 2: Qualified Bank Loan",258527
"LEAD-19384","Tan Lee #9384","+60120009385","SkyResidence Subang",10708,4296,46.1,"Tier 2: Qualified Bank Loan",258715
"LEAD-19387","Farhan Zulkifli #9387","+60150009388","Damansara Heights Residence",10819,4353,46.2,"Tier 2: Qualified Bank Loan",258904
"LEAD-19390","Jason Rosli #9390","+60180009391","SkyResidence Subang",10930,4410,46.4,"Tier 2: Qualified Bank Loan",259092
"LEAD-19393","Amir Kumar #9393","+60130009394","Damansara Heights Residence",11041,4467,46.5,"Tier 2: Qualified Bank Loan",259280
"LEAD-19396","Devi Faizal #9396","+60160009397","SkyResidence Subang",11152,1024,10.6,"Tier 1: Pre-Approved LPPSA/Bank",959469
"LEAD-19399","Grace Hassan #9399","+60190009400","Damansara Heights Residence",11263,1081,11,"Tier 1: Pre-Approved LPPSA/Bank",959657
"LEAD-19402","Nurul Subramaniam #9402","+60140009403","SkyResidence Subang",11374,1138,11.5,"Tier 1: Pre-Approved LPPSA/Bank",959846
"LEAD-19405","Santhi Goh #9405","+60170009406","Damansara Heights Residence",11485,1195,12,"Tier 1: Pre-Approved LPPSA/Bank",960034
"LEAD-19408","Sarah Hariz #9408","+60120009409","SkyResidence Subang",11596,1252,12.4,"Tier 1: Pre-Approved LPPSA/Bank",960222
"LEAD-19411","Siti Wei Lun #9411","+60150009412","Damansara Heights Residence",11707,1309,12.9,"Tier 1: Pre-Approved LPPSA/Bank",960411
"LEAD-19414","Syed Ibrahim #9414","+60180009415","SkyResidence Subang",11818,1366,13.3,"Tier 1: Pre-Approved LPPSA/Bank",960599
"LEAD-19417","Azman Chen #9417","+60130009418","Damansara Heights Residence",11929,1423,13.7,"Tier 1: Pre-Approved LPPSA/Bank",960788
"LEAD-19420","Muhammad Nordin #9420","+60160009421","SkyResidence Subang",3540,1480,48.1,"Tier 3: Joint Loan Needed",73576
"LEAD-19423","Wong Osman #9423","+60190009424","Damansara Heights Residence",3651,1537,48.4,"Tier 3: Joint Loan Needed",73764
"LEAD-19426","Mohd Aini #9426","+60140009427","SkyResidence Subang",3762,1594,48.7,"Tier 3: Joint Loan Needed",73953
"LEAD-19429","Kevin Razif #9429","+60170009430","Damansara Heights Residence",3873,1651,49,"Tier 3: Joint Loan Needed",74141
"LEAD-19432","Razif Lee #9432","+60120009433","SkyResidence Subang",3984,1708,49.3,"Tier 3: Joint Loan Needed",74330
"LEAD-19435","Chong Zulkifli #9435","+60150009436","Damansara Heights Residence",4095,1765,49.5,"Tier 3: Joint Loan Needed",74518
"LEAD-19438","Hafiz Rosli #9438","+60180009439","SkyResidence Subang",4206,1822,49.8,"Tier 3: Joint Loan Needed",74706
"LEAD-19441","Ahmad Kumar #9441","+60130009442","Damansara Heights Residence",4317,1879,50,"Tier 3: Joint Loan Needed",74895
"LEAD-19444","Tan Faizal #9444","+60160009445","SkyResidence Subang",4428,1936,50.3,"Tier 3: Joint Loan Needed",75083
"LEAD-19447","Farhan Hassan #9447","+60190009448","Damansara Heights Residence",4539,1993,50.5,"Tier 2: Qualified Bank Loan",75272
"LEAD-19450","Jason Subramaniam #9450","+60140009451","SkyResidence Subang",4650,2050,50.7,"Tier 2: Qualified Bank Loan",75460
"LEAD-19453","Amir Goh #9453","+60170009454","Damansara Heights Residence",4761,2107,50.9,"Tier 2: Qualified Bank Loan",75648
"LEAD-19456","Devi Hariz #9456","+60120009457","SkyResidence Subang",4872,2164,51.1,"Tier 2: Qualified Bank Loan",75837
"LEAD-19459","Grace Wei Lun #9459","+60150009460","Damansara Heights Residence",4983,2221,51.2,"Tier 2: Qualified Bank Loan",76025
"LEAD-19462","Nurul Ibrahim #9462","+60180009463","SkyResidence Subang",5094,2278,51.4,"Tier 2: Qualified Bank Loan",76214
"LEAD-19465","Santhi Chen #9465","+60130009466","Damansara Heights Residence",5205,2335,51.6,"Tier 2: Qualified Bank Loan",76402
"LEAD-19468","Sarah Nordin #9468","+60160009469","SkyResidence Subang",5316,2392,51.7,"Tier 2: Qualified Bank Loan",76590
"LEAD-19471","Siti Osman #9471","+60190009472","Damansara Heights Residence",5427,2449,51.9,"Tier 2: Qualified Bank Loan",76779
"LEAD-19474","Syed Aini #9474","+60140009475","SkyResidence Subang",5538,2506,52,"Tier 2: Qualified Bank Loan",76967
"LEAD-19477","Azman Razif #9477","+60170009478","Damansara Heights Residence",5649,2563,52.2,"Tier 2: Qualified Bank Loan",77156
"LEAD-19480","Muhammad Lee #9480","+60120009481","SkyResidence Subang",5760,2620,52.3,"Tier 2: Qualified Bank Loan",77344
"LEAD-19483","Wong Zulkifli #9483","+60150009484","Damansara Heights Residence",5871,2677,52.4,"Tier 2: Qualified Bank Loan",77532
"LEAD-19486","Mohd Rosli #9486","+60180009487","SkyResidence Subang",5982,2734,52.5,"Tier 2: Qualified Bank Loan",77721
"LEAD-19489","Kevin Kumar #9489","+60130009490","Damansara Heights Residence",6093,2791,52.7,"Tier 2: Qualified Bank Loan",77909
"LEAD-19492","Razif Faizal #9492","+60160009493","SkyResidence Subang",6204,2848,52.8,"Tier 2: Qualified Bank Loan",78098
"LEAD-19495","Chong Hassan #9495","+60190009496","Damansara Heights Residence",6315,2905,52.9,"Tier 2: Qualified Bank Loan",78286
"LEAD-19498","Hafiz Subramaniam #9498","+60140009499","SkyResidence Subang",6426,2962,53,"Tier 2: Qualified Bank Loan",78474
"LEAD-19501","Ahmad Goh #9501","+60170000002","Damansara Heights Residence",6537,3019,53.1,"Tier 2: Qualified Bank Loan",78663
"LEAD-19504","Tan Hariz #9504","+60120000005","SkyResidence Subang",6648,3076,53.2,"Tier 2: Qualified Bank Loan",78851
"LEAD-19507","Farhan Wei Lun #9507","+60150000008","Damansara Heights Residence",6759,3133,53.3,"Tier 2: Qualified Bank Loan",79040
"LEAD-19510","Jason Ibrahim #9510","+60180000011","SkyResidence Subang",6870,3190,53.4,"Tier 2: Qualified Bank Loan",79228
"LEAD-19513","Amir Chen #9513","+60130000014","Damansara Heights Residence",6981,3247,53.5,"Tier 2: Qualified Bank Loan",79416
"LEAD-19516","Devi Nordin #9516","+60160000017","SkyResidence Subang",7092,3304,53.5,"Tier 2: Qualified Bank Loan",79605
"LEAD-19519","Grace Osman #9519","+60190000020","Damansara Heights Residence",7203,3361,53.6,"Tier 2: Qualified Bank Loan",79793
"LEAD-19522","Nurul Aini #9522","+60140000023","SkyResidence Subang",7314,3418,53.7,"Tier 2: Qualified Bank Loan",79982
"LEAD-19525","Santhi Razif #9525","+60170000026","Damansara Heights Residence",7425,3475,53.8,"Tier 2: Qualified Bank Loan",80170
"LEAD-19528","Sarah Lee #9528","+60120000029","SkyResidence Subang",7536,3532,53.9,"Tier 2: Qualified Bank Loan",80358
"LEAD-19531","Siti Zulkifli #9531","+60150000032","Damansara Heights Residence",7647,3589,53.9,"Tier 2: Qualified Bank Loan",80547
"LEAD-19534","Syed Rosli #9534","+60180000035","SkyResidence Subang",7758,3646,54,"Tier 2: Qualified Bank Loan",80735
"LEAD-19537","Azman Kumar #9537","+60130000038","Damansara Heights Residence",7869,3703,54.1,"Tier 2: Qualified Bank Loan",80924
"LEAD-19540","Muhammad Faizal #9540","+60160000041","SkyResidence Subang",7980,3760,54.2,"Tier 2: Qualified Bank Loan",81112
"LEAD-19543","Wong Hassan #9543","+60190000044","Damansara Heights Residence",8091,3817,54.2,"Tier 2: Qualified Bank Loan",81300
"LEAD-19546","Mohd Subramaniam #9546","+60140000047","SkyResidence Subang",8202,3874,54.3,"Tier 2: Qualified Bank Loan",81489
"LEAD-19549","Kevin Goh #9549","+60170000050","Damansara Heights Residence",8313,3931,54.4,"Tier 2: Qualified Bank Loan",81677
"LEAD-19552","Razif Hariz #9552","+60120000053","SkyResidence Subang",8424,3988,54.4,"Tier 2: Qualified Bank Loan",81866
"LEAD-19555","Chong Wei Lun #9555","+60150000056","Damansara Heights Residence",8535,4045,54.5,"Tier 2: Qualified Bank Loan",82054
"LEAD-19558","Hafiz Ibrahim #9558","+60180000059","SkyResidence Subang",8646,4102,54.5,"Tier 2: Qualified Bank Loan",82242
"LEAD-19561","Ahmad Chen #9561","+60130000062","Damansara Heights Residence",8757,4159,54.6,"Tier 2: Qualified Bank Loan",82431
"LEAD-19564","Tan Nordin #9564","+60160000065","SkyResidence Subang",8868,4216,54.6,"Tier 2: Qualified Bank Loan",82619
"LEAD-19567","Farhan Osman #9567","+60190000068","Damansara Heights Residence",8979,4273,54.7,"Tier 2: Qualified Bank Loan",82808
"LEAD-19570","Jason Aini #9570","+60140000071","SkyResidence Subang",9090,4330,54.8,"Tier 2: Qualified Bank Loan",82996
"LEAD-19573","Amir Razif #9573","+60170000074","Damansara Heights Residence",9201,4387,54.8,"Tier 2: Qualified Bank Loan",83184
"LEAD-19576","Devi Lee #9576","+60120000077","SkyResidence Subang",9312,4444,54.9,"Tier 2: Qualified Bank Loan",83373
"LEAD-19579","Grace Zulkifli #9579","+60150000080","Damansara Heights Residence",9423,1001,12.2,"Tier 1: Pre-Approved LPPSA/Bank",783561
"LEAD-19582","Nurul Rosli #9582","+60180000083","SkyResidence Subang",9534,1058,12.8,"Tier 1: Pre-Approved LPPSA/Bank",783750
"LEAD-19585","Santhi Kumar #9585","+60130000086","Damansara Heights Residence",9645,1115,13.3,"Tier 1: Pre-Approved LPPSA/Bank",783938
"LEAD-19588","Sarah Faizal #9588","+60160000089","SkyResidence Subang",9756,1172,13.8,"Tier 1: Pre-Approved LPPSA/Bank",784126
"LEAD-19591","Siti Hassan #9591","+60190000092","Damansara Heights Residence",9867,1229,14.3,"Tier 1: Pre-Approved LPPSA/Bank",784315
"LEAD-19594","Syed Subramaniam #9594","+60140000095","SkyResidence Subang",9978,1286,14.8,"Tier 1: Pre-Approved LPPSA/Bank",784503
"LEAD-19597","Azman Goh #9597","+60170000098","Damansara Heights Residence",10089,1343,15.3,"Tier 1: Pre-Approved LPPSA/Bank",784692
"LEAD-19600","Muhammad Hariz #9600","+60120000101","SkyResidence Subang",10200,1400,15.8,"Tier 1: Pre-Approved LPPSA/Bank",784880
"LEAD-19603","Wong Wei Lun #9603","+60150000104","Damansara Heights Residence",10311,1457,16.2,"Tier 1: Pre-Approved LPPSA/Bank",785068
"LEAD-19606","Mohd Ibrahim #9606","+60180000107","SkyResidence Subang",10422,1514,16.7,"Tier 1: Pre-Approved LPPSA/Bank",785257
"LEAD-19609","Kevin Chen #9609","+60130000110","Damansara Heights Residence",10533,1571,17.1,"Tier 1: Pre-Approved LPPSA/Bank",785445
"LEAD-19612","Razif Nordin #9612","+60160000113","SkyResidence Subang",10644,1628,17.6,"Tier 1: Pre-Approved LPPSA/Bank",785634
"LEAD-19615","Chong Osman #9615","+60190000116","Damansara Heights Residence",10755,1685,18,"Tier 1: Pre-Approved LPPSA/Bank",785822
"LEAD-19618","Hafiz Aini #9618","+60140000119","SkyResidence Subang",10866,1742,18.4,"Tier 1: Pre-Approved LPPSA/Bank",786010
"LEAD-19621","Ahmad Razif #9621","+60170000122","Damansara Heights Residence",10977,1799,18.8,"Tier 1: Pre-Approved LPPSA/Bank",786199
"LEAD-19624","Tan Lee #9624","+60120000125","SkyResidence Subang",11088,1856,19.2,"Tier 1: Pre-Approved LPPSA/Bank",786387
"LEAD-19627","Farhan Zulkifli #9627","+60150000128","Damansara Heights Residence",11199,1913,19.6,"Tier 1: Pre-Approved LPPSA/Bank",786576
"LEAD-19630","Jason Rosli #9630","+60180000131","SkyResidence Subang",11310,1970,20,"Tier 1: Pre-Approved LPPSA/Bank",786764
"LEAD-19633","Amir Kumar #9633","+60130000134","Damansara Heights Residence",11421,2027,20.4,"Tier 1: Pre-Approved LPPSA/Bank",786952
"LEAD-19636","Devi Faizal #9636","+60160000137","SkyResidence Subang",11532,2084,20.8,"Tier 1: Pre-Approved LPPSA/Bank",787141
"LEAD-19639","Grace Hassan #9639","+60190000140","Damansara Heights Residence",11643,2141,21.1,"Tier 1: Pre-Approved LPPSA/Bank",787329
"LEAD-19642","Nurul Subramaniam #9642","+60140000143","SkyResidence Subang",11754,2198,21.5,"Tier 1: Pre-Approved LPPSA/Bank",787518
"LEAD-19645","Santhi Goh #9645","+60170000146","Damansara Heights Residence",11865,2255,21.8,"Tier 1: Pre-Approved LPPSA/Bank",787706
"LEAD-19648","Sarah Hariz #9648","+60120000149","SkyResidence Subang",11976,2312,22.2,"Tier 1: Pre-Approved LPPSA/Bank",787894
"LEAD-19651","Siti Wei Lun #9651","+60150000152","Damansara Heights Residence",3587,2369,75.9,"Tier 4: High Risk DSR",0
"LEAD-19654","Syed Ibrahim #9654","+60180000155","SkyResidence Subang",3698,2426,75.4,"Tier 4: High Risk DSR",0
"LEAD-19657","Azman Chen #9657","+60130000158","Damansara Heights Residence",3809,2483,74.9,"Tier 3: Joint Loan Needed",0
"LEAD-19660","Muhammad Nordin #9660","+60160000161","SkyResidence Subang",3920,2540,74.5,"Tier 3: Joint Loan Needed",0
"LEAD-19663","Wong Osman #9663","+60190000164","Damansara Heights Residence",4031,2597,74.1,"Tier 3: Joint Loan Needed",0
"LEAD-19666","Mohd Aini #9666","+60140000167","SkyResidence Subang",4142,2654,73.6,"Tier 3: Joint Loan Needed",0
"LEAD-19669","Kevin Razif #9669","+60170000170","Damansara Heights Residence",4253,2711,73.3,"Tier 3: Joint Loan Needed",0
"LEAD-19672","Razif Lee #9672","+60120000173","SkyResidence Subang",4364,2768,72.9,"Tier 3: Joint Loan Needed",0
"LEAD-19675","Chong Zulkifli #9675","+60150000176","Damansara Heights Residence",4475,2825,72.6,"Tier 3: Joint Loan Needed",0
"LEAD-19678","Hafiz Rosli #9678","+60180000179","SkyResidence Subang",4586,2882,72.2,"Tier 3: Joint Loan Needed",0
"LEAD-19681","Ahmad Kumar #9681","+60130000182","Damansara Heights Residence",4697,2939,71.9,"Tier 3: Joint Loan Needed",0
"LEAD-19684","Tan Faizal #9684","+60160000185","SkyResidence Subang",4808,2996,71.6,"Tier 3: Joint Loan Needed",0
"LEAD-19687","Farhan Hassan #9687","+60190000188","Damansara Heights Residence",4919,3053,71.3,"Tier 3: Joint Loan Needed",0
"LEAD-19690","Jason Subramaniam #9690","+60140000191","SkyResidence Subang",5030,3110,71.1,"Tier 3: Joint Loan Needed",0
"LEAD-19693","Amir Goh #9693","+60170000194","Damansara Heights Residence",5141,3167,70.8,"Tier 3: Joint Loan Needed",0
"LEAD-19696","Devi Hariz #9696","+60120000197","SkyResidence Subang",5252,3224,70.6,"Tier 3: Joint Loan Needed",0
"LEAD-19699","Grace Wei Lun #9699","+60150000200","Damansara Heights Residence",5363,3281,70.3,"Tier 3: Joint Loan Needed",0
"LEAD-19702","Nurul Ibrahim #9702","+60180000203","SkyResidence Subang",5474,3338,70.1,"Tier 3: Joint Loan Needed",0
"LEAD-19705","Santhi Chen #9705","+60130000206","Damansara Heights Residence",5585,3395,69.9,"Tier 3: Joint Loan Needed",0
"LEAD-19708","Sarah Nordin #9708","+60160000209","SkyResidence Subang",5696,3452,69.7,"Tier 3: Joint Loan Needed",0
"LEAD-19711","Siti Osman #9711","+60190000212","Damansara Heights Residence",5807,3509,69.5,"Tier 3: Joint Loan Needed",0
"LEAD-19714","Syed Aini #9714","+60140000215","SkyResidence Subang",5918,3566,69.3,"Tier 3: Joint Loan Needed",0
"LEAD-19717","Azman Razif #9717","+60170000218","Damansara Heights Residence",6029,3623,69.1,"Tier 3: Joint Loan Needed",0
"LEAD-19720","Muhammad Lee #9720","+60120000221","SkyResidence Subang",6140,3680,68.9,"Tier 3: Joint Loan Needed",0
"LEAD-19723","Wong Zulkifli #9723","+60150000224","Damansara Heights Residence",6251,3737,68.7,"Tier 3: Joint Loan Needed",0
"LEAD-19726","Mohd Rosli #9726","+60180000227","SkyResidence Subang",6362,3794,68.5,"Tier 3: Joint Loan Needed",0
"LEAD-19729","Kevin Kumar #9729","+60130000230","Damansara Heights Residence",6473,3851,68.4,"Tier 3: Joint Loan Needed",0
"LEAD-19732","Razif Faizal #9732","+60160000233","SkyResidence Subang",6584,3908,68.2,"Tier 3: Joint Loan Needed",0
"LEAD-19735","Chong Hassan #9735","+60190000236","Damansara Heights Residence",6695,3965,68.1,"Tier 3: Joint Loan Needed",0
"LEAD-19738","Hafiz Subramaniam #9738","+60140000239","SkyResidence Subang",6806,4022,67.9,"Tier 3: Joint Loan Needed",0
"LEAD-19741","Ahmad Goh #9741","+60170000242","Damansara Heights Residence",6917,4079,67.8,"Tier 3: Joint Loan Needed",0
"LEAD-19744","Tan Hariz #9744","+60120000245","SkyResidence Subang",7028,4136,67.6,"Tier 3: Joint Loan Needed",0
"LEAD-19747","Farhan Wei Lun #9747","+60150000248","Damansara Heights Residence",7139,4193,67.5,"Tier 3: Joint Loan Needed",0
"LEAD-19750","Jason Ibrahim #9750","+60180000251","SkyResidence Subang",7250,4250,67.4,"Tier 3: Joint Loan Needed",0
"LEAD-19753","Amir Chen #9753","+60130000254","Damansara Heights Residence",7361,4307,67.3,"Tier 3: Joint Loan Needed",0
"LEAD-19756","Devi Nordin #9756","+60160000257","SkyResidence Subang",7472,4364,67.1,"Tier 3: Joint Loan Needed",0
"LEAD-19759","Grace Osman #9759","+60190000260","Damansara Heights Residence",7583,4421,67,"Tier 3: Joint Loan Needed",0
"LEAD-19762","Nurul Aini #9762","+60140000263","SkyResidence Subang",7694,4478,66.9,"Tier 3: Joint Loan Needed",0
"LEAD-19765","Santhi Razif #9765","+60170000266","Damansara Heights Residence",7805,1035,15.2,"Tier 1: Pre-Approved LPPSA/Bank",607842
"LEAD-19768","Sarah Lee #9768","+60120000269","SkyResidence Subang",7916,1092,15.9,"Tier 1: Pre-Approved LPPSA/Bank",608030
"LEAD-19771","Siti Zulkifli #9771","+60150000272","Damansara Heights Residence",8027,1149,16.5,"Tier 1: Pre-Approved LPPSA/Bank",608219
"LEAD-19774","Syed Rosli #9774","+60180000275","SkyResidence Subang",8138,1206,17,"Tier 1: Pre-Approved LPPSA/Bank",608407
"LEAD-19777","Azman Kumar #9777","+60130000278","Damansara Heights Residence",8249,1263,17.6,"Tier 1: Pre-Approved LPPSA/Bank",608596
"LEAD-19780","Muhammad Faizal #9780","+60160000281","SkyResidence Subang",8360,1320,18.1,"Tier 1: Pre-Approved LPPSA/Bank",608784
"LEAD-19783","Wong Hassan #9783","+60190000284","Damansara Heights Residence",8471,1377,18.7,"Tier 1: Pre-Approved LPPSA/Bank",608972
"LEAD-19786","Mohd Subramaniam #9786","+60140000287","SkyResidence Subang",8582,1434,19.2,"Tier 1: Pre-Approved LPPSA/Bank",609161
"LEAD-19789","Kevin Goh #9789","+60170000290","Damansara Heights Residence",8693,1491,19.7,"Tier 1: Pre-Approved LPPSA/Bank",609349
"LEAD-19792","Razif Hariz #9792","+60120000293","SkyResidence Subang",8804,1548,20.2,"Tier 1: Pre-Approved LPPSA/Bank",609538
"LEAD-19795","Chong Wei Lun #9795","+60150000296","Damansara Heights Residence",8915,1605,20.7,"Tier 1: Pre-Approved LPPSA/Bank",609726
"LEAD-19798","Hafiz Ibrahim #9798","+60180000299","SkyResidence Subang",9026,1662,21.2,"Tier 1: Pre-Approved LPPSA/Bank",609914
"LEAD-19801","Ahmad Chen #9801","+60130000302","Damansara Heights Residence",9137,1719,21.6,"Tier 1: Pre-Approved LPPSA/Bank",610103
"LEAD-19804","Tan Nordin #9804","+60160000305","SkyResidence Subang",9248,1776,22.1,"Tier 1: Pre-Approved LPPSA/Bank",610291
"LEAD-19807","Farhan Osman #9807","+60190000308","Damansara Heights Residence",9359,1833,22.5,"Tier 1: Pre-Approved LPPSA/Bank",610480
"LEAD-19810","Jason Aini #9810","+60140000311","SkyResidence Subang",9470,1890,22.9,"Tier 1: Pre-Approved LPPSA/Bank",610668
"LEAD-19813","Amir Razif #9813","+60170000314","Damansara Heights Residence",9581,1947,23.4,"Tier 1: Pre-Approved LPPSA/Bank",610856
"LEAD-19816","Devi Lee #9816","+60120000317","SkyResidence Subang",9692,2004,23.8,"Tier 1: Pre-Approved LPPSA/Bank",611045
"LEAD-19819","Grace Zulkifli #9819","+60150000320","Damansara Heights Residence",9803,2061,24.2,"Tier 1: Pre-Approved LPPSA/Bank",611233
"LEAD-19822","Nurul Rosli #9822","+60180000323","SkyResidence Subang",9914,2118,24.6,"Tier 1: Pre-Approved LPPSA/Bank",611422
"LEAD-19825","Santhi Kumar #9825","+60130000326","Damansara Heights Residence",10025,2175,24.9,"Tier 1: Pre-Approved LPPSA/Bank",611610
"LEAD-19828","Sarah Faizal #9828","+60160000329","SkyResidence Subang",10136,2232,25.3,"Tier 1: Pre-Approved LPPSA/Bank",611798
"LEAD-19831","Siti Hassan #9831","+60190000332","Damansara Heights Residence",10247,2289,25.7,"Tier 1: Pre-Approved LPPSA/Bank",611987
"LEAD-19834","Syed Subramaniam #9834","+60140000335","SkyResidence Subang",10358,2346,26,"Tier 1: Pre-Approved LPPSA/Bank",612175
"LEAD-19837","Azman Goh #9837","+60170000338","Damansara Heights Residence",10469,2403,26.4,"Tier 1: Pre-Approved LPPSA/Bank",612364
"LEAD-19840","Muhammad Hariz #9840","+60120000341","SkyResidence Subang",10580,2460,26.7,"Tier 1: Pre-Approved LPPSA/Bank",612552
"LEAD-19843","Wong Wei Lun #9843","+60150000344","Damansara Heights Residence",10691,2517,27.1,"Tier 1: Pre-Approved LPPSA/Bank",612740
"LEAD-19846","Mohd Ibrahim #9846","+60180000347","SkyResidence Subang",10802,2574,27.4,"Tier 1: Pre-Approved LPPSA/Bank",612929
"LEAD-19849","Kevin Chen #9849","+60130000350","Damansara Heights Residence",10913,2631,27.7,"Tier 1: Pre-Approved LPPSA/Bank",613117
"LEAD-19852","Razif Nordin #9852","+60160000353","SkyResidence Subang",11024,2688,28,"Tier 1: Pre-Approved LPPSA/Bank",613306
"LEAD-19855","Chong Osman #9855","+60190000356","Damansara Heights Residence",11135,2745,28.3,"Tier 1: Pre-Approved LPPSA/Bank",613494
"LEAD-19858","Hafiz Aini #9858","+60140000359","SkyResidence Subang",11246,2802,28.6,"Tier 1: Pre-Approved LPPSA/Bank",613682
"LEAD-19861","Ahmad Razif #9861","+60170000362","Damansara Heights Residence",11357,2859,28.9,"Tier 1: Pre-Approved LPPSA/Bank",613871
"LEAD-19864","Tan Lee #9864","+60120000365","SkyResidence Subang",11468,2916,29.2,"Tier 1: Pre-Approved LPPSA/Bank",614059
"LEAD-19867","Farhan Zulkifli #9867","+60150000368","Damansara Heights Residence",11579,2973,29.5,"Tier 1: Pre-Approved LPPSA/Bank",614248
"LEAD-19870","Jason Rosli #9870","+60180000371","SkyResidence Subang",11690,3030,29.8,"Tier 1: Pre-Approved LPPSA/Bank",614436
"LEAD-19873","Amir Kumar #9873","+60130000374","Damansara Heights Residence",11801,3087,30.1,"Tier 1: Pre-Approved LPPSA/Bank",614624
"LEAD-19876","Devi Faizal #9876","+60160000377","SkyResidence Subang",11912,3144,30.3,"Tier 1: Pre-Approved LPPSA/Bank",614813
"LEAD-19879","Grace Hassan #9879","+60190000380","Damansara Heights Residence",3523,3201,104.4,"Tier 4: High Risk DSR",0
"LEAD-19882","Nurul Subramaniam #9882","+60140000383","SkyResidence Subang",3634,3258,103,"Tier 4: High Risk DSR",0
"LEAD-19885","Santhi Goh #9885","+60170000386","Damansara Heights Residence",3745,3315,101.7,"Tier 4: High Risk DSR",0
"LEAD-19888","Sarah Hariz #9888","+60120000389","SkyResidence Subang",3856,3372,100.5,"Tier 4: High Risk DSR",0
"LEAD-19891","Siti Wei Lun #9891","+60150000392","Damansara Heights Residence",3967,3429,99.4,"Tier 4: High Risk DSR",0
"LEAD-19894","Syed Ibrahim #9894","+60180000395","SkyResidence Subang",4078,3486,98.3,"Tier 4: High Risk DSR",0
"LEAD-19897","Azman Chen #9897","+60130000398","Damansara Heights Residence",4189,3543,97.2,"Tier 4: High Risk DSR",0
"LEAD-19900","Muhammad Nordin #9900","+60160000401","SkyResidence Subang",4300,3600,96.2,"Tier 4: High Risk DSR",0
"LEAD-19903","Wong Osman #9903","+60190000404","Damansara Heights Residence",4411,3657,95.3,"Tier 4: High Risk DSR",0
"LEAD-19906","Mohd Aini #9906","+60140000407","SkyResidence Subang",4522,3714,94.4,"Tier 4: High Risk DSR",0
"LEAD-19909","Kevin Razif #9909","+60170000410","Damansara Heights Residence",4633,3771,93.6,"Tier 4: High Risk DSR",0
"LEAD-19912","Razif Lee #9912","+60120000413","SkyResidence Subang",4744,3828,92.7,"Tier 4: High Risk DSR",0
"LEAD-19915","Chong Zulkifli #9915","+60150000416","Damansara Heights Residence",4855,3885,92,"Tier 4: High Risk DSR",0
"LEAD-19918","Hafiz Rosli #9918","+60180000419","SkyResidence Subang",4966,3942,91.2,"Tier 4: High Risk DSR",0
"LEAD-19921","Ahmad Kumar #9921","+60130000422","Damansara Heights Residence",5077,3999,90.5,"Tier 4: High Risk DSR",0
"LEAD-19924","Tan Faizal #9924","+60160000425","SkyResidence Subang",5188,4056,89.9,"Tier 4: High Risk DSR",0
"LEAD-19927","Farhan Hassan #9927","+60190000428","Damansara Heights Residence",5299,4113,89.2,"Tier 4: High Risk DSR",0
"LEAD-19930","Jason Subramaniam #9930","+60140000431","SkyResidence Subang",5410,4170,88.6,"Tier 4: High Risk DSR",0
"LEAD-19933","Amir Goh #9933","+60170000434","Damansara Heights Residence",5521,4227,88,"Tier 4: High Risk DSR",0
"LEAD-19936","Devi Hariz #9936","+60120000437","SkyResidence Subang",5632,4284,87.4,"Tier 4: High Risk DSR",0
"LEAD-19939","Grace Wei Lun #9939","+60150000440","Damansara Heights Residence",5743,4341,86.9,"Tier 4: High Risk DSR",0
"LEAD-19942","Nurul Ibrahim #9942","+60180000443","SkyResidence Subang",5854,4398,86.4,"Tier 4: High Risk DSR",0
"LEAD-19945","Santhi Chen #9945","+60130000446","Damansara Heights Residence",5965,4455,85.8,"Tier 4: High Risk DSR",0
"LEAD-19948","Sarah Nordin #9948","+60160000449","SkyResidence Subang",6076,1012,19.1,"Tier 2: Qualified Bank Loan",431934
"LEAD-19951","Siti Osman #9951","+60190000452","Damansara Heights Residence",6187,1069,19.9,"Tier 2: Qualified Bank Loan",432123
"LEAD-19954","Syed Aini #9954","+60140000455","SkyResidence Subang",6298,1126,20.6,"Tier 2: Qualified Bank Loan",432311
"LEAD-19957","Azman Razif #9957","+60170000458","Damansara Heights Residence",6409,1183,21.2,"Tier 2: Qualified Bank Loan",432500
"LEAD-19960","Muhammad Lee #9960","+60120000461","SkyResidence Subang",6520,1240,21.9,"Tier 1: Pre-Approved LPPSA/Bank",432688
"LEAD-19963","Wong Zulkifli #9963","+60150000464","Damansara Heights Residence",6631,1297,22.5,"Tier 1: Pre-Approved LPPSA/Bank",432876
"LEAD-19966","Mohd Rosli #9966","+60180000467","SkyResidence Subang",6742,1354,23.1,"Tier 1: Pre-Approved LPPSA/Bank",433065
"LEAD-19969","Kevin Kumar #9969","+60130000470","Damansara Heights Residence",6853,1411,23.7,"Tier 1: Pre-Approved LPPSA/Bank",433253
"LEAD-19972","Razif Faizal #9972","+60160000473","SkyResidence Subang",6964,1468,24.2,"Tier 1: Pre-Approved LPPSA/Bank",433442
"LEAD-19975","Chong Hassan #9975","+60190000476","Damansara Heights Residence",7075,1525,24.8,"Tier 1: Pre-Approved LPPSA/Bank",433630
"LEAD-19978","Hafiz Subramaniam #9978","+60140000479","SkyResidence Subang",7186,1582,25.3,"Tier 1: Pre-Approved LPPSA/Bank",433818
"LEAD-19981","Ahmad Goh #9981","+60170000482","Damansara Heights Residence",7297,1639,25.8,"Tier 1: Pre-Approved LPPSA/Bank",434007
"LEAD-19984","Tan Hariz #9984","+60120000485","SkyResidence Subang",7408,1696,26.3,"Tier 1: Pre-Approved LPPSA/Bank",434195
"LEAD-19987","Farhan Wei Lun #9987","+60150000488","Damansara Heights Residence",7519,1753,26.8,"Tier 1: Pre-Approved LPPSA/Bank",434384
"LEAD-19990","Jason Ibrahim #9990","+60180000491","SkyResidence Subang",7630,1810,27.3,"Tier 1: Pre-Approved LPPSA/Bank",434572
"LEAD-19993","Amir Chen #9993","+60130000494","Damansara Heights Residence",7741,1867,27.7,"Tier 1: Pre-Approved LPPSA/Bank",434760
"LEAD-19996","Devi Nordin #9996","+60160000497","SkyResidence Subang",7852,1924,28.2,"Tier 1: Pre-Approved LPPSA/Bank",434949
"LEAD-19999","Grace Osman #9999","+60190000500","Damansara Heights Residence",7963,1981,28.6,"Tier 1: Pre-Approved LPPSA/Bank",435137